<?xml version="1.0" encoding="UTF-8"?>
<kml xmlns="http://www.opengis.net/kml/2.2">
<Document>
<name>IR-Netz 2030</name>
<Style id="lineIR1">
<LineStyle>
<color>ff0000ff</color>
<width>4</width>
</LineStyle>
</Style>
<Style id="lineIR2">
<LineStyle>
<color>ffff0000</color>
<width>4</width>
</LineStyle>
</Style>
<Style id="lineIR3">
<LineStyle>
<color>ff00ff00</color>
<width>4</width>
</LineStyle>
</Style>
<Style id="lineIR4">
<LineStyle>
<color>ff00a5ff</color>
<width>4</width>
</LineStyle>
</Style>
<Style id="stationPin">
</Style>
<Placemark>
<name>IR1 Rheinschiene-Jütland</name>
<description><![CDATA[<div class="kmldesc"><b>Köln Hauptbahnhof → Fredericia</b><br/><br/><b>Bahnhöfe (25 Halte):</b><br/><br/><br/>&#8226;&#160;<b>Köln Hauptbahnhof</b>: ab 07:00<br/>&#8226;&#160;<b>Leverkusen Mitte</b>: an 07:11 / ab 07:12<br/>&#8226;&#160;<b>Solingen Hauptbahnhof</b>: an 07:24 / ab 07:26<br/>&#8226;&#160;<b>Wuppertal Hauptbahnhof</b>: an 07:38 / ab 07:41<br/>&#8226;&#160;<b>Hagen Hauptbahnhof</b>: an 07:58 / ab 08:00<br/>&#8226;&#160;<b>Witten Hbf</b>: an 08:10 / ab 08:11<br/>&#8226;&#160;<b>Bochum Hauptbahnhof</b>: an 08:20 / ab 08:23<br/>&#8226;&#160;<b>Recklinghausen Hauptbahnhof</b>: an 08:42 / ab 08:44<br/>&#8226;&#160;<b>Dülmen</b>: an 09:00 / ab 09:01<br/>&#8226;&#160;<b>Münster (Westf) Hauptbahnhof</b>: an 09:17 / ab 09:20<br/>&#8226;&#160;<b>Osnabrück Hauptbahnhof</b>: an 09:41 / ab 09:43<br/>&#8226;&#160;<b>Diepholz</b>: an 10:09 / ab 10:10<br/>&#8226;&#160;<b>Bremen Hauptbahnhof</b>: an 10:34 / ab 10:37<br/>&#8226;&#160;<b>Rotenburg (Wümme)</b>: an 10:55 / ab 10:56<br/>&#8226;&#160;<b>Hamburg Hauptbahnhof</b>: an 11:28 / ab 11:32<br/>&#8226;&#160;<b>Neumünster</b>: an 12:22 / ab 12:24<br/>&#8226;&#160;<b>Rendsburg</b>: an 12:49 / ab 12:50<br/>&#8226;&#160;<b>Schleswig</b>: an 13:15 / ab 13:16<br/>&#8226;&#160;<b>Flensburg</b>: an 13:49 / ab 13:52<br/>&#8226;&#160;<b>Padborg</b>: an 14:04 / ab 14:07<br/>&#8226;&#160;<b>Tinglev</b>: an 14:14 / ab 14:15<br/>&#8226;&#160;<b>Vojens</b>: an 14:31 / ab 14:32<br/>&#8226;&#160;<b>Lunderskov</b>: an 14:42 / ab 14:43<br/>&#8226;&#160;<b>Kolding</b>: an 14:54 / ab 14:56<br/>&#8226;&#160;<b>Fredericia</b>: an 15:11</div><style>@media (prefers-color-scheme: dark) {html,body,.kmldesc{background:#1b1b1b !important;color:#e8e8e8 !important;}.kmldesc a{color:#8ab4f8 !important;}}</style>]]></description>
<styleUrl>#lineIR1</styleUrl>
<LineString>
<tessellate>1</tessellate>
<coordinates>6.9590464,50.9427684,0 6.9603379,50.9418021,0 6.9618984,50.9414581,0 6.9721982,50.9413761,0 6.9800497,50.9407069,0 6.9851351,50.9415667,0 6.9878668,50.9423675,0 6.9897443,50.943298,0 6.9912682,50.9444171,0 6.9936081,50.9467251,0 6.997193,50.9510674,0 6.9985484,50.9520998,0 7.002961,50.9536377,0 7.0088645,50.9545298,0 7.0105164,50.9553302,0 7.0120523,50.9567818,0 7.0144271,50.9599376,0 7.0162873,50.9618818,0 7.01803,50.964586,0 7.0194724,50.9660892,0 7.0199787,50.9669611,0 7.0200837,50.9681523,0 7.019254,50.9705355,0 7.0174346,50.9731856,0 7.0126001,50.9781763,0 7.0043721,50.9846719,0 7.0029591,50.9865514,0 6.9917229,51.0317269,0 7.0019282,50.9908136,0 7.0026648,50.9868937,0 7.0043721,50.9846719,0 7.0114778,50.9790368,0 7.0160563,50.9744285,0 7.0178963,50.9721067,0 7.0183547,50.9712014,0 7.0209419,50.9688062,0 7.0211026,50.9679976,0 7.0207522,50.9669325,0 7.0212622,50.967651,0 7.0213227,50.9691742,0 7.0216854,50.9700572,0 7.0311059,50.9869956,0 7.0349306,50.9979993,0 7.0350382,50.999983,0 7.0257562,51.0340652,0 7.0259171,51.0400366,0 7.0255402,51.0411599,0 7.0243446,51.0428139,0 7.0223314,51.0442934,0 7.0120852,51.0491469,0 7.0095066,51.0506748,0 7.0082246,51.0519854,0 7.0074607,51.0536064,0 7.0073707,51.0556093,0 7.0092149,51.0588277,0 7.0095841,51.060195,0 7.0080198,51.0694396,0 7.0089416,51.0765959,0 7.0087972,51.077878,0 7.0082271,51.079133,0 7.0065599,51.0814016,0 7.0046898,51.0829616,0 6.9976492,51.086994,0 6.9859103,51.0929305,0 6.9799925,51.0965676,0 6.9781683,51.0980753,0 6.967508,51.1131445,0 6.943829,51.134467,0 6.935298,51.1438847,0 6.9343203,51.1454546,0 6.9300883,51.1547276,0 6.9277302,51.1604417,0 6.9272426,51.1623767,0 6.9261247,51.1641499,0 6.9286429,51.1634271,0 6.9303037,51.1633094,0 6.9731076,51.165132,0 6.9861263,51.1639583,0 6.9880997,51.1643049,0 6.9899388,51.1649693,0 6.9964064,51.1697497,0 6.9977068,51.1703633,0 6.9993417,51.1706203,0 7.0012024,51.1705607,0 7.0031509,51.1699008,0 7.004358,51.1689136,0 7.005026,51.1677199,0 7.0049337,51.1651246,0 7.0043127,51.1611045,0 7.0050421,51.1668852,0 7.0049133,51.1678746,0 7.0041828,51.1690456,0 7.0031774,51.1698377,0 7.0018203,51.1703848,0 7.000178,51.1706322,0 6.9983457,51.1704874,0 6.9967802,51.1699563,0 6.9905524,51.1652569,0 6.9885599,51.1643957,0 6.986617,51.1640024,0 6.9841057,51.1639945,0 6.9761249,51.1649789,0 6.9731076,51.165132,0 6.930643,51.1633129,0 6.9286429,51.1634271,0 6.9268114,51.1638769,0 6.9253482,51.1645632,0 6.9231637,51.1662427,0 6.9165448,51.1696564,0 6.9090166,51.1741811,0 6.8830854,51.1880765,0 6.8606681,51.1991526,0 6.8499109,51.2039279,0 6.848452,51.2052171,0 6.8474542,51.2066077,0 6.839041,51.2216004,0 6.8370479,51.2255739,0 6.8387079,51.2229588,0 6.8400311,51.2217071,0 6.8416662,51.2208454,0 6.8437963,51.2204031,0 6.8486477,51.2202597,0 6.889635,51.2205926,0 6.9048942,51.2203177,0 6.9396384,51.2190905,0 6.9473854,51.218395,0 6.9593692,51.2167699,0 6.9714968,51.2161517,0 6.9753444,51.2154922,0 6.9853048,51.2131106,0 6.9902899,51.212507,0 6.9956622,51.2126972,0 7.0113903,51.2148036,0 7.0223041,51.2148659,0 7.0368654,51.2168306,0 7.0403765,51.2178037,0 7.0431027,51.2190461,0 7.04478,51.2201759,0 7.0482393,51.2231635,0 7.05111,51.2250529,0 7.0550996,51.2271376,0 7.0642266,51.2306087,0 7.0832978,51.238925,0 7.0856708,51.2397503,0 7.0885039,51.2403632,0 7.0987938,51.2409111,0 7.1038064,51.2420265,0 7.1064545,51.2433381,0 7.1104046,51.246411,0 7.1127918,51.2473661,0 7.1150322,51.2477158,0 7.1174561,51.2477391,0 7.1284422,51.2466964,0 7.1347162,51.2473312,0 7.137617,51.2485119,0 7.1403649,51.2508075,0 7.1416653,51.2516042,0 7.1476306,51.2541386,0 7.1513312,51.2546899,0 7.1575653,51.2546417,0 7.1640508,51.2561068,0 7.1727128,51.2597159,0 7.1810393,51.2627549,0 7.2008499,51.2688608,0 7.2106214,51.2724059,0 7.2157754,51.2733355,0 7.230351,51.2750441,0 7.2346181,51.2758031,0 7.2801047,51.2887182,0 7.287046,51.2902623,0 7.2908638,51.2907314,0 7.3064379,51.2906299,0 7.3097563,51.2909539,0 7.3136705,51.2919656,0 7.3191355,51.2947476,0 7.3226023,51.2958757,0 7.3264164,51.2964597,0 7.3329073,51.2967109,0 7.3365558,51.2975373,0 7.3404457,51.2994669,0 7.3422614,51.3011615,0 7.3431594,51.3026279,0 7.3434374,51.3039127,0 7.3434183,51.3060647,0 7.3421606,51.3094872,0 7.3418597,51.3115907,0 7.3422016,51.3135078,0 7.3430315,51.3152492,0 7.3443826,51.3168758,0 7.3455433,51.3178644,0 7.3544158,51.3232866,0 7.3584006,51.3249967,0 7.3677278,51.32807,0 7.4131497,51.3406304,0 7.4511752,51.3521582,0 7.4544036,51.3538216,0 7.4569504,51.3555597,0 7.4584183,51.3569976,0 7.4596484,51.359597,0 7.4605358,51.3629125,0 7.4594451,51.3590442,0 7.4608627,51.3626454,0 7.4609614,51.3636163,0 7.4604117,51.3668109,0 7.4602197,51.3698377,0 7.4588051,51.3730832,0 7.4582347,51.3783451,0 7.457452,51.3808805,0 7.4562698,51.3830349,0 7.4550897,51.3843685,0 7.4515553,51.3869386,0 7.4486061,51.3885407,0 7.4458632,51.3891867,0 7.4397487,51.3894441,0 7.4363946,51.3888746,0 7.4219654,51.3849782,0 7.4174118,51.384156,0 7.4109495,51.383606,0 7.3975863,51.3830746,0 7.3932857,51.3833053,0 7.3901689,51.3840404,0 7.388003,51.3850032,0 7.3862511,51.3861919,0 7.3826975,51.3893916,0 7.380425,51.3907068,0 7.3660086,51.3957926,0 7.3631022,51.3970315,0 7.3599316,51.3988631,0 7.3561818,51.4018106,0 7.3539097,51.4046102,0 7.3528397,51.4074531,0 7.3527212,51.4094623,0 7.3535275,51.4203014,0 7.3532933,51.4216954,0 7.3526758,51.4230774,0 7.3509578,51.4250782,0 7.3485704,51.4266606,0 7.3380415,51.4304042,0 7.3321908,51.433207,0 7.3293512,51.4355791,0 7.327624,51.4378113,0 7.3258567,51.4411861,0 7.3253744,51.4427362,0 7.3250417,51.4464614,0 7.3237232,51.4511498,0 7.3201866,51.4563309,0 7.3193331,51.4586335,0 7.3194086,51.4602655,0 7.3197301,51.4611883,0 7.3204447,51.4623984,0 7.3214222,51.4634224,0 7.3298886,51.4698665,0 7.332887,51.4715342,0 7.3374119,51.4735375,0 7.3393044,51.4749943,0 7.3398256,51.4760855,0 7.3397364,51.4773109,0 7.3389003,51.4784893,0 7.3376398,51.4793521,0 7.3344788,51.4803721,0 7.3325353,51.4805243,0 7.3308221,51.4802339,0 7.3267089,51.4789775,0 7.3230143,51.478287,0 7.3171564,51.4780574,0 7.3148491,51.4784197,0 7.306302,51.4779843,0 7.2921291,51.4802954,0 7.2876684,51.4806342,0 7.2837654,51.4814043,0 7.2694153,51.4821583,0 7.2654725,51.4828574,0 7.2572934,51.4848099,0 7.2531981,51.485047,0 7.2492022,51.4843136,0 7.2403045,51.4813181,0 7.2382365,51.4810866,0 7.2324812,51.4812488,0 7.2290216,51.4807586,0 7.226531,51.4800227,0 7.2232195,51.478508,0 7.226531,51.4800227,0 7.2290216,51.4807586,0 7.2321877,51.4811596,0 7.2361225,51.4811888,0 7.2310954,51.4811979,0 7.2280649,51.4806975,0 7.2255012,51.4797918,0 7.2168652,51.4758202,0 7.2152105,51.4755562,0 7.2140133,51.4758773,0 7.2132855,51.4765392,0 7.2130249,51.4792326,0 7.2120673,51.4806767,0 7.2016853,51.4901154,0 7.2007937,51.491832,0 7.2005616,51.4928517,0 7.2010336,51.49839,0 7.2005572,51.5032617,0 7.2009657,51.5046649,0 7.2038837,51.5105052,0 7.205519,51.518899,0 7.2069547,51.5272249,0 7.2063787,51.5345864,0 7.2060886,51.5357916,0 7.2055295,51.5367365,0 7.2012464,51.541769,0 7.199747,51.5427462,0 7.1947622,51.5445019,0 7.1930214,51.5454472,0 7.1915526,51.5468226,0 7.191137,51.5476462,0 7.1909943,51.548685,0 7.1913551,51.5498494,0 7.1942533,51.5544748,0 7.1951913,51.55718,0 7.1959713,51.5646536,0 7.2028773,51.614711,0 7.203297,51.6160903,0 7.2071657,51.6241659,0 7.20752,51.6255467,0 7.2076482,51.6274851,0 7.2071229,51.6322311,0 7.2064423,51.634773,0 7.2023114,51.644021,0 7.2015586,51.6454037,0 7.2005209,51.6466656,0 7.1629583,51.6757873,0 7.1604654,51.6780612,0 7.1585795,51.6809282,0 7.1519479,51.6957017,0 7.1513574,51.6976985,0 7.1512002,51.6999767,0 7.1515899,51.7022879,0 7.152262,51.704021,0 7.1606379,51.7177377,0 7.1677726,51.7284175,0 7.1700657,51.7306166,0 7.1731189,51.7325631,0 7.1945297,51.7422322,0 7.1976347,51.7441361,0 7.212585,51.7599173,0 7.2873299,51.8233066,0 7.3564879,51.859187,0 7.3611722,51.8608347,0 7.3784055,51.8649681,0 7.38203,51.866345,0 7.3849355,51.8681358,0 7.4067043,51.8839958,0 7.4105624,51.8862133,0 7.4414959,51.8977864,0 7.4455083,51.8990046,0 7.5696335,51.9222258,0 7.6201849,51.9311607,0 7.6241154,51.9321894,0 7.6293806,51.9345972,0 7.6320179,51.9370183,0 7.6329187,51.9384521,0 7.6334735,51.9399167,0 7.6337038,51.9416006,0 7.6336757,51.9454517,0 7.6352338,51.9505424,0 7.6354782,51.9525785,0 7.6354181,51.9554365,0 7.6366657,51.9592764,0 7.6383827,51.9615934,0 7.6484527,51.9708626,0 7.6520456,51.9738067,0 7.656154,51.976601,0 7.6971885,52.0021351,0 7.7300506,52.0229664,0 7.8042398,52.0668545,0 7.8416292,52.091671,0 7.8453679,52.0944298,0 7.8481894,52.0969545,0 7.851468,52.1007445,0 7.8891156,52.1546422,0 7.8904293,52.1567617,0 7.8912066,52.158915,0 7.8914209,52.1615212,0 7.8909108,52.1639854,0 7.8899795,52.1659477,0 7.8877037,52.1692654,0 7.8864414,52.1706067,0 7.8847173,52.171949,0 7.8742206,52.178309,0 7.8720152,52.1800605,0 7.8705853,52.1818759,0 7.8698393,52.183638,0 7.8697942,52.1852433,0 7.870483,52.187052,0 7.8722141,52.1888911,0 7.8774199,52.1925876,0 7.8796267,52.19385,0 7.9019715,52.201544,0 7.9046445,52.2028491,0 7.9065529,52.2041993,0 7.9090537,52.2069992,0 7.917807,52.2218987,0 7.9188483,52.223271,0 7.9309381,52.2346389,0 7.9343411,52.2375878,0 7.9363174,52.2388782,0 7.9402813,52.2404252,0 7.944915,52.2412945,0 7.9689502,52.2422839,0 8.0013781,52.2455985,0 8.0054301,52.2467147,0 8.0077129,52.2478152,0 8.022563,52.2578757,0 8.0256438,52.2593515,0 8.0300327,52.2604736,0 8.0504324,52.2635219,0 8.0535203,52.2645068,0 8.0552636,52.2655649,0 8.0568629,52.2669839,0 8.0613966,52.2720691,0 8.0631468,52.2750389,0 8.0670939,52.2803101,0 8.0687954,52.282038,0 8.0939451,52.2979055,0 8.0981789,52.2999037,0 8.109503,52.302657,0 8.1240486,52.3078164,0 8.1285228,52.3100181,0 8.1342225,52.3134383,0 8.1369347,52.3158774,0 8.145226,52.3248009,0 8.1461878,52.3270925,0 8.1462466,52.3284517,0 8.145773,52.3321966,0 8.1462698,52.3341329,0 8.1472819,52.3355399,0 8.1483384,52.336451,0 8.1498918,52.3373737,0 8.1519356,52.3381534,0 8.1637864,52.3411438,0 8.1680934,52.3417322,0 8.1862765,52.342384,0 8.1886964,52.3421751,0 8.1955085,52.3406902,0 8.1977515,52.3405999,0 8.2002167,52.3409423,0 8.2021674,52.3416259,0 8.2034021,52.3423598,0 8.2050175,52.3441084,0 8.2053641,52.3457925,0 8.2046627,52.3485404,0 8.2045993,52.3499925,0 8.204906,52.3509627,0 8.2057273,52.3521248,0 8.2073473,52.3532705,0 8.2089397,52.3539414,0 8.2112635,52.3544783,0 8.2129733,52.3545644,0 8.2320752,52.3520416,0 8.2367782,52.3511249,0 8.2406267,52.3499718,0 8.2443383,52.348455,0 8.2518643,52.3442065,0 8.2552568,52.3427821,0 8.2690107,52.3389883,0 8.2828198,52.3366279,0 8.2872464,52.3363472,0 8.2916063,52.3368446,0 8.2954428,52.3380305,0 8.2977273,52.3392473,0 8.299128,52.3403354,0 8.3007325,52.3421947,0 8.3016057,52.3440584,0 8.3075144,52.3620533,0 8.3109679,52.3715961,0 8.3263845,52.4170871,0 8.330806,52.4297781,0 8.3320254,52.4324876,0 8.3350764,52.4370539,0 8.3387244,52.4408795,0 8.3568558,52.4553488,0 8.3602726,52.4585603,0 8.3656859,52.4654253,0 8.3671081,52.4678742,0 8.3685612,52.4714713,0 8.3829236,52.5361724,0 8.3832507,52.5384726,0 8.383259,52.5429469,0 8.3771982,52.593005,0 8.3769437,52.5965892,0 8.3773039,52.5990454,0 8.3781555,52.601211,0 8.3813172,52.6062845,0 8.382633,52.6079426,0 8.3844835,52.6097096,0 8.3868867,52.6114442,0 8.413703,52.6267821,0 8.4193645,52.6305162,0 8.4772277,52.6757892,0 8.4804965,52.6788717,0 8.4966487,52.6962584,0 8.4990886,52.6986217,0 8.504696,52.7031918,0 8.5128264,52.7090704,0 8.5207825,52.7137365,0 8.563144,52.734709,0 8.596738,52.7543338,0 8.5997959,52.7563515,0 8.6032995,52.7591515,0 8.615448,52.7706798,0 8.6189446,52.7735933,0 8.6720623,52.8111249,0 8.6768463,52.8138974,0 8.726268,52.8390868,0 8.7510462,52.8544461,0 8.7567779,52.8577504,0 8.7920337,52.8746409,0 8.7970389,52.877791,0 8.8011903,52.8813638,0 8.8055964,52.8867984,0 8.8090923,52.8932827,0 8.8100033,52.8957171,0 8.8107114,52.8985648,0 8.8109517,52.9018069,0 8.8099293,52.9128924,0 8.8093411,52.926236,0 8.809974,52.9312202,0 8.8112966,52.9349252,0 8.8126769,52.9375163,0 8.8188023,52.9472653,0 8.8463955,52.9824762,0 8.8692606,53.0165089,0 8.8709891,53.0182912,0 8.8730896,53.0198484,0 8.8891323,53.0294204,0 8.8911517,53.0308896,0 8.8930557,53.0327768,0 8.8944157,53.0348498,0 8.8951357,53.0367946,0 8.8953826,53.0390705,0 8.895033,53.0411917,0 8.8939117,53.0435999,0 8.8836683,53.0591589,0 8.8783083,53.0659151,0 8.8684372,53.071227,0 8.8622552,53.0736171,0 8.8592576,53.0745102,0 8.8546426,53.075509,0 8.8243931,53.0799532,0 8.8153653,53.0825978,0 8.8058069,53.0871804,0 8.8033272,53.0888506,0 8.7970491,53.0941671,0 8.7960526,53.0958371,0 8.7959408,53.0972428,0 8.7966287,53.0989015,0 8.7978836,53.1001549,0 8.800025,53.1013068,0 8.8027602,53.1020041,0 8.8176764,53.10329,0 8.8208649,53.1032938,0 8.8841787,53.0969055,0 8.9240646,53.0904248,0 8.9414658,53.086336,0 8.947513,53.0853199,0 9.0003099,53.0823391,0 9.0068232,53.0823126,0 9.0176632,53.0834575,0 9.095565,53.0942567,0 9.102695,53.0950566,0 9.1853136,53.0998859,0 9.3120501,53.1027489,0 9.3886793,53.1121348,0 9.3934794,53.11289,0 9.3977589,53.1138764,0 9.4070581,53.1167018,0 9.4115858,53.1184018,0 9.4640888,53.142024,0 9.4690768,53.1451982,0 9.5179691,53.1813738,0 9.5228429,53.1843702,0 9.5276246,53.1866883,0 9.5359169,53.1896475,0 9.5708291,53.1989032,0 9.5775546,53.2009144,0 9.5825557,53.2028283,0 9.78924,53.2984468,0 9.8122639,53.3093259,0 9.8250301,53.3164869,0 9.8276997,53.317766,0 9.8307841,53.3188123,0 9.8344569,53.3195927,0 9.8776439,53.3249854,0 9.8806279,53.3256565,0 9.8828561,53.3264656,0 9.8857073,53.3280772,0 9.9126915,53.3481455,0 9.9249755,53.3594593,0 9.9265319,53.3613434,0 9.9274248,53.362916,0 9.9335634,53.3763351,0 9.9356077,53.3791101,0 9.9403466,53.3839227,0 9.9423683,53.3854935,0 9.9443753,53.386543,0 9.9473548,53.3876069,0 9.9584694,53.3903526,0 9.9629688,53.3923344,0 9.9657914,53.3945448,0 9.9762383,53.4055054,0 9.9782806,53.4070308,0 9.9805486,53.4080924,0 9.9836551,53.4088737,0 9.9872137,53.4090867,0 9.9995341,53.4074558,0 10.0050525,53.407586,0 10.0086816,53.4083233,0 10.0127812,53.4099078,0 10.0154491,53.4117002,0 10.0173831,53.413873,0 10.0182459,53.4157731,0 10.0184237,53.4184995,0 10.0158989,53.4336108,0 10.0149709,53.4360447,0 10.0133713,53.4381118,0 10.009085,53.4423937,0 9.9965114,53.4511825,0 9.9939144,53.4532664,0 9.9925625,53.4554128,0 9.9918976,53.4582663,0 9.9924056,53.4603534,0 10.0006108,53.4771689,0 10.0032992,53.4839791,0 10.004392,53.4882963,0 10.0056849,53.4956597,0 10.0079407,53.5032561,0 10.0083969,53.5069366,0 10.0083424,53.5107035,0 10.0089485,53.5131359,0 10.0121732,53.5205102,0 10.0133289,53.5222126,0 10.0167139,53.5265434,0 10.024442,53.5350583,0 10.0248027,53.5363818,0 10.0242357,53.5375727,0 10.0233355,53.5382633,0 10.0220486,53.5387681,0 10.0113475,53.5404983,0 10.0084574,53.5416468,0 10.0071328,53.5427004,0 10.0066956,53.5435329,0 10.0067096,53.5446151,0 10.0074959,53.5468756,0 10.0075304,53.5481665,0 10.0070108,53.5517121,0 10.0062922,53.5531736,0 10.005378,53.5543182,0 10.0036794,53.5555615,0 10.0021866,53.5562612,0 9.9980422,53.5568394,0 9.9938267,53.5580406,0 9.9912851,53.5593362,0 9.9881544,53.5617034,0 9.9845934,53.5635857,0 9.9828858,53.5638789,0 9.9750737,53.5638953,0 9.9625618,53.5634639,0 9.9606131,53.5630554,0 9.9567031,53.561571,0 9.9535772,53.5611339,0 9.9516297,53.5612765,0 9.9464559,53.5623518,0 9.9423421,53.5629186,0 9.9405715,53.562986,0 9.937671,53.5626308,0 9.9358467,53.5630045,0 9.9350606,53.56356,0 9.9346226,53.5644146,0 9.9337619,53.5683159,0 9.933602,53.5703045,0 9.9331215,53.571437,0 9.9283985,53.576483,0 9.919806,53.5877033,0 9.9175526,53.5899101,0 9.9161399,53.5909411,0 9.8813761,53.6085343,0 9.8198278,53.6403051,0 9.7835348,53.6647744,0 9.781239,53.6660005,0 9.7273935,53.6897749,0 9.7211485,53.6927653,0 9.7187852,53.6942433,0 9.6674691,53.737496,0 9.6645557,53.7403211,0 9.663263,53.7421404,0 9.6622682,53.7442222,0 9.6610948,53.7481262,0 9.6430678,53.8120789,0 9.6426751,53.8142757,0 9.6427963,53.8164596,0 9.6435727,53.8191181,0 9.645078,53.8216707,0 9.646585,53.8233756,0 9.6789108,53.8506338,0 9.6803376,53.8520446,0 9.7722853,53.9610349,0 9.7757515,53.9646637,0 9.778503,53.966611,0 9.7814675,53.9682178,0 9.9666812,54.0634985,0 9.9703964,54.0655903,0 9.9749752,54.0690159,0 9.9769976,54.0710468,0 9.9791088,54.0737174,0 9.981253,54.0786643,0 9.9853095,54.0920134,0 9.9856475,54.0938713,0 9.9852824,54.0952291,0 9.9845176,54.0962256,0 9.9833924,54.0970629,0 9.9804096,54.0981447,0 9.9777248,54.0983689,0 9.967923,54.0983309,0 9.9654688,54.0987064,0 9.9634237,54.09951,0 9.8867513,54.1480734,0 9.8559607,54.1643632,0 9.8465006,54.1711479,0 9.8436047,54.173837,0 9.8413508,54.1766998,0 9.795169,54.2474326,0 9.7930612,54.2497499,0 9.7907561,54.2515337,0 9.7866241,54.2538173,0 9.7479749,54.271521,0 9.7155633,54.2851008,0 9.7131799,54.2856799,0 9.7100872,54.2858634,0 9.6938962,54.2844123,0 9.6904702,54.2849197,0 9.6876603,54.2861199,0 9.6863407,54.2871426,0 9.6857008,54.2879604,0 9.6799771,54.2985254,0 9.6796415,54.3000847,0 9.6801117,54.3016798,0 9.6812347,54.3029627,0 9.6828204,54.3040113,0 9.692828,54.3079217,0 9.6965635,54.3083135,0 9.698522,54.3080328,0 9.7003001,54.3074444,0 9.7022643,54.3060928,0 9.7028572,54.3052978,0 9.7031412,54.3044174,0 9.7030763,54.3034022,0 9.7026066,54.3024324,0 9.700976,54.3010313,0 9.6986516,54.3001613,0 9.6863485,54.297215,0 9.6839643,54.296885,0 9.6813976,54.2969661,0 9.6781738,54.2977309,0 9.6744885,54.2994752,0 9.6673762,54.3050743,0 9.6635988,54.3072197,0 9.66112,54.3096828,0 9.6568599,54.3126236,0 9.6550707,54.3146957,0 9.6535706,54.3172076,0 9.637686,54.3489014,0 9.6350057,54.3560108,0 9.6332658,54.3589925,0 9.6313508,54.3614757,0 9.6293571,54.363603,0 9.6272937,54.3652299,0 9.6060143,54.3780847,0 9.6004316,54.3820126,0 9.5952647,54.3868051,0 9.5887908,54.3945103,0 9.5866093,54.3965257,0 9.5807419,54.4010741,0 9.5780472,54.4042438,0 9.5768824,54.4067152,0 9.5688446,54.4327179,0 9.5684521,54.4358399,0 9.5685495,54.4384305,0 9.57003,54.4444178,0 9.5699113,54.4458706,0 9.5695246,54.4469492,0 9.5686715,54.448272,0 9.5675858,54.44936,0 9.5504475,54.4628547,0 9.5484958,54.4651683,0 9.5471845,54.4677871,0 9.5467367,54.4698298,0 9.5468169,54.4723153,0 9.547325,54.4741668,0 9.5494225,54.4791526,0 9.5498228,54.4811975,0 9.549869,54.4833396,0 9.5488477,54.4911966,0 9.5476426,54.4934282,0 9.5458505,54.4952709,0 9.5432314,54.4969629,0 9.5328468,54.5019544,0 9.513831,54.5069451,0 9.5025249,54.5089568,0 9.4991314,54.5099499,0 9.4959285,54.5112346,0 9.3955722,54.5640001,0 9.3901811,54.5674345,0 9.385898,54.5713613,0 9.3830247,54.5754519,0 9.3820816,54.5774988,0 9.3813657,54.579938,0 9.3743266,54.6263514,0 9.3743336,54.6298442,0 9.3749999,54.6323802,0 9.3767174,54.6356047,0 9.3966803,54.6619636,0 9.3995014,54.666527,0 9.4005084,54.6692233,0 9.4010771,54.6719681,0 9.4032393,54.6893557,0 9.4034144,54.6927757,0 9.4030717,54.6963448,0 9.4021023,54.7001308,0 9.3954363,54.7173561,0 9.3939855,54.7200684,0 9.3836809,54.7349071,0 9.3824553,54.7381694,0 9.3821961,54.7403295,0 9.3823945,54.7417767,0 9.3832625,54.7433484,0 9.3874662,54.7490797,0 9.3889899,54.7517368,0 9.3903763,54.75312,0 9.3999123,54.7589308,0 9.4066431,54.7617449,0 9.4102979,54.7637515,0 9.4179237,54.7695313,0 9.4221373,54.7736726,0 9.4238594,54.7746463,0 9.4262613,54.7753061,0 9.4291835,54.7754895,0 9.4351019,54.7746728,0 9.4413424,54.7727578,0 9.4453374,54.7712035,0 9.4472819,54.7699522,0 9.4483383,54.7685164,0 9.4485764,54.7675928,0 9.44846,54.7664602,0 9.447929,54.7654216,0 9.4468611,54.7643325,0 9.4441324,54.7629751,0 9.4409569,54.7624013,0 9.4382711,54.7624729,0 9.4199914,54.764835,0 9.4125618,54.7643838,0 9.4066344,54.7634552,0 9.403718,54.7634316,0 9.4002701,54.7642297,0 9.3980338,54.7656178,0 9.3865846,54.7753923,0 9.3841982,54.7779258,0 9.3613766,54.8181901,0 9.357004,54.8286686,0 9.3531568,54.8342389,0 9.2676324,54.9101063,0 9.2657714,54.9121894,0 9.2567357,54.923877,0 9.2557955,54.9255954,0 9.2553835,54.9270698,0 9.2553105,54.9284433,0 9.2555787,54.9297129,0 9.2600719,54.9408093,0 9.2798627,54.987661,0 9.2813372,54.9907093,0 9.2827487,54.9927967,0 9.3210025,55.0385959,0 9.3225232,55.0406653,0 9.3237109,55.042982,0 9.3312326,55.0647765,0 9.3337601,55.0731611,0 9.338819,55.1215159,0 9.3387498,55.1239647,0 9.3381682,55.1263947,0 9.3328689,55.1392673,0 9.3107941,55.1741676,0 9.3093565,55.1767676,0 9.3018418,55.2009776,0 9.3013671,55.2032997,0 9.3013617,55.2057135,0 9.3028888,55.2121685,0 9.3031168,55.2147543,0 9.3006751,55.22943,0 9.300499,55.2323038,0 9.3008425,55.2345386,0 9.3014493,55.2363436,0 9.3041279,55.2409636,0 9.3049676,55.2430636,0 9.3052109,55.2448486,0 9.304813,55.2504191,0 9.3023571,55.2628154,0 9.2955972,55.2936224,0 9.276741,55.3392894,0 9.2757084,55.3425658,0 9.275003,55.3469325,0 9.2698954,55.3887036,0 9.2698528,55.3906218,0 9.2702173,55.3926493,0 9.2780185,55.4188995,0 9.2788955,55.420807,0 9.2800599,55.4224179,0 9.2816394,55.4240082,0 9.2876712,55.4288157,0 9.2950961,55.4352588,0 9.2966472,55.4370927,0 9.2978484,55.4393583,0 9.3007545,55.4504695,0 9.300061,55.4612396,0 9.30135,55.4732654,0 9.3041778,55.4803903,0 9.3060867,55.4837177,0 9.3098404,55.4875149,0 9.3122392,55.4892144,0 9.3202973,55.4933404,0 9.3261734,55.4969037,0 9.3327283,55.4994106,0 9.3376253,55.5003492,0 9.3672395,55.5023971,0 9.384516,55.5019462,0 9.3889604,55.5015007,0 9.3925894,55.5005118,0 9.4054589,55.495185,0 9.4106306,55.4940059,0 9.4158605,55.4938091,0 9.4263775,55.4950913,0 9.4315303,55.4950764,0 9.4353682,55.4944797,0 9.445962,55.491603,0 9.4571392,55.4901527,0 9.4677836,55.4878302,0 9.4708106,55.4875764,0 9.4754867,55.4879608,0 9.4779466,55.4887325,0 9.4846356,55.4924156,0 9.4960488,55.4973234,0 9.4994617,55.4982102,0 9.5086038,55.4995519,0 9.5111615,55.5003496,0 9.5136446,55.5015804,0 9.5156408,55.5031569,0 9.5167983,55.5046596,0 9.5196171,55.5128707,0 9.5227219,55.5179195,0 9.5242192,55.5197431,0 9.5267885,55.521712,0 9.5356083,55.5266805,0 9.542009,55.5293398,0 9.5545664,55.5320898,0 9.5679269,55.5334572,0 9.5796039,55.5338171,0 9.5867223,55.5347002,0 9.589892,55.5355623,0 9.5925785,55.536645,0 9.6034934,55.542607,0 9.607063,55.5438143,0 9.6101858,55.544495,0 9.6133193,55.5448011,0 9.620688,55.544942,0 9.625154,55.5453723,0 9.7049816,55.5574623,0 9.7080824,55.5576827,0 9.7211167,55.5575658,0 9.7253332,55.5580436,0 9.7311321,55.5596341,0 9.733953,55.5611379,0 9.7359454,55.5630052,0 9.7385058,55.5666265,0 9.7394212,55.5684525,0</coordinates>
</LineString>
</Placemark>
<Placemark>
<name>IR2 Ostseestern</name>
<description><![CDATA[<div class="kmldesc"><b>Berlin Hauptbahnhof → Malmö C</b><br/><br/><b>Bahnhöfe (23 Halte):</b><br/><br/><br/>&#8226;&#160;<b>Berlin Hauptbahnhof</b>: ab 06:55<br/>&#8226;&#160;<b>Berlin-Spandau</b>: an 07:05 / ab 07:07<br/>&#8226;&#160;<b>Rathenow</b>: an 07:42 / ab 07:44<br/>&#8226;&#160;<b>Stendal</b>: an 08:00 / ab 08:02<br/>&#8226;&#160;<b>Salzwedel</b>: an 08:28 / ab 08:30<br/>&#8226;&#160;<b>Uelzen</b>: an 08:54 / ab 08:57<br/>&#8226;&#160;<b>Lüneburg</b>: an 09:32 / ab 09:34<br/>&#8226;&#160;<b>Hamburg Hauptbahnhof</b>: an 09:59 / ab 10:02<br/>&#8226;&#160;<b>Neumünster</b>: an 10:52 / ab 10:54<br/>&#8226;&#160;<b>Rendsburg</b>: an 11:19 / ab 11:20<br/>&#8226;&#160;<b>Schleswig</b>: an 11:45 / ab 11:46<br/>&#8226;&#160;<b>Flensburg</b>: an 12:19 / ab 12:22<br/>&#8226;&#160;<b>Padborg</b>: an 12:34 / ab 12:37<br/>&#8226;&#160;<b>Lunderskov</b>: an 12:57 / ab 12:59<br/>&#8226;&#160;<b>Kolding</b>: an 13:06 / ab 13:08<br/>&#8226;&#160;<b>Middelfart</b>: an 13:24 / ab 13:26<br/>&#8226;&#160;<b>Odense</b>: an 13:38 / ab 13:40<br/>&#8226;&#160;<b>Nyborg</b>: an 13:51 / ab 13:52<br/>&#8226;&#160;<b>Slagelse</b>: an 14:07 / ab 14:08<br/>&#8226;&#160;<b>Ringsted</b>: an 14:21 / ab 14:23<br/>&#8226;&#160;<b>København Syd</b>: an 14:37 / ab 14:39<br/>&#8226;&#160;<b>København Lufthavn</b>: an 14:46 / ab 14:48<br/>&#8226;&#160;<b>Malmö C</b>: an 15:03</div><style>@media (prefers-color-scheme: dark) {html,body,.kmldesc{background:#1b1b1b !important;color:#e8e8e8 !important;}.kmldesc a{color:#8ab4f8 !important;}}</style>]]></description>
<styleUrl>#lineIR2</styleUrl>
<LineString>
<tessellate>1</tessellate>
<coordinates>13.369613,52.5248455,0 13.366739,52.5286881,0 13.3592666,52.5355062,0 13.357311,52.5365458,0 13.3553041,52.5369519,0 13.3533188,52.5369267,0 13.3401172,52.5355618,0 13.2912957,52.5292015,0 13.2500219,52.5266096,0 13.2451381,52.5266124,0 13.2424964,52.5270012,0 13.2349809,52.5287856,0 13.2241997,52.5298168,0 13.2075623,52.5319762,0 13.1987984,52.5342805,0 13.1690847,52.538903,0 13.1649895,52.5388616,0 13.1572099,52.5372202,0 13.1525635,52.5370758,0 12.9982238,52.5478641,0 12.9783192,52.5499157,0 12.9615845,52.550599,0 12.9468405,52.5515288,0 12.8873127,52.555625,0 12.8801493,52.5563127,0 12.873877,52.5573262,0 12.8675621,52.5587437,0 12.7551101,52.5864611,0 12.7486508,52.5877897,0 12.7411242,52.5887906,0 12.7323637,52.5892858,0 12.6361959,52.5917948,0 12.5159436,52.5991494,0 12.4675008,52.6018425,0 12.4310003,52.6019569,0 12.3674086,52.6015518,0 12.362712,52.6011515,0 12.3581623,52.6004595,0 12.3295104,52.594185,0 12.3156613,52.5917539,0 12.3095611,52.5913604,0 12.2667851,52.5905754,0 12.0521246,52.5902035,0 12.0358208,52.5911468,0 12.0308659,52.5916541,0 11.9910367,52.5992966,0 11.9870107,52.599809,0 11.9826747,52.5999755,0 11.9783904,52.5997776,0 11.9426238,52.5962063,0 11.8685839,52.5957133,0 11.8578759,52.5951576,0 11.8459401,52.5938306,0 11.8502971,52.594161,0 11.8547244,52.5946398,0 11.8226637,52.5915226,0 11.8173099,52.591365,0 11.8136305,52.5916751,0 11.8102227,52.5924105,0 11.6724174,52.6301985,0 11.6666721,52.632116,0 11.5999083,52.6647104,0 11.5956458,52.6671827,0 11.5931958,52.6690969,0 11.5188456,52.7342895,0 11.5166306,52.7359353,0 11.5144281,52.7371663,0 11.491117,52.7482524,0 11.4822918,52.7520897,0 11.4702678,52.7554745,0 11.4388075,52.7637619,0 11.4345863,52.7651601,0 11.431646,52.7666104,0 11.4149671,52.776072,0 11.4118818,52.7774969,0 11.2440408,52.844602,0 11.2400696,52.8459596,0 11.234569,52.8470764,0 11.1489865,52.8600236,0 11.1454697,52.8601564,0 11.1423809,52.8599801,0 11.1106363,52.8565941,0 11.1048684,52.8564094,0 11.1001563,52.8568599,0 11.0638084,52.8630229,0 11.057229,52.8636464,0 10.9501122,52.8662493,0 10.9455,52.8658061,0 10.9409027,52.8647456,0 10.9286458,52.8594614,0 10.925489,52.858407,0 10.920903,52.8576914,0 10.9168697,52.8577349,0 10.907461,52.8593874,0 10.903843,52.8605683,0 10.9008858,52.862209,0 10.8942695,52.8669701,0 10.8919326,52.868333,0 10.8788603,52.8736868,0 10.8727708,52.8752885,0 10.8656737,52.876709,0 10.8619718,52.8771482,0 10.8573694,52.8769868,0 10.852786,52.8759855,0 10.8495444,52.8746157,0 10.8440497,52.8712379,0 10.8405152,52.8699593,0 10.8287819,52.8679575,0 10.8227838,52.8659385,0 10.8201286,52.8652753,0 10.8170868,52.8649549,0 10.8133821,52.8651187,0 10.809137,52.8659045,0 10.8056782,52.8673265,0 10.8033374,52.869064,0 10.800433,52.8722358,0 10.7987458,52.8736486,0 10.7962179,52.8750016,0 10.7929381,52.8759976,0 10.7897694,52.8764358,0 10.7866867,52.8764224,0 10.7635113,52.8743489,0 10.7591818,52.8741884,0 10.728453,52.8770548,0 10.7252302,52.8777151,0 10.7223869,52.8786017,0 10.7041723,52.8871536,0 10.6997321,52.8886282,0 10.6945451,52.8894568,0 10.6388191,52.8939255,0 10.6335992,52.8946257,0 10.6277618,52.8962096,0 10.5887914,52.9086443,0 10.5854152,52.9099416,0 10.5833668,52.9110229,0 10.5799463,52.9136234,0 10.5632411,52.932543,0 10.5606303,52.9351036,0 10.5520987,52.9415979,0 10.5334587,52.9513326,0 10.5318198,52.9530805,0 10.5313782,52.9547683,0 10.5314626,52.9558059,0 10.5319019,52.9569037,0 10.5328081,52.9580097,0 10.5337929,52.9587403,0 10.5359809,52.9597026,0 10.5418153,52.9614403,0 10.5486372,52.9655803,0 10.5519566,52.9688614,0 10.555541,52.9735226,0 10.5558149,52.9749929,0 10.5552498,52.9773781,0 10.5473693,52.9967869,0 10.5470333,52.9995712,0 10.5473518,53.0018405,0 10.5486258,53.0048332,0 10.5506906,53.0075297,0 10.5610336,53.0159911,0 10.5636529,53.0190245,0 10.5730485,53.0390988,0 10.5781586,53.0467202,0 10.5797273,53.0509281,0 10.5821818,53.0595222,0 10.5821014,53.0661896,0 10.581103,53.0696838,0 10.5789922,53.0728736,0 10.5637735,53.0896359,0 10.5613835,53.0919966,0 10.524259,53.1203154,0 10.5178381,53.1250565,0 10.5137737,53.1275247,0 10.5062728,53.1308498,0 10.4974313,53.1341989,0 10.4935249,53.1361693,0 10.4896662,53.1384898,0 10.4692863,53.1535359,0 10.4662406,53.1560166,0 10.4632128,53.1591418,0 10.4434889,53.1884864,0 10.4371633,53.1955691,0 10.4352033,53.1984637,0 10.4339261,53.2009625,0 10.4235218,53.229791,0 10.4228556,53.2389475,0 10.4220335,53.2415833,0 10.4202568,53.245551,0 10.4198282,53.2476137,0 10.4198311,53.2514235,0 10.4207907,53.2554655,0 10.4207614,53.2579237,0 10.4197889,53.2606286,0 10.4185438,53.2625509,0 10.4173651,53.2638463,0 10.4138044,53.2663242,0 10.3843268,53.2848436,0 10.3775675,53.2883308,0 10.3732401,53.2900075,0 10.359584,53.294614,0 10.2700824,53.3244263,0 10.2645749,53.3266921,0 10.2192105,53.3492183,0 10.2148501,53.351123,0 10.2030697,53.3554664,0 10.1980457,53.3567859,0 10.1888463,53.3586488,0 10.1501801,53.3675347,0 10.1443096,53.3691067,0 10.1375932,53.3713781,0 10.1312624,53.3741356,0 10.1270216,53.3763601,0 10.1229538,53.3788562,0 10.1158198,53.3840106,0 10.1119298,53.3862785,0 10.1076484,53.3883613,0 10.1010221,53.3908475,0 10.0813979,53.3963785,0 10.0736285,53.3995162,0 10.0672837,53.4028804,0 10.0507997,53.4133167,0 10.0396041,53.4184698,0 10.03413,53.4214616,0 10.0252764,53.4279952,0 10.0152,53.436536,0 10.0086932,53.4428712,0 9.9944703,53.4527422,0 9.9929279,53.4545972,0 9.9919528,53.4574494,0 9.991965,53.4589983,0 9.9924056,53.4603534,0 10.0006108,53.4771689,0 10.0032992,53.4839791,0 10.004392,53.4882963,0 10.0056849,53.4956597,0 10.0079407,53.5032561,0 10.0083969,53.5069366,0 10.0083424,53.5107035,0 10.0089485,53.5131359,0 10.0125895,53.5211534,0 10.0167139,53.5265434,0 10.0241364,53.5346653,0 10.0247991,53.5360527,0 10.0246884,53.5368581,0 10.0242357,53.5375727,0 10.0224886,53.5386379,0 10.0111904,53.5405377,0 10.0091022,53.5412756,0 10.0073369,53.54249,0 10.0068628,53.5430873,0 10.0066372,53.5439535,0 10.0075664,53.5476047,0 10.0070108,53.5517121,0 10.0059293,53.553695,0 10.0047763,53.5548424,0 10.0019868,53.5563219,0 9.9982503,53.5567964,0 9.9940509,53.5579427,0 9.9915688,53.5591553,0 9.9884324,53.5615307,0 9.9856877,53.5631114,0 9.9833575,53.5638387,0 9.9750737,53.5638953,0 9.9625618,53.5634639,0 9.9606131,53.5630554,0 9.9567031,53.561571,0 9.9535772,53.5611339,0 9.9516297,53.5612765,0 9.942837,53.5628657,0 9.9405715,53.562986,0 9.937671,53.5626308,0 9.9355615,53.5631549,0 9.9349812,53.5636663,0 9.9346226,53.5644146,0 9.9337619,53.5683159,0 9.933602,53.5703045,0 9.9331215,53.571437,0 9.9283985,53.576483,0 9.919806,53.5877033,0 9.9166837,53.5905901,0 9.9067825,53.5958199,0 9.8813761,53.6085343,0 9.8198278,53.6403051,0 9.7835348,53.6647744,0 9.781239,53.6660005,0 9.7273935,53.6897749,0 9.7200426,53.6933915,0 9.7174989,53.6952166,0 9.712034,53.6997426,0 9.6688067,53.7363504,0 9.6655362,53.73927,0 9.6639508,53.7410881,0 9.6624998,53.743632,0 9.6618997,53.74538,0 9.6428045,53.8131715,0 9.6426969,53.8156549,0 9.6431831,53.8180949,0 9.6442513,53.8204359,0 9.645825,53.822581,0 9.6497054,53.8261791,0 9.6789108,53.8506338,0 9.6803376,53.8520446,0 9.7722853,53.9610349,0 9.7757515,53.9646637,0 9.778503,53.966611,0 9.7814675,53.9682178,0 9.9666812,54.0634985,0 9.9703964,54.0655903,0 9.9749752,54.0690159,0 9.9769976,54.0710468,0 9.9790192,54.0735426,0 9.981253,54.0786643,0 9.9853095,54.0920134,0 9.9856441,54.0937093,0 9.9854442,54.0948859,0 9.9847997,54.09593,0 9.9838627,54.096763,0 9.9824401,54.0975388,0 9.9806289,54.0981001,0 9.9783049,54.0983597,0 9.967923,54.0983309,0 9.9654688,54.0987064,0 9.9634237,54.09951,0 9.8867513,54.1480734,0 9.8559607,54.1643632,0 9.8465006,54.1711479,0 9.8436047,54.173837,0 9.8413508,54.1766998,0 9.795169,54.2474326,0 9.7930612,54.2497499,0 9.7907561,54.2515337,0 9.7866241,54.2538173,0 9.7479749,54.271521,0 9.7155633,54.2851008,0 9.7131799,54.2856799,0 9.7100872,54.2858634,0 9.6938962,54.2844123,0 9.6904702,54.2849197,0 9.6876603,54.2861199,0 9.6863407,54.2871426,0 9.6857008,54.2879604,0 9.6799771,54.2985254,0 9.6796415,54.3000847,0 9.6801117,54.3016798,0 9.6812347,54.3029627,0 9.6828204,54.3040113,0 9.692828,54.3079217,0 9.6965635,54.3083135,0 9.698522,54.3080328,0 9.7003001,54.3074444,0 9.7022643,54.3060928,0 9.7028572,54.3052978,0 9.7031412,54.3044174,0 9.7030763,54.3034022,0 9.7026066,54.3024324,0 9.700976,54.3010313,0 9.6986516,54.3001613,0 9.6863485,54.297215,0 9.6839643,54.296885,0 9.6813976,54.2969661,0 9.6781738,54.2977309,0 9.6744885,54.2994752,0 9.6673762,54.3050743,0 9.6635988,54.3072197,0 9.66112,54.3096828,0 9.6568599,54.3126236,0 9.6550707,54.3146957,0 9.6535706,54.3172076,0 9.637686,54.3489014,0 9.6350057,54.3560108,0 9.6332658,54.3589925,0 9.6313508,54.3614757,0 9.6293571,54.363603,0 9.6272937,54.3652299,0 9.6060143,54.3780847,0 9.6004316,54.3820126,0 9.5952647,54.3868051,0 9.5887908,54.3945103,0 9.5866093,54.3965257,0 9.5807419,54.4010741,0 9.5780472,54.4042438,0 9.5768824,54.4067152,0 9.5688446,54.4327179,0 9.5684521,54.4358399,0 9.5685495,54.4384305,0 9.57003,54.4444178,0 9.5699113,54.4458706,0 9.5695246,54.4469492,0 9.5686715,54.448272,0 9.5675858,54.44936,0 9.5504475,54.4628547,0 9.5484958,54.4651683,0 9.5471845,54.4677871,0 9.5467367,54.4698298,0 9.5468169,54.4723153,0 9.547325,54.4741668,0 9.5494225,54.4791526,0 9.5498228,54.4811975,0 9.549869,54.4833396,0 9.5488477,54.4911966,0 9.5476426,54.4934282,0 9.5458505,54.4952709,0 9.5432314,54.4969629,0 9.5328468,54.5019544,0 9.513831,54.5069451,0 9.5025249,54.5089568,0 9.4991314,54.5099499,0 9.4959285,54.5112346,0 9.3955722,54.5640001,0 9.3901811,54.5674345,0 9.385898,54.5713613,0 9.3830247,54.5754519,0 9.3820816,54.5774988,0 9.3813657,54.579938,0 9.3743266,54.6263514,0 9.3743336,54.6298442,0 9.3749999,54.6323802,0 9.3767174,54.6356047,0 9.3966803,54.6619636,0 9.3995014,54.666527,0 9.4005084,54.6692233,0 9.4010771,54.6719681,0 9.4032393,54.6893557,0 9.4034144,54.6927757,0 9.4030717,54.6963448,0 9.4021023,54.7001308,0 9.3954363,54.7173561,0 9.3939855,54.7200684,0 9.3836809,54.7349071,0 9.3824553,54.7381694,0 9.3821961,54.7403295,0 9.3823945,54.7417767,0 9.3832625,54.7433484,0 9.3874662,54.7490797,0 9.3889899,54.7517368,0 9.3903763,54.75312,0 9.3999123,54.7589308,0 9.4066431,54.7617449,0 9.4102979,54.7637515,0 9.4179237,54.7695313,0 9.4221373,54.7736726,0 9.4238594,54.7746463,0 9.4262613,54.7753061,0 9.4291835,54.7754895,0 9.4351019,54.7746728,0 9.4413424,54.7727578,0 9.4453374,54.7712035,0 9.4472819,54.7699522,0 9.4483383,54.7685164,0 9.4485764,54.7675928,0 9.44846,54.7664602,0 9.447929,54.7654216,0 9.4468611,54.7643325,0 9.4441324,54.7629751,0 9.4409569,54.7624013,0 9.4382711,54.7624729,0 9.4199914,54.764835,0 9.4125618,54.7643838,0 9.4066344,54.7634552,0 9.403718,54.7634316,0 9.4002701,54.7642297,0 9.3980338,54.7656178,0 9.3865846,54.7753923,0 9.3841982,54.7779258,0 9.3613766,54.8181901,0 9.357004,54.8286686,0 9.3531568,54.8342389,0 9.2676324,54.9101063,0 9.2657714,54.9121894,0 9.2567357,54.923877,0 9.2557955,54.9255954,0 9.2553835,54.9270698,0 9.2553105,54.9284433,0 9.2558533,54.9304583,0 9.2667808,54.9567933,0 9.2809894,54.990098,0 9.2827487,54.9927967,0 9.3201893,55.0376152,0 9.3225232,55.0406653,0 9.3238795,55.0434113,0 9.3293661,55.0591865,0 9.3333445,55.0715027,0 9.3339377,55.0742618,0 9.338819,55.1215159,0 9.338588,55.1249007,0 9.33797,55.1269458,0 9.3345063,55.1355955,0 9.332629,55.1396974,0 9.3096545,55.1761328,0 9.3088915,55.1779675,0 9.3018418,55.2009776,0 9.3013671,55.2032997,0 9.3013617,55.2057135,0 9.3028888,55.2121685,0 9.3031168,55.2147543,0 9.3006751,55.22943,0 9.300499,55.2323038,0 9.3008425,55.2345386,0 9.3014493,55.2363436,0 9.3041279,55.2409636,0 9.3049676,55.2430636,0 9.3052109,55.2448486,0 9.304813,55.2504191,0 9.3023571,55.2628154,0 9.2955972,55.2936224,0 9.276741,55.3392894,0 9.2757084,55.3425658,0 9.275003,55.3469325,0 9.2698256,55.3900264,0 9.2702173,55.3926493,0 9.2738731,55.4051755,0 9.2780185,55.4188995,0 9.2788955,55.420807,0 9.2800599,55.4224179,0 9.2816394,55.4240082,0 9.2876712,55.4288157,0 9.2950961,55.4352588,0 9.2966472,55.4370927,0 9.2978484,55.4393583,0 9.3007545,55.4504695,0 9.300061,55.4612396,0 9.3012845,55.4728982,0 9.3019383,55.4751083,0 9.3052522,55.482457,0 9.3076352,55.4854334,0 9.3102216,55.487834,0 9.3122392,55.4892144,0 9.3202973,55.4933404,0 9.3265554,55.4970852,0 9.3323638,55.4992935,0 9.3352413,55.5000297,0 9.3666695,55.5023788,0 9.3861678,55.5018604,0 9.3889604,55.5015007,0 9.3920536,55.500705,0 9.4049737,55.4953598,0 9.4096389,55.4941483,0 9.4155462,55.4937948,0 9.4263775,55.4950913,0 9.4315303,55.4950764,0 9.4353682,55.4944797,0 9.445962,55.491603,0 9.4571392,55.4901527,0 9.4677836,55.4878302,0 9.4706417,55.4875739,0 9.4752158,55.4879106,0 9.4779466,55.4887325,0 9.4846356,55.4924156,0 9.4960488,55.4973234,0 9.4994617,55.4982102,0 9.5086038,55.4995519,0 9.5111615,55.5003496,0 9.5136446,55.5015804,0 9.5156408,55.5031569,0 9.5167983,55.5046596,0 9.5196171,55.5128707,0 9.5227219,55.5179195,0 9.5242192,55.5197431,0 9.5267885,55.521712,0 9.5356083,55.5266805,0 9.5416475,55.5292247,0 9.5516457,55.5315968,0 9.5545664,55.5320898,0 9.5679269,55.5334572,0 9.5796039,55.5338171,0 9.5867223,55.5347002,0 9.589892,55.5355623,0 9.5925785,55.536645,0 9.6034934,55.542607,0 9.607063,55.5438143,0 9.6098698,55.5444439,0 9.6129346,55.544782,0 9.6194793,55.5448852,0 9.6238773,55.545211,0 9.6502072,55.5488789,0 9.6531366,55.5489904,0 9.6564428,55.5487268,0 9.6596153,55.5480577,0 9.6760538,55.5431611,0 9.6801379,55.5425949,0 9.6878557,55.5425329,0 9.6913832,55.5421597,0 9.7038856,55.5394159,0 9.7055614,55.5388074,0 9.7070943,55.5378353,0 9.710387,55.533404,0 9.7148707,55.5283597,0 9.7156961,55.5268032,0 9.7159561,55.5251796,0 9.7155899,55.5234646,0 9.7144941,55.521723,0 9.7044951,55.5129728,0 9.7029749,55.5108057,0 9.702708,55.509059,0 9.7033224,55.5071124,0 9.704622,55.5055216,0 9.7069235,55.5039684,0 9.7101455,55.5027756,0 9.7142195,55.5020684,0 9.7328158,55.5017063,0 9.7402138,55.5010019,0 9.7441808,55.5000893,0 9.7471616,55.4989529,0 9.7492707,55.4975558,0 9.7504967,55.496189,0 9.7534509,55.4912309,0 9.758937,55.4855387,0 9.7614512,55.483582,0 9.7648295,55.48211,0 9.7676108,55.481431,0 9.7702427,55.481111,0 9.7868985,55.4805381,0 9.8065719,55.4770963,0 9.8254459,55.4710748,0 9.8657283,55.4618047,0 9.884808,55.4550591,0 9.8975616,55.4511048,0 9.9022341,55.4493782,0 9.9147908,55.4433023,0 9.9188686,55.4408145,0 9.9231236,55.4371085,0 9.9282557,55.4305058,0 9.9300101,55.4286115,0 9.9481147,55.412929,0 9.9602417,55.4044956,0 9.9686182,55.400374,0 9.9804919,55.3919259,0 9.9841934,55.3900116,0 9.9878351,55.3889515,0 9.9960143,55.3876096,0 10.0041941,55.3849474,0 10.0099717,55.3840174,0 10.0189564,55.3840011,0 10.0287233,55.3846194,0 10.0333505,55.3843785,0 10.042774,55.3831051,0 10.064499,55.3830918,0 10.0725516,55.382478,0 10.0834876,55.3806567,0 10.0866115,55.3797753,0 10.105778,55.3732314,0 10.1227546,55.3697387,0 10.1381633,55.3668978,0 10.1409713,55.3660849,0 10.1527924,55.3617576,0 10.1559082,55.36104,0 10.161465,55.3602017,0 10.1649761,55.3592604,0 10.1749832,55.3548685,0 10.1820473,55.3499649,0 10.1891229,55.3462382,0 10.191736,55.3451583,0 10.194563,55.3443914,0 10.1978817,55.3439011,0 10.20162,55.3438034,0 10.2166687,55.3448718,0 10.2201956,55.3453101,0 10.2239357,55.3462344,0 10.2413191,55.3518476,0 10.2544573,55.3546552,0 10.257704,55.3555419,0 10.2620093,55.3572067,0 10.2726159,55.3622737,0 10.2927712,55.3685233,0 10.2957258,55.3700575,0 10.3009166,55.3736246,0 10.3038682,55.3749896,0 10.3074107,55.3759784,0 10.3163899,55.3773788,0 10.3209376,55.3784818,0 10.3370627,55.3838479,0 10.3549024,55.3905663,0 10.356984,55.3915503,0 10.358936,55.392877,0 10.3656451,55.3993927,0 10.3672601,55.4003215,0 10.3691975,55.4010016,0 10.3726767,55.4015402,0 10.3889521,55.4018611,0 10.4013009,55.402836,0 10.4065218,55.4027843,0 10.4099961,55.4023901,0 10.413627,55.4016401,0 10.4569849,55.389195,0 10.4640294,55.387393,0 10.5068778,55.3820487,0 10.5253058,55.3782309,0 10.5690769,55.3653201,0 10.5753091,55.3638171,0 10.592699,55.3606537,0 10.5973745,55.3600317,0 10.6287462,55.3581662,0 10.671626,55.3537431,0 10.7285343,55.3392381,0 10.753077,55.334817,0 10.7581578,55.3332417,0 10.7886518,55.32087,0 10.796176,55.3180891,0 10.7990141,55.3166007,0 10.8120968,55.3084226,0 10.8156228,55.3067426,0 10.8347349,55.30024,0 10.8399863,55.2992948,0 10.8454811,55.2990655,0 10.8524998,55.2998185,0 10.873958,55.3038808,0 10.8935532,55.3084714,0 10.9094871,55.3128772,0 10.9203018,55.3162293,0 10.9309185,55.319843,0 10.9584814,55.3304849,0 11.0107143,55.3490182,0 11.0164197,55.3507512,0 11.0264187,55.3528118,0 11.0322197,55.353497,0 11.0365827,55.3537405,0 11.0475109,55.3537041,0 11.0882682,55.3503171,0 11.0980362,55.3504441,0 11.1046211,55.3510425,0 11.1118223,55.3521185,0 11.1281953,55.3558815,0 11.1588111,55.3619378,0 11.1624384,55.3624668,0 11.1665775,55.362679,0 11.2190999,55.3627691,0 11.2243858,55.3631635,0 11.2299062,55.3640931,0 11.2338373,55.3651298,0 11.2373558,55.3663781,0 11.2878147,55.3875094,0 11.293481,55.3906407,0 11.3008754,55.3964004,0 11.3046381,55.3987538,0 11.3081355,55.4004504,0 11.3200538,55.4051238,0 11.3234952,55.4060815,0 11.3271875,55.4066431,0 11.347818,55.4073923,0 11.3533437,55.4080961,0 11.3577646,55.4093418,0 11.3657072,55.4131322,0 11.3686108,55.4139952,0 11.3716919,55.4145727,0 11.3752761,55.4148712,0 11.3787969,55.4148009,0 11.4245846,55.4098571,0 11.4726632,55.4069221,0 11.4790341,55.4068429,0 11.4964488,55.4074808,0 11.502558,55.4082982,0 11.5081651,55.409587,0 11.5133935,55.4113537,0 11.5228595,55.4153205,0 11.5276223,55.4166752,0 11.5324789,55.4176295,0 11.5372168,55.418194,0 11.5420776,55.4184289,0 11.5542843,55.4179172,0 11.560159,55.4180522,0 11.5666478,55.4187222,0 11.5791576,55.4207169,0 11.5843361,55.4220311,0 11.6045605,55.4282967,0 11.6702055,55.4423843,0 11.6779732,55.4437498,0 11.6844333,55.4440576,0 11.6908867,55.4435603,0 11.7113882,55.4392072,0 11.7174147,55.4383134,0 11.7473023,55.4363985,0 11.7533384,55.4364369,0 11.8214386,55.4396416,0 11.8940572,55.4501435,0 11.9034974,55.4521357,0 11.9182496,55.4563292,0 11.9280764,55.4580647,0 11.9340532,55.4586028,0 11.9405682,55.4587634,0 11.9644197,55.457768,0 11.9705565,55.457727,0 11.991674,55.4586663,0 12.0006953,55.4594739,0 12.007376,55.4603377,0 12.02501,55.4634847,0 12.0457941,55.4658081,0 12.0573027,55.4677545,0 12.0739458,55.471741,0 12.0900522,55.4773061,0 12.0995769,55.4793131,0 12.1095564,55.4802222,0 12.1408669,55.4807113,0 12.1455889,55.4811202,0 12.1503458,55.4819489,0 12.1558216,55.4835208,0 12.1606106,55.4855912,0 12.1640472,55.487661,0 12.1671616,55.4903235,0 12.1690267,55.4924813,0 12.1700741,55.4941702,0 12.1754607,55.5061219,0 12.1766398,55.5082768,0 12.1895346,55.5265165,0 12.1936395,55.5319524,0 12.1963653,55.5346769,0 12.1997978,55.5373248,0 12.2027683,55.5391639,0 12.211613,55.5439457,0 12.219857,55.5501844,0 12.2238524,55.5541679,0 12.229269,55.5616052,0 12.2334459,55.5654311,0 12.2412194,55.5710377,0 12.2524387,55.5780787,0 12.2616863,55.5850587,0 12.2701394,55.5904011,0 12.2848662,55.6018535,0 12.2887331,55.6040855,0 12.3084622,55.6140718,0 12.3128196,55.6167164,0 12.3168047,55.6199307,0 12.3247112,55.6278442,0 12.3279312,55.6304342,0 12.3316401,55.6329331,0 12.3371127,55.6359304,0 12.3421801,55.637996,0 12.3480534,55.6397078,0 12.3548031,55.6409652,0 12.3629276,55.6416838,0 12.3803161,55.6419365,0 12.3890487,55.6414515,0 12.4012782,55.6399861,0 12.406575,55.6395713,0 12.4146522,55.6391597,0 12.4201979,55.6394799,0 12.4243543,55.6401903,0 12.4279202,55.6411742,0 12.4308382,55.6422981,0 12.4369344,55.645216,0 12.4421934,55.6468234,0 12.4547669,55.6486258,0 12.4729561,55.6517824,0 12.4827173,55.6529039,0 12.4874003,55.6543121,0 12.4921359,55.656996,0 12.4939972,55.6577228,0 12.4976899,55.6583762,0 12.5015451,55.6582381,0 12.5042374,55.657604,0 12.508537,55.656019,0 12.511912,55.6545523,0 12.5154679,55.6526334,0 12.5097748,55.6555006,0 12.5133807,55.653624,0 12.5171791,55.6512584,0 12.5232231,55.6454449,0 12.5259135,55.6439063,0 12.5287485,55.6430329,0 12.5319364,55.6426174,0 12.534636,55.6426454,0 12.5412315,55.6433417,0 12.5433799,55.6431828,0 12.5455605,55.6426454,0 12.5476821,55.6415585,0 12.5555923,55.6352094,0 12.5586739,55.6332218,0 12.5633911,55.6311146,0 12.5684001,55.6296739,0 12.5752185,55.6286629,0 12.5829318,55.628373,0 12.5879443,55.6285654,0 12.5959133,55.6295541,0 12.600566,55.6298408,0 12.6337933,55.6307131,0 12.6380547,55.6306062,0 12.6465852,55.6296507,0 12.6505324,55.6295571,0 12.6550267,55.6300691,0 12.6604775,55.631947,0 12.6636368,55.632506,0 12.6685123,55.6326606,0 12.6729359,55.6321537,0 12.67781,55.6307502,0 12.7318522,55.6086842,0 12.7390383,55.605421,0 12.7548903,55.5974324,0 12.76056,55.5949817,0 12.7849491,55.5862101,0 12.7945272,55.583197,0 12.804538,55.5804059,0 12.8147801,55.5779022,0 12.8414824,55.5720281,0 12.8605795,55.5686751,0 12.875761,55.5668122,0 12.890605,55.5656443,0 12.8983141,55.5653565,0 12.9119751,55.5658897,0 12.9185326,55.565515,0 12.9254564,55.564325,0 12.9439577,55.5596467,0 12.951199,55.5587195,0 12.9584405,55.5588683,0 12.9674077,55.5602926,0 12.9732133,55.5619368,0 12.9803152,55.5648081,0 12.9823824,55.5660064,0 12.9843721,55.5675645,0 13.0003747,55.5829764,0 13.0018928,55.5847864,0 13.0025338,55.5862326,0 13.0024749,55.5901328,0 13.0019988,55.5918393,0 13.0002863,55.5945434,0 12.9994858,55.5953349,0 12.9908131,55.6008437,0 12.9897291,55.6029278,0 12.990061,55.6049261,0 12.9911695,55.6062112,0 12.9933688,55.6077191,0 12.9983881,55.6092257,0 13.0045774,55.6100759,0 13.0148054,55.6096977,0 13.0059279,55.6097462,0 13.0007391,55.6089865,0</coordinates>
</LineString>
</Placemark>
<Placemark>
<name>IR3 Thüringer Wald</name>
<description><![CDATA[<div class="kmldesc"><b>Berlin Hauptbahnhof → München Hauptbahnhof</b><br/><br/><b>Bahnhöfe (18 Halte):</b><br/><br/><br/>&#8226;&#160;<b>Berlin Hauptbahnhof</b>: ab 07:00<br/>&#8226;&#160;<b>Berlin Südkreuz</b>: an 07:04 / ab 07:06<br/>&#8226;&#160;<b>Flughafen BER</b>: an 07:14 / ab 07:16<br/>&#8226;&#160;<b>Lutherstadt Wittenberg</b>: an 07:31 / ab 07:33<br/>&#8226;&#160;<b>Bitterfeld</b>: an 07:52 / ab 07:54<br/>&#8226;&#160;<b>Leipzig Hauptbahnhof</b>: an 08:13 / ab 08:15<br/>&#8226;&#160;<b>Halle (Saale) Hauptbahnhof</b>: an 08:35 / ab 08:37<br/>&#8226;&#160;<b>Naumburg (Saale)</b>: an 08:52 / ab 08:53<br/>&#8226;&#160;<b>Erfurt Hauptbahnhof</b>: an 09:15 / ab 09:17<br/>&#8226;&#160;<b>Coburg</b>: an 09:54 / ab 09:56<br/>&#8226;&#160;<b>Bamberg</b>: an 10:19 / ab 10:21<br/>&#8226;&#160;<b>Forchheim</b>: an 10:34 / ab 10:36<br/>&#8226;&#160;<b>Nürnberg Hauptbahnhof</b>: an 10:50 / ab 10:53<br/>&#8226;&#160;<b>Kinding (Altmühltal)</b>: an 11:12 / ab 11:14<br/>&#8226;&#160;<b>Ingolstadt Hauptbahnhof</b>: an 11:33 / ab 11:35<br/>&#8226;&#160;<b>Pfaffenhofen (Ilm)</b>: an 11:48 / ab 11:50<br/>&#8226;&#160;<b>Dachau</b>: an 12:05 / ab 12:07<br/>&#8226;&#160;<b>München Hauptbahnhof</b>: an 12:14</div><style>@media (prefers-color-scheme: dark) {html,body,.kmldesc{background:#1b1b1b !important;color:#e8e8e8 !important;}.kmldesc a{color:#8ab4f8 !important;}}</style>]]></description>
<styleUrl>#lineIR3</styleUrl>
<LineString>
<tessellate>1</tessellate>
<coordinates>13.369613,52.5248455,0 13.3725366,52.5203045,0 13.3734435,52.5166293,0 13.3753091,52.5125576,0 13.375608,52.5109559,0 13.3755768,52.5086781,0 13.3751584,52.5071541,0 13.3734668,52.5040654,0 13.3725142,52.5006644,0 13.3723799,52.4991657,0 13.3727435,52.4953362,0 13.3723576,52.489478,0 13.37174,52.4864615,0 13.3707006,52.4842508,0 13.3651427,52.4751947,0 13.3637419,52.4723372,0 13.3601855,52.4623166,0 13.3583631,52.4561084,0 13.3581398,52.4550026,0 13.3582705,52.4535598,0 13.3631185,52.4441763,0 13.3677109,52.4361523,0 13.383678,52.4094058,0 13.3872568,52.4028355,0 13.3952986,52.3894939,0 13.4016483,52.3782494,0 13.4031232,52.374778,0 13.409822,52.3556757,0 13.4107529,52.3539878,0 13.4125363,52.35276,0 13.4155235,52.3521069,0 13.4176303,52.3522152,0 13.4223924,52.353284,0 13.4331741,52.3561116,0 13.4507795,52.363534,0 13.4530305,52.3642684,0 13.4558526,52.3647595,0 13.4596091,52.3646666,0 13.4660489,52.3632853,0 13.4743812,52.3622884,0 13.4833138,52.3602172,0 13.4880412,52.3598383,0 13.4933896,52.3603425,0 13.5070756,52.3638767,0 13.5075572,52.3638359,0 13.5050752,52.3630693,0 13.4933532,52.3604208,0 13.4880356,52.3599172,0 13.4833306,52.3602824,0 13.4744003,52.3623218,0 13.4660738,52.3633202,0 13.4596234,52.3647015,0 13.4579356,52.3648772,0 13.4551658,52.3646776,0 13.4507795,52.363534,0 13.434455,52.356566,0 13.4309382,52.3554004,0 13.4154086,52.3514663,0 13.393325,52.3466512,0 13.3869229,52.3458116,0 13.3205633,52.3399079,0 13.2992937,52.3385828,0 13.2845714,52.3354019,0 13.2814525,52.3344129,0 13.2796799,52.3335616,0 13.2783803,52.3326069,0 13.2773986,52.3314989,0 13.275443,52.3272475,0 13.2733757,52.3203938,0 13.2696682,52.3069642,0 13.2677139,52.2989426,0 13.2663646,52.2945854,0 13.2659808,52.2907912,0 13.2666725,52.2580943,0 13.2664651,52.2559979,0 13.2657837,52.2537546,0 13.2642448,52.2513422,0 13.2622506,52.2491432,0 13.2387751,52.2283793,0 13.2357631,52.2254009,0 13.2342772,52.223665,0 13.2300786,52.2169898,0 13.2265144,52.2119046,0 13.2238414,52.2063439,0 13.2228072,52.2013956,0 13.2229375,52.196589,0 13.223327,52.193913,0 13.2233442,52.1904687,0 13.2187612,52.1416884,0 13.2179157,52.1376083,0 13.2159456,52.1334228,0 13.2133175,52.129984,0 13.2102201,52.1270555,0 13.206921,52.124656,0 13.1838445,52.1099205,0 13.1670276,52.0962509,0 13.1595998,52.0897957,0 13.1537935,52.0854572,0 13.148433,52.0822024,0 13.143422,52.0796116,0 13.0973441,52.0538786,0 13.0944381,52.0521271,0 13.0902512,52.0488993,0 13.0877178,52.0465158,0 13.0855272,52.0440148,0 13.0836895,52.0414136,0 13.0823203,52.0389516,0 13.0803335,52.0340614,0 13.0733497,52.0149219,0 13.0721574,52.0123014,0 13.0709165,52.0105269,0 13.0686985,52.0081227,0 13.0642226,52.0043801,0 13.0535996,51.9973116,0 13.0476326,51.9928729,0 13.0260566,51.9783268,0 13.0209952,51.9756328,0 13.0151463,51.9733808,0 13.0095246,51.9718405,0 13.0029476,51.970756,0 12.9403871,51.9632818,0 12.8631622,51.9497691,0 12.8565057,51.9484717,0 12.8504851,51.9468765,0 12.7939273,51.9270607,0 12.7875357,51.9240765,0 12.7814511,51.9202261,0 12.7757749,51.9156187,0 12.7511472,51.8935384,0 12.7481319,51.8911093,0 12.7430235,51.8878613,0 12.7361107,51.8845519,0 12.7283786,51.8820113,0 12.7190566,51.880166,0 12.7146351,51.8796545,0 12.6781819,51.8769494,0 12.6747358,51.8764093,0 12.6706629,51.8749696,0 12.6672799,51.8727274,0 12.6641433,51.8691895,0 12.6595388,51.8648791,0 12.6574054,51.8633977,0 12.655237,51.8623095,0 12.6540899,51.8612597,0 12.6526923,51.8589566,0 12.65004,51.8519225,0 12.6488397,51.8503286,0 12.6464351,51.8483951,0 12.6342841,51.8424568,0 12.6297384,51.8397448,0 12.6196881,51.8331112,0 12.4037368,51.6864696,0 12.3986258,51.6836661,0 12.3923676,51.6816136,0 12.3857861,51.6805837,0 12.3766411,51.680318,0 12.3730078,51.6799925,0 12.3679498,51.678926,0 12.3633234,51.6771643,0 12.3604625,51.6754751,0 12.3565387,51.6716019,0 12.3556368,51.6702741,0 12.3539312,51.6668461,0 12.3518354,51.6620947,0 12.3502194,51.6599215,0 12.34854,51.6582738,0 12.3462363,51.6566561,0 12.3436753,51.6552743,0 12.33353,51.6512804,0 12.3307881,51.6499712,0 12.3270611,51.6474528,0 12.3245168,51.6452719,0 12.3232878,51.6438792,0 12.3214847,51.6412541,0 12.3206901,51.6388092,0 12.3191088,51.6320729,0 12.3175487,51.6266388,0 12.3157308,51.6164887,0 12.3144894,51.6132161,0 12.3121589,51.6099889,0 12.3029997,51.6001913,0 12.2992433,51.5952957,0 12.2955261,51.589868,0 12.2890527,51.5839095,0 12.2871095,51.5816119,0 12.2858349,51.5794543,0 12.2848657,51.5765855,0 12.2846286,51.5741332,0 12.2848771,51.5718036,0 12.2862017,51.5682849,0 12.2884668,51.5651421,0 12.2909713,51.5628242,0 12.2949547,51.5602526,0 12.2988131,51.5585247,0 12.302156,51.5574343,0 12.3152526,51.5546902,0 12.3195997,51.553471,0 12.3232209,51.5519766,0 12.3257111,51.5506334,0 12.3293393,51.5479267,0 12.3317378,51.545293,0 12.3383909,51.536305,0 12.3533159,51.5118812,0 12.3541469,51.5089909,0 12.3547205,51.502542,0 12.3552231,51.499978,0 12.364603,51.4751011,0 12.3762613,51.4364751,0 12.376671,51.4343316,0 12.3766539,51.4276421,0 12.3774617,51.4241107,0 12.387174,51.4008029,0 12.3966377,51.376741,0 12.3985031,51.3727025,0 12.3992851,51.3697979,0 12.4011157,51.3658009,0 12.4011047,51.364738,0 12.4007501,51.3636718,0 12.3989785,51.3611568,0 12.3922099,51.3552631,0 12.3829826,51.3465306,0 12.3868657,51.35017,0 12.3847524,51.3484113,0 12.38664,51.3512071,0 12.3867449,51.3522904,0 12.3844788,51.3558379,0 12.3854995,51.3537131,0 12.3857758,51.3521826,0 12.3852326,51.354025,0 12.3826609,51.3584603,0 12.38085,51.360058,0 12.3784069,51.3613729,0 12.3234721,51.3800325,0 12.3087995,51.3846674,0 12.2808275,51.3942854,0 12.2589543,51.40152,0 12.254937,51.4025271,0 12.2502584,51.4032461,0 12.2463109,51.4035021,0 12.2423239,51.4034394,0 12.22033,51.402243,0 12.2137532,51.4014013,0 12.2088863,51.401174,0 12.2015229,51.4016987,0 12.194893,51.4031498,0 12.1914613,51.4043382,0 12.1881896,51.4058171,0 12.172025,51.4154648,0 12.1679948,51.4174779,0 12.1393364,51.4267253,0 12.1292207,51.4309844,0 12.1245811,51.4319073,0 12.1074497,51.4332743,0 12.1026939,51.434084,0 12.0995957,51.4349873,0 12.0964058,51.4363031,0 12.0937197,51.4378261,0 12.0868834,51.4425768,0 12.0827915,51.4445188,0 12.07841,51.4459997,0 12.0739083,51.4470102,0 12.0367726,51.4530139,0 12.0179575,51.4570902,0 12.0149232,51.457989,0 12.0091171,51.4604715,0 12.0039016,51.4638607,0 11.9960479,51.4700696,0 11.9909808,51.4736119,0 11.9874512,51.4777715,0 11.990567,51.4739277,0 11.994441,51.4704298,0 11.995081,51.4692434,0 11.9953055,51.4677098,0 11.9940892,51.4526011,0 11.9930935,51.4506042,0 11.9898831,51.4476713,0 11.9887594,51.4459715,0 11.9884476,51.4445681,0 11.9881008,51.4371683,0 11.9880066,51.4249237,0 11.9898363,51.4001225,0 11.9913097,51.3910502,0 11.9934001,51.384629,0 11.9939433,51.3791533,0 11.9934026,51.3737875,0 11.9914699,51.361692,0 11.9905471,51.3574724,0 11.9899164,51.352566,0 11.9898284,51.3482557,0 11.9901654,51.3460116,0 11.9911889,51.3429372,0 11.9948677,51.335454,0 12.018588,51.2772609,0 12.0212263,51.2701636,0 12.0223038,51.26607,0 12.022495,51.2639684,0 12.0221543,51.2608037,0 12.0214419,51.2590291,0 12.0139248,51.2490272,0 12.0126721,51.2469966,0 12.011808,51.2444076,0 12.0113535,51.2406022,0 12.0107176,51.2382639,0 12.0095089,51.2357864,0 12.0077779,51.2333787,0 12.0042968,51.2301071,0 12.0002839,51.2275145,0 11.9954777,51.2253608,0 11.9895791,51.223449,0 11.9875729,51.2223285,0 11.9845051,51.2195583,0 11.9807986,51.2142249,0 11.977435,51.2112874,0 11.9748682,51.2070631,0 11.9730187,51.2055949,0 11.9685966,51.2040887,0 11.9648143,51.2037155,0 11.9594289,51.2035439,0 11.9519779,51.2037009,0 11.9412654,51.2044366,0 11.9386144,51.2043261,0 11.9355145,51.20378,0 11.9313974,51.2022283,0 11.9283743,51.2002009,0 11.9215683,51.1922905,0 11.9180735,51.1892644,0 11.9142529,51.1870993,0 11.9098234,51.1854534,0 11.8426938,51.1701346,0 11.8355047,51.1690415,0 11.8106488,51.1665765,0 11.804059,51.1653538,0 11.800486,51.1643425,0 11.790468,51.1604681,0 11.7966001,51.1630126,0 11.7597655,51.1486183,0 11.754794,51.147556,0 11.7381092,51.145442,0 11.7289719,51.1433969,0 11.7260576,51.1424696,0 11.7237241,51.1413367,0 11.7217644,51.1399719,0 11.7202135,51.1384289,0 11.7191122,51.1367575,0 11.718495,51.1349313,0 11.7181883,51.1306516,0 11.7178711,51.1291829,0 11.7171637,51.1278509,0 11.7146469,51.1249319,0 11.7136451,51.1227671,0 11.7134204,51.1209512,0 11.7137332,51.118043,0 11.7134755,51.1168038,0 11.7121615,51.1147581,0 11.7102875,51.1133067,0 11.7080334,51.1122929,0 11.7050105,51.1116124,0 11.6857543,51.108931,0 11.6773933,51.1088487,0 11.6743971,51.1086087,0 11.6498298,51.1049624,0 11.6454124,51.1037027,0 11.6376119,51.0988113,0 11.6365639,51.0976323,0 11.6319295,51.0907675,0 11.6263859,51.0852158,0 11.6238515,51.0835317,0 11.6175674,51.0807711,0 11.6146541,51.0798454,0 11.6109456,51.0792528,0 11.6027255,51.0787716,0 11.5999082,51.078211,0 11.597035,51.0772253,0 11.5946999,51.0759974,0 11.5928746,51.074601,0 11.58948,51.0706091,0 11.5876259,51.069084,0 11.5711843,51.0598842,0 11.5667878,51.0580559,0 11.5541694,51.0541864,0 11.5515059,51.0528829,0 11.5497515,51.051515,0 11.5483382,51.0497116,0 11.5478409,51.04855,0 11.5471328,51.0454478,0 11.546429,51.0440321,0 11.540043,51.0364933,0 11.5385244,51.0349763,0 11.5367393,51.0336963,0 11.5352126,51.0328968,0 11.5323119,51.0318999,0 11.5289843,51.0312313,0 11.5170497,51.0300066,0 11.5064929,51.0271898,0 11.5039972,51.0269182,0 11.4958203,51.026674,0 11.4878291,51.0249656,0 11.4823681,51.0243851,0 11.4795237,51.024412,0 11.477179,51.024714,0 11.4691998,51.0268515,0 11.4662946,51.0273588,0 11.4624533,51.0274997,0 11.4586889,51.0270706,0 11.4437473,51.0232472,0 11.4298716,51.0209549,0 11.427073,51.0199496,0 11.4184002,51.0157695,0 11.4136986,51.0142366,0 11.4099615,51.0136079,0 11.3996413,51.0128649,0 11.3796788,51.0091032,0 11.3690709,51.0078096,0 11.3594164,51.0056008,0 11.3567287,51.0045204,0 11.3547015,51.0033409,0 11.3457853,50.9949804,0 11.3419137,50.9921571,0 11.3390992,50.9910482,0 11.3369766,50.9907245,0 11.3340719,50.9906874,0 11.3277737,50.9913443,0 11.3025286,50.9920467,0 11.2986844,50.991888,0 11.2957059,50.9913888,0 11.2935256,50.9907225,0 11.2777896,50.9846136,0 11.2728548,50.9836058,0 11.2695365,50.9834898,0 11.2671441,50.983673,0 11.2585792,50.9853691,0 11.2552379,50.9856363,0 11.2410392,50.9846674,0 11.2234328,50.9841707,0 11.2202235,50.9843344,0 11.2150333,50.9855537,0 11.2012188,50.9914403,0 11.1989331,50.9920661,0 11.1953266,50.9925479,0 11.1907555,50.9923828,0 11.1793932,50.9901779,0 11.1660639,50.9895386,0 11.1609846,50.9898382,0 11.1378485,50.9929242,0 11.1330101,50.9929197,0 11.1284252,50.9923044,0 11.1006421,50.9846109,0 11.085295,50.9806676,0 11.0755096,50.9775319,0 11.0694753,50.9765265,0 11.0507829,50.974261,0 11.0417023,50.973456,0 11.0349405,50.9715232,0 11.026232,50.9685202,0 11.0244289,50.9675257,0 11.0178323,50.9619519,0 11.0156429,50.9609348,0 11.0093279,50.9590796,0 11.0050544,50.956732,0 11.0035525,50.9552846,0 11.0008357,50.9516104,0 10.9994206,50.9502046,0 10.990777,50.9435649,0 10.9573488,50.9280647,0 10.952463,50.9253798,0 10.9498917,50.9234269,0 10.9478649,50.9214218,0 10.9459529,50.9188237,0 10.9449735,50.9169017,0 10.9440083,50.9133157,0 10.9439287,50.911358,0 10.9441752,50.9092807,0 10.9455032,50.9056033,0 10.9480828,50.9019585,0 10.9508179,50.8994307,0 10.9542268,50.8971475,0 10.9578913,50.8953171,0 10.9747971,50.8878607,0 10.9794218,50.8851298,0 10.983585,50.8818559,0 10.998882,50.864946,0 11.0044668,50.8583361,0 11.0064757,50.8552504,0 11.007975,50.8522236,0 11.0090126,50.8493309,0 11.0097136,50.8462241,0 11.0099844,50.8435956,0 11.0099336,50.8405252,0 11.0089563,50.8353821,0 11.0074236,50.8314114,0 10.9994035,50.8141323,0 10.9982441,50.8100027,0 10.9978555,50.8059586,0 10.9980646,50.8026989,0 10.9987141,50.7995544,0 11.0027229,50.7895187,0 11.0034404,50.7869385,0 11.0039334,50.783955,0 11.0040053,50.7792193,0 11.0028403,50.7673672,0 11.00279,50.7637965,0 11.0034242,50.7581563,0 11.0068577,50.7445128,0 11.007781,50.7388623,0 11.007885,50.7332484,0 11.0072055,50.7084307,0 11.0063728,50.7040096,0 11.0045425,50.6990171,0 10.9884788,50.6687754,0 10.9854418,50.661939,0 10.983845,50.6559017,0 10.9834252,50.6531798,0 10.9818775,50.6377011,0 10.9818059,50.6327584,0 10.9825801,50.6265848,0 10.9938354,50.5808799,0 10.9951323,50.571505,0 10.9948914,50.5620948,0 10.9914752,50.5340938,0 10.9916443,50.5250574,0 11.0007765,50.4662936,0 11.0023355,50.4596317,0 11.0051513,50.4523494,0 11.0066985,50.4490705,0 11.0165752,50.4340276,0 11.0185681,50.4306238,0 11.0348859,50.3876868,0 11.0358551,50.3842734,0 11.0363272,50.3800336,0 11.0358879,50.3755349,0 11.0348872,50.3721987,0 11.0337204,50.3695779,0 11.0308314,50.3650884,0 11.017789,50.3488779,0 11.0146904,50.344313,0 11.0127491,50.340248,0 11.0080549,50.3280391,0 11.0072172,50.325255,0 11.0062496,50.3206645,0 11.0060181,50.3183322,0 11.0061122,50.3119903,0 11.0069947,50.3070231,0 11.0100416,50.2955785,0 11.011665,50.2884911,0 11.0116141,50.2869762,0 11.0111156,50.2859612,0 11.0093673,50.2844291,0 11.0065365,50.2833474,0 11.0039457,50.2829427,0 10.9978487,50.2826563,0 10.995378,50.2821425,0 10.9593993,50.2695793,0 10.9579064,50.268714,0 10.9570096,50.2675353,0 10.956799,50.2656422,0 10.9578717,50.2618337,0 10.9578847,50.2584069,0 10.9584323,50.2562628,0 10.9594494,50.249579,0 10.9603026,50.2480738,0 10.9657185,50.2434375,0 10.9674772,50.2425894,0 10.9726347,50.2412879,0 10.974356,50.2404569,0 10.9754878,50.2395797,0 10.9765146,50.2381064,0 10.9792364,50.2300882,0 10.9803599,50.2287113,0 10.9843433,50.2255824,0 10.9860948,50.2247407,0 10.9883866,50.2242507,0 10.9962007,50.2242292,0 10.9988791,50.2239014,0 11.0016918,50.2229921,0 11.0037754,50.2217154,0 11.0053152,50.2202171,0 11.0056776,50.2193486,0 11.0058614,50.2170297,0 11.0057178,50.2141863,0 11.0047434,50.2110678,0 11.0036247,50.2088911,0 11.0006232,50.201216,0 10.9982585,50.1974205,0 10.9962356,50.1949262,0 10.9940606,50.192711,0 10.9877386,50.1873637,0 10.9847366,50.1844952,0 10.9745367,50.1727315,0 10.9719062,50.1701182,0 10.9659588,50.1653175,0 10.9569737,50.1591099,0 10.9538234,50.1563428,0 10.9518295,50.1542498,0 10.9488954,50.150531,0 10.9460175,50.145137,0 10.9447126,50.1411589,0 10.9440408,50.1363514,0 10.9442068,50.1324929,0 10.9450564,50.1283554,0 10.9461046,50.1254058,0 10.9479509,50.1216853,0 10.9499487,50.1187338,0 10.9575594,50.1090648,0 10.9590614,50.1066583,0 10.9604596,50.1037124,0 10.9616726,50.1000819,0 10.9623752,50.0960084,0 10.9623524,50.0918077,0 10.9616592,50.0878467,0 10.9447563,50.0426831,0 10.9395946,50.0297144,0 10.9386816,50.0280839,0 10.9359796,50.0247608,0 10.9167841,50.0044413,0 10.9101085,49.997679,0 10.9053694,49.9909448,0 10.9028818,49.9886617,0 10.897506,49.985121,0 10.8948152,49.9830148,0 10.8918876,49.9797562,0 10.8905303,49.9773438,0 10.8880374,49.9695913,0 10.8868419,49.9644706,0 10.8853698,49.9248333,0 10.8853178,49.9181183,0 10.8858208,49.9159354,0 10.8871573,49.9129128,0 10.8887008,49.9106214,0 10.8909541,49.9082164,0 10.9030287,49.8977013,0 10.9078986,49.8939816,0 10.9110525,49.8905479,0 10.9149153,49.8869569,0 11.0150967,49.7980853,0 11.0542309,49.7558874,0 11.056311,49.753178,0 11.058031,49.7496238,0 11.0714447,49.7126247,0 11.0721287,49.7100977,0 11.0723897,49.7075253,0 11.0719059,49.7039789,0 11.0711404,49.7018598,0 11.0700872,49.6998431,0 11.0452624,49.6651108,0 11.004305,49.6214853,0 11.0026218,49.6190922,0 10.9997368,49.6070714,0 10.9995131,49.6050457,0 10.9997784,49.6019795,0 11.002254,49.5937257,0 11.0023507,49.5918766,0 10.9967424,49.5690016,0 10.9964923,49.5671126,0 10.9963659,49.5455748,0 10.9972817,49.5343654,0 10.996998,49.5321212,0 10.996263,49.5303773,0 10.9950232,49.5286461,0 10.993607,49.5272997,0 10.9892759,49.5240784,0 10.988093,49.5227551,0 10.9872695,49.5212803,0 10.9826734,49.503563,0 10.9818069,49.5016923,0 10.9808446,49.5005778,0 10.9793346,49.4994014,0 10.9712682,49.4942882,0 10.9678477,49.4918069,0 10.9667849,49.4905194,0 10.9661847,49.4892275,0 10.9659794,49.4877715,0 10.9661258,49.4866496,0 10.9699043,49.4761869,0 10.9713718,49.4743527,0 10.9734881,49.472932,0 10.9768974,49.4718637,0 10.9826247,49.4714201,0 10.9858945,49.4709007,0 11.0126251,49.4646238,0 11.0161541,49.4629348,0 11.0209923,49.4591886,0 11.0233606,49.4578196,0 11.0616987,49.4425761,0 11.0643093,49.4422488,0 11.0706499,49.4428579,0 11.0753465,49.444241,0 11.0811435,49.445013,0 11.0875088,49.446471,0 11.0999317,49.4482074,0 11.1028858,49.4481232,0 11.1066585,49.4470348,0 11.1086897,49.4461844,0 11.1106274,49.4448917,0 11.1122292,49.4432028,0 11.1162221,49.4377867,0 11.119197,49.4357327,0 11.1300297,49.4305468,0 11.1364259,49.4270706,0 11.1477223,49.42234,0 11.1519418,49.4208073,0 11.1667166,49.4163825,0 11.1701396,49.4151395,0 11.1742641,49.4128606,0 11.1775828,49.4099077,0 11.1793258,49.407389,0 11.1852537,49.396172,0 11.1882058,49.3910652,0 11.1978525,49.376746,0 11.1995274,49.3733618,0 11.2005427,49.37025,0 11.2011921,49.3659318,0 11.2010674,49.357294,0 11.201339,49.3531028,0 11.2068084,49.3144452,0 11.2082682,49.2828129,0 11.2086242,49.2790965,0 11.2176804,49.2409724,0 11.2249845,49.2198265,0 11.2266949,49.2161189,0 11.2290434,49.2128021,0 11.2552145,49.1820596,0 11.2578357,49.1784545,0 11.2595548,49.175352,0 11.2615115,49.1698134,0 11.2646591,49.155241,0 11.2695821,49.1343593,0 11.2788637,49.1116197,0 11.2837173,49.1004967,0 11.2847896,49.0967349,0 11.2864217,49.0887566,0 11.2876248,49.0850703,0 11.2893175,49.0816368,0 11.2917137,49.0780555,0 11.2941991,49.0751364,0 11.3014001,49.0676593,0 11.3038329,49.0643605,0 11.3053165,49.0618645,0 11.306259,49.0599006,0 11.3086899,49.0530496,0 11.3099559,49.0461352,0 11.3127073,49.0368588,0 11.3179397,49.0280418,0 11.3250347,49.0209517,0 11.3345102,49.0149909,0 11.356149,49.0028952,0 11.3961046,48.9823464,0 11.4065587,48.9766471,0 11.4105792,48.974071,0 11.4434088,48.9485957,0 11.4599604,48.9353314,0 11.4647063,48.9307224,0 11.4666855,48.9278989,0 11.469065,48.9230905,0 11.4710572,48.9139342,0 11.4713342,48.9101464,0 11.4712739,48.9069296,0 11.4707286,48.9031374,0 11.468462,48.8955936,0 11.4674061,48.8908045,0 11.4673179,48.8856313,0 11.4687485,48.876806,0 11.468907,48.872544,0 11.4685021,48.8691266,0 11.4653826,48.853534,0 11.4635681,48.8491821,0 11.4618474,48.8459902,0 11.4599384,48.8431935,0 11.4570017,48.8397821,0 11.4525024,48.8356519,0 11.4396713,48.8260251,0 11.4369518,48.8234039,0 11.4337436,48.8195224,0 11.4314516,48.8159701,0 11.429669,48.8121807,0 11.4252669,48.7989946,0 11.4247805,48.7959951,0 11.425314,48.7929651,0 11.4279402,48.7871674,0 11.4279586,48.784885,0 11.4274542,48.7810661,0 11.4279478,48.7786442,0 11.4289726,48.7769103,0 11.4356073,48.770158,0 11.4365992,48.7681865,0 11.4373898,48.7608632,0 11.4368088,48.7590886,0 11.4345369,48.7548215,0 11.4343278,48.7537732,0 11.4344324,48.7525193,0 11.4554532,48.6972686,0 11.4597538,48.6791563,0 11.4603883,48.6708887,0 11.4607698,48.6691201,0 11.4622325,48.6663291,0 11.4646652,48.6638398,0 11.467566,48.6619725,0 11.4714961,48.6604175,0 11.5414041,48.6462845,0 11.5441545,48.6456238,0 11.5464963,48.6447459,0 11.5485585,48.6436193,0 11.5597494,48.6360656,0 11.5691225,48.6310819,0 11.5715208,48.6292759,0 11.5730534,48.627353,0 11.5738852,48.6253736,0 11.5740685,48.6238541,0 11.5738819,48.6188737,0 11.5731144,48.6018555,0 11.5728288,48.5994095,0 11.5714823,48.5963268,0 11.5661879,48.5884306,0 11.5642503,48.586225,0 11.5206331,48.5448748,0 11.5192341,48.5432965,0 11.5182259,48.5416756,0 11.5174471,48.5393979,0 11.5163098,48.5325679,0 11.5155119,48.5308689,0 11.5133594,48.5274752,0 11.5126251,48.5257446,0 11.5113901,48.5205522,0 11.5100434,48.5125432,0 11.5099478,48.5078255,0 11.5110058,48.5033927,0 11.5131381,48.4964819,0 11.5133131,48.494496,0 11.5105503,48.4813155,0 11.510311,48.4790002,0 11.5102293,48.4701554,0 11.5099278,48.4667549,0 11.5093238,48.4647674,0 11.5072122,48.4614201,0 11.5047153,48.4584773,0 11.4974388,48.4531775,0 11.4962791,48.4521014,0 11.4922377,48.446678,0 11.4903644,48.4449865,0 11.4823137,48.4388775,0 11.4807791,48.4374388,0 11.4794871,48.4357573,0 11.4786324,48.4341328,0 11.4779284,48.431439,0 11.4777366,48.4246236,0 11.4768558,48.4210425,0 11.4754036,48.4184614,0 11.4736547,48.4163707,0 11.4682712,48.4120235,0 11.4658032,48.4096934,0 11.4644675,48.4077154,0 11.4635952,48.4057658,0 11.4631806,48.4038334,0 11.4630992,48.4017432,0 11.4637036,48.3954088,0 11.4636751,48.3935654,0 11.4606426,48.3820824,0 11.4595192,48.3800538,0 11.4584168,48.3786756,0 11.4485854,48.3679064,0 11.4470688,48.3653378,0 11.4448151,48.3601991,0 11.4442587,48.3583705,0 11.4440078,48.3560883,0 11.4450858,48.3282077,0 11.4461831,48.3244416,0 11.45455,48.3088365,0 11.4558821,48.3053401,0 11.4563397,48.3033549,0 11.4563437,48.3018619,0 11.455252,48.295872,0 11.4553332,48.2924288,0 11.4559226,48.2894583,0 11.4559265,48.287965,0 11.4550495,48.2845284,0 11.4526908,48.2811783,0 11.4468095,48.2758774,0 11.4447391,48.2730796,0 11.4437653,48.2708169,0 11.4422777,48.2660806,0 11.4420554,48.2639641,0 11.4422008,48.2620909,0 11.4463509,48.2455385,0 11.4473313,48.2424697,0 11.4787589,48.1622055,0 11.4814878,48.1545638,0 11.4825932,48.152382,0 11.4844881,48.1498328,0 11.4861608,48.1486094,0 11.4913671,48.1463342,0 11.4938615,48.1456102,0 11.4981243,48.1449004,0 11.512093,48.1434296,0 11.5187223,48.1435274,0 11.5299013,48.142719,0 11.538672,48.1426173,0 11.5507258,48.1416497,0 11.5558005,48.1414772,0</coordinates>
</LineString>
</Placemark>
<Placemark>
<name>IR4 Ruhr-Rhein-Express</name>
<description><![CDATA[<div class="kmldesc"><b>Berlin Hauptbahnhof → Arnhem Centraal</b><br/><br/><b>Bahnhöfe (17 Halte):</b><br/><br/><br/>&#8226;&#160;<b>Berlin Hauptbahnhof</b>: ab 07:00<br/>&#8226;&#160;<b>Berlin-Spandau</b>: an 07:10 / ab 07:12<br/>&#8226;&#160;<b>Rathenow</b>: an 07:32 / ab 07:34<br/>&#8226;&#160;<b>Stendal</b>: an 07:50 / ab 07:52<br/>&#8226;&#160;<b>Oebisfelde</b>: an 08:10 / ab 08:12<br/>&#8226;&#160;<b>Wolfsburg Hauptbahnhof</b>: an 08:23 / ab 08:25<br/>&#8226;&#160;<b>Hannover Hauptbahnhof</b>: an 08:56 / ab 08:59<br/>&#8226;&#160;<b>Minden</b>: an 09:29 / ab 09:31<br/>&#8226;&#160;<b>Bielefeld Hauptbahnhof</b>: an 09:50 / ab 09:52<br/>&#8226;&#160;<b>Hamm (Westf)</b>: an 10:11 / ab 10:13<br/>&#8226;&#160;<b>Dortmund Hauptbahnhof</b>: an 10:40 / ab 10:42<br/>&#8226;&#160;<b>Bochum Hauptbahnhof</b>: an 10:55 / ab 10:57<br/>&#8226;&#160;<b>Essen Hauptbahnhof</b>: an 11:07 / ab 11:09<br/>&#8226;&#160;<b>Oberhausen Hauptbahnhof</b>: an 11:17 / ab 11:19<br/>&#8226;&#160;<b>Wesel</b>: an 11:38 / ab 11:40<br/>&#8226;&#160;<b>Emmerich</b>: an 11:59 / ab 12:01<br/>&#8226;&#160;<b>Arnhem Centraal</b>: an 12:18</div><style>@media (prefers-color-scheme: dark) {html,body,.kmldesc{background:#1b1b1b !important;color:#e8e8e8 !important;}.kmldesc a{color:#8ab4f8 !important;}}</style>]]></description>
<styleUrl>#lineIR4</styleUrl>
<LineString>
<tessellate>1</tessellate>
<coordinates>13.369613,52.5248455,0 13.366739,52.5286881,0 13.3592666,52.5355062,0 13.357311,52.5365458,0 13.3553041,52.5369519,0 13.3533188,52.5369267,0 13.3401172,52.5355618,0 13.2912957,52.5292015,0 13.2500219,52.5266096,0 13.2457505,52.5265805,0 13.2424964,52.5270012,0 13.2349809,52.5287856,0 13.2241997,52.5298168,0 13.2081832,52.531876,0 13.1987984,52.5342805,0 13.1690847,52.538903,0 13.1649895,52.5388616,0 13.1572099,52.5372202,0 13.1525635,52.5370758,0 12.9982238,52.5478641,0 12.9783192,52.5499157,0 12.9589947,52.5507446,0 12.8829274,52.5559943,0 12.8767565,52.556809,0 12.8703841,52.5580677,0 12.7538455,52.5867534,0 12.7456113,52.5882626,0 12.7368229,52.5891115,0 12.6361959,52.5917948,0 12.5159436,52.5991494,0 12.4647317,52.6019265,0 12.4310003,52.6019569,0 12.3674086,52.6015518,0 12.362712,52.6011515,0 12.3581623,52.6004595,0 12.3295104,52.594185,0 12.3156613,52.5917539,0 12.3095611,52.5913604,0 12.2650127,52.5905607,0 12.0521246,52.5902035,0 12.0358208,52.5911468,0 12.0308659,52.5916541,0 11.9910367,52.5992966,0 11.9859362,52.5998907,0 11.9814443,52.5999541,0 11.9426238,52.5962063,0 11.8793998,52.5958924,0 11.8685839,52.5957133,0 11.8578759,52.5951576,0 11.8459401,52.5938306,0 11.8486302,52.5939927,0 11.8547244,52.5946398,0 11.8252507,52.5919473,0 11.812877,52.5901116,0 11.7871341,52.5871907,0 11.7203303,52.5773813,0 11.6762848,52.5700912,0 11.6592071,52.5663153,0 11.6362579,52.5602162,0 11.6306242,52.5585045,0 11.6256165,52.5566618,0 11.6066277,52.548582,0 11.5604818,52.5329047,0 11.5523697,52.5307861,0 11.5086251,52.5211525,0 11.5027083,52.5202564,0 11.4963875,52.519677,0 11.4754236,52.5190666,0 11.4665705,52.519583,0 11.4465299,52.5218942,0 11.4425095,52.5220402,0 11.4380141,52.5218651,0 11.4111217,52.5194747,0 11.3468677,52.5089491,0 11.3401356,52.5081798,0 11.3247894,52.5071219,0 11.3179152,52.5062083,0 11.3106217,52.5046799,0 11.2978975,52.5011782,0 11.2923014,52.4998805,0 11.2155621,52.4861734,0 11.1652261,52.4748907,0 11.0603807,52.4548671,0 11.0501244,52.4526588,0 11.0148778,52.4458153,0 10.9851136,52.4395204,0 10.9714393,52.4362861,0 10.958087,52.4338142,0 10.9519237,52.432907,0 10.9468602,52.4324506,0 10.9404835,52.4322157,0 10.7965293,52.4302095,0 10.7746846,52.4287248,0 10.733115,52.4243416,0 10.6803543,52.4216165,0 10.6729697,52.4215473,0 10.6683511,52.4218812,0 10.6521859,52.4238209,0 10.6233582,52.4277109,0 10.6158724,52.4291728,0 10.6102928,52.4307862,0 10.6053119,52.4326516,0 10.5846697,52.4423218,0 10.5623202,52.4517152,0 10.5543671,52.4542749,0 10.5427573,52.4563129,0 10.5362381,52.4566596,0 10.3600629,52.4561089,0 10.3534438,52.4552298,0 10.258234,52.4372504,0 10.0122201,52.372244,0 10.0080722,52.3713228,0 10.003481,52.3706515,0 9.9990109,52.3704759,0 9.9946693,52.3707795,0 9.9905726,52.371497,0 9.977727,52.3743681,0 9.9755571,52.3754787,0 9.9730907,52.3778828,0 9.9716455,52.3788153,0 9.9682298,52.380033,0 9.9650945,52.3803638,0 9.9583144,52.3794731,0 9.952074,52.3790507,0 9.9415919,52.3788572,0 9.9151676,52.3770991,0 9.8621834,52.3757624,0 9.842095,52.3743842,0 9.8319954,52.373243,0 9.8293051,52.3725308,0 9.8275692,52.3716903,0 9.8231187,52.3682896,0 9.8200184,52.3666167,0 9.8025606,52.3609547,0 9.7900018,52.353925,0 9.782007,52.3487718,0 9.7795718,52.3475002,0 9.7760538,52.3464929,0 9.7669372,52.3449056,0 9.7695766,52.3455648,0 9.7717461,52.3468102,0 9.7728452,52.3482692,0 9.7729338,52.3497578,0 9.7711704,52.3538558,0 9.7642698,52.366804,0 9.7632755,52.3684357,0 9.7621538,52.3696042,0 9.7602622,52.370885,0 9.7581612,52.3717694,0 9.7525082,52.3734222,0 9.7468447,52.3744916,0 9.7385027,52.3783807,0 9.7351246,52.3809917,0 9.7325793,52.3853663,0 9.7302173,52.3880025,0 9.7280933,52.389534,0 9.7240505,52.391722,0 9.7203873,52.39307,0 9.7073454,52.396373,0 9.7010148,52.3972673,0 9.6907211,52.3976194,0 9.6550263,52.3951792,0 9.6060862,52.3914337,0 9.601268,52.3913331,0 9.5940095,52.3917463,0 9.587025,52.3928233,0 9.572854,52.3957942,0 9.4655258,52.4191402,0 9.4490143,52.4224749,0 9.4437261,52.4230647,0 9.4384005,52.4227722,0 9.435554,52.4221276,0 9.4322687,52.4210393,0 9.4288669,52.4193524,0 9.4269117,52.4179435,0 9.396366,52.3855718,0 9.3931764,52.38285,0 9.3846188,52.376399,0 9.3820438,52.3748258,0 9.3799248,52.3738835,0 9.3742648,52.3723271,0 9.2513304,52.3463752,0 9.2082659,52.3359763,0 9.188611,52.3326856,0 9.1638288,52.3278903,0 9.158111,52.3263921,0 9.1536907,52.3247913,0 9.1501222,52.3231592,0 9.0886074,52.2921649,0 9.0848551,52.2898924,0 9.0583476,52.2716627,0 9.0553331,52.2700062,0 9.0528001,52.2690152,0 9.0430419,52.2667507,0 9.0393174,52.2662437,0 9.0341897,52.2662759,0 9.0296667,52.2669997,0 9.0249835,52.2685405,0 8.9680842,52.2937118,0 8.9642439,52.2952353,0 8.9588698,52.2966858,0 8.9536545,52.2973645,0 8.9482774,52.2975261,0 8.9424541,52.296834,0 8.9395136,52.2956855,0 8.9368857,52.2934587,0 8.9342681,52.2896755,0 8.9332547,52.2874038,0 8.9329867,52.2855409,0 8.9328197,52.2645115,0 8.9325885,52.2628186,0 8.9318593,52.2608931,0 8.921848,52.2456067,0 8.9201353,52.2433383,0 8.917183,52.2406244,0 8.9151047,52.2393368,0 8.9120542,52.2378871,0 8.8488341,52.2116748,0 8.8411682,52.2092473,0 8.8368039,52.2085687,0 8.7958284,52.2052443,0 8.7490734,52.1986079,0 8.7205602,52.1975451,0 8.7100216,52.1955557,0 8.7041728,52.1938673,0 8.6761079,52.1838664,0 8.6731744,52.1820989,0 8.6708407,52.1799441,0 8.6690453,52.1772224,0 8.6682599,52.1746062,0 8.6680254,52.1317526,0 8.6677766,52.1265557,0 8.6675103,52.1251032,0 8.666239,52.1228455,0 8.6601698,52.1160748,0 8.6559199,52.1118585,0 8.6527754,52.1095915,0 8.631642,52.0979713,0 8.6282575,52.0955701,0 8.6262828,52.0933725,0 8.6126944,52.0744209,0 8.6101843,52.0721651,0 8.6062191,52.0701688,0 8.5784143,52.0605606,0 8.5751043,52.0590646,0 8.572047,52.0569242,0 8.5552587,52.0408037,0 8.5516172,52.0378427,0 8.5472157,52.0356342,0 8.5402957,52.0335427,0 8.537449,52.0324154,0 8.5348583,52.0308524,0 8.531872,52.0285405,0 8.5284828,52.0252997,0 8.5255166,52.0204425,0 8.5237664,52.0184053,0 8.507845,52.0068038,0 8.5029225,52.0024218,0 8.5000952,51.9993197,0 8.4977579,51.9956816,0 8.4967292,51.9929236,0 8.4952226,51.9806993,0 8.4945452,51.9783399,0 8.4935502,51.9763832,0 8.4921732,51.9745116,0 8.4889501,51.9715595,0 8.407018,51.9202207,0 8.3956958,51.9140233,0 8.3897205,51.9102004,0 8.3753872,51.9004045,0 8.3238346,51.8680615,0 8.3194908,51.8656817,0 8.3143919,51.8634878,0 8.3089019,51.8616634,0 8.3029605,51.8602086,0 8.2859705,51.8572366,0 8.275253,51.8548792,0 8.1552467,51.8312171,0 8.0932351,51.820982,0 8.0676005,51.8153398,0 8.0119445,51.7992041,0 8.0076563,51.7983552,0 7.9819075,51.7946782,0 7.9759082,51.7934406,0 7.9696142,51.7917895,0 7.9628784,51.789555,0 7.9068212,51.7688896,0 7.9030298,51.7669881,0 7.8997856,51.7648156,0 7.8614344,51.7329186,0 7.8250314,51.7038081,0 7.8148254,51.6959023,0 7.8081176,51.6901753,0 7.8065131,51.6878902,0 7.806157,51.6866787,0 7.8061011,51.6853689,0 7.8068675,51.681332,0 7.8094396,51.674224,0 7.8097431,51.671926,0 7.8082267,51.6659308,0 7.8071896,51.6641637,0 7.8002673,51.6579243,0 7.7872133,51.6481558,0 7.7814183,51.6444176,0 7.7604265,51.624206,0 7.7565406,51.6215824,0 7.751316,51.6191654,0 7.6849194,51.5940483,0 7.5960127,51.5610407,0 7.4975101,51.5236327,0 7.4886597,51.5216865,0 7.4707987,51.5192401,0 7.459234,51.5179504,0 7.4636632,51.5183427,0 7.4546208,51.5170919,0 7.4456836,51.515099,0 7.4429978,51.5140453,0 7.4380336,51.5114419,0 7.4331757,51.5102556,0 7.4279109,51.5100373,0 7.4248186,51.510228,0 7.4217581,51.5108763,0 7.4163515,51.5126033,0 7.4129382,51.5131546,0 7.4087464,51.5131755,0 7.4046054,51.5125151,0 7.3891032,51.508367,0 7.3831346,51.5061229,0 7.3664316,51.4980415,0 7.3482993,51.4896268,0 7.3320151,51.4810543,0 7.3271155,51.4793455,0 7.3240694,51.478909,0 7.3211271,51.4788461,0 7.314393,51.4789582,0 7.310598,51.4794176,0 7.3077424,51.480048,0 7.2858909,51.4863218,0 7.2826244,51.4868976,0 7.2791822,51.4869799,0 7.2621877,51.4861431,0 7.2494782,51.4848209,0 7.2469249,51.4840445,0 7.242515,51.4821368,0 7.239488,51.4814149,0 7.2318189,51.481137,0 7.2284621,51.4806305,0 7.2260464,51.479822,0 7.2119585,51.4733855,0 7.2058456,51.4709561,0 7.1772609,51.4652742,0 7.1729085,51.4652149,0 7.1688191,51.4658846,0 7.1661768,51.4667512,0 7.152307,51.4724311,0 7.1482154,51.4733225,0 7.1440147,51.473499,0 7.1264354,51.4723065,0 7.1054257,51.4693299,0 7.1019782,51.4682756,0 7.067632,51.4554117,0 7.0634604,51.454227,0 7.0597028,51.453605,0 7.055993,51.4533814,0 7.0535122,51.4534924,0 7.0418957,51.4560458,0 7.0324442,51.4564135,0 7.0278742,51.455602,0 7.0216151,51.4527432,0 7.0183036,51.4517666,0 7.0011732,51.4504526,0 6.9987787,51.4506451,0 6.993595,51.4515975,0 6.9865243,51.4532894,0 6.9761514,51.4552593,0 6.9711188,51.4557411,0 6.9671478,51.4555689,0 6.9568995,51.4536721,0 6.9530273,51.4525473,0 6.950233,51.4512845,0 6.9391261,51.4450293,0 6.9349347,51.4435463,0 6.9227131,51.4414434,0 6.9198056,51.4412837,0 6.9112264,51.4415262,0 6.9076365,51.4409285,0 6.9044945,51.4394519,0 6.9009679,51.4359165,0 6.8963222,51.4329113,0 6.8933839,51.4317382,0 6.8900694,51.4312025,0 6.8874596,51.4312307,0 6.8847415,51.4317152,0 6.8816596,51.4327215,0 6.8790758,51.4339252,0 6.8729719,51.4382624,0 6.8676318,51.4434382,0 6.8636327,51.4457733,0 6.8570716,51.4479545,0 6.850507,51.4498186,0 6.8467117,51.4504746,0 6.8421381,51.4507199,0 6.8396915,51.4512724,0 6.8367681,51.4527417,0 6.8352288,51.4544444,0 6.8347403,51.4556992,0 6.8346842,51.4567584,0 6.8349494,51.4578406,0 6.835777,51.4591818,0 6.8386278,51.4623882,0 6.8439171,51.4675688,0 6.8529044,51.4759512,0 6.8548849,51.4783278,0 6.8552527,51.479525,0 6.8550272,51.4804429,0 6.8537562,51.482533,0 6.8423156,51.5157215,0 6.8405279,51.5186591,0 6.837243,51.5218357,0 6.8332566,51.5242161,0 6.7472316,51.5632975,0 6.73213,51.5705321,0 6.7251945,51.5746547,0 6.6527898,51.6202317,0 6.6502397,51.6223232,0 6.6458407,51.6275854,0 6.6356698,51.6431507,0 6.6288865,51.6500375,0 6.6279338,51.6513658,0 6.6272235,51.6532265,0 6.627105,51.6554594,0 6.628746,51.6615228,0 6.6289982,51.6632118,0 6.6288848,51.6642454,0 6.6283679,51.6656122,0 6.627147,51.6675733,0 6.6255846,51.6690745,0 6.5731914,51.7115538,0 6.5697067,51.7137521,0 6.4742651,51.7605383,0 6.3976507,51.8109322,0 6.3944551,51.8123385,0 6.3910864,51.8131885,0 6.3148599,51.827609,0 6.2449866,51.8355497,0 6.2415859,51.836559,0 6.1994032,51.8529887,0 6.1652442,51.8626038,0 6.1629051,51.8636142,0 6.1605311,51.8650415,0 6.158467,51.8667943,0 6.1572509,51.8682865,0 6.1445117,51.8935592,0 6.1425857,51.896541,0 6.1405064,51.8988383,0 6.1379312,51.9010319,0 6.1348164,51.903095,0 6.1316172,51.9047683,0 6.1224861,51.9082814,0 6.1016507,51.915677,0 6.0573355,51.9267932,0 6.0517895,51.9285921,0 5.9957779,51.9508985,0 5.9785878,51.9580044,0 5.9683595,51.9635589,0 5.9485676,51.9766994,0 5.9456045,51.9782302,0 5.9425377,51.9794233,0 5.9199462,51.9850917,0 5.9170605,51.9856326,0 5.912783,51.9857522,0 5.9032825,51.9845773,0 5.901138,51.984519,0</coordinates>
</LineString>
</Placemark>
<Folder>
<name>Bahnhöfe</name>
<Placemark>
<name>Arnhem Centraal</name>
<styleUrl>#stationPin</styleUrl>
<description><![CDATA[<div class="kmldesc"><b>IR4</b> Ruhr-Rhein-Express: an 12:18</div><style>@media (prefers-color-scheme: dark) {html,body,.kmldesc{background:#1b1b1b !important;color:#e8e8e8 !important;}.kmldesc a{color:#8ab4f8 !important;}}</style>]]></description>
<Point><coordinates>5.9011598,51.9844332,0</coordinates></Point>
</Placemark>
<Placemark>
<name>Bamberg</name>
<styleUrl>#stationPin</styleUrl>
<description><![CDATA[<div class="kmldesc"><b>IR3</b> Thüringer Wald: an 10:19 / ab 10:21</div><style>@media (prefers-color-scheme: dark) {html,body,.kmldesc{background:#1b1b1b !important;color:#e8e8e8 !important;}.kmldesc a{color:#8ab4f8 !important;}}</style>]]></description>
<Point><coordinates>10.8997336,49.9006357,0</coordinates></Point>
</Placemark>
<Placemark>
<name>Berlin Hauptbahnhof</name>
<styleUrl>#stationPin</styleUrl>
<description><![CDATA[<div class="kmldesc"><b>IR2</b> Ostseestern: ab 06:55<br/><b>IR3</b> Thüringer Wald: ab 07:00<br/><b>IR4</b> Ruhr-Rhein-Express: ab 07:00</div><style>@media (prefers-color-scheme: dark) {html,body,.kmldesc{background:#1b1b1b !important;color:#e8e8e8 !important;}.kmldesc a{color:#8ab4f8 !important;}}</style>]]></description>
<Point><coordinates>13.3696614,52.5249451,0</coordinates></Point>
</Placemark>
<Placemark>
<name>Berlin Südkreuz</name>
<styleUrl>#stationPin</styleUrl>
<description><![CDATA[<div class="kmldesc"><b>IR3</b> Thüringer Wald: an 07:04 / ab 07:06</div><style>@media (prefers-color-scheme: dark) {html,body,.kmldesc{background:#1b1b1b !important;color:#e8e8e8 !important;}.kmldesc a{color:#8ab4f8 !important;}}</style>]]></description>
<Point><coordinates>13.3660396,52.4765716,0</coordinates></Point>
</Placemark>
<Placemark>
<name>Berlin-Spandau</name>
<styleUrl>#stationPin</styleUrl>
<description><![CDATA[<div class="kmldesc"><b>IR2</b> Ostseestern: an 07:05 / ab 07:07<br/><b>IR4</b> Ruhr-Rhein-Express: an 07:10 / ab 07:12</div><style>@media (prefers-color-scheme: dark) {html,body,.kmldesc{background:#1b1b1b !important;color:#e8e8e8 !important;}.kmldesc a{color:#8ab4f8 !important;}}</style>]]></description>
<Point><coordinates>13.1956287,52.5347694,0</coordinates></Point>
</Placemark>
<Placemark>
<name>Bielefeld Hauptbahnhof</name>
<styleUrl>#stationPin</styleUrl>
<description><![CDATA[<div class="kmldesc"><b>IR4</b> Ruhr-Rhein-Express: an 09:50 / ab 09:52</div><style>@media (prefers-color-scheme: dark) {html,body,.kmldesc{background:#1b1b1b !important;color:#e8e8e8 !important;}.kmldesc a{color:#8ab4f8 !important;}}</style>]]></description>
<Point><coordinates>8.5327135,52.0293323,0</coordinates></Point>
</Placemark>
<Placemark>
<name>Bitterfeld</name>
<styleUrl>#stationPin</styleUrl>
<description><![CDATA[<div class="kmldesc"><b>IR3</b> Thüringer Wald: an 07:52 / ab 07:54</div><style>@media (prefers-color-scheme: dark) {html,body,.kmldesc{background:#1b1b1b !important;color:#e8e8e8 !important;}.kmldesc a{color:#8ab4f8 !important;}}</style>]]></description>
<Point><coordinates>12.3168951,51.6225986,0</coordinates></Point>
</Placemark>
<Placemark>
<name>Bochum Hauptbahnhof</name>
<styleUrl>#stationPin</styleUrl>
<description><![CDATA[<div class="kmldesc"><b>IR1</b> Rheinschiene-Jütland: an 08:20 / ab 08:23<br/><b>IR4</b> Ruhr-Rhein-Express: an 10:55 / ab 10:57</div><style>@media (prefers-color-scheme: dark) {html,body,.kmldesc{background:#1b1b1b !important;color:#e8e8e8 !important;}.kmldesc a{color:#8ab4f8 !important;}}</style>]]></description>
<Point><coordinates>7.2232341,51.4785335,0</coordinates></Point>
</Placemark>
<Placemark>
<name>Bremen Hauptbahnhof</name>
<styleUrl>#stationPin</styleUrl>
<description><![CDATA[<div class="kmldesc"><b>IR1</b> Rheinschiene-Jütland: an 10:34 / ab 10:37</div><style>@media (prefers-color-scheme: dark) {html,body,.kmldesc{background:#1b1b1b !important;color:#e8e8e8 !important;}.kmldesc a{color:#8ab4f8 !important;}}</style>]]></description>
<Point><coordinates>8.8137576,53.0832972,0</coordinates></Point>
</Placemark>
<Placemark>
<name>Coburg</name>
<styleUrl>#stationPin</styleUrl>
<description><![CDATA[<div class="kmldesc"><b>IR3</b> Thüringer Wald: an 09:54 / ab 09:56</div><style>@media (prefers-color-scheme: dark) {html,body,.kmldesc{background:#1b1b1b !important;color:#e8e8e8 !important;}.kmldesc a{color:#8ab4f8 !important;}}</style>]]></description>
<Point><coordinates>10.9575111,50.2627593,0</coordinates></Point>
</Placemark>
<Placemark>
<name>Dachau</name>
<styleUrl>#stationPin</styleUrl>
<description><![CDATA[<div class="kmldesc"><b>IR3</b> Thüringer Wald: an 12:05 / ab 12:07</div><style>@media (prefers-color-scheme: dark) {html,body,.kmldesc{background:#1b1b1b !important;color:#e8e8e8 !important;}.kmldesc a{color:#8ab4f8 !important;}}</style>]]></description>
<Point><coordinates>11.4442831,48.2546558,0</coordinates></Point>
</Placemark>
<Placemark>
<name>Diepholz</name>
<styleUrl>#stationPin</styleUrl>
<description><![CDATA[<div class="kmldesc"><b>IR1</b> Rheinschiene-Jütland: an 10:09 / ab 10:10</div><style>@media (prefers-color-scheme: dark) {html,body,.kmldesc{background:#1b1b1b !important;color:#e8e8e8 !important;}.kmldesc a{color:#8ab4f8 !important;}}</style>]]></description>
<Point><coordinates>8.3805296,52.6049309,0</coordinates></Point>
</Placemark>
<Placemark>
<name>Dortmund Hauptbahnhof</name>
<styleUrl>#stationPin</styleUrl>
<description><![CDATA[<div class="kmldesc"><b>IR4</b> Ruhr-Rhein-Express: an 10:40 / ab 10:42</div><style>@media (prefers-color-scheme: dark) {html,body,.kmldesc{background:#1b1b1b !important;color:#e8e8e8 !important;}.kmldesc a{color:#8ab4f8 !important;}}</style>]]></description>
<Point><coordinates>7.4592831,51.5178935,0</coordinates></Point>
</Placemark>
<Placemark>
<name>Dülmen</name>
<styleUrl>#stationPin</styleUrl>
<description><![CDATA[<div class="kmldesc"><b>IR1</b> Rheinschiene-Jütland: an 09:00 / ab 09:01</div><style>@media (prefers-color-scheme: dark) {html,body,.kmldesc{background:#1b1b1b !important;color:#e8e8e8 !important;}.kmldesc a{color:#8ab4f8 !important;}}</style>]]></description>
<Point><coordinates>7.2949425,51.827701,0</coordinates></Point>
</Placemark>
<Placemark>
<name>Emmerich</name>
<styleUrl>#stationPin</styleUrl>
<description><![CDATA[<div class="kmldesc"><b>IR4</b> Ruhr-Rhein-Express: an 11:59 / ab 12:01</div><style>@media (prefers-color-scheme: dark) {html,body,.kmldesc{background:#1b1b1b !important;color:#e8e8e8 !important;}.kmldesc a{color:#8ab4f8 !important;}}</style>]]></description>
<Point><coordinates>6.2556203,51.8342608,0</coordinates></Point>
</Placemark>
<Placemark>
<name>Erfurt Hauptbahnhof</name>
<styleUrl>#stationPin</styleUrl>
<description><![CDATA[<div class="kmldesc"><b>IR3</b> Thüringer Wald: an 09:15 / ab 09:17</div><style>@media (prefers-color-scheme: dark) {html,body,.kmldesc{background:#1b1b1b !important;color:#e8e8e8 !important;}.kmldesc a{color:#8ab4f8 !important;}}</style>]]></description>
<Point><coordinates>11.0380824,50.9722853,0</coordinates></Point>
</Placemark>
<Placemark>
<name>Essen Hauptbahnhof</name>
<styleUrl>#stationPin</styleUrl>
<description><![CDATA[<div class="kmldesc"><b>IR4</b> Ruhr-Rhein-Express: an 11:07 / ab 11:09</div><style>@media (prefers-color-scheme: dark) {html,body,.kmldesc{background:#1b1b1b !important;color:#e8e8e8 !important;}.kmldesc a{color:#8ab4f8 !important;}}</style>]]></description>
<Point><coordinates>7.0144679,51.4514769,0</coordinates></Point>
</Placemark>
<Placemark>
<name>Flensburg</name>
<styleUrl>#stationPin</styleUrl>
<description><![CDATA[<div class="kmldesc"><b>IR1</b> Rheinschiene-Jütland: an 13:49 / ab 13:52<br/><b>IR2</b> Ostseestern: an 12:19 / ab 12:22</div><style>@media (prefers-color-scheme: dark) {html,body,.kmldesc{background:#1b1b1b !important;color:#e8e8e8 !important;}.kmldesc a{color:#8ab4f8 !important;}}</style>]]></description>
<Point><coordinates>9.4365273,54.7741124,0</coordinates></Point>
</Placemark>
<Placemark>
<name>Flughafen BER</name>
<styleUrl>#stationPin</styleUrl>
<description><![CDATA[<div class="kmldesc"><b>IR3</b> Thüringer Wald: an 07:14 / ab 07:16</div><style>@media (prefers-color-scheme: dark) {html,body,.kmldesc{background:#1b1b1b !important;color:#e8e8e8 !important;}.kmldesc a{color:#8ab4f8 !important;}}</style>]]></description>
<Point><coordinates>13.5083312,52.3639907,0</coordinates></Point>
</Placemark>
<Placemark>
<name>Forchheim</name>
<styleUrl>#stationPin</styleUrl>
<description><![CDATA[<div class="kmldesc"><b>IR3</b> Thüringer Wald: an 10:34 / ab 10:36</div><style>@media (prefers-color-scheme: dark) {html,body,.kmldesc{background:#1b1b1b !important;color:#e8e8e8 !important;}.kmldesc a{color:#8ab4f8 !important;}}</style>]]></description>
<Point><coordinates>11.0700855,49.7169143,0</coordinates></Point>
</Placemark>
<Placemark>
<name>Fredericia</name>
<styleUrl>#stationPin</styleUrl>
<description><![CDATA[<div class="kmldesc"><b>IR1</b> Rheinschiene-Jütland: an 15:11</div><style>@media (prefers-color-scheme: dark) {html,body,.kmldesc{background:#1b1b1b !important;color:#e8e8e8 !important;}.kmldesc a{color:#8ab4f8 !important;}}</style>]]></description>
<Point><coordinates>9.739523,55.5684379,0</coordinates></Point>
</Placemark>
<Placemark>
<name>Hagen Hauptbahnhof</name>
<styleUrl>#stationPin</styleUrl>
<description><![CDATA[<div class="kmldesc"><b>IR1</b> Rheinschiene-Jütland: an 07:58 / ab 08:00</div><style>@media (prefers-color-scheme: dark) {html,body,.kmldesc{background:#1b1b1b !important;color:#e8e8e8 !important;}.kmldesc a{color:#8ab4f8 !important;}}</style>]]></description>
<Point><coordinates>7.4606062,51.36296,0</coordinates></Point>
</Placemark>
<Placemark>
<name>Halle (Saale) Hauptbahnhof</name>
<styleUrl>#stationPin</styleUrl>
<description><![CDATA[<div class="kmldesc"><b>IR3</b> Thüringer Wald: an 08:35 / ab 08:37</div><style>@media (prefers-color-scheme: dark) {html,body,.kmldesc{background:#1b1b1b !important;color:#e8e8e8 !important;}.kmldesc a{color:#8ab4f8 !important;}}</style>]]></description>
<Point><coordinates>11.9872964,51.4774872,0</coordinates></Point>
</Placemark>
<Placemark>
<name>Hamburg Hauptbahnhof</name>
<styleUrl>#stationPin</styleUrl>
<description><![CDATA[<div class="kmldesc"><b>IR1</b> Rheinschiene-Jütland: an 11:28 / ab 11:32<br/><b>IR2</b> Ostseestern: an 09:59 / ab 10:02</div><style>@media (prefers-color-scheme: dark) {html,body,.kmldesc{background:#1b1b1b !important;color:#e8e8e8 !important;}.kmldesc a{color:#8ab4f8 !important;}}</style>]]></description>
<Point><coordinates>10.0064364,53.5531993,0</coordinates></Point>
</Placemark>
<Placemark>
<name>Hamm (Westf)</name>
<styleUrl>#stationPin</styleUrl>
<description><![CDATA[<div class="kmldesc"><b>IR4</b> Ruhr-Rhein-Express: an 10:11 / ab 10:13</div><style>@media (prefers-color-scheme: dark) {html,body,.kmldesc{background:#1b1b1b !important;color:#e8e8e8 !important;}.kmldesc a{color:#8ab4f8 !important;}}</style>]]></description>
<Point><coordinates>7.807713,51.6785747,0</coordinates></Point>
</Placemark>
<Placemark>
<name>Hannover Hauptbahnhof</name>
<styleUrl>#stationPin</styleUrl>
<description><![CDATA[<div class="kmldesc"><b>IR4</b> Ruhr-Rhein-Express: an 08:56 / ab 08:59</div><style>@media (prefers-color-scheme: dark) {html,body,.kmldesc{background:#1b1b1b !important;color:#e8e8e8 !important;}.kmldesc a{color:#8ab4f8 !important;}}</style>]]></description>
<Point><coordinates>9.7416533,52.3769504,0</coordinates></Point>
</Placemark>
<Placemark>
<name>Ingolstadt Hauptbahnhof</name>
<styleUrl>#stationPin</styleUrl>
<description><![CDATA[<div class="kmldesc"><b>IR3</b> Thüringer Wald: an 11:33 / ab 11:35</div><style>@media (prefers-color-scheme: dark) {html,body,.kmldesc{background:#1b1b1b !important;color:#e8e8e8 !important;}.kmldesc a{color:#8ab4f8 !important;}}</style>]]></description>
<Point><coordinates>11.4374071,48.7443901,0</coordinates></Point>
</Placemark>
<Placemark>
<name>Kinding (Altmühltal)</name>
<styleUrl>#stationPin</styleUrl>
<description><![CDATA[<div class="kmldesc"><b>IR3</b> Thüringer Wald: an 11:12 / ab 11:14</div><style>@media (prefers-color-scheme: dark) {html,body,.kmldesc{background:#1b1b1b !important;color:#e8e8e8 !important;}.kmldesc a{color:#8ab4f8 !important;}}</style>]]></description>
<Point><coordinates>11.37816,48.9915057,0</coordinates></Point>
</Placemark>
<Placemark>
<name>Kolding</name>
<styleUrl>#stationPin</styleUrl>
<description><![CDATA[<div class="kmldesc"><b>IR1</b> Rheinschiene-Jütland: an 14:54 / ab 14:56<br/><b>IR2</b> Ostseestern: an 13:06 / ab 13:08</div><style>@media (prefers-color-scheme: dark) {html,body,.kmldesc{background:#1b1b1b !important;color:#e8e8e8 !important;}.kmldesc a{color:#8ab4f8 !important;}}</style>]]></description>
<Point><coordinates>9.4814404,55.4905542,0</coordinates></Point>
</Placemark>
<Placemark>
<name>Köln Hauptbahnhof</name>
<styleUrl>#stationPin</styleUrl>
<description><![CDATA[<div class="kmldesc"><b>IR1</b> Rheinschiene-Jütland: ab 07:00</div><style>@media (prefers-color-scheme: dark) {html,body,.kmldesc{background:#1b1b1b !important;color:#e8e8e8 !important;}.kmldesc a{color:#8ab4f8 !important;}}</style>]]></description>
<Point><coordinates>6.9590705,50.9427839,0</coordinates></Point>
</Placemark>
<Placemark>
<name>København Lufthavn</name>
<styleUrl>#stationPin</styleUrl>
<description><![CDATA[<div class="kmldesc"><b>IR2</b> Ostseestern: an 14:46 / ab 14:48</div><style>@media (prefers-color-scheme: dark) {html,body,.kmldesc{background:#1b1b1b !important;color:#e8e8e8 !important;}.kmldesc a{color:#8ab4f8 !important;}}</style>]]></description>
<Point><coordinates>12.649417,55.6295551,0</coordinates></Point>
</Placemark>
<Placemark>
<name>København Syd</name>
<styleUrl>#stationPin</styleUrl>
<description><![CDATA[<div class="kmldesc"><b>IR2</b> Ostseestern: an 14:37 / ab 14:39</div><style>@media (prefers-color-scheme: dark) {html,body,.kmldesc{background:#1b1b1b !important;color:#e8e8e8 !important;}.kmldesc a{color:#8ab4f8 !important;}}</style>]]></description>
<Point><coordinates>12.5154898,55.6525525,0</coordinates></Point>
</Placemark>
<Placemark>
<name>Leipzig Hauptbahnhof</name>
<styleUrl>#stationPin</styleUrl>
<description><![CDATA[<div class="kmldesc"><b>IR3</b> Thüringer Wald: an 08:13 / ab 08:15</div><style>@media (prefers-color-scheme: dark) {html,body,.kmldesc{background:#1b1b1b !important;color:#e8e8e8 !important;}.kmldesc a{color:#8ab4f8 !important;}}</style>]]></description>
<Point><coordinates>12.3830858,51.3465518,0</coordinates></Point>
</Placemark>
<Placemark>
<name>Leverkusen Mitte</name>
<styleUrl>#stationPin</styleUrl>
<description><![CDATA[<div class="kmldesc"><b>IR1</b> Rheinschiene-Jütland: an 07:11 / ab 07:12</div><style>@media (prefers-color-scheme: dark) {html,body,.kmldesc{background:#1b1b1b !important;color:#e8e8e8 !important;}.kmldesc a{color:#8ab4f8 !important;}}</style>]]></description>
<Point><coordinates>6.9916768,51.031774,0</coordinates></Point>
</Placemark>
<Placemark>
<name>Lunderskov</name>
<styleUrl>#stationPin</styleUrl>
<description><![CDATA[<div class="kmldesc"><b>IR1</b> Rheinschiene-Jütland: an 14:42 / ab 14:43<br/><b>IR2</b> Ostseestern: an 12:57 / ab 12:59</div><style>@media (prefers-color-scheme: dark) {html,body,.kmldesc{background:#1b1b1b !important;color:#e8e8e8 !important;}.kmldesc a{color:#8ab4f8 !important;}}</style>]]></description>
<Point><coordinates>9.3040943,55.4803997,0</coordinates></Point>
</Placemark>
<Placemark>
<name>Lüneburg</name>
<styleUrl>#stationPin</styleUrl>
<description><![CDATA[<div class="kmldesc"><b>IR2</b> Ostseestern: an 09:32 / ab 09:34</div><style>@media (prefers-color-scheme: dark) {html,body,.kmldesc{background:#1b1b1b !important;color:#e8e8e8 !important;}.kmldesc a{color:#8ab4f8 !important;}}</style>]]></description>
<Point><coordinates>10.4197721,53.2497728,0</coordinates></Point>
</Placemark>
<Placemark>
<name>Lutherstadt Wittenberg</name>
<styleUrl>#stationPin</styleUrl>
<description><![CDATA[<div class="kmldesc"><b>IR3</b> Thüringer Wald: an 07:31 / ab 07:33</div><style>@media (prefers-color-scheme: dark) {html,body,.kmldesc{background:#1b1b1b !important;color:#e8e8e8 !important;}.kmldesc a{color:#8ab4f8 !important;}}</style>]]></description>
<Point><coordinates>12.6620632,51.8675201,0</coordinates></Point>
</Placemark>
<Placemark>
<name>Malmö C</name>
<styleUrl>#stationPin</styleUrl>
<description><![CDATA[<div class="kmldesc"><b>IR2</b> Ostseestern: an 15:03</div><style>@media (prefers-color-scheme: dark) {html,body,.kmldesc{background:#1b1b1b !important;color:#e8e8e8 !important;}.kmldesc a{color:#8ab4f8 !important;}}</style>]]></description>
<Point><coordinates>13.0006612,55.6091374,0</coordinates></Point>
</Placemark>
<Placemark>
<name>Middelfart</name>
<styleUrl>#stationPin</styleUrl>
<description><![CDATA[<div class="kmldesc"><b>IR2</b> Ostseestern: an 13:24 / ab 13:26</div><style>@media (prefers-color-scheme: dark) {html,body,.kmldesc{background:#1b1b1b !important;color:#e8e8e8 !important;}.kmldesc a{color:#8ab4f8 !important;}}</style>]]></description>
<Point><coordinates>9.7344457,55.5016258,0</coordinates></Point>
</Placemark>
<Placemark>
<name>Minden</name>
<styleUrl>#stationPin</styleUrl>
<description><![CDATA[<div class="kmldesc"><b>IR4</b> Ruhr-Rhein-Express: an 09:29 / ab 09:31</div><style>@media (prefers-color-scheme: dark) {html,body,.kmldesc{background:#1b1b1b !important;color:#e8e8e8 !important;}.kmldesc a{color:#8ab4f8 !important;}}</style>]]></description>
<Point><coordinates>8.9344598,52.2905618,0</coordinates></Point>
</Placemark>
<Placemark>
<name>München Hauptbahnhof</name>
<styleUrl>#stationPin</styleUrl>
<description><![CDATA[<div class="kmldesc"><b>IR3</b> Thüringer Wald: an 12:14</div><style>@media (prefers-color-scheme: dark) {html,body,.kmldesc{background:#1b1b1b !important;color:#e8e8e8 !important;}.kmldesc a{color:#8ab4f8 !important;}}</style>]]></description>
<Point><coordinates>11.5556199,48.1415328,0</coordinates></Point>
</Placemark>
<Placemark>
<name>Münster (Westf) Hauptbahnhof</name>
<styleUrl>#stationPin</styleUrl>
<description><![CDATA[<div class="kmldesc"><b>IR1</b> Rheinschiene-Jütland: an 09:17 / ab 09:20</div><style>@media (prefers-color-scheme: dark) {html,body,.kmldesc{background:#1b1b1b !important;color:#e8e8e8 !important;}.kmldesc a{color:#8ab4f8 !important;}}</style>]]></description>
<Point><coordinates>7.635792,51.9564055,0</coordinates></Point>
</Placemark>
<Placemark>
<name>Naumburg (Saale)</name>
<styleUrl>#stationPin</styleUrl>
<description><![CDATA[<div class="kmldesc"><b>IR3</b> Thüringer Wald: an 08:52 / ab 08:53</div><style>@media (prefers-color-scheme: dark) {html,body,.kmldesc{background:#1b1b1b !important;color:#e8e8e8 !important;}.kmldesc a{color:#8ab4f8 !important;}}</style>]]></description>
<Point><coordinates>11.7966387,51.1629266,0</coordinates></Point>
</Placemark>
<Placemark>
<name>Neumünster</name>
<styleUrl>#stationPin</styleUrl>
<description><![CDATA[<div class="kmldesc"><b>IR1</b> Rheinschiene-Jütland: an 12:22 / ab 12:24<br/><b>IR2</b> Ostseestern: an 10:52 / ab 10:54</div><style>@media (prefers-color-scheme: dark) {html,body,.kmldesc{background:#1b1b1b !important;color:#e8e8e8 !important;}.kmldesc a{color:#8ab4f8 !important;}}</style>]]></description>
<Point><coordinates>9.980273,54.0764928,0</coordinates></Point>
</Placemark>
<Placemark>
<name>Nürnberg Hauptbahnhof</name>
<styleUrl>#stationPin</styleUrl>
<description><![CDATA[<div class="kmldesc"><b>IR3</b> Thüringer Wald: an 10:50 / ab 10:53</div><style>@media (prefers-color-scheme: dark) {html,body,.kmldesc{background:#1b1b1b !important;color:#e8e8e8 !important;}.kmldesc a{color:#8ab4f8 !important;}}</style>]]></description>
<Point><coordinates>11.0823089,49.4451991,0</coordinates></Point>
</Placemark>
<Placemark>
<name>Nyborg</name>
<styleUrl>#stationPin</styleUrl>
<description><![CDATA[<div class="kmldesc"><b>IR2</b> Ostseestern: an 13:51 / ab 13:52</div><style>@media (prefers-color-scheme: dark) {html,body,.kmldesc{background:#1b1b1b !important;color:#e8e8e8 !important;}.kmldesc a{color:#8ab4f8 !important;}}</style>]]></description>
<Point><coordinates>10.8035012,55.3138856,0</coordinates></Point>
</Placemark>
<Placemark>
<name>Oberhausen Hauptbahnhof</name>
<styleUrl>#stationPin</styleUrl>
<description><![CDATA[<div class="kmldesc"><b>IR4</b> Ruhr-Rhein-Express: an 11:17 / ab 11:19</div><style>@media (prefers-color-scheme: dark) {html,body,.kmldesc{background:#1b1b1b !important;color:#e8e8e8 !important;}.kmldesc a{color:#8ab4f8 !important;}}</style>]]></description>
<Point><coordinates>6.8516806,51.4749062,0</coordinates></Point>
</Placemark>
<Placemark>
<name>Odense</name>
<styleUrl>#stationPin</styleUrl>
<description><![CDATA[<div class="kmldesc"><b>IR2</b> Ostseestern: an 13:38 / ab 13:40</div><style>@media (prefers-color-scheme: dark) {html,body,.kmldesc{background:#1b1b1b !important;color:#e8e8e8 !important;}.kmldesc a{color:#8ab4f8 !important;}}</style>]]></description>
<Point><coordinates>10.3861989,55.4018379,0</coordinates></Point>
</Placemark>
<Placemark>
<name>Oebisfelde</name>
<styleUrl>#stationPin</styleUrl>
<description><![CDATA[<div class="kmldesc"><b>IR4</b> Ruhr-Rhein-Express: an 08:10 / ab 08:12</div><style>@media (prefers-color-scheme: dark) {html,body,.kmldesc{background:#1b1b1b !important;color:#e8e8e8 !important;}.kmldesc a{color:#8ab4f8 !important;}}</style>]]></description>
<Point><coordinates>10.9839815,52.4392322,0</coordinates></Point>
</Placemark>
<Placemark>
<name>Osnabrück Hauptbahnhof</name>
<styleUrl>#stationPin</styleUrl>
<description><![CDATA[<div class="kmldesc"><b>IR1</b> Rheinschiene-Jütland: an 09:41 / ab 09:43</div><style>@media (prefers-color-scheme: dark) {html,body,.kmldesc{background:#1b1b1b !important;color:#e8e8e8 !important;}.kmldesc a{color:#8ab4f8 !important;}}</style>]]></description>
<Point><coordinates>8.0615665,52.2729063,0</coordinates></Point>
</Placemark>
<Placemark>
<name>Padborg</name>
<styleUrl>#stationPin</styleUrl>
<description><![CDATA[<div class="kmldesc"><b>IR1</b> Rheinschiene-Jütland: an 14:04 / ab 14:07<br/><b>IR2</b> Ostseestern: an 12:34 / ab 12:37</div><style>@media (prefers-color-scheme: dark) {html,body,.kmldesc{background:#1b1b1b !important;color:#e8e8e8 !important;}.kmldesc a{color:#8ab4f8 !important;}}</style>]]></description>
<Point><coordinates>9.3589629,54.8235559,0</coordinates></Point>
</Placemark>
<Placemark>
<name>Pfaffenhofen (Ilm)</name>
<styleUrl>#stationPin</styleUrl>
<description><![CDATA[<div class="kmldesc"><b>IR3</b> Thüringer Wald: an 11:48 / ab 11:50</div><style>@media (prefers-color-scheme: dark) {html,body,.kmldesc{background:#1b1b1b !important;color:#e8e8e8 !important;}.kmldesc a{color:#8ab4f8 !important;}}</style>]]></description>
<Point><coordinates>11.5117749,48.5219072,0</coordinates></Point>
</Placemark>
<Placemark>
<name>Rathenow</name>
<styleUrl>#stationPin</styleUrl>
<description><![CDATA[<div class="kmldesc"><b>IR2</b> Ostseestern: an 07:42 / ab 07:44<br/><b>IR4</b> Ruhr-Rhein-Express: an 07:32 / ab 07:34</div><style>@media (prefers-color-scheme: dark) {html,body,.kmldesc{background:#1b1b1b !important;color:#e8e8e8 !important;}.kmldesc a{color:#8ab4f8 !important;}}</style>]]></description>
<Point><coordinates>12.3549984,52.5997366,0</coordinates></Point>
</Placemark>
<Placemark>
<name>Recklinghausen Hauptbahnhof</name>
<styleUrl>#stationPin</styleUrl>
<description><![CDATA[<div class="kmldesc"><b>IR1</b> Rheinschiene-Jütland: an 08:42 / ab 08:44</div><style>@media (prefers-color-scheme: dark) {html,body,.kmldesc{background:#1b1b1b !important;color:#e8e8e8 !important;}.kmldesc a{color:#8ab4f8 !important;}}</style>]]></description>
<Point><coordinates>7.203273,51.6160957,0</coordinates></Point>
</Placemark>
<Placemark>
<name>Rendsburg</name>
<styleUrl>#stationPin</styleUrl>
<description><![CDATA[<div class="kmldesc"><b>IR1</b> Rheinschiene-Jütland: an 12:49 / ab 12:50<br/><b>IR2</b> Ostseestern: an 11:19 / ab 11:20</div><style>@media (prefers-color-scheme: dark) {html,body,.kmldesc{background:#1b1b1b !important;color:#e8e8e8 !important;}.kmldesc a{color:#8ab4f8 !important;}}</style>]]></description>
<Point><coordinates>9.6707886,54.3024043,0</coordinates></Point>
</Placemark>
<Placemark>
<name>Ringsted</name>
<styleUrl>#stationPin</styleUrl>
<description><![CDATA[<div class="kmldesc"><b>IR2</b> Ostseestern: an 14:21 / ab 14:23</div><style>@media (prefers-color-scheme: dark) {html,body,.kmldesc{background:#1b1b1b !important;color:#e8e8e8 !important;}.kmldesc a{color:#8ab4f8 !important;}}</style>]]></description>
<Point><coordinates>11.7860978,55.4380663,0</coordinates></Point>
</Placemark>
<Placemark>
<name>Rotenburg (Wümme)</name>
<styleUrl>#stationPin</styleUrl>
<description><![CDATA[<div class="kmldesc"><b>IR1</b> Rheinschiene-Jütland: an 10:55 / ab 10:56</div><style>@media (prefers-color-scheme: dark) {html,body,.kmldesc{background:#1b1b1b !important;color:#e8e8e8 !important;}.kmldesc a{color:#8ab4f8 !important;}}</style>]]></description>
<Point><coordinates>9.3908499,53.1124706,0</coordinates></Point>
</Placemark>
<Placemark>
<name>Salzwedel</name>
<styleUrl>#stationPin</styleUrl>
<description><![CDATA[<div class="kmldesc"><b>IR2</b> Ostseestern: an 08:28 / ab 08:30</div><style>@media (prefers-color-scheme: dark) {html,body,.kmldesc{background:#1b1b1b !important;color:#e8e8e8 !important;}.kmldesc a{color:#8ab4f8 !important;}}</style>]]></description>
<Point><coordinates>11.1611006,52.8582934,0</coordinates></Point>
</Placemark>
<Placemark>
<name>Schleswig</name>
<styleUrl>#stationPin</styleUrl>
<description><![CDATA[<div class="kmldesc"><b>IR1</b> Rheinschiene-Jütland: an 13:15 / ab 13:16<br/><b>IR2</b> Ostseestern: an 11:45 / ab 11:46</div><style>@media (prefers-color-scheme: dark) {html,body,.kmldesc{background:#1b1b1b !important;color:#e8e8e8 !important;}.kmldesc a{color:#8ab4f8 !important;}}</style>]]></description>
<Point><coordinates>9.5378994,54.499583,0</coordinates></Point>
</Placemark>
<Placemark>
<name>Slagelse</name>
<styleUrl>#stationPin</styleUrl>
<description><![CDATA[<div class="kmldesc"><b>IR2</b> Ostseestern: an 14:07 / ab 14:08</div><style>@media (prefers-color-scheme: dark) {html,body,.kmldesc{background:#1b1b1b !important;color:#e8e8e8 !important;}.kmldesc a{color:#8ab4f8 !important;}}</style>]]></description>
<Point><coordinates>11.3485562,55.4075014,0</coordinates></Point>
</Placemark>
<Placemark>
<name>Solingen Hauptbahnhof</name>
<styleUrl>#stationPin</styleUrl>
<description><![CDATA[<div class="kmldesc"><b>IR1</b> Rheinschiene-Jütland: an 07:24 / ab 07:26</div><style>@media (prefers-color-scheme: dark) {html,body,.kmldesc{background:#1b1b1b !important;color:#e8e8e8 !important;}.kmldesc a{color:#8ab4f8 !important;}}</style>]]></description>
<Point><coordinates>7.004223,51.1611221,0</coordinates></Point>
</Placemark>
<Placemark>
<name>Stendal</name>
<styleUrl>#stationPin</styleUrl>
<description><![CDATA[<div class="kmldesc"><b>IR2</b> Ostseestern: an 08:00 / ab 08:02<br/><b>IR4</b> Ruhr-Rhein-Express: an 07:50 / ab 07:52</div><style>@media (prefers-color-scheme: dark) {html,body,.kmldesc{background:#1b1b1b !important;color:#e8e8e8 !important;}.kmldesc a{color:#8ab4f8 !important;}}</style>]]></description>
<Point><coordinates>11.8548875,52.5946768,0</coordinates></Point>
</Placemark>
<Placemark>
<name>Tinglev</name>
<styleUrl>#stationPin</styleUrl>
<description><![CDATA[<div class="kmldesc"><b>IR1</b> Rheinschiene-Jütland: an 14:14 / ab 14:15</div><style>@media (prefers-color-scheme: dark) {html,body,.kmldesc{background:#1b1b1b !important;color:#e8e8e8 !important;}.kmldesc a{color:#8ab4f8 !important;}}</style>]]></description>
<Point><coordinates>9.2581486,54.9361334,0</coordinates></Point>
</Placemark>
<Placemark>
<name>Uelzen</name>
<styleUrl>#stationPin</styleUrl>
<description><![CDATA[<div class="kmldesc"><b>IR2</b> Ostseestern: an 08:54 / ab 08:57</div><style>@media (prefers-color-scheme: dark) {html,body,.kmldesc{background:#1b1b1b !important;color:#e8e8e8 !important;}.kmldesc a{color:#8ab4f8 !important;}}</style>]]></description>
<Point><coordinates>10.5529747,52.9695952,0</coordinates></Point>
</Placemark>
<Placemark>
<name>Vojens</name>
<styleUrl>#stationPin</styleUrl>
<description><![CDATA[<div class="kmldesc"><b>IR1</b> Rheinschiene-Jütland: an 14:31 / ab 14:32</div><style>@media (prefers-color-scheme: dark) {html,body,.kmldesc{background:#1b1b1b !important;color:#e8e8e8 !important;}.kmldesc a{color:#8ab4f8 !important;}}</style>]]></description>
<Point><coordinates>9.3049359,55.2484701,0</coordinates></Point>
</Placemark>
<Placemark>
<name>Wesel</name>
<styleUrl>#stationPin</styleUrl>
<description><![CDATA[<div class="kmldesc"><b>IR4</b> Ruhr-Rhein-Express: an 11:38 / ab 11:40</div><style>@media (prefers-color-scheme: dark) {html,body,.kmldesc{background:#1b1b1b !important;color:#e8e8e8 !important;}.kmldesc a{color:#8ab4f8 !important;}}</style>]]></description>
<Point><coordinates>6.6271721,51.6561632,0</coordinates></Point>
</Placemark>
<Placemark>
<name>Witten Hbf</name>
<styleUrl>#stationPin</styleUrl>
<description><![CDATA[<div class="kmldesc"><b>IR1</b> Rheinschiene-Jütland: an 08:10 / ab 08:11</div><style>@media (prefers-color-scheme: dark) {html,body,.kmldesc{background:#1b1b1b !important;color:#e8e8e8 !important;}.kmldesc a{color:#8ab4f8 !important;}}</style>]]></description>
<Point><coordinates>7.3293869,51.4355898,0</coordinates></Point>
</Placemark>
<Placemark>
<name>Wolfsburg Hauptbahnhof</name>
<styleUrl>#stationPin</styleUrl>
<description><![CDATA[<div class="kmldesc"><b>IR4</b> Ruhr-Rhein-Express: an 08:23 / ab 08:25</div><style>@media (prefers-color-scheme: dark) {html,body,.kmldesc{background:#1b1b1b !important;color:#e8e8e8 !important;}.kmldesc a{color:#8ab4f8 !important;}}</style>]]></description>
<Point><coordinates>10.7871395,52.4294853,0</coordinates></Point>
</Placemark>
<Placemark>
<name>Wuppertal Hauptbahnhof</name>
<styleUrl>#stationPin</styleUrl>
<description><![CDATA[<div class="kmldesc"><b>IR1</b> Rheinschiene-Jütland: an 07:38 / ab 07:41</div><style>@media (prefers-color-scheme: dark) {html,body,.kmldesc{background:#1b1b1b !important;color:#e8e8e8 !important;}.kmldesc a{color:#8ab4f8 !important;}}</style>]]></description>
<Point><coordinates>7.1500534,51.2545784,0</coordinates></Point>
</Placemark>
</Folder>
</Document>
</kml>