<?xml version="1.0" encoding="UTF-8"?>
<kml xmlns="http://www.opengis.net/kml/2.2">
<Document>
  <name>IR-Netz 2030 - Globales Maglev-Netzwerk</name>
  <Style id="station_default">
    <IconStyle>
      <scale>1.0</scale>
    </IconStyle>
  </Style>
  <Style id="line_arktis_afrika">
    <LineStyle><color>ffd1ce00</color><width>4</width></LineStyle>
  </Style>
  <Style id="line_brandenburg_hel">
    <LineStyle><color>ff32cd9a</color><width>4</width></LineStyle>
  </Style>
  <Style id="line_lille_bergen">
    <LineStyle><color>ffaab220</color><width>4</width></LineStyle>
  </Style>
  <Style id="line_muenster_ruhr">
    <LineStyle><color>ffebce87</color><width>4</width></LineStyle>
  </Style>
  <Style id="line_ncams">
    <LineStyle><color>ffb48246</color><width>4</width></LineStyle>
  </Style>
  <Style id="line_nha">
    <LineStyle><color>ff2f6b55</color><width>4</width></LineStyle>
  </Style>
  <Style id="line_oslo_inverness">
    <LineStyle><color>ff008cff</color><width>4</width></LineStyle>
  </Style>
  <Style id="line_paris_singapur">
    <LineStyle><color>ff3c14dc</color><width>4</width></LineStyle>
  </Style>
  <Style id="line_pcms">
    <LineStyle><color>ff13458b</color><width>4</width></LineStyle>
  </Style>
  <Style id="line_pnw_mae">
    <LineStyle><color>ff0b86b8</color><width>4</width></LineStyle>
  </Style>
  <Style id="line_rheinruhrkrim">
    <LineStyle><color>ff8fbc8f</color><width>4</width></LineStyle>
  </Style>
  <Style id="line_wbc">
    <LineStyle><color>ffcd5a6a</color><width>4</width></LineStyle>
  </Style>
  <Style id="line_weltachse1">
    <LineStyle><color>ff9314ff</color><width>4</width></LineStyle>
  </Style>
  <Placemark>
    <name>Arktis-Afrika-Magistrale</name>
    <description><![CDATA[<b>Arktis-Afrika-Magistrale</b><br/>Hybridnetz: Nordkapp-Rovaniemi 2-gleisig (Mischverkehr), ab Rovaniemi 6-gleisig (2x Express, 2x Regio, 2x autonome Fracht), Moving-Block-Sekundentakt<br/>9.050 km, 17 Std. 52 Min., 22 Haltepunkte, Zeiten in MEZ (* = Folgetag). Größte Tunnel: Magerøya, Ägäis (Izmir-Athens), Ionischer Untersee-Tunnel (Athens-Siracusa, 900 km), Tunesien-Straße (Palermo-Tunis).<br/><br/><b>Beispielfahrt (Stopliste):</b><br/>Nordkapp: ab 07:00<br/>Honningsvåg: an 07:05 / ab 07:07<br/>Inari: an 07:32 / ab 07:34<br/>Rovaniemi: an 08:02 / ab 08:05<br/>Oulu: an 08:28 / ab 08:30<br/>Tampere: an 09:07 / ab 09:10<br/>Turku: an 09:28 / ab 09:30<br/>Helsinki: an 09:48 / ab 09:52<br/>Wyborg: an 10:18 / ab 10:20<br/>St. Petersburg: an 10:35 / ab 10:39<br/>Twer: an 11:30 / ab 11:32<br/>Moskau: an 11:53 / ab 11:58<br/>Kyiv: an 13:25 / ab 13:29<br/>Odesa: an 14:14 / ab 14:17<br/>Istanbul: an 15:29 / ab 15:34<br/>Izmir (Bornova Ost): an 16:20 / ab 16:23<br/>Athens: an 17:47 / ab 17:51<br/>Siracusa: an 20:08 / ab 20:10<br/>Palermo: an 20:36 / ab 20:39<br/>Tunis: an 21:41 / ab 21:44<br/>Algiers: an 23:06 / ab 23:10<br/>Casablanca: an 00:52<br/><style>@media (prefers-color-scheme: dark) { body { background:#1e1e1e; color:#eee; } }</style>]]></description>
    <LookAt>
      <longitude>15.013750</longitude>
      <latitude>52.370589</latitude>
      <altitude>0</altitude>
      <heading>0</heading>
      <tilt>0</tilt>
      <range>400000</range>
      <altitudeMode>clampToGround</altitudeMode>
    </LookAt>
    <styleUrl>#line_arktis_afrika</styleUrl>
    <LineString>
      <tessellate>1</tessellate>
      <coordinates>25.781667,71.168077,0 25.777343,71.163684,0 25.780323,71.158700,0 25.775567,71.151689,0 25.760095,71.141968,0 25.753570,71.139797,0 25.743427,71.138579,0 25.741571,71.138111,0 25.706318,71.120240,0 25.699845,71.116010,0 25.701017,71.114319,0 25.700929,71.113187,0 25.697519,71.111376,0 25.696606,71.109922,0 25.694212,71.109199,0 25.693500,71.107939,0 25.696403,71.107218,0 25.709153,71.107603,0 25.717100,71.107228,0 25.723522,71.106146,0 25.729665,71.106795,0 25.731631,71.106735,0 25.739502,71.103982,0 25.740220,71.102194,0 25.742306,71.101113,0 25.748996,71.100434,0 25.760099,71.101038,0 25.762480,71.100958,0 25.764012,71.100339,0 25.764884,71.097771,0 25.768676,71.093975,0 25.772064,71.092748,0 25.777081,71.091662,0 25.782362,71.091197,0 25.781128,71.090029,0 25.779186,71.085015,0 25.771477,71.080857,0 25.770582,71.079177,0 25.772905,71.076576,0 25.773477,71.073348,0 25.774526,71.072242,0 25.777819,71.071149,0 25.783749,71.070428,0 25.786766,71.069668,0 25.788823,71.068403,0 25.789012,71.067032,0 25.786132,71.065340,0 25.776461,71.062342,0 25.769339,71.060760,0 25.766575,71.059502,0 25.764619,71.057853,0 25.763851,71.056362,0 25.765338,71.052339,0 25.763970,71.051159,0 25.760316,71.049356,0 25.759499,71.048437,0 25.760983,71.046895,0 25.769074,71.044763,0 25.771524,71.041828,0 25.773944,71.040344,0 25.778722,71.039245,0 25.791913,71.038484,0 25.795900,71.037639,0 25.800108,71.036289,0 25.802497,71.035941,0 25.806752,71.035926,0 25.819236,71.037226,0 25.821512,71.037094,0 25.830447,71.035563,0 25.833207,71.034786,0 25.834488,71.033976,0 25.835303,71.030301,0 25.843251,71.027568,0 25.845390,71.027230,0 25.851813,71.028023,0 25.853877,71.028995,0 25.857490,71.029134,0 25.860830,71.030919,0 25.862130,71.030726,0 25.862520,71.029540,0 25.864606,71.029158,0 25.866390,71.029326,0 25.873653,71.031051,0 25.879047,71.030532,0 25.882539,71.030741,0 25.884951,71.031648,0 25.886847,71.034350,0 25.888343,71.034509,0 25.888892,71.034111,0 25.888506,71.032826,0 25.886230,71.031450,0 25.885990,71.030752,0 25.887245,71.029561,0 25.887871,71.027144,0 25.889943,71.025418,0 25.881812,71.020760,0 25.882689,71.017251,0 25.882042,71.015828,0 25.882698,71.015181,0 25.884733,71.014628,0 25.888912,71.014722,0 25.890438,71.014408,0 25.892618,71.012884,0 25.893483,71.010174,0 25.895249,71.009535,0 25.904082,71.010165,0 25.909744,71.009580,0 25.916481,71.010835,0 25.923575,71.011405,0 25.926858,71.010862,0 25.930326,71.010769,0 25.939351,71.009433,0 25.947698,71.009446,0 25.955285,71.008581,0 25.966016,71.004670,0 25.966593,71.002605,0 25.965517,71.001032,0 25.968295,70.999865,0 25.968291,70.997105,0 25.971601,70.995485,0 25.973028,70.994100,0 25.972039,70.992854,0 25.968461,70.991897,0 25.965567,70.990527,0 25.967336,70.988951,0 25.966656,70.986926,0 25.967492,70.985606,0 25.967093,70.983818,0 25.970400,70.982100,0 27.027600,68.906100,0 27.029993,68.905452,0 27.035192,68.902382,0 27.044983,68.900708,0 27.052677,68.900507,0 27.056926,68.901013,0 27.067231,68.901195,0 27.073935,68.900805,0 27.076643,68.900370,0 27.082972,68.898222,0 27.094451,68.896131,0 27.097288,68.895049,0 27.099011,68.893859,0 27.100588,68.890108,0 27.101622,68.889140,0 27.107174,68.887043,0 27.110739,68.884557,0 27.113912,68.883084,0 27.126255,68.879002,0 27.142507,68.876454,0 27.158863,68.871657,0 27.161409,68.870637,0 27.165677,68.868113,0 27.175250,68.864286,0 27.178168,68.863722,0 27.182883,68.863299,0 27.197540,68.860272,0 27.204168,68.856932,0 27.217547,68.853597,0 27.224903,68.850468,0 27.229095,68.846714,0 27.234220,68.845404,0 27.241199,68.842825,0 27.248063,68.841671,0 27.251609,68.840597,0 27.254773,68.840031,0 27.258727,68.838686,0 27.267809,68.837310,0 27.271152,68.836507,0 27.275517,68.834441,0 27.277340,68.831195,0 27.282104,68.828151,0 27.288857,68.826317,0 27.294858,68.822689,0 27.303151,68.820938,0 27.307046,68.818849,0 27.312507,68.816555,0 27.316631,68.815705,0 27.320872,68.815439,0 27.323662,68.815816,0 27.327142,68.816942,0 27.329990,68.817130,0 27.334396,68.816413,0 27.337753,68.816170,0 27.339971,68.815632,0 27.347161,68.811381,0 27.361051,68.807539,0 27.364129,68.805831,0 27.368895,68.804258,0 27.372222,68.801299,0 27.379499,68.799040,0 27.384412,68.796506,0 27.385681,68.795087,0 27.385866,68.791843,0 27.386766,68.791084,0 27.390604,68.789370,0 27.391045,68.787308,0 27.393574,68.783583,0 27.396932,68.782816,0 27.407569,68.782739,0 27.417345,68.780374,0 27.420650,68.778916,0 27.425905,68.774488,0 27.432454,68.772999,0 27.442671,68.769078,0 27.449938,68.767624,0 27.455239,68.764945,0 27.458949,68.762301,0 27.459516,68.759332,0 27.459102,68.758110,0 27.456552,68.755643,0 27.457188,68.748844,0 27.454661,68.745894,0 27.451709,68.744302,0 27.447464,68.742953,0 27.444669,68.740204,0 27.444121,68.738687,0 27.445392,68.734352,0 27.445124,68.732965,0 27.438591,68.725967,0 27.437936,68.724013,0 27.438510,68.722056,0 27.441643,68.719235,0 27.449924,68.715876,0 27.453833,68.712975,0 27.454904,68.710861,0 27.455731,68.700825,0 27.457138,68.698699,0 27.459490,68.696834,0 27.469318,68.692340,0 27.478121,68.686969,0 27.492554,68.681595,0 27.499873,68.677169,0 27.503390,68.675940,0 27.514119,68.673480,0 27.524661,68.668643,0 27.534968,68.665011,0 27.537249,68.663669,0 27.543616,68.650488,0 27.542350,68.635664,0 27.544701,68.630434,0 27.544350,68.628942,0 27.538854,68.620241,0 27.536196,68.618043,0 27.532564,68.616056,0 27.526795,68.613984,0 27.511927,68.610267,0 27.506572,68.609499,0 27.495192,68.608635,0 27.492251,68.608122,0 27.488706,68.607027,0 27.480989,68.603868,0 27.478785,68.601803,0 27.478659,68.598350,0 27.477635,68.596264,0 27.475473,68.594661,0 27.469403,68.591733,0 27.467626,68.588651,0 27.468679,68.585066,0 27.471839,68.581437,0 27.475981,68.578512,0 27.483502,68.574593,0 27.488369,68.571543,0 27.499178,68.561669,0 27.502640,68.559724,0 27.519608,68.552440,0 27.523773,68.548950,0 27.525285,68.545965,0 27.525787,68.543225,0 27.524762,68.535857,0 27.527731,68.530427,0 27.524992,68.521418,0 27.525972,68.518383,0 27.525533,68.516987,0 27.518159,68.511810,0 27.513254,68.509536,0 27.507788,68.508017,0 27.497722,68.506346,0 27.493160,68.505216,0 27.480071,68.499602,0 27.458279,68.492527,0 27.453650,68.489448,0 27.451237,68.484639,0 27.449374,68.482732,0 27.446604,68.481198,0 27.436730,68.477141,0 27.431893,68.473790,0 27.429480,68.470481,0 27.428940,68.467168,0 27.430077,68.464322,0 27.432968,68.460883,0 27.432992,68.459517,0 27.431096,68.458175,0 27.424510,68.456041,0 27.422883,68.454955,0 27.422203,68.453815,0 27.422504,68.452307,0 27.425597,68.448427,0 27.425212,68.445998,0 27.421391,68.442908,0 27.417500,68.441175,0 27.409899,68.438615,0 27.406512,68.436737,0 27.405304,68.435435,0 27.405005,68.433327,0 27.407716,68.429659,0 27.408776,68.427057,0 27.408368,68.424296,0 27.405912,68.419758,0 27.407037,68.414694,0 27.399832,68.404082,0 27.398320,68.402867,0 27.393123,68.400162,0 27.391060,68.397359,0 27.391374,68.396079,0 27.396121,68.391737,0 27.396138,68.389949,0 27.393731,68.388500,0 27.384020,68.385853,0 27.378929,68.383685,0 27.363999,68.374612,0 27.357636,68.369300,0 27.344951,68.363643,0 27.339763,68.359988,0 27.332777,68.348272,0 27.333123,68.346943,0 27.336426,68.343099,0 27.335284,68.337145,0 27.329902,68.332642,0 27.327698,68.326232,0 27.321056,68.319967,0 27.309646,68.311211,0 27.300186,68.306185,0 27.296822,68.303394,0 27.287617,68.283287,0 27.283406,68.278325,0 27.280794,68.270580,0 27.279281,68.268658,0 27.277081,68.267180,0 27.267039,68.262559,0 27.259679,68.257437,0 27.245435,68.250930,0 27.229161,68.240992,0 27.224344,68.239218,0 27.212317,68.236068,0 27.200998,68.230422,0 27.187780,68.226526,0 27.184304,68.224871,0 27.180313,68.221997,0 27.176997,68.220285,0 27.173242,68.219047,0 27.169294,68.218187,0 27.154472,68.215988,0 27.115012,68.209434,0 27.109980,68.207990,0 27.107246,68.206842,0 27.104194,68.205084,0 27.102292,68.203296,0 27.099489,68.196000,0 27.092588,68.190039,0 27.091076,68.187359,0 27.094423,68.175900,0 27.096016,68.174085,0 27.100694,68.170607,0 27.101665,68.168341,0 27.100946,68.159769,0 27.096000,68.149588,0 27.095758,68.144844,0 27.097152,68.141697,0 27.099895,68.138513,0 27.112564,68.128692,0 27.115531,68.125822,0 27.117923,68.121693,0 27.118350,68.115930,0 27.119176,68.113811,0 27.121254,68.111491,0 27.126195,68.108117,0 27.126969,68.106213,0 27.126299,68.104969,0 27.121692,68.101188,0 27.120200,68.096221,0 27.118428,68.094131,0 27.091102,68.075052,0 27.087966,68.068460,0 27.081993,68.058595,0 27.072049,68.047504,0 27.069767,68.045992,0 27.066282,68.044501,0 27.029548,68.033164,0 27.004359,68.029293,0 26.984686,68.025652,0 26.962553,68.023230,0 26.953484,68.021456,0 26.894315,68.000531,0 26.890271,67.998167,0 26.886687,67.993551,0 26.883817,67.991186,0 26.867780,67.983085,0 26.843824,67.974489,0 26.815974,67.968979,0 26.777744,67.953507,0 26.775505,67.951708,0 26.770115,67.943885,0 26.768590,67.934884,0 26.767832,67.933411,0 26.765728,67.931696,0 26.753979,67.925893,0 26.750892,67.922836,0 26.748313,67.915005,0 26.748985,67.912771,0 26.752425,67.908486,0 26.752356,67.898089,0 26.744955,67.884411,0 26.733283,67.872789,0 26.732430,67.871407,0 26.728916,67.856634,0 26.730631,67.851231,0 26.731190,67.845660,0 26.729140,67.844099,0 26.723565,67.842018,0 26.721914,67.841066,0 26.720629,67.839590,0 26.719743,67.837164,0 26.720872,67.836004,0 26.722951,67.835226,0 26.731998,67.833801,0 26.742382,67.830963,0 26.751177,67.826948,0 26.766246,67.816944,0 26.769690,67.813290,0 26.774504,67.810388,0 26.779714,67.805295,0 26.780954,67.802471,0 26.779866,67.799864,0 26.775112,67.795139,0 26.773647,67.788852,0 26.768636,67.783859,0 26.768314,67.782632,0 26.769221,67.779112,0 26.768541,67.776369,0 26.760487,67.765413,0 26.760356,67.762108,0 26.763889,67.754572,0 26.763911,67.752058,0 26.760234,67.739960,0 26.750338,67.719653,0 26.750557,67.715672,0 26.753554,67.710012,0 26.754390,67.705326,0 26.749389,67.690737,0 26.746939,67.686815,0 26.721789,67.660644,0 26.719495,67.657135,0 26.722417,67.649181,0 26.728268,67.641809,0 26.742912,67.626027,0 26.744966,67.622215,0 26.745040,67.619107,0 26.739647,67.598488,0 26.741501,67.579924,0 26.741249,67.578829,0 26.737968,67.574649,0 26.739290,67.567512,0 26.736599,67.565261,0 26.686352,67.539963,0 26.684707,67.538664,0 26.680409,67.533169,0 26.678202,67.531700,0 26.651156,67.524432,0 26.638466,67.518262,0 26.634342,67.515881,0 26.617125,67.512065,0 26.613975,67.510995,0 26.612084,67.509800,0 26.611018,67.508044,0 26.611297,67.506522,0 26.613042,67.503987,0 26.617106,67.499877,0 26.617654,67.498352,0 26.617279,67.496657,0 26.606354,67.484776,0 26.602708,67.476110,0 26.600573,67.472882,0 26.592132,67.464930,0 26.585373,67.455607,0 26.577316,67.448080,0 26.572241,67.436655,0 26.572221,67.435044,0 26.573428,67.433439,0 26.587501,67.422549,0 26.589087,67.413646,0 26.587904,67.412568,0 26.572614,67.408061,0 26.570202,67.407011,0 26.568789,67.405579,0 26.566708,67.399296,0 26.567177,67.397576,0 26.568908,67.396191,0 26.587937,67.389508,0 26.592835,67.387177,0 26.596923,67.384692,0 26.599843,67.382059,0 26.604433,67.374206,0 26.614262,67.366019,0 26.620440,67.358934,0 26.631833,67.348064,0 26.636864,67.344912,0 26.653355,67.337939,0 26.658718,67.334808,0 26.665203,67.326590,0 26.675095,67.320428,0 26.677879,67.318014,0 26.682724,67.307890,0 26.684131,67.300205,0 26.691623,67.293116,0 26.693579,67.289461,0 26.693409,67.285553,0 26.688126,67.279834,0 26.680713,67.266094,0 26.679826,67.261544,0 26.680072,67.252597,0 26.678238,67.248748,0 26.672224,67.243055,0 26.667442,67.237678,0 26.651804,67.227493,0 26.632438,67.211944,0 26.630340,67.209563,0 26.630580,67.207489,0 26.639468,67.196827,0 26.641070,67.193432,0 26.645450,67.158490,0 26.647224,67.152541,0 26.646924,67.147752,0 26.647774,67.131215,0 26.645772,67.119303,0 26.645542,67.114349,0 26.644257,67.111558,0 26.635804,67.104350,0 26.630808,67.098495,0 26.625914,67.093922,0 26.621642,67.091221,0 26.617799,67.089596,0 26.613691,67.088301,0 26.607861,67.087017,0 26.584568,67.084313,0 26.576034,67.082387,0 26.562852,67.077241,0 26.508819,67.058449,0 26.504119,67.057063,0 26.493795,67.054781,0 26.488389,67.052987,0 26.465155,67.043455,0 26.453394,67.038043,0 26.441880,67.033498,0 26.432377,67.027867,0 26.428878,67.026427,0 26.422587,67.024877,0 26.409330,67.023036,0 26.403728,67.021998,0 26.396977,67.020124,0 26.391823,67.018050,0 26.385688,67.014762,0 26.381505,67.011737,0 26.378467,67.008667,0 26.372916,67.001100,0 26.370421,66.999374,0 26.355322,66.993457,0 26.319930,66.977584,0 26.310680,66.973956,0 26.297068,66.967932,0 26.295415,66.966304,0 26.295021,66.964691,0 26.296702,66.957009,0 26.299669,66.952400,0 26.299280,66.950348,0 26.297815,66.949054,0 26.287178,66.942558,0 26.280097,66.938834,0 26.267339,66.934114,0 26.257961,66.931148,0 26.253497,66.930087,0 26.247202,66.929265,0 26.235413,66.928673,0 26.217271,66.927102,0 26.209189,66.925514,0 26.206487,66.924482,0 26.204594,66.923149,0 26.204017,66.922023,0 26.202989,66.909981,0 26.203044,66.901553,0 26.200553,66.896359,0 26.199262,66.894738,0 26.194271,66.890936,0 26.182828,66.885250,0 26.180991,66.883518,0 26.180387,66.882007,0 26.180864,66.879988,0 26.183213,66.876062,0 26.185655,66.873341,0 26.188720,66.866653,0 26.192043,66.843283,0 26.194387,66.839730,0 26.210848,66.825382,0 26.222632,66.794650,0 26.224699,66.792621,0 26.233627,66.786302,0 26.235204,66.784346,0 26.237433,66.777651,0 26.237202,66.760673,0 26.240679,66.754178,0 26.242661,66.752278,0 26.246031,66.750370,0 26.255572,66.747399,0 26.260656,66.744953,0 26.266970,66.739057,0 26.277149,66.732755,0 26.279293,66.730366,0 26.280472,66.727096,0 26.279369,66.722282,0 26.276684,66.718826,0 26.273772,66.716559,0 26.266230,66.712318,0 26.259536,66.707782,0 26.253935,66.700371,0 26.249834,66.698085,0 26.239575,66.694832,0 26.234896,66.692802,0 26.224837,66.685647,0 26.204583,66.675014,0 26.200239,66.671486,0 26.199282,66.669412,0 26.198182,66.661415,0 26.194924,66.654098,0 26.194667,66.650290,0 26.196343,66.646080,0 26.203899,66.636550,0 26.206188,66.626425,0 26.204926,66.624226,0 26.203553,66.623411,0 26.200286,66.622354,0 26.171398,66.618231,0 26.160860,66.615768,0 26.155081,66.614702,0 26.118490,66.610989,0 26.110242,66.609848,0 26.091067,66.606601,0 26.085777,66.604855,0 26.080232,66.601787,0 26.074368,66.599467,0 26.052988,66.592790,0 26.041932,66.587639,0 26.027704,66.583897,0 25.992579,66.572071,0 25.984010,66.569822,0 25.977704,66.568753,0 25.971338,66.568065,0 25.946913,66.566344,0 25.941999,66.565428,0 25.930909,66.562451,0 25.911833,66.560717,0 25.907795,66.559502,0 25.900771,66.554721,0 25.896885,66.552819,0 25.891693,66.551272,0 25.883903,66.549751,0 25.839056,66.543468,0 25.828503,66.542764,0 25.813317,66.542308,0 25.804623,66.541544,0 25.794488,66.540011,0 25.785005,66.537960,0 25.774317,66.534649,0 25.768777,66.532368,0 25.763786,66.529731,0 25.758744,66.526254,0 25.754296,66.521252,0 25.749028,66.517058,0 25.730897,66.507061,0 25.725130,66.503497,0 25.727417,66.504494,0 25.729400,66.503900,0 25.465100,65.012100,0 25.489158,65.005869,0 25.498530,65.005706,0 25.504415,65.005130,0 25.504189,65.004832,0 25.506694,65.002321,0 25.506847,65.000186,0 25.504618,64.991500,0 25.504729,64.987556,0 25.506567,64.982760,0 25.511325,64.974195,0 25.512991,64.967078,0 25.514684,64.963026,0 25.516949,64.959609,0 25.519388,64.957094,0 25.527807,64.950958,0 25.534200,64.945063,0 25.538394,64.939270,0 25.539941,64.934312,0 25.539130,64.928673,0 25.535913,64.923034,0 25.534897,64.919850,0 25.534881,64.916316,0 25.536456,64.910974,0 25.536097,64.907053,0 25.534824,64.904435,0 25.532823,64.902035,0 25.524925,64.896309,0 25.521443,64.891722,0 25.518990,64.866060,0 25.516639,64.860913,0 25.507877,64.849555,0 25.506226,64.846657,0 25.505167,64.842513,0 25.506170,64.834726,0 25.505530,64.831721,0 25.503727,64.828821,0 25.501221,64.826425,0 25.489549,64.818012,0 25.486640,64.816083,0 25.485054,64.815465,0 25.487336,64.813621,0 25.491086,64.811849,0 25.538489,64.791491,0 25.546068,64.784657,0 25.547999,64.779538,0 25.547887,64.762802,0 25.549579,64.756103,0 25.556166,64.750295,0 25.559892,64.747744,0 25.568570,64.737644,0 25.568410,64.714660,0 25.568976,64.711284,0 25.571002,64.707382,0 25.574572,64.702358,0 25.577894,64.698745,0 25.596605,64.686388,0 25.600004,64.683345,0 25.601412,64.679847,0 25.602453,64.670534,0 25.604635,64.667132,0 25.625089,64.649524,0 25.634334,64.643557,0 25.639768,64.638808,0 25.642807,64.634007,0 25.648254,64.612753,0 25.677367,64.580983,0 25.681568,64.562273,0 25.681232,64.557265,0 25.680208,64.553929,0 25.664307,64.522789,0 25.662539,64.520324,0 25.657799,64.515876,0 25.656860,64.514455,0 25.656889,64.512712,0 25.660686,64.503238,0 25.662611,64.501418,0 25.684503,64.490624,0 25.693891,64.484498,0 25.810007,64.415874,0 25.815313,64.412948,0 25.826418,64.408316,0 25.829591,64.405627,0 25.832431,64.399649,0 25.841093,64.387533,0 25.843097,64.385424,0 25.845073,64.383968,0 25.848990,64.381939,0 25.875972,64.371140,0 25.881003,64.368595,0 25.883632,64.366792,0 25.886381,64.364058,0 25.887731,64.361935,0 25.888560,64.359142,0 25.888203,64.355746,0 25.886792,64.353021,0 25.884432,64.350442,0 25.874678,64.342083,0 25.868064,64.333114,0 25.866737,64.330161,0 25.865309,64.321942,0 25.864076,64.319835,0 25.858303,64.313018,0 25.856938,64.309871,0 25.857176,64.304661,0 25.858549,64.299000,0 25.859858,64.295984,0 25.863821,64.291732,0 25.874849,64.282887,0 25.875870,64.281466,0 25.875853,64.279978,0 25.874551,64.278459,0 25.871041,64.276214,0 25.869297,64.274222,0 25.868549,64.267651,0 25.861495,64.254833,0 25.846809,64.239883,0 25.832307,64.219686,0 25.808692,64.197509,0 25.806400,64.194475,0 25.804903,64.182307,0 25.800639,64.169466,0 25.798306,64.147072,0 25.801546,64.114115,0 25.800603,64.083922,0 25.797574,64.058957,0 25.782632,64.034019,0 25.779863,64.031291,0 25.766083,64.020370,0 25.763973,64.018200,0 25.755613,64.003991,0 25.755046,64.001781,0 25.755093,63.997111,0 25.755617,63.994754,0 25.759280,63.988662,0 25.759230,63.986030,0 25.757437,63.981521,0 25.760178,63.975689,0 25.761913,63.974213,0 25.763074,63.973804,0 25.785650,63.959609,0 25.789011,63.958027,0 25.798260,63.954887,0 25.804371,63.951552,0 25.818892,63.937453,0 25.821113,63.934166,0 25.821590,63.931755,0 25.821229,63.929698,0 25.818464,63.924593,0 25.816749,63.923036,0 25.803073,63.913613,0 25.800692,63.911060,0 25.797546,63.899788,0 25.800182,63.889306,0 25.801979,63.886303,0 25.813885,63.874200,0 25.817958,63.871810,0 25.827037,63.867660,0 25.831818,63.864469,0 25.838138,63.857918,0 25.845343,63.852532,0 25.848930,63.848120,0 25.860933,63.836672,0 25.863396,63.835236,0 25.876790,63.829319,0 25.884845,63.825048,0 25.898140,63.816253,0 25.907886,63.810972,0 25.911054,63.808756,0 25.913987,63.805217,0 25.917202,63.796178,0 25.919888,63.791990,0 25.924940,63.787411,0 25.935396,63.780740,0 25.938339,63.777979,0 25.940207,63.775479,0 25.941626,63.772340,0 25.942785,63.765324,0 25.946641,63.755084,0 25.946417,63.752373,0 25.944610,63.749715,0 25.933970,63.740096,0 25.922964,63.733390,0 25.919333,63.730418,0 25.917162,63.727808,0 25.916046,63.724214,0 25.917654,63.710753,0 25.916932,63.708037,0 25.882326,63.667615,0 25.879372,63.664750,0 25.875337,63.662720,0 25.829466,63.645213,0 25.810025,63.639586,0 25.801992,63.636681,0 25.791482,63.634245,0 25.787888,63.632521,0 25.785888,63.630852,0 25.784738,63.628352,0 25.784746,63.616719,0 25.791559,63.608411,0 25.797701,63.602911,0 25.798658,63.601270,0 25.798786,63.599763,0 25.797630,63.597557,0 25.791329,63.591851,0 25.775261,63.582534,0 25.772862,63.580736,0 25.770884,63.578516,0 25.768778,63.575035,0 25.763521,63.571183,0 25.761799,63.569306,0 25.760810,63.566888,0 25.760889,63.565061,0 25.764102,63.553401,0 25.763066,63.550603,0 25.743130,63.531079,0 25.734488,63.518678,0 25.732322,63.516304,0 25.728054,63.513962,0 25.668989,63.491177,0 25.658776,63.484290,0 25.655542,63.481615,0 25.653859,63.479669,0 25.648395,63.470452,0 25.642277,63.464622,0 25.639430,63.456359,0 25.639834,63.454178,0 25.646131,63.438077,0 25.641309,63.426257,0 25.641125,63.424787,0 25.642398,63.418875,0 25.643421,63.408130,0 25.646057,63.399342,0 25.645044,63.396355,0 25.641539,63.393448,0 25.636411,63.391284,0 25.610747,63.384605,0 25.602434,63.382191,0 25.587606,63.375507,0 25.585674,63.373938,0 25.585058,63.372113,0 25.585860,63.369708,0 25.589004,63.364741,0 25.595034,63.359326,0 25.596476,63.357524,0 25.598146,63.354051,0 25.601607,63.349261,0 25.603305,63.343059,0 25.607104,63.337877,0 25.607803,63.334863,0 25.606932,63.327138,0 25.607853,63.324888,0 25.632069,63.300796,0 25.636740,63.297096,0 25.638472,63.295068,0 25.639155,63.292778,0 25.637889,63.287129,0 25.637994,63.284806,0 25.640538,63.280485,0 25.642465,63.275240,0 25.647101,63.265641,0 25.648252,63.259656,0 25.649563,63.257967,0 25.654767,63.253322,0 25.659269,63.247430,0 25.665074,63.240953,0 25.665055,63.238674,0 25.661289,63.228695,0 25.661901,63.226048,0 25.663419,63.224052,0 25.665962,63.222094,0 25.671896,63.218608,0 25.679011,63.209482,0 25.684432,63.204956,0 25.695580,63.198132,0 25.700782,63.194026,0 25.710850,63.190083,0 25.717470,63.185296,0 25.727119,63.181199,0 25.734397,63.176641,0 25.741524,63.172887,0 25.750395,63.166169,0 25.754241,63.162310,0 25.758739,63.159371,0 25.760658,63.157379,0 25.761840,63.155090,0 25.761918,63.152778,0 25.761159,63.149556,0 25.761619,63.147757,0 25.766264,63.140620,0 25.770819,63.132098,0 25.773013,63.128790,0 25.774657,63.127236,0 25.777849,63.125437,0 25.783406,63.123123,0 25.792130,63.118278,0 25.796450,63.116262,0 25.802486,63.113947,0 25.814152,63.110183,0 25.852696,63.094003,0 25.859543,63.089810,0 25.860830,63.088677,0 25.863374,63.083383,0 25.866605,63.078637,0 25.866500,63.077381,0 25.865190,63.075524,0 25.857614,63.070567,0 25.850140,63.064524,0 25.845003,63.058978,0 25.840345,63.056510,0 25.830828,63.053615,0 25.828498,63.052440,0 25.827085,63.051357,0 25.824796,63.048052,0 25.823180,63.046589,0 25.817128,63.043036,0 25.812342,63.039697,0 25.811068,63.038556,0 25.809931,63.036456,0 25.810173,63.033723,0 25.824329,63.010835,0 25.825617,63.006638,0 25.824886,62.999430,0 25.818796,62.975452,0 25.821789,62.954684,0 25.821444,62.950471,0 25.818929,62.944967,0 25.809711,62.934440,0 25.808592,62.931733,0 25.809276,62.928483,0 25.810842,62.926498,0 25.816935,62.921450,0 25.818446,62.919164,0 25.819155,62.916379,0 25.809636,62.875970,0 25.815297,62.832431,0 25.814447,62.829755,0 25.812619,62.827406,0 25.809859,62.825160,0 25.804516,62.821926,0 25.802814,62.819457,0 25.802919,62.817217,0 25.807583,62.806853,0 25.807328,62.801845,0 25.805968,62.798223,0 25.802625,62.794745,0 25.788256,62.785117,0 25.783608,62.780076,0 25.781484,62.774608,0 25.770330,62.735291,0 25.767715,62.732429,0 25.754998,62.723661,0 25.753347,62.722112,0 25.752510,62.720421,0 25.752365,62.718831,0 25.753158,62.716492,0 25.763681,62.703623,0 25.766140,62.693683,0 25.765803,62.692189,0 25.763916,62.690177,0 25.757451,62.687321,0 25.755000,62.685083,0 25.754806,62.682563,0 25.756217,62.680191,0 25.756677,62.678056,0 25.755468,62.674846,0 25.753995,62.673210,0 25.706166,62.644352,0 25.700696,62.642390,0 25.692885,62.641425,0 25.689559,62.640524,0 25.686740,62.639016,0 25.685399,62.637580,0 25.684892,62.636169,0 25.684480,62.626348,0 25.683449,62.622290,0 25.683893,62.617388,0 25.684647,62.615324,0 25.688116,62.610569,0 25.689270,62.608098,0 25.689652,62.604924,0 25.688894,62.601036,0 25.689409,62.597997,0 25.695067,62.590075,0 25.695541,62.586807,0 25.693712,62.583416,0 25.691317,62.581230,0 25.688986,62.580019,0 25.680708,62.576811,0 25.676084,62.573862,0 25.673356,62.570902,0 25.671932,62.567217,0 25.672171,62.564019,0 25.674837,62.555794,0 25.676772,62.551503,0 25.688295,62.512329,0 25.688037,62.510481,0 25.685541,62.504236,0 25.675404,62.483877,0 25.670496,62.470879,0 25.670166,62.468242,0 25.671920,62.456724,0 25.672808,62.454848,0 25.684745,62.440227,0 25.687937,62.435583,0 25.693134,62.424437,0 25.693370,62.420869,0 25.692803,62.416083,0 25.693467,62.413371,0 25.705714,62.392151,0 25.707474,62.388202,0 25.706793,62.383495,0 25.703100,62.377937,0 25.702231,62.375812,0 25.699671,62.358859,0 25.699894,62.355679,0 25.703415,62.345073,0 25.704145,62.341184,0 25.703715,62.338903,0 25.699041,62.327926,0 25.698471,62.323854,0 25.699105,62.319751,0 25.702337,62.313964,0 25.712040,62.304946,0 25.713810,62.302726,0 25.717779,62.294153,0 25.727949,62.279017,0 25.731051,62.268212,0 25.732193,62.266497,0 25.735900,62.264060,0 25.740781,62.261780,0 25.744661,62.260687,0 25.752095,62.259397,0 25.758562,62.256333,0 25.766563,62.254729,0 25.768703,62.253970,0 25.770180,62.252921,0 25.770820,62.251755,0 25.770469,62.247249,0 25.768771,62.245738,0 25.761716,62.244100,0 25.756919,62.241230,0 25.749078,62.237364,0 25.745425,62.235873,0 25.735481,62.232770,0 25.731173,62.230330,0 25.727848,62.227143,0 25.726198,62.224178,0 25.724962,62.219584,0 25.725277,62.216062,0 25.724809,62.214643,0 25.722930,62.213039,0 25.713689,62.207937,0 25.710475,62.205006,0 25.709711,62.203567,0 25.709506,62.198647,0 25.707476,62.195437,0 25.704695,62.193312,0 25.687490,62.184699,0 25.683634,62.182054,0 25.681615,62.180065,0 25.680092,62.177481,0 25.679621,62.174769,0 25.680178,62.172174,0 25.682370,62.167969,0 25.682422,62.164998,0 25.681511,62.163079,0 25.677150,62.158858,0 25.675570,62.156123,0 25.674715,62.148073,0 25.673632,62.145448,0 25.670980,62.141407,0 25.669052,62.135089,0 25.667809,62.132881,0 25.660942,62.125729,0 25.654346,62.115701,0 25.649981,62.111062,0 25.630028,62.096085,0 25.614249,62.087378,0 25.612080,62.085677,0 25.610752,62.083620,0 25.610114,62.078131,0 25.608711,62.074985,0 25.606800,62.072921,0 25.601373,62.068713,0 25.598609,62.065209,0 25.597680,62.061984,0 25.598057,62.059307,0 25.606166,62.044486,0 25.607005,62.041177,0 25.605594,62.037256,0 25.599739,62.031335,0 25.595076,62.028816,0 25.586477,62.025254,0 25.581665,62.023611,0 25.575460,62.022125,0 25.561456,62.019844,0 25.551257,62.016764,0 25.547609,62.015038,0 25.532944,62.005725,0 25.528811,62.004268,0 25.514215,62.000783,0 25.500174,61.999411,0 25.489877,61.997364,0 25.480452,61.996024,0 25.469007,61.992728,0 25.462751,61.992038,0 25.447811,61.991910,0 25.436347,61.991149,0 25.430842,61.990356,0 25.426876,61.989455,0 25.419739,61.986951,0 25.406623,61.980513,0 25.381523,61.967258,0 25.377097,61.964519,0 25.371806,61.960569,0 25.351723,61.940658,0 25.349228,61.936701,0 25.347292,61.931531,0 25.342711,61.925874,0 25.340459,61.921215,0 25.338477,61.919118,0 25.335825,61.917131,0 25.322961,61.911081,0 25.313305,61.907015,0 25.305563,61.901092,0 25.299500,61.897777,0 25.291102,61.891183,0 25.282679,61.887217,0 25.276688,61.883908,0 25.273383,61.882591,0 25.259803,61.878940,0 25.248335,61.874521,0 25.236344,61.871036,0 25.229968,61.868269,0 25.221380,61.865818,0 25.199847,61.857565,0 25.189636,61.852970,0 25.186232,61.851844,0 25.180391,61.850860,0 25.164686,61.850146,0 25.160113,61.849569,0 25.118962,61.837621,0 25.092993,61.832539,0 25.081538,61.828534,0 25.075305,61.826817,0 25.066488,61.825555,0 25.044632,61.823629,0 25.028273,61.819923,0 25.019720,61.818435,0 25.012592,61.816435,0 25.002980,61.811849,0 24.997044,61.809739,0 24.977056,61.805202,0 24.966339,61.801675,0 24.956210,61.799585,0 24.949880,61.797868,0 24.944326,61.795889,0 24.931291,61.789917,0 24.918038,61.786057,0 24.895695,61.778050,0 24.884162,61.772247,0 24.876354,61.767063,0 24.874152,61.766224,0 24.867867,61.764807,0 24.864782,61.763832,0 24.854006,61.757257,0 24.849739,61.756112,0 24.841801,61.755003,0 24.818311,61.747777,0 24.808890,61.744785,0 24.801039,61.740673,0 24.793890,61.738337,0 24.776100,61.735066,0 24.773220,61.734833,0 24.767468,61.735158,0 24.757309,61.737278,0 24.751847,61.737539,0 24.746394,61.736901,0 24.734770,61.734364,0 24.713990,61.731851,0 24.709170,61.731522,0 24.675438,61.731002,0 24.670184,61.730425,0 24.664344,61.728743,0 24.654630,61.723767,0 24.653019,61.722783,0 24.647913,61.718201,0 24.644166,61.716196,0 24.627855,61.711089,0 24.623697,61.710181,0 24.619370,61.709650,0 24.607085,61.709081,0 24.595294,61.707981,0 24.587988,61.707567,0 24.569806,61.707673,0 24.564480,61.707126,0 24.557292,61.705856,0 24.554466,61.705655,0 24.547633,61.706007,0 24.544950,61.706480,0 24.533342,61.709643,0 24.527636,61.710479,0 24.523365,61.710774,0 24.496636,61.710443,0 24.457699,61.707403,0 24.451402,61.706357,0 24.445683,61.704932,0 24.404093,61.690637,0 24.401703,61.690028,0 24.397830,61.689398,0 24.383157,61.688096,0 24.364240,61.685060,0 24.352793,61.684854,0 24.345933,61.684132,0 24.316993,61.677218,0 24.304947,61.675169,0 24.297056,61.672885,0 24.282704,61.669559,0 24.273855,61.666784,0 24.268316,61.664650,0 24.257476,61.660042,0 24.244320,61.653626,0 24.238045,61.651027,0 24.211746,61.642469,0 24.198082,61.638696,0 24.192133,61.636623,0 24.186178,61.634015,0 24.176915,61.628906,0 24.163763,61.622727,0 24.157277,61.619217,0 24.151641,61.615451,0 24.140575,61.606684,0 24.130826,61.600363,0 24.127320,61.597698,0 24.124178,61.593499,0 24.122825,61.585639,0 24.121581,61.583052,0 24.119506,61.580516,0 24.105577,61.569920,0 24.096519,61.559961,0 24.091883,61.556802,0 24.086012,61.553909,0 24.078303,61.551308,0 24.064654,61.548334,0 24.052996,61.545051,0 24.048816,61.544382,0 24.037184,61.543352,0 24.031326,61.542514,0 24.011092,61.538241,0 24.001651,61.537243,0 23.994554,61.537010,0 23.989113,61.537114,0 23.978423,61.537836,0 23.973109,61.537810,0 23.966192,61.537137,0 23.960479,61.535953,0 23.955348,61.534250,0 23.945644,61.529918,0 23.935902,61.527130,0 23.931136,61.525272,0 23.925412,61.521549,0 23.917987,61.517576,0 23.911481,61.511696,0 23.907863,61.509143,0 23.903127,61.506754,0 23.897265,61.504381,0 23.892030,61.501391,0 23.889103,61.500158,0 23.886533,61.499610,0 23.883848,61.499686,0 23.882570,61.499115,0 23.881668,61.499152,0 23.868685,61.501596,0 23.862638,61.503264,0 23.855203,61.503889,0 23.847109,61.505277,0 23.836931,61.505914,0 23.834263,61.505830,0 23.825523,61.504783,0 23.809205,61.502528,0 23.802839,61.502089,0 23.803214,61.503308,0 23.802714,61.503698,0 23.797586,61.505200,0 23.791944,61.506037,0 23.784830,61.506483,0 23.776553,61.507368,0 23.772953,61.507102,0 23.762373,61.504099,0 23.757703,61.503223,0 23.762940,61.504243,0 23.772197,61.506931,0 23.775624,61.507377,0 23.794047,61.505795,0 23.798373,61.505042,0 23.802257,61.503880,0 23.805514,61.502331,0 23.809141,61.499797,0 23.817567,61.497058,0 23.820189,61.495278,0 23.823478,61.491392,0 23.829560,61.480885,0 23.832012,61.478410,0 23.837274,61.474173,0 23.838976,61.472130,0 23.835507,61.470529,0 23.825329,61.469331,0 23.819345,61.468074,0 23.805673,61.463006,0 23.796696,61.461130,0 23.791630,61.460632,0 23.787664,61.460634,0 23.783752,61.461037,0 23.773558,61.462997,0 23.771278,61.462937,0 23.769420,61.462393,0 23.768101,61.461139,0 23.768333,61.458473,0 23.766179,61.450558,0 23.762895,61.444468,0 23.756093,61.434196,0 23.754670,61.430850,0 23.754223,61.428202,0 23.754745,61.424623,0 23.755963,61.422251,0 23.758462,61.419853,0 23.762817,61.417093,0 23.764256,61.415484,0 23.764814,61.413912,0 23.764775,61.410240,0 23.765944,61.408099,0 23.768603,61.405923,0 23.777643,61.400697,0 23.781867,61.397540,0 23.786151,61.392610,0 23.789941,61.385332,0 23.791159,61.380531,0 23.789964,61.373790,0 23.790065,61.368591,0 23.791691,61.359248,0 23.789406,61.350071,0 23.789041,61.346296,0 23.789741,61.342510,0 23.790993,61.339740,0 23.793198,61.336610,0 23.797577,61.332301,0 23.811453,61.321994,0 23.816433,61.317882,0 23.820688,61.313249,0 23.823096,61.308844,0 23.823471,61.305880,0 23.822606,61.302486,0 23.819257,61.297234,0 23.813445,61.291225,0 23.810987,61.287985,0 23.809301,61.284245,0 23.809123,61.280867,0 23.810314,61.277684,0 23.813065,61.274407,0 23.815641,61.272449,0 23.825458,61.266548,0 23.830581,61.262282,0 23.834434,61.257720,0 23.836842,61.253250,0 23.838158,61.246670,0 23.836983,61.237238,0 23.837014,61.232735,0 23.839069,61.219181,0 23.838716,61.210253,0 23.839132,61.205890,0 23.838230,61.204318,0 23.835729,61.203039,0 23.826995,61.200730,0 23.821050,61.198526,0 23.815228,61.195416,0 23.808925,61.190311,0 23.805479,61.188295,0 23.799192,61.185950,0 23.793719,61.184770,0 23.786877,61.184077,0 23.779402,61.184191,0 23.772022,61.184858,0 23.751845,61.187682,0 23.743289,61.188247,0 23.735057,61.188339,0 23.726959,61.187956,0 23.721639,61.187151,0 23.717194,61.185924,0 23.712467,61.183848,0 23.709675,61.181969,0 23.707598,61.179806,0 23.703536,61.172504,0 23.696827,61.163546,0 23.695419,61.160407,0 23.694515,61.152263,0 23.693041,61.147981,0 23.691762,61.145955,0 23.689937,61.144182,0 23.674788,61.135022,0 23.670252,61.131836,0 23.658013,61.121719,0 23.652934,61.118252,0 23.648830,61.116085,0 23.643833,61.113951,0 23.635192,61.111139,0 23.627359,61.109347,0 23.612591,61.107071,0 23.603794,61.105040,0 23.587735,61.100900,0 23.570138,61.095215,0 23.560319,61.092464,0 23.557696,61.091446,0 23.554067,61.089378,0 23.548800,61.085311,0 23.546360,61.083983,0 23.543259,61.082992,0 23.535360,61.081431,0 23.532751,61.080469,0 23.530252,61.079045,0 23.528197,61.076996,0 23.525732,61.070890,0 23.522323,61.066472,0 23.519672,61.063969,0 23.510081,61.056501,0 23.506747,61.052812,0 23.504483,61.049487,0 23.502055,61.043515,0 23.501363,61.033981,0 23.500010,61.030926,0 23.497971,61.028145,0 23.492166,61.022619,0 23.489709,61.021183,0 23.481261,61.017375,0 23.478201,61.015040,0 23.471366,61.006900,0 23.465899,60.998846,0 23.457725,60.989711,0 23.453461,60.987538,0 23.446099,60.984743,0 23.439061,60.981167,0 23.435323,60.979876,0 23.420266,60.976799,0 23.415097,60.975293,0 23.405670,60.971834,0 23.388363,60.964340,0 23.381715,60.962039,0 23.374843,60.960117,0 23.365565,60.958140,0 23.350814,60.956033,0 23.345352,60.954992,0 23.304275,60.945217,0 23.266296,60.937099,0 23.246056,60.931916,0 23.219546,60.924310,0 23.161050,60.908159,0 23.135141,60.899864,0 23.106201,60.891164,0 23.091271,60.885874,0 23.077417,60.879838,0 23.063054,60.872124,0 23.052558,60.865102,0 23.038731,60.853874,0 23.031042,60.849094,0 23.012163,60.840456,0 22.997524,60.833334,0 22.971976,60.823747,0 22.963666,60.820109,0 22.946264,60.814055,0 22.939435,60.811265,0 22.933430,60.808268,0 22.917422,60.799018,0 22.874689,60.780654,0 22.865831,60.776751,0 22.861518,60.774494,0 22.855984,60.770630,0 22.847136,60.760575,0 22.840908,60.755725,0 22.835674,60.752912,0 22.826444,60.748925,0 22.818198,60.744815,0 22.815516,60.743047,0 22.806771,60.735615,0 22.802678,60.732621,0 22.778128,60.718562,0 22.773478,60.716209,0 22.769070,60.714473,0 22.761301,60.712162,0 22.745265,60.708956,0 22.738652,60.707379,0 22.712270,60.698537,0 22.682564,60.689492,0 22.669487,60.685186,0 22.658114,60.680858,0 22.648505,60.676681,0 22.639537,60.672150,0 22.625669,60.664189,0 22.620977,60.661994,0 22.615659,60.660064,0 22.607508,60.657947,0 22.575993,60.651890,0 22.570060,60.650368,0 22.565282,60.648776,0 22.558492,60.645733,0 22.553033,60.642361,0 22.550550,60.639783,0 22.549212,60.636843,0 22.547199,60.634421,0 22.538844,60.629203,0 22.532413,60.624102,0 22.529099,60.621936,0 22.523134,60.619222,0 22.509950,60.614592,0 22.504800,60.612501,0 22.500330,60.610075,0 22.492120,60.604055,0 22.488798,60.602096,0 22.485127,60.600445,0 22.475435,60.597253,0 22.472272,60.595880,0 22.463773,60.590200,0 22.453401,60.585355,0 22.444521,60.579264,0 22.433717,60.573562,0 22.426571,60.568311,0 22.422152,60.565920,0 22.414416,60.563453,0 22.397899,60.559700,0 22.378955,60.553984,0 22.355892,60.548806,0 22.350126,60.547097,0 22.334074,60.541463,0 22.316358,60.537111,0 22.312055,60.535493,0 22.308405,60.533026,0 22.306673,60.530631,0 22.305522,60.523584,0 22.302808,60.516327,0 22.301808,60.510484,0 22.301006,60.508527,0 22.297957,60.505933,0 22.291974,60.503225,0 22.288841,60.501328,0 22.286593,60.499047,0 22.285488,60.497223,0 22.285637,60.496558,0 22.286539,60.496254,0 22.287512,60.496500,0 22.287535,60.496943,0 22.286667,60.497246,0 22.294162,60.497004,0 22.299792,60.496130,0 22.306747,60.494245,0 22.313715,60.491129,0 22.323594,60.484212,0 22.327842,60.481934,0 22.332473,60.480170,0 22.352102,60.474386,0 22.354782,60.473225,0 22.357718,60.470788,0 22.348469,60.467228,0 22.328282,60.462613,0 22.316882,60.461307,0 22.296501,60.455195,0 22.287821,60.453804,0 22.277717,60.450407,0 22.266600,60.451800,0 24.938400,60.169900,0 28.751900,60.709700,0 30.360900,59.931100,0 35.900600,56.858700,0 37.617300,55.755800,0 30.523400,50.450100,0 30.723300,46.482500,0 28.978400,41.008200,0 27.215900,38.463600,0 26.996563,38.436651,0 26.777392,38.409293,0 26.558387,38.381527,0 26.339552,38.353355,0 26.120888,38.324776,0 25.902398,38.295791,0 25.684083,38.266401,0 25.465946,38.236607,0 25.247990,38.206410,0 25.030215,38.175810,0 24.812624,38.144808,0 24.595219,38.113406,0 24.378002,38.081603,0 24.160975,38.049400,0 23.944141,38.016799,0 23.727500,37.983800,0 23.549756,37.971064,0 23.194456,37.944790,0 23.016903,37.931252,0 22.661995,37.903378,0 22.484644,37.889041,0 22.130151,37.859569,0 21.953012,37.844435,0 21.598955,37.813372,0 21.422040,37.797443,0 21.068441,37.764792,0 20.891760,37.748071,0 20.538641,37.713838,0 20.362205,37.696326,0 20.009585,37.660516,0 19.833404,37.642217,0 19.481306,37.604834,0 19.305391,37.585751,0 18.953834,37.546802,0 18.778194,37.526937,0 18.427199,37.486427,0 18.251845,37.465783,0 17.901430,37.423718,0 17.726372,37.402298,0 17.376558,37.358684,0 17.201805,37.336492,0 16.852611,37.291336,0 16.678173,37.268374,0 16.329618,37.221682,0 16.155503,37.197954,0 15.807605,37.149734,0 15.633823,37.125242,0 15.286600,37.075500,0 13.361500,38.115700,0 13.159479,38.036402,0 12.957896,37.956758,0 12.756751,37.876772,0 12.556043,37.796444,0 12.355772,37.715776,0 12.155937,37.634771,0 11.956539,37.553429,0 11.757576,37.471752,0 11.559049,37.389743,0 11.360956,37.307402,0 11.163298,37.224732,0 10.966073,37.141734,0 10.769282,37.058411,0 10.572923,36.974763,0 10.376996,36.890792,0 10.181500,36.806500,0 3.058800,36.753800,0 -7.589800,33.573100,0</coordinates>
    </LineString>
  </Placemark>
  <Placemark>
    <name>Brandenburg Hbf–Hel</name>
    <description><![CDATA[<b>Brandenburg Hbf–Hel</b><br/>Stadler KISS EMU, Flügelungskonzept 5+3 (8-teiliger Verband Brandenburg-Gdynia Główna, danach solo 3-Teiler Gdynia-Hel), Systemwechsel 15 kV AC / 3 kV DC in Pasewalk<br/>Konventionelle Elektro-Schnellbahn (kein Maglev) auf realen PKP-/DB-Streckennummern, Kopfmachen in Pasewalk (7 Min) und Tczew (8 Min), Flügelung (Schwächen) in Gdynia Główna (13 Min), Gesamtfahrzeit 9 Std. 12 Min.<br/><br/><b>Beispielfahrt (Stopliste):</b><br/>Brandenburg Hbf: ab 07:00<br/>Potsdam Hbf: an 07:20 / ab 07:22<br/>Berlin-Wannsee: an 07:30 / ab 07:32<br/>Berlin Hbf (tief): an 07:47 / ab 07:53<br/>Berlin Potsdamer Platz: an 07:57 / ab 07:59<br/>Flughafen BER: an 08:19 / ab 08:22<br/>Bernau (b Berlin): an 08:52 / ab 08:54<br/>Eberswalde Hbf: an 09:08 / ab 09:10<br/>Angermünde: an 09:23 / ab 09:25<br/>Pasewalk: an 10:00 / ab 10:07<br/>Szczecin Główny: an 10:37 / ab 10:42<br/>Runowo Pomorskie: an 11:12 / ab 11:13<br/>Szczecinek: an 11:53 / ab 11:55<br/>Chojnice: an 12:30 / ab 12:32<br/>Starogard Gdański: an 13:12 / ab 13:13<br/>Tczew: an 13:28 / ab 13:36<br/>Gdańsk Główny: an 13:56 / ab 13:59<br/>Gdańsk Wrzeszcz: an 14:05 / ab 14:07<br/>Gdańsk Zaspa: an 14:10 / ab 14:11<br/>Gdynia Wzgórze Św. Maksymiliana: an 14:23 / ab 14:24<br/>Gdynia Główna: an 14:27 / ab 14:40<br/>Gdynia Chylonia: an 14:46 / ab 14:47<br/>Rumia Janowo: an 14:51 / ab 14:52<br/>Rumia: an 14:55 / ab 14:56<br/>Reda: an 15:00 / ab 15:02<br/>Mrzezino: an 15:09 / ab 15:10<br/>Żelistrzewo: an 15:15 / ab 15:16<br/>Puck: an 15:21 / ab 15:22<br/>Swarzewo: an 15:27 / ab 15:28<br/>Władysławowo: an 15:33 / ab 15:35<br/>Władysławowo Port: an 15:38 / ab 15:39<br/>Chałupy: an 15:44 / ab 15:45<br/>Kuźnica: an 15:51 / ab 15:52<br/>Jastarnia: an 15:59 / ab 16:00<br/>Jurata: an 16:05 / ab 16:06<br/>Hel: an 16:13<br/><style>@media (prefers-color-scheme: dark) { body { background:#1e1e1e; color:#eee; } }</style>]]></description>
    <LookAt>
      <longitude>15.673350</longitude>
      <latitude>53.578982</latitude>
      <altitude>0</altitude>
      <heading>0</heading>
      <tilt>0</tilt>
      <range>295764</range>
      <altitudeMode>clampToGround</altitudeMode>
    </LookAt>
    <styleUrl>#line_brandenburg_hel</styleUrl>
    <LineString>
      <tessellate>1</tessellate>
      <coordinates>12.545300,52.409000,0 13.064500,52.390600,0 13.178900,52.422900,0 13.369400,52.525000,0 13.375900,52.509600,0 13.503300,52.366700,0 13.589200,52.679700,0 13.811500,52.833900,0 13.996700,53.021900,0 14.000000,53.503900,0 14.551800,53.425700,0 15.527900,53.552118,0 16.699400,53.706100,0 17.557800,53.696600,0 18.530800,53.968900,0 18.799700,54.092400,0 18.646600,54.355900,0 18.618300,54.373300,0 18.637485,54.392034,0 18.542276,54.502661,0 18.531400,54.518900,0 18.464620,54.545319,0 18.420708,54.570300,0 18.390000,54.571900,0 18.348600,54.601100,0 18.412987,54.652664,0 18.416066,54.674048,0 18.408300,54.718900,0 18.382957,54.752539,0 18.408300,54.788900,0 18.413909,54.791263,0 18.465481,54.773518,0 18.575355,54.736532,0 18.684400,54.697800,0 18.711967,54.684890,0 18.801400,54.608300,0</coordinates>
    </LineString>
  </Placemark>
  <Placemark>
    <name>Maglev Regio Lille–Bergen</name>
    <description><![CDATA[<b>Maglev Regio Lille–Bergen</b><br/>Drei-Sektoren-Bypass-Konzept: Express-Zulauf / Wattenmeer-Regio-Schleife (4-auf-3-Gleise-Spezialsetup) / Jütland-Skandinavien-Express, Moving-Block-Sekundentakt<br/>1.782 km, Lille (Turmbahnhof) bis Bergen (Ulriken-Kaverne), 6 Länder, Wattenmeer-Inseltunnel Alkmaar-Esbjerg + 140 km Skagerrak-Vakuumtunnel<br/><br/><b>Beispielfahrt (Stopliste):</b><br/>Lille (Turmbahnhof): ab 07:00<br/>Brügge (Sint-Pieters): an 07:12 / ab 07:14<br/>Vlissingen: an 07:25 / ab 07:26<br/>Hoek van Holland: an 07:35 / ab 07:36<br/>Den Haag (Turmbahnhof): an 07:41 / ab 07:43<br/>Zandvoort: an 07:50 / ab 07:51<br/>Alkmaar: an 07:57 / ab 07:58<br/>Den Helder: an 08:04 / ab 08:05<br/>Den Burg (Texel): an 08:10 / ab 08:11<br/>West-Terschelling: an 08:19 / ab 08:20<br/>Hollum (Ameland): an 08:25 / ab 08:26<br/>Ballum (Ameland): an 08:29 / ab 08:30<br/>Nes (Ameland): an 08:33 / ab 08:34<br/>Schiermonnikoog: an 08:38 / ab 08:39<br/>Borkum: an 08:45 / ab 08:46<br/>Juist: an 08:51 / ab 08:52<br/>Norderney: an 08:56 / ab 08:57<br/>Baltrum: an 09:01 / ab 09:02<br/>Langeoog: an 09:06 / ab 09:07<br/>Spiekeroog: an 09:11 / ab 09:12<br/>Wangerooge: an 09:16 / ab 09:17<br/>Helgoland (Tiefseehub): an 09:25 / ab 09:27<br/>St. Peter-Ording: an 09:37 / ab 09:38<br/>Amrum: an 09:45 / ab 09:46<br/>Hörnum (Sylt): an 09:50 / ab 09:51<br/>Westerland (Sylt / Hub): an 09:55 / ab 09:58<br/>List (Sylt): an 10:02 / ab 10:03<br/>Havneby (Rømø): an 10:07 / ab 10:08<br/>Sønderho (Fanø): an 10:14 / ab 10:15<br/>Nordby (Fanø): an 10:19 / ab 10:20<br/>Esbjerg (Turmbahnhof): an 10:24 / ab 10:26<br/>Blåvand: an 10:32 / ab 10:33<br/>Skjern: an 10:41 / ab 10:42<br/>Ringkøbing: an 10:46 / ab 10:47<br/>Holstebro: an 10:54 / ab 10:55<br/>Struer: an 10:58 / ab 10:59<br/>Thisted: an 11:08 / ab 11:09<br/>Aalborg: an 11:21 / ab 11:23<br/>Hjørring: an 11:30 / ab 11:31<br/>Hirtshals: an 11:35 / ab 11:37<br/>Kristiansand: an 12:00 / ab 12:02<br/>Mandal: an 12:09 / ab 12:10<br/>Oftebro: an 12:19 / ab 12:20<br/>Stavanger: an 12:31 / ab 12:33<br/>Haugesund: an 12:42 / ab 12:43<br/>Heiane: an 12:50 / ab 12:51<br/>Bergen: an 13:03<br/><style>@media (prefers-color-scheme: dark) { body { background:#1e1e1e; color:#eee; } }</style>]]></description>
    <LookAt>
      <longitude>6.521000</longitude>
      <latitude>55.510250</latitude>
      <altitude>0</altitude>
      <heading>0</heading>
      <tilt>0</tilt>
      <range>400000</range>
      <altitudeMode>clampToGround</altitudeMode>
    </LookAt>
    <styleUrl>#line_lille_bergen</styleUrl>
    <LineString>
      <tessellate>1</tessellate>
      <coordinates>3.057300,50.629200,0 3.210000,51.230000,0 3.573400,51.442600,0 4.133300,51.976700,0 4.392200,52.044800,0 4.341522,52.048999,0 4.753400,52.632400,0 4.760100,52.956300,0 4.791300,53.057500,0 5.005589,53.209244,0 5.221400,53.360600,0 5.432794,53.402287,0 5.644600,53.443600,0 5.674510,53.450128,0 5.738803,53.450783,0 5.952669,53.467232,0 6.166700,53.483300,0 6.415561,53.532609,0 6.665000,53.581400,0 6.857305,53.624204,0 7.050000,53.666700,0 7.162000,53.705600,0 7.373300,53.729200,0 7.502700,53.730700,0 7.685000,53.771700,0 7.890800,53.793600,0 7.887400,54.179300,0 8.074754,54.212337,0 8.262406,54.245084,0 8.450356,54.277538,0 8.638600,54.309700,0 8.494871,54.471586,0 8.350000,54.633300,0 8.337800,54.755000,0 8.307800,54.907800,0 8.433900,55.014200,0 8.570000,55.090000,0 8.416700,55.316700,0 8.416700,55.433300,0 8.450000,55.466700,0 8.116700,55.550000,0 8.493100,55.950000,0 8.244400,56.090800,0 8.615600,56.360000,0 8.600300,56.493100,0 8.693900,56.956400,0 9.921700,57.048800,0 9.984700,57.470800,0 9.960000,57.590000,0 9.718317,57.661228,0 9.475686,57.731994,0 9.232108,57.802294,0 8.987581,57.872125,0 8.742107,57.941484,0 8.495685,58.010368,0 8.248316,58.078775,0 8.000000,58.146700,0 7.450800,58.029400,0 7.093585,58.148844,0 5.733100,58.970000,0 5.268100,59.413900,0 5.455510,59.761751,0 5.322100,60.391300,0</coordinates>
    </LineString>
  </Placemark>
  <Placemark>
    <name>Münsterland-Ruhrgebiet-Express</name>
    <description><![CDATA[<b>Münsterland-Ruhrgebiet-Express</b><br/>Aero-Shuttle-Module (Kohlefaser, virtuelles Platooning), 180 Fahrgäste pro Modul<br/>153,5 km, 30,1% Tunnel / 48,7% Stelzen / 21,2% ebenerdig, Kamener Kreuz bis Winterswijk (NL)<br/><br/><b>Beispielfahrt (Stopliste):</b><br/>Kamener Kreuz: ab 07:00<br/>Kamen City: an 07:02 / ab 07:03<br/>IKEA Kamen: an 07:05 / ab 07:05<br/>Flughafen Dortmund: an 07:10 / ab 07:11<br/>Stadtkrone Ost: an 07:14 / ab 07:15<br/>Märkische Straße: an 07:17 / ab 07:18<br/>Westfalenpark: an 07:19 / ab 07:20<br/>Signal Iduna Park: an 07:21 / ab 07:22<br/>Kreuz Dortmund West: an 07:24 / ab 07:25<br/>IKEA Dortmund: an 07:27 / ab 07:28<br/>Bochum Langendreer (S): an 07:30 / ab 07:31<br/>Bochum Hbf: an 07:34 / ab 07:36<br/>Bochum Bermuda3eck: an 07:37 / ab 07:38<br/>Bochum Ehrenfeld (S): an 07:39 / ab 07:40<br/>Wattenscheider Straße: an 07:41 / ab 07:42<br/>Regio Hub Kreuz Bochum: an 07:44 / ab 07:45<br/>August-Bebel-Platz: an 07:47 / ab 07:48<br/>Ückendorfer Platz: an 07:50 / ab 07:50<br/>Gelsenkirchen Hbf/Innenstadt: an 07:52 / ab 07:53<br/>Veltins Arena: an 07:57 / ab 07:57<br/>Buer Mitte/Rathaus: an 08:00 / ab 08:00<br/>Valentinstraße: an 08:02 / ab 08:03<br/>Polsum: an 08:05 / ab 08:06<br/>Marler Straße/L608: an 08:08 / ab 08:09<br/>Dorsten Gottlieb-Daimler-Straße: an 08:11 / ab 08:12<br/>Dorsten Bahnhof/City: an 08:13 / ab 08:14<br/>Dorsten Borkener-/Friedrichstraße: an 08:16 / ab 08:16<br/>Erle Friedholt – Raesfeld: an 08:20 / ab 08:20<br/>Raesfeld Kirche: an 08:23 / ab 08:24<br/>Kreuz B70/B67: an 08:28 / ab 08:29<br/>B67/Brünener Straße: an 08:32 / ab 08:32<br/>Bocholt Bahnhof/City: an 08:35 / ab 08:36<br/>Aalten Bahnhof/City: an 08:40 / ab 08:41<br/>Winterswijk Bahnhof/City: an 08:46<br/><style>@media (prefers-color-scheme: dark) { body { background:#1e1e1e; color:#eee; } }</style>]]></description>
    <LookAt>
      <longitude>6.911971</longitude>
      <latitude>51.819715</latitude>
      <altitude>0</altitude>
      <heading>0</heading>
      <tilt>0</tilt>
      <range>82223</range>
      <altitudeMode>clampToGround</altitudeMode>
    </LookAt>
    <styleUrl>#line_muenster_ruhr</styleUrl>
    <LineString>
      <tessellate>1</tessellate>
      <coordinates>7.687939,51.604301,0 7.686912,51.600133,0 7.685903,51.599447,0 7.684947,51.599627,0 7.684717,51.600317,0 7.685236,51.600667,0 7.686693,51.600781,0 7.663185,51.600817,0 7.688451,51.600776,0 7.689109,51.600598,0 7.689468,51.600118,0 7.689095,51.599600,0 7.688390,51.599446,0 7.687699,51.599625,0 7.687375,51.600207,0 7.684938,51.591295,0 7.683104,51.587685,0 7.678477,51.582220,0 7.672713,51.577470,0 7.669893,51.574504,0 7.667649,51.571312,0 7.666166,51.568115,0 7.665227,51.563957,0 7.663262,51.545155,0 7.658628,51.522985,0 7.659173,51.523608,0 7.660293,51.523692,0 7.660910,51.523137,0 7.660533,51.522574,0 7.652643,51.522334,0 7.646742,51.521639,0 7.642580,51.520794,0 7.637547,51.519303,0 7.624218,51.514237,0 7.614782,51.511186,0 7.603897,51.508330,0 7.592283,51.506146,0 7.585433,51.505692,0 7.578331,51.506029,0 7.571868,51.506889,0 7.557534,51.509419,0 7.552643,51.509829,0 7.546480,51.509258,0 7.526157,51.506091,0 7.546480,51.509258,0 7.552643,51.509829,0 7.557534,51.509419,0 7.571868,51.506889,0 7.578331,51.506029,0 7.585433,51.505692,0 7.593255,51.506273,0 7.603897,51.508330,0 7.614782,51.511186,0 7.622589,51.513659,0 7.636212,51.518825,0 7.641317,51.520471,0 7.648002,51.521819,0 7.653174,51.522375,0 7.657689,51.522484,0 7.656510,51.522715,0 7.656195,51.523201,0 7.656495,51.523581,0 7.657156,51.523729,0 7.657979,51.523305,0 7.657548,51.521660,0 7.651839,51.509189,0 7.649273,51.505502,0 7.645875,51.502605,0 7.630203,51.491465,0 7.623503,51.485204,0 7.619652,51.483083,0 7.611336,51.480279,0 7.608343,51.478844,0 7.605736,51.476910,0 7.601286,51.472347,0 7.598974,51.470436,0 7.596038,51.468588,0 7.591884,51.466594,0 7.582650,51.463411,0 7.547166,51.453396,0 7.542705,51.451551,0 7.540082,51.449756,0 7.537915,51.447409,0 7.533286,51.436197,0 7.532410,51.434926,0 7.530898,51.434189,0 7.529317,51.434015,0 7.527500,51.434436,0 7.518740,51.438534,0 7.513373,51.440234,0 7.502070,51.442370,0 7.489230,51.443765,0 7.487987,51.444208,0 7.486868,51.445207,0 7.486397,51.449447,0 7.483544,51.454029,0 7.482982,51.455544,0 7.483673,51.462177,0 7.480694,51.469990,0 7.480991,51.476466,0 7.480212,51.479013,0 7.479189,51.480385,0 7.477541,51.481609,0 7.469140,51.485315,0 7.468040,51.486331,0 7.467417,51.487519,0 7.467718,51.492970,0 7.468753,51.495717,0 7.468649,51.497603,0 7.470670,51.498889,0 7.468649,51.497603,0 7.468753,51.495717,0 7.467718,51.492970,0 7.467417,51.487519,0 7.468156,51.486192,0 7.469479,51.485094,0 7.478029,51.481316,0 7.479443,51.480128,0 7.480407,51.478578,0 7.480991,51.476466,0 7.480694,51.469990,0 7.483711,51.461854,0 7.482982,51.455544,0 7.483544,51.454029,0 7.486397,51.449447,0 7.486675,51.446625,0 7.485787,51.444212,0 7.486406,51.444665,0 7.487169,51.444631,0 7.487516,51.444138,0 7.486942,51.443749,0 7.484402,51.443729,0 7.483584,51.444167,0 7.483923,51.444638,0 7.484687,51.444680,0 7.485122,51.444324,0 7.484998,51.443877,0 7.485943,51.445892,0 7.486442,51.448288,0 7.485875,51.450224,0 7.483565,51.453611,0 7.482814,51.455356,0 7.483505,51.461847,0 7.480469,51.470208,0 7.480797,51.476503,0 7.480221,51.478567,0 7.479286,51.480054,0 7.477488,51.481471,0 7.470948,51.484095,0 7.468408,51.485610,0 7.467168,51.487399,0 7.467191,51.489862,0 7.467168,51.487399,0 7.468408,51.485610,0 7.470948,51.484095,0 7.477488,51.481471,0 7.479286,51.480054,0 7.480221,51.478567,0 7.480797,51.476503,0 7.480469,51.470208,0 7.483505,51.461847,0 7.482757,51.455642,0 7.483302,51.454062,0 7.486092,51.449746,0 7.486459,51.447966,0 7.486186,51.446707,0 7.485282,51.445527,0 7.482698,51.444116,0 7.480137,51.443579,0 7.461142,51.441616,0 7.454352,51.441587,0 7.447985,51.442077,0 7.442017,51.442961,0 7.435265,51.444504,0 7.431323,51.445874,0 7.428475,51.447413,0 7.425034,51.450544,0 7.421587,51.456933,0 7.418003,51.460894,0 7.414456,51.463358,0 7.405484,51.467943,0 7.401316,51.470403,0 7.396004,51.474210,0 7.393664,51.476544,0 7.392067,51.479486,0 7.390852,51.485821,0 7.386418,51.493379,0 7.385789,51.496952,0 7.385887,51.498632,0 7.386775,51.499056,0 7.387740,51.498713,0 7.387661,51.498058,0 7.386649,51.497774,0 7.405020,51.495579,0 7.383886,51.498043,0 7.383241,51.498288,0 7.383032,51.498768,0 7.383361,51.499153,0 7.384156,51.499308,0 7.385040,51.498711,0 7.385000,51.497106,0 7.384544,51.496688,0 7.383918,51.496678,0 7.383453,51.496992,0 7.383529,51.497386,0 7.384091,51.497641,0 7.378898,51.497821,0 7.373478,51.497371,0 7.368704,51.496297,0 7.368037,51.494132,0 7.368377,51.495940,0 7.369092,51.496466,0 7.360528,51.493341,0 7.357869,51.492773,0 7.354955,51.492528,0 7.350146,51.492785,0 7.344470,51.493620,0 7.339251,51.494843,0 7.333838,51.496549,0 7.331624,51.496907,0 7.316540,51.496012,0 7.280558,51.496887,0 7.275392,51.496623,0 7.274316,51.495918,0 7.274076,51.494934,0 7.277381,51.488845,0 7.279565,51.479453,0 7.281604,51.476058,0 7.285413,51.471232,0 7.281604,51.476058,0 7.279789,51.478995,0 7.277138,51.489477,0 7.274811,51.493586,0 7.270961,51.497179,0 7.270998,51.497779,0 7.271946,51.497932,0 7.272411,51.497400,0 7.271783,51.496992,0 7.266760,51.496399,0 7.259322,51.494965,0 7.255901,51.494627,0 7.251623,51.494635,0 7.243461,51.495381,0 7.241417,51.495257,0 7.237253,51.494418,0 7.235470,51.494360,0 7.232062,51.495168,0 7.231775,51.495680,0 7.232268,51.495965,0 7.232912,51.495834,0 7.233157,51.495420,0 7.232045,51.494037,0 7.231934,51.493215,0 7.231589,51.494928,0 7.228746,51.496707,0 7.225483,51.497820,0 7.221228,51.498398,0 7.212272,51.498089,0 7.188549,51.495762,0 7.186319,51.494740,0 7.185193,51.493497,0 7.184907,51.492525,0 7.185126,51.489017,0 7.183759,51.485877,0 7.182491,51.484405,0 7.178821,51.481619,0 7.179204,51.481206,0 7.183769,51.479917,0 7.185416,51.478888,0 7.186622,51.477166,0 7.187601,51.473785,0 7.189612,51.471743,0 7.193678,51.469692,0 7.195566,51.468306,0 7.216819,51.477186,0 7.214466,51.472587,0 7.196878,51.466802,0 7.194606,51.469100,0 7.190010,51.471489,0 7.188182,51.472983,0 7.187218,51.474587,0 7.186500,51.477441,0 7.185179,51.479087,0 7.183361,51.480078,0 7.179204,51.481206,0 7.178839,51.481512,0 7.179042,51.481949,0 7.182491,51.484405,0 7.183759,51.485877,0 7.185126,51.489017,0 7.184907,51.492525,0 7.185193,51.493497,0 7.186319,51.494740,0 7.188549,51.495762,0 7.212272,51.498089,0 7.221228,51.498398,0 7.225028,51.497920,0 7.228241,51.496932,0 7.231504,51.495004,0 7.231965,51.493877,0 7.233157,51.495420,0 7.232388,51.495970,0 7.231775,51.495680,0 7.232108,51.495145,0 7.234036,51.494533,0 7.235975,51.494345,0 7.243215,51.495378,0 7.251623,51.494635,0 7.256507,51.494665,0 7.268232,51.496503,0 7.275247,51.497032,0 7.303061,51.496558,0 7.313617,51.496132,0 7.320978,51.496251,0 7.322080,51.496583,0 7.325797,51.499178,0 7.321820,51.496454,0 7.319415,51.496188,0 7.313276,51.496139,0 7.276124,51.497128,0 7.271334,51.496930,0 7.272411,51.497400,0 7.272231,51.497807,0 7.271648,51.497976,0 7.270998,51.497779,0 7.270849,51.497423,0 7.274811,51.493586,0 7.276623,51.490644,0 7.277573,51.488237,0 7.279565,51.479453,0 7.281012,51.476897,0 7.287011,51.468702,0 7.288372,51.465175,0 7.288704,51.460663,0 7.289073,51.460184,0 7.289917,51.460048,0 7.290596,51.460424,0 7.290408,51.460999,0 7.289543,51.461279,0 7.301029,51.461513,0 7.305831,51.460864,0 7.322113,51.457713,0 7.326740,51.457280,0 7.331634,51.457233,0 7.326740,51.457280,0 7.322113,51.457713,0 7.301646,51.461469,0 7.291699,51.461309,0 7.287902,51.461553,0 7.275819,51.464041,0 7.271696,51.464334,0 7.268338,51.464046,0 7.260727,51.462568,0 7.253267,51.462875,0 7.249847,51.462551,0 7.238235,51.460168,0 7.228208,51.455830,0 7.225247,51.454803,0 7.216637,51.453863,0 7.214590,51.453944,0 7.212883,51.454460,0 7.210003,51.456047,0 7.205993,51.457477,0 7.199642,51.461982,0 7.197980,51.463789,0 7.196615,51.466711,0 7.195342,51.468300,0 7.193480,51.469645,0 7.190053,51.471303,0 7.188251,51.472676,0 7.187118,51.474359,0 7.186067,51.477871,0 7.185095,51.478861,0 7.183314,51.479613,0 7.183224,51.480890,0 7.183393,51.480354,0 7.184763,51.479386,0 7.181666,51.480566,0 7.178185,51.481212,0 7.176426,51.481244,0 7.171046,51.479774,0 7.165247,51.478767,0 7.156646,51.476289,0 7.146666,51.474795,0 7.141675,51.474457,0 7.131839,51.474562,0 7.125918,51.474141,0 7.125013,51.474498,0 7.127531,51.475270,0 7.125251,51.474745,0 7.125090,51.474327,0 7.125918,51.474141,0 7.131839,51.474562,0 7.141675,51.474457,0 7.149694,51.475160,0 7.157224,51.476416,0 7.165247,51.478767,0 7.172400,51.479970,0 7.175642,51.480852,0 7.179875,51.482810,0 7.182757,51.485085,0 7.184773,51.488386,0 7.185081,51.490212,0 7.184745,51.492536,0 7.185139,51.493684,0 7.186908,51.495238,0 7.189607,51.496070,0 7.197187,51.496566,0 7.211294,51.498099,0 7.218720,51.498534,0 7.222574,51.498382,0 7.225807,51.497837,0 7.228301,51.497014,0 7.232708,51.494907,0 7.235567,51.494355,0 7.243215,51.495378,0 7.252139,51.494608,0 7.256909,51.494695,0 7.264600,51.495937,0 7.267328,51.496789,0 7.267792,51.498234,0 7.266753,51.499323,0 7.262281,51.501648,0 7.255903,51.504142,0 7.252827,51.505176,0 7.246688,51.506698,0 7.221486,51.512076,0 7.217391,51.513400,0 7.214630,51.514921,0 7.213135,51.516138,0 7.211827,51.517892,0 7.208399,51.524690,0 7.207550,51.528062,0 7.207120,51.534367,0 7.206243,51.537040,0 7.204265,51.539716,0 7.200380,51.543352,0 7.198711,51.543694,0 7.196007,51.543799,0 7.184401,51.543718,0 7.180754,51.543489,0 7.173693,51.542505,0 7.162386,51.541849,0 7.153306,51.541994,0 7.148493,51.541119,0 7.141490,51.538930,0 7.135005,51.538038,0 7.128381,51.537669,0 7.118092,51.538010,0 7.102801,51.536459,0 7.099676,51.535803,0 7.092935,51.533564,0 7.083250,51.532313,0 7.079194,51.531055,0 7.076914,51.529643,0 7.075346,51.527968,0 7.072979,51.522584,0 7.073232,51.522255,0 7.072990,51.522887,0 7.075346,51.527968,0 7.076914,51.529643,0 7.079194,51.531055,0 7.083250,51.532313,0 7.092935,51.533564,0 7.101704,51.536276,0 7.118092,51.538010,0 7.128381,51.537669,0 7.135005,51.538038,0 7.141490,51.538930,0 7.148493,51.541119,0 7.153306,51.541994,0 7.161516,51.541815,0 7.170044,51.542270,0 7.172242,51.542029,0 7.173306,51.541589,0 7.172576,51.542396,0 7.173306,51.542811,0 7.181280,51.543662,0 7.195587,51.544030,0 7.196540,51.544437,0 7.198168,51.546399,0 7.196034,51.555309,0 7.193498,51.562308,0 7.192795,51.570870,0 7.190664,51.578364,0 7.189334,51.581471,0 7.186514,51.582369,0 7.184158,51.582170,0 7.162638,51.576491,0 7.157939,51.575608,0 7.140280,51.574463,0 7.120546,51.570683,0 7.116605,51.570155,0 7.112798,51.569991,0 7.100084,51.570196,0 7.093049,51.569556,0 7.088608,51.568531,0 7.073603,51.563801,0 7.064324,51.561607,0 7.063539,51.561052,0 7.064821,51.560612,0 7.065765,51.561228,0 7.063995,51.564520,0 7.065384,51.562190,0 7.065086,51.562995,0 7.065988,51.562430,0 7.068718,51.562676,0 7.074845,51.564292,0 7.089286,51.568875,0 7.093635,51.569792,0 7.100085,51.570336,0 7.112796,51.570131,0 7.116563,51.570287,0 7.120482,51.570818,0 7.140233,51.574613,0 7.155234,51.575495,0 7.160650,51.576218,0 7.184476,51.582718,0 7.185845,51.583370,0 7.187712,51.585342,0 7.187925,51.586234,0 7.186577,51.594833,0 7.184588,51.599787,0 7.181425,51.603782,0 7.172113,51.612234,0 7.169376,51.615971,0 7.167578,51.619668,0 7.166483,51.624091,0 7.166507,51.628866,0 7.167599,51.633069,0 7.171561,51.641912,0 7.171970,51.644747,0 7.171614,51.647692,0 7.170463,51.650634,0 7.168720,51.653174,0 7.166570,51.655342,0 7.159958,51.660641,0 7.157439,51.664243,0 7.156653,51.667538,0 7.157173,51.675239,0 7.156733,51.678741,0 7.155005,51.682854,0 7.149847,51.690853,0 7.148219,51.694069,0 7.147425,51.696597,0 7.146921,51.702306,0 7.146548,51.702699,0 7.145297,51.702918,0 7.144367,51.702626,0 7.142833,51.701461,0 7.140946,51.699232,0 7.139167,51.695793,0 7.137753,51.690227,0 7.135110,51.686425,0 7.128924,51.681480,0 7.122810,51.677706,0 7.119849,51.676746,0 7.116375,51.676190,0 7.085313,51.673985,0 7.079973,51.673355,0 7.075184,51.672451,0 7.069134,51.670735,0 7.063835,51.668573,0 7.060116,51.666579,0 7.054940,51.662862,0 7.044800,51.651754,0 7.039213,51.647221,0 7.033627,51.643450,0 7.032350,51.641658,0 7.032140,51.638613,0 7.034969,51.629077,0 7.035801,51.623018,0 7.035291,51.616756,0 7.033261,51.609460,0 7.033420,51.606785,0 7.035395,51.601993,0 7.036190,51.597984,0 7.037141,51.596049,0 7.036987,51.594565,0 7.037141,51.596049,0 7.036190,51.597984,0 7.035627,51.601196,0 7.033590,51.606205,0 7.033190,51.608438,0 7.035534,51.618173,0 7.035648,51.625230,0 7.034969,51.629077,0 7.032425,51.637586,0 7.032617,51.639975,0 7.031661,51.641331,0 7.031230,51.643879,0 7.031231,51.640162,0 7.032114,51.637882,0 7.031982,51.641004,0 7.033182,51.643223,0 7.041434,51.649090,0 7.044583,51.651764,0 7.048646,51.656037,0 7.047534,51.655299,0 7.045832,51.654863,0 7.047534,51.655299,0 7.048646,51.656037,0 7.052787,51.661031,0 7.057275,51.664875,0 7.062042,51.667803,0 7.067469,51.670260,0 7.072515,51.671919,0 7.080335,51.673529,0 7.087328,51.674255,0 7.116251,51.676280,0 7.120483,51.677010,0 7.124497,51.678703,0 7.129545,51.682106,0 7.134976,51.686507,0 7.137522,51.690232,0 7.138989,51.695802,0 7.140277,51.698505,0 7.143658,51.702471,0 7.148264,51.705655,0 7.146766,51.705330,0 7.146582,51.705843,0 7.147365,51.705968,0 7.147735,51.705238,0 7.146893,51.701257,0 7.147825,51.695166,0 7.149120,51.692101,0 7.155005,51.682854,0 7.156733,51.678741,0 7.157173,51.675239,0 7.156653,51.667538,0 7.157439,51.664243,0 7.159958,51.660641,0 7.166570,51.655342,0 7.168720,51.653174,0 7.170463,51.650634,0 7.171614,51.647692,0 7.171970,51.644747,0 7.171561,51.641912,0 7.167599,51.633069,0 7.166507,51.628866,0 7.166335,51.625556,0 7.167222,51.620686,0 7.169172,51.616311,0 7.171309,51.613198,0 7.173637,51.610614,0 7.182032,51.603161,0 7.185085,51.598895,0 7.186577,51.594833,0 7.187925,51.586234,0 7.187631,51.585209,0 7.185845,51.583370,0 7.184476,51.582718,0 7.171064,51.578925,0 7.159560,51.576010,0 7.155234,51.575495,0 7.140233,51.574613,0 7.120482,51.570818,0 7.116563,51.570287,0 7.112796,51.570131,0 7.100085,51.570336,0 7.094324,51.569895,0 7.089286,51.568875,0 7.074845,51.564292,0 7.065428,51.561929,0 7.051039,51.560005,0 7.032694,51.557951,0 7.026680,51.557703,0 7.013781,51.558740,0 7.006151,51.558740,0 6.985845,51.556236,0 6.971140,51.553601,0 6.965712,51.553107,0 6.961752,51.553161,0 6.957451,51.553604,0 6.946860,51.555988,0 6.940912,51.556825,0 6.935893,51.556863,0 6.929811,51.556269,0 6.928510,51.556404,0 6.927192,51.557185,0 6.927065,51.558000,0 6.929074,51.565190,0 6.930912,51.569702,0 6.937035,51.581182,0 6.939580,51.587939,0 6.940901,51.594255,0 6.941233,51.602072,0 6.940590,51.607659,0 6.939711,51.611355,0 6.934952,51.624825,0 6.933733,51.629497,0 6.933023,51.642431,0 6.932256,51.647023,0 6.930499,51.652127,0 6.928203,51.656464,0 6.929193,51.655320,0 6.930692,51.655063,0 6.931385,51.654461,0 6.932189,51.654367,0 6.931522,51.654400,0 6.930828,51.655016,0 6.929434,51.655232,0 6.928790,51.655645,0 6.920588,51.666666,0 6.918348,51.671840,0 6.918012,51.676059,0 6.918646,51.679364,0 6.919537,51.681680,0 6.920307,51.682407,0 6.921337,51.682794,0 6.922329,51.684387,0 6.921337,51.682794,0 6.920307,51.682407,0 6.919537,51.681680,0 6.918646,51.679364,0 6.918012,51.676059,0 6.918348,51.671840,0 6.920588,51.666666,0 6.927894,51.656962,0 6.929905,51.653475,0 6.931584,51.649407,0 6.933023,51.642431,0 6.933733,51.629497,0 6.934952,51.624825,0 6.939748,51.611210,0 6.940870,51.605940,0 6.941299,51.599945,0 6.940901,51.594255,0 6.938951,51.585928,0 6.935994,51.579052,0 6.930233,51.568206,0 6.927539,51.560177,0 6.927139,51.557270,0 6.928510,51.556404,0 6.929811,51.556269,0 6.924631,51.554929,0 6.920170,51.553096,0 6.924087,51.555172,0 6.925856,51.556832,0 6.930063,51.568242,0 6.936849,51.581204,0 6.938612,51.585501,0 6.940104,51.590715,0 6.941111,51.599950,0 6.940711,51.605699,0 6.939938,51.609817,0 6.934622,51.625271,0 6.933574,51.629308,0 6.932845,51.642426,0 6.931808,51.648051,0 6.928795,51.655166,0 6.926666,51.658462,0 6.921012,51.665784,0 6.919107,51.669063,0 6.917833,51.674063,0 6.918297,51.678832,0 6.923424,51.691484,0 6.926404,51.706558,0 6.930191,51.714074,0 6.933262,51.718159,0 6.937440,51.722459,0 6.950714,51.732579,0 6.955097,51.736507,0 6.959260,51.741330,0 6.962676,51.746894,0 6.964579,51.751653,0 6.965597,51.756226,0 6.965730,51.773814,0 6.966925,51.780269,0 6.968406,51.784698,0 6.971057,51.790311,0 6.974194,51.795280,0 6.995786,51.822725,0 7.001160,51.831016,0 7.004358,51.838789,0 7.005891,51.846319,0 7.005932,51.852210,0 7.003682,51.853735,0 7.001637,51.854278,0 6.978902,51.856020,0 6.968732,51.857743,0 6.961518,51.858359,0 6.956597,51.858350,0 6.952033,51.858022,0 6.935028,51.855566,0 6.927588,51.854264,0 6.923564,51.853101,0 6.919528,51.851326,0 6.911263,51.846748,0 6.904976,51.844240,0 6.897236,51.842332,0 6.886039,51.840079,0 6.879810,51.838307,0 6.875821,51.836622,0 6.867727,51.832007,0 6.863248,51.830430,0 6.858517,51.829811,0 6.845302,51.829897,0 6.837079,51.829614,0 6.831858,51.829076,0 6.829783,51.827827,0 6.830620,51.828275,0 6.829949,51.828804,0 6.814914,51.826472,0 6.795056,51.825758,0 6.790259,51.824601,0 6.784118,51.821068,0 6.782191,51.820332,0 6.779898,51.819910,0 6.776981,51.820018,0 6.772412,51.820834,0 6.755765,51.825569,0 6.747180,51.826776,0 6.739032,51.826742,0 6.717311,51.824499,0 6.707228,51.824389,0 6.708142,51.824198,0 6.709030,51.823390,0 6.710835,51.823192,0 6.709030,51.823390,0 6.708142,51.824198,0 6.707228,51.824389,0 6.663930,51.827847,0 6.656211,51.828085,0 6.648315,51.827509,0 6.640394,51.826178,0 6.631739,51.824040,0 6.618190,51.819845,0 6.613470,51.818954,0 6.608048,51.818500,0 6.614165,51.819104,0 6.617537,51.819742,0 6.625596,51.822171,0 6.630344,51.823897,0 6.628549,51.823137,0 6.640362,51.826235,0 6.648302,51.827548,0 6.656163,51.828129,0 6.662994,51.827959,0 6.701673,51.824780,0 6.709418,51.824393,0 6.719118,51.824677,0 6.739022,51.826788,0 6.747214,51.826826,0 6.751820,51.826350,0 6.755784,51.825622,0 6.772428,51.820884,0 6.777005,51.820073,0 6.779873,51.819960,0 6.782147,51.820379,0 6.784064,51.821123,0 6.788562,51.823861,0 6.790679,51.824827,0 6.795027,51.825825,0 6.814841,51.826522,0 6.819808,51.827128,0 6.829601,51.828878,0 6.837089,51.829668,0 6.843970,51.829927,0 6.858310,51.829875,0 6.863193,51.830487,0 6.867642,51.832052,0 6.875770,51.836674,0 6.879766,51.838355,0 6.885690,51.840058,0 6.901098,51.843229,0 6.905916,51.844608,0 6.910916,51.846637,0 6.921602,51.852393,0 6.924830,51.853603,0 6.930163,51.854836,0 6.951352,51.858010,0 6.959456,51.858451,0 6.967488,51.857955,0 6.977371,51.856258,0 6.981322,51.855841,0 7.005425,51.854046,0 7.004560,51.854408,0 7.004469,51.854774,0 7.005149,51.855119,0 7.005901,51.854858,0 7.006058,51.848297,0 7.005361,51.842785,0 7.003697,51.836787,0 7.001160,51.831016,0 6.995786,51.822725,0 6.974194,51.795280,0 6.971057,51.790311,0 6.968406,51.784698,0 6.966925,51.780269,0 6.965730,51.773814,0 6.965597,51.756226,0 6.964579,51.751653,0 6.962676,51.746894,0 6.959260,51.741330,0 6.955097,51.736507,0 6.950714,51.732579,0 6.937440,51.722459,0 6.933262,51.718159,0 6.930191,51.714074,0 6.926404,51.706558,0 6.923424,51.691484,0 6.918297,51.678832,0 6.917833,51.674063,0 6.919107,51.669063,0 6.921012,51.665784,0 6.926666,51.658462,0 6.928795,51.655166,0 6.931808,51.648051,0 6.932845,51.642426,0 6.933574,51.629308,0 6.934622,51.625271,0 6.939577,51.611169,0 6.941063,51.602080,0 6.940734,51.594241,0 6.938612,51.585501,0 6.936849,51.581204,0 6.930063,51.568242,0 6.925856,51.556832,0 6.924087,51.555172,0 6.918351,51.552120,0 6.909225,51.546232,0 6.905410,51.544620,0 6.900432,51.543246,0 6.876879,51.539302,0 6.843084,51.538909,0 6.838308,51.538354,0 6.832682,51.537042,0 6.831516,51.537040,0 6.831032,51.537564,0 6.831513,51.538072,0 6.832377,51.538083,0 6.833312,51.537672,0 6.826493,51.542514,0 6.811370,51.555080,0 6.809093,51.557966,0 6.798880,51.574439,0 6.794981,51.578598,0 6.787097,51.585211,0 6.785212,51.587187,0 6.783699,51.589524,0 6.782829,51.591768,0 6.781358,51.603149,0 6.780351,51.605472,0 6.778451,51.607986,0 6.776552,51.609778,0 6.750149,51.630697,0 6.746304,51.635439,0 6.739073,51.647033,0 6.735921,51.651367,0 6.709117,51.676951,0 6.704902,51.679925,0 6.700462,51.681991,0 6.683523,51.687119,0 6.678621,51.689096,0 6.674723,51.691408,0 6.666555,51.697828,0 6.662438,51.699976,0 6.658745,51.701262,0 6.655307,51.702074,0 6.642700,51.704028,0 6.637419,51.705086,0 6.631548,51.707115,0 6.626531,51.709771,0 6.622336,51.713176,0 6.619364,51.717096,0 6.609424,51.738552,0 6.606874,51.741386,0 6.602435,51.744422,0 6.599239,51.745874,0 6.595393,51.747078,0 6.572885,51.751638,0 6.569311,51.752590,0 6.565070,51.754167,0 6.559954,51.756951,0 6.544048,51.767245,0 6.536843,51.770986,0 6.529423,51.774146,0 6.510614,51.780083,0 6.504615,51.782707,0 6.502132,51.784422,0 6.499696,51.786744,0 6.492009,51.797442,0 6.489360,51.799740,0 6.485981,51.801824,0 6.479036,51.804614,0 6.439395,51.817565,0 6.431216,51.819746,0 6.424512,51.820980,0 6.396765,51.824097,0 6.388686,51.825606,0 6.380062,51.828192,0 6.346373,51.840996,0 6.338846,51.843178,0 6.331370,51.844328,0 6.312614,51.845531,0 6.306899,51.846348,0 6.302793,51.847258,0 6.294788,51.849955,0 6.274735,51.859257,0 6.268775,51.861221,0 6.262421,51.862272,0 6.238583,51.863305,0 6.228601,51.864306,0 6.221764,51.865452,0 6.215717,51.866820,0 6.205200,51.870079,0 6.198341,51.872891,0 6.194197,51.874944,0 6.189285,51.877713,0 6.183939,51.881356,0 6.179762,51.884778,0 6.161499,51.902510,0 6.158192,51.905206,0 6.154771,51.907188,0 6.134475,51.917039,0 6.136423,51.915746,0 6.137873,51.913794,0 6.139018,51.913500,0 6.140403,51.913706,0 6.141327,51.914460,0 6.143026,51.917769,0 6.144527,51.919088,0 6.173550,51.935290,0 6.180625,51.938237,0 6.188900,51.940851,0 6.196959,51.942669,0 6.205247,51.943877,0 6.213646,51.944491,0 6.226129,51.944840,0 6.263065,51.943141,0 6.298882,51.944282,0 6.308423,51.945238,0 6.320650,51.947950,0 6.325699,51.948803,0 6.331599,51.949435,0 6.337679,51.949692,0 6.346012,51.949399,0 6.352925,51.948574,0 6.359739,51.947220,0 6.367895,51.945188,0 6.374634,51.944342,0 6.379205,51.944327,0 6.390633,51.945037,0 6.399352,51.945132,0 6.422560,51.943933,0 6.427904,51.944283,0 6.433524,51.945206,0 6.439430,51.946859,0 6.440750,51.947891,0 6.439430,51.946859,0 6.433524,51.945206,0 6.427904,51.944283,0 6.422560,51.943933,0 6.399352,51.945132,0 6.390633,51.945037,0 6.379205,51.944327,0 6.374634,51.944342,0 6.367895,51.945188,0 6.359739,51.947220,0 6.352925,51.948574,0 6.346012,51.949399,0 6.337679,51.949692,0 6.331599,51.949435,0 6.325699,51.948803,0 6.320650,51.947950,0 6.308423,51.945238,0 6.298882,51.944282,0 6.263065,51.943141,0 6.226129,51.944840,0 6.213646,51.944491,0 6.205247,51.943877,0 6.196959,51.942669,0 6.188900,51.940851,0 6.180625,51.938237,0 6.173550,51.935290,0 6.144527,51.919088,0 6.143026,51.917769,0 6.141327,51.914460,0 6.140403,51.913706,0 6.139018,51.913500,0 6.137873,51.913794,0 6.136423,51.915746,0 6.134475,51.917039,0 6.154771,51.907188,0 6.158841,51.904753,0 6.179762,51.884778,0 6.186712,51.879368,0 6.196056,51.873970,0 6.203459,51.870737,0 6.209444,51.868628,0 6.218663,51.866108,0 6.225093,51.864851,0 6.231668,51.863907,0 6.238583,51.863305,0 6.262421,51.862272,0 6.268775,51.861221,0 6.274735,51.859257,0 6.294788,51.849955,0 6.302208,51.847412,0 6.310789,51.845737,0 6.331370,51.844328,0 6.336340,51.843664,0 6.340497,51.842795,0 6.346373,51.840996,0 6.380062,51.828192,0 6.386192,51.826251,0 6.391282,51.825028,0 6.396765,51.824097,0 6.424512,51.820980,0 6.434911,51.818842,0 6.479036,51.804614,0 6.485981,51.801824,0 6.489360,51.799740,0 6.492009,51.797442,0 6.499696,51.786744,0 6.502724,51.783972,0 6.506085,51.781916,0 6.510614,51.780083,0 6.529423,51.774146,0 6.536843,51.770986,0 6.544048,51.767245,0 6.559954,51.756951,0 6.566211,51.753675,0 6.572885,51.751638,0 6.595393,51.747078,0 6.599733,51.745676,0 6.604345,51.743308,0 6.608330,51.739964,0 6.610234,51.737240,0 6.618483,51.718748,0 6.620236,51.715687,0 6.623191,51.712349,0 6.628180,51.708760,0 6.631548,51.707115,0 6.637419,51.705086,0 6.642700,51.704028,0 6.655307,51.702074,0 6.661335,51.700414,0 6.666555,51.697828,0 6.674723,51.691408,0 6.678621,51.689096,0 6.683523,51.687119,0 6.700462,51.681991,0 6.704391,51.680201,0 6.707508,51.678233,0 6.712414,51.673905,0 6.735921,51.651367,0 6.739073,51.647033,0 6.746304,51.635439,0 6.750149,51.630697,0 6.776552,51.609778,0 6.778451,51.607986,0 6.780351,51.605472,0 6.781358,51.603149,0 6.782684,51.592372,0 6.783197,51.590590,0 6.784798,51.587740,0 6.787097,51.585211,0 6.794981,51.578598,0 6.798880,51.574439,0 6.809093,51.557966,0 6.811370,51.555080,0 6.826493,51.542514,0 6.833312,51.537672,0 6.832377,51.538083,0 6.831599,51.538099,0 6.831042,51.537641,0 6.831310,51.537138,0 6.832682,51.537042,0 6.837562,51.538226,0 6.843084,51.538909,0 6.876879,51.539302,0 6.897704,51.542737,0 6.902675,51.543771,0 6.909225,51.546232,0 6.918351,51.552120,0 6.924087,51.555172,0 6.925620,51.556452,0 6.927039,51.559330,0 6.930063,51.568242,0 6.937790,51.583348,0 6.939511,51.588409,0 6.940734,51.594241,0 6.941111,51.599950,0 6.940563,51.606704,0 6.938456,51.614808,0 6.934622,51.625271,0 6.933574,51.629308,0 6.932845,51.642426,0 6.931808,51.648051,0 6.928795,51.655166,0 6.919713,51.667846,0 6.918434,51.670852,0 6.917905,51.673318,0 6.917828,51.676214,0 6.918297,51.678832,0 6.923424,51.691484,0 6.926404,51.706558,0 6.929437,51.712874,0 6.934045,51.719048,0 6.939498,51.724234,0 6.949234,51.731426,0 6.954159,51.735590,0 6.959260,51.741330,0 6.962676,51.746894,0 6.964579,51.751653,0 6.965498,51.755599,0 6.965864,51.759654,0 6.965730,51.773814,0 6.966925,51.780269,0 6.968969,51.786070,0 6.971403,51.790925,0 6.974194,51.795280,0 6.996769,51.824046,0 6.999976,51.828878,0 7.002080,51.832869,0 7.003697,51.836787,0 7.005361,51.842785,0 7.006058,51.848297,0 7.006673,51.862126,0 7.007680,51.867196,0 7.009087,51.871622,0 7.011984,51.877777,0 7.019207,51.889118,0 7.022610,51.895415,0 7.024475,51.900234,0 7.027794,51.911480,0 7.030437,51.917846,0 7.033975,51.923825,0 7.040931,51.933671,0 7.043528,51.939007,0 7.045473,51.946987,0 7.047438,51.968685,0 7.050041,51.980330,0 7.050175,51.984559,0 7.049533,51.993260,0 7.050053,51.999787,0 7.052309,52.007562,0 7.058404,52.019975,0 7.060591,52.026289,0 7.061646,52.033946,0 7.061520,52.045682,0 7.062930,52.053843,0 7.064492,52.058253,0 7.067185,52.063610,0 7.080121,52.082533,0 7.082035,52.086313,0 7.084069,52.091916,0 7.085546,52.099648,0 7.085871,52.112315,0 7.086444,52.118499,0 7.088914,52.132217,0 7.090318,52.146826,0 7.092573,52.155045,0 7.094901,52.160238,0 7.098927,52.167319,0 7.111721,52.185509,0 7.114152,52.189637,0 7.113994,52.190218,0 7.112535,52.191673,0 7.111182,52.192171,0 7.095220,52.193619,0 7.086153,52.194010,0 7.068947,52.194123,0 7.056695,52.194944,0 7.045685,52.195297,0 7.024682,52.194531,0 7.014096,52.195090,0 6.994486,52.195008,0 6.978763,52.192031,0 6.975047,52.191591,0 6.971836,52.191553,0 6.966977,52.192177,0 6.954849,52.195317,0 6.941420,52.197356,0 6.937751,52.198342,0 6.927971,52.201715,0 6.920763,52.202907,0 6.916363,52.203068,0 6.911667,52.202798,0 6.900105,52.200669,0 6.892775,52.200107,0 6.855127,52.202171,0 6.842919,52.203387,0 6.830943,52.205304,0 6.828568,52.205416,0 6.825157,52.204846,0 6.822362,52.205348,0 6.820060,52.202394,0 6.819141,52.200550,0 6.819498,52.194394,0 6.818521,52.192225,0 6.816555,52.190150,0 6.814368,52.188750,0 6.804230,52.184013,0 6.788912,52.177031,0 6.785906,52.175992,0 6.782029,52.175565,0 6.778646,52.175883,0 6.776354,52.176515,0 6.770420,52.179024,0 6.765932,52.180291,0 6.758087,52.181570,0 6.751737,52.182138,0 6.746171,52.182337,0 6.740397,52.182052,0 6.734545,52.181210,0 6.728236,52.179603,0 6.724415,52.178212,0 6.719626,52.175884,0 6.715686,52.173267,0 6.708068,52.166927,0 6.704104,52.164662,0 6.696091,52.161007,0 6.690287,52.157241,0 6.686909,52.154149,0 6.684467,52.151140,0 6.680426,52.142967,0 6.678932,52.140773,0 6.675697,52.137257,0 6.672217,52.134498,0 6.668636,52.132295,0 6.663983,52.130108,0 6.647017,52.123781,0 6.632925,52.117564,0 6.629546,52.115878,0 6.626479,52.113926,0 6.624014,52.111831,0 6.622251,52.109793,0 6.620630,52.106978,0 6.619810,52.104316,0 6.619746,52.101038,0 6.620742,52.097616,0 6.621721,52.095804,0 6.624165,52.092857,0 6.631187,52.087266,0 6.634849,52.083776,0 6.636269,52.081600,0 6.636918,52.078941,0 6.636730,52.077055,0 6.632098,52.063309,0 6.630532,52.059826,0 6.627548,52.054791,0 6.626316,52.051742,0 6.625719,52.047391,0 6.626419,52.043151,0</coordinates>
    </LineString>
  </Placemark>
  <Placemark>
    <name>NCAMS Express (Northern Continental &amp; Atlantic Maritime Spine)</name>
    <description><![CDATA[<b>NCAMS Express (Northern Continental &amp; Atlantic Maritime Spine)</b><br/>6-gleisig (2x Express, 2x Regional, 2x Güter-Transit), ETCS Level 3 Moving Block. Parallel dazu verkehrt auf denselben Gütertransitgleisen der Continental Car-Shuttle (CCS) Autoreisezug-Dienst, der 13 reine Passagierhalte blind überspringt (eigene Logistik-Hubs an denselben bzw. benachbarten Autobahnkreuzen, keine separate Trasse).<br/>6.590 km (Pazifik bis Atlantik), 13 Std. 15 Min., 24 Haltepunkte plus zahlreiche Non-Stop-Bypass-Durchfahrten (Ellensburg, Missoula-Valley, Helena-East, Miles City, Eau Claire, Madison-North, Lafayette Bypass, Trenton-Bypass, Portsmouth Viaduct, Truro-Bypass). Zeiten lokal (PT/MT/CT/ET/AT). Teilt die ersten drei Stationen (Surrey, Seattle-Tukwila, Portland-Salmon Creek) mit der PCMS-Linie.<br/><br/><b>Beispielfahrt (Stopliste):</b><br/>Surrey (Vancouver): ab 07:00<br/>Seattle-Tukwila Hub: an 07:20 / ab 07:22<br/>Spokane-West Hub: an 08:12 / ab 08:14<br/>Billings-North Bypass: an 10:59 / ab 11:01<br/>Bismarck-East Gate: an 13:16 / ab 13:18<br/>Fargo-West Hub: an 13:50 / ab 13:52<br/>Minneapolis-Maple Grove Hub: an 14:32 / ab 14:35<br/>Milwaukee-Oak Creek Hub: an 15:27 / ab 15:30<br/>Chicago-Joliet Mega-Hub: an 15:48 / ab 15:52<br/>Indianapolis-South Hub: an 17:24 / ab 17:27<br/>Columbus-West Hub: an 17:57 / ab 18:00<br/>Pittsburgh-Monroeville Hub: an 18:35 / ab 18:37<br/>Washington-Greenbelt Hub: an 19:19 / ab 19:22<br/>Baltimore-White Marsh Hub: an 19:30 / ab 19:32<br/>Philadelphia-Northeast Hub: an 19:50 / ab 19:53<br/>New York City Penn Deep: an 20:11 / ab 20:15<br/>Hartford-North Hub: an 20:37 / ab 20:39<br/>Boston-West Route 128: an 20:59 / ab 21:03<br/>Portland-West Hub (Maine): an 21:23 / ab 21:25<br/>Bangor-Hermon Hub: an 21:49 / ab 21:51<br/>St. Stephen Border Gate: an 23:09 / ab 23:11<br/>Saint John-Bypass: an 23:25 / ab 23:27<br/>Moncton-Maritime Hub: an 23:44 / ab 23:47<br/>Halifax-Dartmouth Terminus: an 00:15<br/><style>@media (prefers-color-scheme: dark) { body { background:#1e1e1e; color:#eee; } }</style>]]></description>
    <LookAt>
      <longitude>-93.212000</longitude>
      <latitude>44.095650</latitude>
      <altitude>0</altitude>
      <heading>0</heading>
      <tilt>0</tilt>
      <range>400000</range>
      <altitudeMode>clampToGround</altitudeMode>
    </LookAt>
    <styleUrl>#line_ncams</styleUrl>
    <LineString>
      <tessellate>1</tessellate>
      <coordinates>-122.849000,49.191300,0 -122.261000,47.474000,0 -117.426000,47.658800,0 -108.500700,45.783300,0 -100.783700,46.808300,0 -96.800000,46.877200,0 -93.456000,45.094100,0 -87.884800,42.885800,0 -88.081700,41.525000,0 -86.150000,39.650000,0 -83.130000,39.970000,0 -79.788900,40.430200,0 -76.880000,39.000000,0 -76.450000,39.390000,0 -75.010000,40.080000,0 -73.993500,40.750600,0 -72.690000,41.790000,0 -71.290000,42.360000,0 -70.350000,43.680000,0 -68.920000,44.810000,0 -67.283000,45.197000,0 -66.080000,45.300000,0 -64.778200,46.087800,0 -63.575000,44.682000,0</coordinates>
    </LineString>
  </Placemark>
  <Placemark>
    <name>Northern Horizon Arc (NHA)</name>
    <description><![CDATA[<b>Northern Horizon Arc (NHA)</b><br/>6-gleisig (2x Express, 2x Regional, 2x Güter-Transit), ETCS Level 3 Moving Block im relativen Bremswegabstand, 800m-Züge<br/>6.470 km, 12 Std. 16 Min., 13 Zwischenhalte plus zahlreiche Non-Stop-Bypass-Durchfahrten (u.a. Bend-East, Burns-Basin, Ely-West, Kingman-North, Flagstaff-South, Santa Fe-East, Colorado Springs Bypass, North Platte-Hub, Gary-Indiana Loop, Windsor-Gateway, Hamilton-Escarpment, Buffalo-Depew Bypass, Springfield-Mass Pike). Zeiten lokal (PT/MT/CT/ET). Größte Tunnel: Mount Hood (42 km), Black Canyon/Lake Mead (18 km), Raton Pass (52 km), Detroit River (7 km, unterseeisch nach Kanada). Teilt Surrey/Seattle-Tukwila/Portland-Salmon Creek mit PCMS und NCAMS, sowie Chicago-Joliet Mega-Hub und Boston-West Route 128 mit NCAMS.<br/><br/><b>Beispielfahrt (Stopliste):</b><br/>Surrey (Vancouver): ab 07:00<br/>Seattle-Tukwila Hub: an 07:20 / ab 07:22<br/>Portland-Salmon Creek: an 07:47 / ab 07:49<br/>Las Vegas-South Gateway: an 10:04 / ab 10:08<br/>Albuquerque-West Bypass: an 12:43 / ab 12:45<br/>Denver-Northeast Hub: an 14:05 / ab 14:09<br/>Omaha-West Gateway: an 16:39 / ab 16:41<br/>Des Moines-West Hub: an 17:06 / ab 17:08<br/>Chicago-Joliet Mega-Hub: an 18:03 / ab 18:07<br/>Detroit-Romulus Hub: an 19:52 / ab 19:55<br/>Niagara Falls-North Hub: an 20:43 / ab 20:45<br/>Rochester-South Hub: an 21:00 / ab 21:02<br/>Albany-West Hub: an 21:42 / ab 21:44<br/>Boston-West Route 128: an 22:16<br/><style>@media (prefers-color-scheme: dark) { body { background:#1e1e1e; color:#eee; } }</style>]]></description>
    <LookAt>
      <longitude>-97.069500</longitude>
      <latitude>42.148450</latitude>
      <altitude>0</altitude>
      <heading>0</heading>
      <tilt>0</tilt>
      <range>400000</range>
      <altitudeMode>clampToGround</altitudeMode>
    </LookAt>
    <styleUrl>#line_nha</styleUrl>
    <LineString>
      <tessellate>1</tessellate>
      <coordinates>-122.849000,49.191300,0 -122.261000,47.474000,0 -122.665000,45.698700,0 -115.155000,36.039700,0 -106.710000,35.105600,0 -104.740000,39.860000,0 -96.240000,41.140000,0 -93.890000,41.610000,0 -88.081700,41.525000,0 -83.376000,42.228000,0 -79.040000,43.120000,0 -77.620000,43.070000,0 -73.950000,42.680000,0 -71.290000,42.360000,0</coordinates>
    </LineString>
  </Placemark>
  <Placemark>
    <name>Maglev Express Oslo–Inverness</name>
    <description><![CDATA[<b>Maglev Express Oslo–Inverness</b><br/>Interkontinentale Maglev-Magistrale, physisch getrennte Fracht-/Passagierströme, Moving-Block-Sekundentakt, 6-gleisige Freistrecke<br/>3.360 km, 46,0% Tiefbau (Untersee-Tunnel Öresund/Fehmarnbelt/Ärmelkanal/Irische See/Nordkanal) / 54,0% Hochbau (Monumental-Viadukte), Oslo (Alnabru) bis Inverness (Longman), 9 Länder<br/><br/><b>Beispielfahrt (Stopliste):</b><br/>Oslo (Alnabru): ab 07:00<br/>Halden: an 07:18 / ab 07:19<br/>Göteborg (Sävenäs): an 07:43 / ab 07:45<br/>Halmstad: an 08:03 / ab 08:04<br/>Helsingborg: an 08:17 / ab 08:18<br/>Helsingør: an 08:22 / ab 08:23<br/>Østerport: an 08:30 / ab 08:31<br/>København H: an 08:34 / ab 08:37<br/>Nykøbing Falster: an 08:53 / ab 08:54<br/>Rostock (Seehafen): an 09:15 / ab 09:17<br/>Wismar: an 09:26 / ab 09:27<br/>Schwerin: an 09:33 / ab 09:34<br/>Hannover (Lehrte): an 09:57 / ab 10:00<br/>Bielefeld: an 10:14 / ab 10:15<br/>Münster (Turmbahnhof): an 10:24 / ab 10:26<br/>Bochum Hbf (Mega-Hub): an 10:37 / ab 10:40<br/>Oberhausen: an 10:45 / ab 10:46<br/>Arnhem: an 10:58 / ab 10:59<br/>Utrecht (Lunetten): an 11:08 / ab 11:10<br/>Amsterdam (Science Park): an 11:17 / ab 11:20<br/>Den Haag (Ypenburg): an 11:29 / ab 11:31<br/>Brügge (Sint-Pieters): an 11:51 / ab 11:52<br/>Dunkerque: an 12:02 / ab 12:03<br/>Calais (Coquelles): an 12:10 / ab 12:12<br/>Dover (Portal Kaverne): an 11:23 / ab 11:24<br/>London (Stratford Int.): an 11:38 / ab 11:41<br/>Oxford (Cowley): an 11:53 / ab 11:54<br/>Cardiff: an 12:12 / ab 12:14<br/>Dublin (Port Kaverne): an 13:02 / ab 13:05<br/>Belfast (Titanic Quarter): an 13:25 / ab 13:27<br/>Glasgow (Eurocentral): an 14:06 / ab 14:09<br/>Inverness (Longman): an 14:37<br/><style>@media (prefers-color-scheme: dark) { body { background:#1e1e1e; color:#eee; } }</style>]]></description>
    <LookAt>
      <longitude>3.350000</longitude>
      <latitude>55.433000</latitude>
      <altitude>0</altitude>
      <heading>0</heading>
      <tilt>0</tilt>
      <range>400000</range>
      <altitudeMode>clampToGround</altitudeMode>
    </LookAt>
    <styleUrl>#line_oslo_inverness</styleUrl>
    <LineString>
      <tessellate>1</tessellate>
      <coordinates>10.844000,59.931000,0 11.272000,59.135000,0 12.045000,57.712000,0 12.890000,56.680000,0 12.715000,56.072000,0 12.595000,56.025000,0 12.589000,55.692000,0 12.564000,55.672000,0 11.885000,54.770000,0 12.005916,54.457559,0 12.125000,54.145000,0 11.485000,53.895000,0 11.425000,53.595000,0 9.830000,52.410000,0 8.532500,52.030200,0 7.640000,51.950000,0 7.223234,51.478533,0 6.875000,51.498000,0 5.955000,51.985000,0 5.145000,52.065000,0 4.935000,52.335000,0 4.365000,52.042000,0 3.210000,51.230000,0 2.305000,51.015000,0 1.810000,50.935000,0 1.565502,51.030256,0 1.320000,51.125000,0 -0.015000,51.545000,0 -1.210000,51.735000,0 -3.140000,51.515000,0 -3.323297,51.631936,0 -3.507541,51.748585,0 -3.692737,51.864945,0 -3.878893,51.981012,0 -4.066015,52.096785,0 -4.254109,52.212260,0 -4.443183,52.327434,0 -4.633242,52.442304,0 -4.824294,52.556869,0 -5.016344,52.671124,0 -5.209400,52.785067,0 -5.403469,52.898696,0 -5.598557,53.012006,0 -5.794670,53.124996,0 -5.991815,53.237661,0 -6.190000,53.350000,0 -5.905000,54.605000,0 -5.675126,54.761576,0 -5.443469,54.917713,0 -5.210009,55.073407,0 -4.974729,55.228650,0 -4.737607,55.383438,0 -4.498625,55.537763,0 -4.257763,55.691619,0 -4.015000,55.845000,0 -4.215000,57.490000,0</coordinates>
    </LineString>
  </Placemark>
  <Placemark>
    <name>Maglev Magistrale Paris–Singapur</name>
    <description><![CDATA[<b>Maglev Magistrale Paris–Singapur</b><br/>Interkontinentale Maglev-Magistrale, 6-gleisig (2x Express, 2x Regio, 2x autonome Fracht), Moving-Block-Sekundentakt, 600 km/h Freistrecke / 400 km/h Tunnelzonen<br/>12.970 km, 28 Std. 18 Min., 31 Haltepunkte, 14 Länder, Zeiten in MEZ (* = Folgetag). Größte Tunnel: Ägäis, Levantinisches Becken (Mittelmeer, 2 Abschnitte via Nikosia), Palkstraße, Indischer Ozean (Colombo-Groß Nikobar, 1.650 km), Andamanensee, Straße von Malakka.<br/><br/><b>Beispielfahrt (Stopliste):</b><br/>Paris (CDG): ab 07:00<br/>Brüssel (Zaventem): an 07:29 / ab 07:31<br/>Bochum (Hauptbahnhof): an 08:00 / ab 08:04<br/>Kassel (Kreuz Mitte): an 08:27 / ab 08:29<br/>Leipzig (Schkeuditz): an 08:52 / ab 08:54<br/>Chemnitz Nord: an 09:11 / ab 09:13<br/>Praha (Letňany): an 09:39 / ab 09:42<br/>Brno (Südbypass): an 10:02 / ab 10:04<br/>Wien (Schwechat Ost): an 10:23 / ab 10:26<br/>Graz (Feldkirchen): an 10:55 / ab 10:57<br/>Zagreb (Pleso): an 11:21 / ab 11:23<br/>Sarajevo (Ilidža): an 12:08 / ab 12:10<br/>Skopje (Ilinden): an 12:59 / ab 13:01<br/>Thessaloniki (Sindos): an 13:28 / ab 13:30<br/>Izmir (Bornova Ost): an 14:32 / ab 14:34<br/>Antalya (Aksu-Dreieck): an 15:16 / ab 15:18<br/>Nicosia (Geri Kaverne): an 16:04 / ab 16:06<br/>Tripoli (El-Mina): an 16:34 / ab 16:36<br/>Baghdad (Militärperipherie): an 17:58 / ab 18:02<br/>Isfahan (Kaveh Transit): an 19:24 / ab 19:26<br/>Turbat (Wüsten-Bypass): an 21:23 / ab 21:25<br/>Karachi (Port Qasim): an 22:11 / ab 22:14<br/>Rajkot (Hirasar Airport): an 23:09 / ab 23:11<br/>Surat (Hazira-Gürtel): an 23:41 / ab 23:43<br/>Mumbai (Navi Mumbai): an 00:14 / ab 00:18<br/>Kochi (Kalamassery): an 02:08 / ab 02:10<br/>Colombo (Kelaniya): an 03:22 / ab 03:24<br/>Great Nicobar (Galathea): an 07:31 / ab 07:33<br/>Medan (Kualanamu): an 09:44 / ab 09:46<br/>Kuala Lumpur (KLIA City): an 10:39 / ab 10:41<br/>Singapore (Changi Ost): an 11:18<br/><style>@media (prefers-color-scheme: dark) { body { background:#1e1e1e; color:#eee; } }</style>]]></description>
    <LookAt>
      <longitude>53.268700</longitude>
      <latitude>26.418867</latitude>
      <altitude>0</altitude>
      <heading>0</heading>
      <tilt>0</tilt>
      <range>400000</range>
      <altitudeMode>clampToGround</altitudeMode>
    </LookAt>
    <styleUrl>#line_paris_singapur</styleUrl>
    <LineString>
      <tessellate>1</tessellate>
      <coordinates>2.547900,49.009700,0 4.483100,50.899800,0 7.223234,51.478533,0 9.503100,51.335800,0 12.230600,51.384100,0 12.908300,50.861700,0 14.530000,50.126400,0 16.694200,49.152200,0 16.483200,48.132700,0 15.442888,47.012746,0 16.068800,45.742900,0 18.291900,43.839700,0 21.558300,41.968600,0 22.816700,40.716700,0 27.215900,38.463600,0 30.800000,36.950000,0 30.960676,36.840110,0 31.120890,36.730004,0 31.280646,36.619685,0 31.439944,36.509152,0 31.598787,36.398409,0 31.757178,36.287455,0 31.915119,36.176294,0 32.072612,36.064925,0 32.229659,35.953351,0 32.386263,35.841573,0 32.542425,35.729593,0 32.698149,35.617411,0 32.853436,35.505030,0 33.008289,35.392450,0 33.162709,35.279673,0 33.316700,35.166700,0 33.633660,35.079962,0 33.949944,34.992400,0 34.265549,34.904020,0 34.580472,34.814827,0 34.894711,34.724823,0 35.208264,34.634015,0 35.521127,34.542405,0 35.833300,34.450000,0 44.366100,33.315200,0 51.668000,32.654600,0 63.052200,26.003100,0 67.333300,24.783300,0 70.750000,22.320000,0 72.650000,21.083300,0 73.029700,19.033000,0 76.316700,10.050000,0 76.695073,9.729263,0 77.148165,9.343831,0 77.600254,8.957826,0 78.051384,8.571274,0 78.501596,8.184200,0 78.950933,7.796628,0 79.399439,7.408583,0 79.921700,6.955300,0 80.504120,6.961200,0 80.795336,6.963882,0 81.377776,6.968714,0 81.669000,6.970862,0 82.251456,6.974623,0 82.542688,6.976236,0 83.125156,6.978927,0 83.416392,6.980004,0 83.998869,6.981624,0 84.290108,6.982166,0 84.872589,6.982713,0 85.163829,6.982719,0 85.455069,6.982547,0 86.037549,6.981665,0 86.328788,6.980957,0 86.911262,6.979004,0 87.202497,6.977759,0 87.784962,6.974735,0 88.076191,6.972956,0 88.658643,6.968861,0 88.949865,6.966546,0 89.532299,6.961383,0 89.823511,6.958534,0 90.405925,6.952301,0 90.697125,6.948919,0 91.279513,6.941620,0 91.570700,6.937704,0 92.153059,6.929340,0 92.444231,6.924893,0 93.026557,6.915466,0 93.317711,6.910487,0 93.900000,6.900000,0 94.421944,6.562654,0 95.047347,6.157129,0 95.671794,5.750877,0 96.295350,5.343948,0 96.918077,4.936390,0 97.540039,4.528253,0 98.161299,4.119585,0 98.885300,3.642200,0 99.533051,3.437431,0 100.239371,3.213548,0 100.945381,2.989178,0 101.709900,2.745600,0 103.989500,1.359200,0</coordinates>
    </LineString>
  </Placemark>
  <Placemark>
    <name>PCMS – Pacific Crest &amp; Mesoamerica Spine</name>
    <description><![CDATA[<b>PCMS – Pacific Crest &amp; Mesoamerica Spine</b><br/>6-gleisig (2x Express, 2x Regional, 2x Güter-Transit), ETCS Level 3 Moving Block im relativen Bremswegabstand, 800m-Züge<br/>5.250 km, 10 Std. 23 Min., 9 Zwischenhalte (plus 20 lastfreie Non-Stop-Durchfahrtsbahnhöfe ohne Passagierhalt: Bellingham-North, Everett-East, Tacoma-Dome Bypass, Olympia-South Ring, Eugene-East, Medford-North, Redding-South, Chico-East, Fresno-Central, Bakersfield-North, Anaheim-Transit, Oceanside-Coast, San Quintín, Guerrero Negro, Loreto-Coast, La Paz-North Gate, Tepic-East, Guadalajara-North Bypass, Celaya-Plains, Querétaro-West Bypass). Zeiten in PT/MT/CT vor Ort. Größter Tunnel: Mar-de-Cortés (550 km, Golf von Kalifornien).<br/><br/><b>Beispielfahrt (Stopliste):</b><br/>Surrey (Vancouver): ab 07:00<br/>Seattle-Tukwila Hub: an 07:20 / ab 07:22<br/>Portland-Salmon Creek: an 07:47 / ab 07:49<br/>Sacramento-North Hub: an 09:21 / ab 09:25<br/>Bay Area Mega-Hub (Milpitas): an 09:43 / ab 09:47<br/>Los Angeles-Sylmar Hub: an 10:39 / ab 10:43<br/>San Diego-Torrey Pines: an 11:05 / ab 11:07<br/>Ensenada-North Port Hub: an 11:25 / ab 11:27<br/>Cabo San Lucas-Deep Terminal: an 14:59 / ab 15:03<br/>Puerto Vallarta-East Hub: an 17:28 / ab 17:30<br/>Mexico City-Huehuetoca Hub: an 19:23<br/><style>@media (prefers-color-scheme: dark) { body { background:#1e1e1e; color:#eee; } }</style>]]></description>
    <LookAt>
      <longitude>-111.030450</longitude>
      <latitude>34.518000</latitude>
      <altitude>0</altitude>
      <heading>0</heading>
      <tilt>0</tilt>
      <range>400000</range>
      <altitudeMode>clampToGround</altitudeMode>
    </LookAt>
    <styleUrl>#line_pcms</styleUrl>
    <LineString>
      <tessellate>1</tessellate>
      <coordinates>-122.849000,49.191300,0 -122.261000,47.474000,0 -122.665000,45.698700,0 -121.321000,38.687500,0 -121.906700,37.427500,0 -118.442900,34.312100,0 -117.234000,32.899400,0 -116.600000,31.866700,0 -109.916700,22.890500,0 -109.619146,22.754642,0 -109.322184,22.618234,0 -109.025812,22.481280,0 -108.730027,22.343786,0 -108.434826,22.205756,0 -108.140206,22.067195,0 -107.846164,21.928108,0 -107.552697,21.788498,0 -107.259803,21.648372,0 -106.967478,21.507733,0 -106.675718,21.366587,0 -106.384522,21.224937,0 -106.093885,21.082789,0 -105.803805,20.940147,0 -105.514277,20.797016,0 -105.225300,20.653400,0 -99.211900,19.844700,0</coordinates>
    </LineString>
  </Placemark>
  <Placemark>
    <name>PNW-MAE (Pacific Northwest &amp; Mid-Atlantic Express)</name>
    <description><![CDATA[<b>PNW-MAE (Pacific Northwest &amp; Mid-Atlantic Express)</b><br/>6-gleisig (2x Express, 2x Regional, 2x Güter-Transit), ETCS Level 3 Moving Block, Halbstundentakt 24/7. Schwere 1.200m-Fracht-Maglevs nutzen separate periphere Terminals außerhalb der Passagierbahnhöfe.<br/>6.100 km, 11 Std. 46 Min., 13 Zwischenhalte plus zahlreiche Non-Stop-Bypass-Durchfahrten (Bellingham-North, Everett-East, Tacoma-Dome Bypass, Olympia-South Ring, Bend-East, Burns-Basin, Ely-West, Amarillo-East, Sayre-Plains, Shawnee-Loop, Fort Smith River-Viaduct, Little Rock-North Ring, Jackson-South Bypass, Knoxville-West Gate, Greensboro-East Loop, Petersburg-South Bypass, Williamsburg-East, Toms River-Bypass, Edison-Metropark Transit). Zeiten lokal (PT/MT/CT/ET). Größte Tunnel: Mount Hood (42 km), Black Canyon/Lake Mead (18 km), Great Smoky Mountains (78 km), Chesapeake Bay (34 km), Delaware Bay (22 km), Hudson River. Teilt Surrey/Seattle-Tukwila/Portland-Salmon Creek/Las Vegas-South/Albuquerque-West mit NHA und NYC Penn Deep mit NCAMS/NHA.<br/><br/><b>Beispielfahrt (Stopliste):</b><br/>Surrey (Vancouver): ab 07:00<br/>Seattle-Tukwila Hub: an 07:20 / ab 07:22<br/>Portland-Salmon Creek: an 07:47 / ab 07:49<br/>Las Vegas-South Gateway: an 10:04 / ab 10:08<br/>Albuquerque-West Bypass: an 12:43 / ab 12:45<br/>Oklahoma City-West Gate: an 15:15 / ab 15:17<br/>Conway-North: an 16:05 / ab 16:07<br/>West Memphis Hub: an 16:30 / ab 16:34<br/>Nashville-Briley East: an 17:12 / ab 17:16<br/>Pigeon-Mountain Portal: an 17:51 / ab 17:53<br/>Charlotte-NE Loop: an 18:25 / ab 18:29<br/>Richmond-North Gate: an 19:17 / ab 19:19<br/>West Ocean City: an 19:54 / ab 19:56<br/>Atlantic City-Egg Harbor: an 20:21 / ab 20:23<br/>New York City Penn Deep: an 20:46<br/><style>@media (prefers-color-scheme: dark) { body { background:#1e1e1e; color:#eee; } }</style>]]></description>
    <LookAt>
      <longitude>-98.421250</longitude>
      <latitude>42.145650</latitude>
      <altitude>0</altitude>
      <heading>0</heading>
      <tilt>0</tilt>
      <range>400000</range>
      <altitudeMode>clampToGround</altitudeMode>
    </LookAt>
    <styleUrl>#line_pnw_mae</styleUrl>
    <LineString>
      <tessellate>1</tessellate>
      <coordinates>-122.849000,49.191300,0 -122.261000,47.474000,0 -122.665000,45.698700,0 -115.155000,36.039700,0 -106.710000,35.105600,0 -97.680000,35.510000,0 -92.460000,35.100000,0 -90.184800,35.146500,0 -86.660000,36.190000,0 -83.560000,35.770000,0 -80.730000,35.320000,0 -77.480000,37.660000,0 -75.130000,38.340000,0 -74.996473,38.600232,0 -74.861975,38.860311,0 -74.726489,39.120234,0 -74.590000,39.380000,0 -73.993500,40.750600,0</coordinates>
    </LineString>
  </Placemark>
  <Placemark>
    <name>Rhein-Ruhr-Krim-Magistrale (Ruhr-Schwarzmeer)</name>
    <description><![CDATA[<b>Rhein-Ruhr-Krim-Magistrale (Ruhr-Schwarzmeer)</b><br/>6-gleisig (2x Express, 2x Regional, 2x Güter), ETCS Level 3 Moving Block im Sekundentakt<br/>2.940 km, 06:36 Std., 23 Zwischenhalte, 495 km Tunnelstrecke (17%). Zeitzonensprung +1h ab Lviv. Bochum bis Sewastopol/Sevastopol über Rhein-Ruhr, Rheintal, Alpenvorland, Donau-Karpaten-Achse und die ukrainische Steppe.<br/><br/><b>Beispielfahrt (Stopliste):</b><br/>Bochum Hbf: ab 07:00<br/>Essen: an 07:04 / ab 07:06<br/>Duisburg: an 07:10 / ab 07:12<br/>Düsseldorf: an 07:17 / ab 07:19<br/>Köln: an 07:26 / ab 07:28<br/>Koblenz: an 07:37 / ab 07:39<br/>Frankfurt Flughafen: an 07:50 / ab 07:53<br/>Mannheim: an 08:01 / ab 08:03<br/>Stuttgart: an 08:15 / ab 08:17<br/>Ulm: an 08:26 / ab 08:28<br/>Augsburg: an 08:36 / ab 08:38<br/>München: an 08:46 / ab 08:49<br/>Rosenheim: an 08:56 / ab 08:58<br/>Salzburg: an 09:08 / ab 09:10<br/>Linz: an 09:23 / ab 09:25<br/>St. Pölten: an 09:38 / ab 09:40<br/>Wien: an 09:47 / ab 09:50<br/>Bratislava: an 09:57 / ab 09:59<br/>Budapest: an 10:17 / ab 10:20<br/>Košice: an 10:46 / ab 10:48<br/>Lviv: an 12:20 / ab 12:22<br/>Kyiv: an 13:11 / ab 13:14<br/>Odessa: an 14:00 / ab 14:02<br/>Sevastopol: an 14:36<br/><style>@media (prefers-color-scheme: dark) { body { background:#1e1e1e; color:#eee; } }</style>]]></description>
    <LookAt>
      <longitude>20.142150</longitude>
      <latitude>48.041967</latitude>
      <altitude>0</altitude>
      <heading>0</heading>
      <tilt>0</tilt>
      <range>400000</range>
      <altitudeMode>clampToGround</altitudeMode>
    </LookAt>
    <styleUrl>#line_rheinruhrkrim</styleUrl>
    <LineString>
      <tessellate>1</tessellate>
      <coordinates>7.223234,51.478533,0 7.011600,51.455600,0 6.762300,51.434400,0 6.773500,51.227700,0 6.958300,50.941300,0 7.588600,50.356900,0 8.570600,50.050000,0 8.469200,49.479600,0 9.181700,48.784200,0 9.982500,48.398400,0 10.885800,48.365300,0 11.558100,48.140200,0 12.118300,47.850600,0 13.045000,47.812900,0 14.293800,48.290000,0 15.624700,48.208100,0 16.373800,48.208200,0 17.107700,48.148600,0 19.040200,47.497900,0 21.261100,48.716400,0 24.029700,49.839700,0 30.523400,50.450100,0 30.723300,46.482500,0 33.522000,44.605400,0</coordinates>
    </LineString>
  </Placemark>
  <Placemark>
    <name>Wuppertal-Bochum-Castrop-Express</name>
    <description><![CDATA[<b>Wuppertal-Bochum-Castrop-Express</b><br/>Aero-Shuttle-Module (Kohlefaser, virtuelles Platooning), 180 Fahrgäste pro Modul<br/>67,5 km, 53,8% Tunnel / 36,6% Stelzen / 9,6% ebenerdig, Wuppertal Nord bis Castrop-Rauxel Münsterplatz<br/><br/><b>Beispielfahrt (Stopliste):</b><br/>High Speed Hub Wuppertal Nord: ab 07:00<br/>IKEA Wuppertal: an 07:01 / ab 07:01<br/>Wuppertal Oberbarmen: an 07:03 / ab 07:04<br/>Wuppertal Barmen: an 07:06 / ab 07:06<br/>Rotter Platz – Wuppertal: an 07:08 / ab 07:08<br/>Wuppertal Büchenring: an 07:10 / ab 07:11<br/>Wuppertal Dönberg Kirche: an 07:12 / ab 07:13<br/>Velbert Lembeck: an 07:15 / ab 07:16<br/>Velbert Gartenheimstraße: an 07:17 / ab 07:18<br/>Velbert-Langenberg Bahnhof: an 07:19 / ab 07:20<br/>Velbert Nierenhof Busbahnhof: an 07:22 / ab 07:22<br/>Hattingen Lembeck: an 07:24 / ab 07:25<br/>Hattingen Südring: an 07:27 / ab 07:27<br/>Hattingen Mitte: an 07:29 / ab 07:30<br/>Bochum Lewackerstr.: an 07:32 / ab 07:32<br/>Linden Mitte: an 07:34 / ab 07:35<br/>Bochum Südbad: an 07:36 / ab 07:37<br/>Bochum Am Röderschacht: an 07:38 / ab 07:39<br/>Bochum Blankensteiner Str.: an 07:40 / ab 07:41<br/>Bochum Weitmar Mitte: an 07:42 / ab 07:43<br/>Bochum Kohlenstr.: an 07:44 / ab 07:45<br/>Bochum Bergmannsheil: an 07:46 / ab 07:47<br/>Bochum Bermuda3eck: an 07:48 / ab 07:49<br/>Bochum Hbf: an 07:49 / ab 07:51<br/>Bochumer Ruhrstadion: an 07:53 / ab 07:53<br/>Bochum Ruhrpark: an 07:56 / ab 07:57<br/>Castrop-Rauxel Breckenstr.: an 07:59 / ab 08:00<br/>Castrop-Rauxel Münsterplatz: an 08:02<br/><style>@media (prefers-color-scheme: dark) { body { background:#1e1e1e; color:#eee; } }</style>]]></description>
    <LookAt>
      <longitude>7.172864</longitude>
      <latitude>51.402483</latitude>
      <altitude>0</altitude>
      <heading>0</heading>
      <tilt>0</tilt>
      <range>23719</range>
      <altitudeMode>clampToGround</altitudeMode>
    </LookAt>
    <styleUrl>#line_wbc</styleUrl>
    <LineString>
      <tessellate>1</tessellate>
      <coordinates>7.258664,51.312520,0 7.252533,51.310957,0 7.250868,51.309750,0 7.250887,51.309347,0 7.250868,51.309750,0 7.252046,51.310709,0 7.253883,51.311346,0 7.241871,51.309056,0 7.232531,51.305481,0 7.224466,51.303259,0 7.221286,51.301347,0 7.218676,51.298235,0 7.217295,51.297157,0 7.215528,51.296415,0 7.211259,51.295360,0 7.209248,51.294238,0 7.206666,51.290955,0 7.207074,51.289221,0 7.206285,51.287783,0 7.206988,51.288930,0 7.206544,51.289649,0 7.205672,51.289883,0 7.194975,51.287164,0 7.193036,51.286201,0 7.188084,51.282886,0 7.177148,51.278585,0 7.180255,51.279317,0 7.182123,51.279128,0 7.182633,51.278705,0 7.182123,51.279128,0 7.180127,51.279780,0 7.179777,51.280260,0 7.180080,51.280609,0 7.180509,51.280649,0 7.179812,51.280415,0 7.179947,51.279937,0 7.181407,51.279244,0 7.179014,51.279120,0 7.174651,51.277585,0 7.172108,51.276293,0 7.168393,51.273711,0 7.166418,51.272858,0 7.155366,51.270439,0 7.154119,51.270658,0 7.152304,51.270383,0 7.138943,51.266977,0 7.130173,51.265437,0 7.124720,51.263568,0 7.119462,51.263043,0 7.116239,51.262133,0 7.114222,51.260852,0 7.111766,51.257443,0 7.107985,51.254414,0 7.104961,51.250085,0 7.103335,51.249182,0 7.099036,51.247898,0 7.094879,51.245112,0 7.093602,51.244808,0 7.092908,51.245183,0 7.092244,51.246496,0 7.090614,51.251521,0 7.084377,51.262213,0 7.082206,51.269635,0 7.081039,51.272353,0 7.078930,51.275666,0 7.074642,51.280815,0 7.072781,51.283940,0 7.070811,51.290836,0 7.066462,51.298282,0 7.065999,51.301255,0 7.066546,51.304095,0 7.067567,51.306141,0 7.072001,51.312133,0 7.072491,51.314258,0 7.072084,51.317034,0 7.072809,51.318086,0 7.130997,51.321380,0 7.129964,51.343166,0 7.066170,51.331376,0 7.060098,51.338665,0 7.052864,51.343323,0 7.050167,51.345436,0 7.047251,51.346962,0 7.044309,51.349153,0 7.042053,51.350413,0 7.041369,51.351184,0 7.041309,51.351886,0 7.041992,51.352832,0 7.046183,51.355494,0 7.056346,51.360611,0 7.061935,51.362262,0 7.068976,51.363163,0 7.070722,51.364001,0 7.072007,51.366247,0 7.071203,51.369556,0 7.071569,51.371730,0 7.072654,51.373252,0 7.076793,51.377031,0 7.077579,51.378716,0 7.078216,51.383464,0 7.079185,51.384684,0 7.081817,51.386687,0 7.082472,51.388364,0 7.082541,51.387441,0 7.081938,51.386303,0 7.082191,51.385909,0 7.137533,51.373134,0 7.160649,51.387424,0 7.085287,51.398934,0 7.083895,51.396475,0 7.081317,51.394165,0 7.080501,51.392758,0 7.080710,51.391235,0 7.082360,51.388834,0 7.082269,51.387335,0 7.078304,51.383636,0 7.077807,51.382043,0 7.077579,51.378716,0 7.076793,51.377031,0 7.072654,51.373252,0 7.071374,51.371276,0 7.071203,51.369556,0 7.072007,51.366247,0 7.071276,51.364783,0 7.069098,51.363524,0 7.060632,51.361966,0 7.055082,51.360079,0 7.046183,51.355494,0 7.041414,51.352210,0 7.041369,51.351184,0 7.042053,51.350413,0 7.044309,51.349153,0 7.047251,51.346962,0 7.050167,51.345436,0 7.052864,51.343323,0 7.060098,51.338665,0 7.066051,51.331627,0 7.067532,51.325255,0 7.071702,51.317237,0 7.072492,51.314445,0 7.071599,51.311370,0 7.067567,51.306141,0 7.066546,51.304095,0 7.065999,51.301255,0 7.066462,51.298282,0 7.070811,51.290836,0 7.072304,51.285125,0 7.073361,51.282813,0 7.078930,51.275666,0 7.081039,51.272353,0 7.082206,51.269635,0 7.084377,51.262213,0 7.090614,51.251521,0 7.092244,51.246496,0 7.092908,51.245183,0 7.093602,51.244808,0 7.094879,51.245112,0 7.099036,51.247898,0 7.103335,51.249182,0 7.104961,51.250085,0 7.107985,51.254414,0 7.111766,51.257443,0 7.114222,51.260852,0 7.116239,51.262133,0 7.119462,51.263043,0 7.124720,51.263568,0 7.130702,51.265560,0 7.138358,51.266847,0 7.148305,51.269416,0 7.162891,51.272102,0 7.166807,51.273120,0 7.174043,51.277447,0 7.188387,51.283167,0 7.194361,51.286983,0 7.196833,51.287808,0 7.203005,51.289239,0 7.205100,51.290098,0 7.206755,51.291347,0 7.209622,51.294618,0 7.211480,51.295510,0 7.215659,51.296540,0 7.217376,51.297317,0 7.221113,51.301313,0 7.224420,51.303309,0 7.232470,51.305577,0 7.240704,51.308840,0 7.256376,51.312006,0 7.263223,51.314169,0 7.264987,51.315080,0 7.268086,51.318944,0 7.269411,51.321917,0 7.269456,51.324894,0 7.266873,51.330685,0 7.266719,51.333612,0 7.267748,51.336440,0 7.273009,51.342600,0 7.274586,51.345927,0 7.274884,51.349269,0 7.273719,51.355836,0 7.275480,51.361553,0 7.275743,51.363656,0 7.275236,51.366242,0 7.273643,51.368931,0 7.271501,51.371183,0 7.264566,51.377218,0 7.262131,51.380177,0 7.260789,51.384090,0 7.261170,51.387579,0 7.260789,51.384090,0 7.262131,51.380177,0 7.264566,51.377218,0 7.271501,51.371183,0 7.273643,51.368931,0 7.275236,51.366242,0 7.275743,51.363656,0 7.275480,51.361553,0 7.273719,51.355836,0 7.274884,51.349269,0 7.274586,51.345927,0 7.273009,51.342600,0 7.267748,51.336440,0 7.266719,51.333612,0 7.266873,51.330685,0 7.269456,51.324894,0 7.269411,51.321917,0 7.268086,51.318944,0 7.265282,51.315318,0 7.263647,51.314321,0 7.257305,51.312247,0 7.240704,51.308840,0 7.232470,51.305577,0 7.224240,51.303232,0 7.221113,51.301313,0 7.217376,51.297317,0 7.215659,51.296540,0 7.211480,51.295510,0 7.209622,51.294618,0 7.206755,51.291347,0 7.205100,51.290098,0 7.203005,51.289239,0 7.196833,51.287808,0 7.194361,51.286983,0 7.188387,51.283167,0 7.174043,51.277447,0 7.166807,51.273120,0 7.162891,51.272102,0 7.148305,51.269416,0 7.138358,51.266847,0 7.130702,51.265560,0 7.124720,51.263568,0 7.119462,51.263043,0 7.116239,51.262133,0 7.114222,51.260852,0 7.111766,51.257443,0 7.107985,51.254414,0 7.104961,51.250085,0 7.103335,51.249182,0 7.099036,51.247898,0 7.094879,51.245112,0 7.093602,51.244808,0 7.092908,51.245183,0 7.092244,51.246496,0 7.090614,51.251521,0 7.084377,51.262213,0 7.082206,51.269635,0 7.081039,51.272353,0 7.078930,51.275666,0 7.073361,51.282813,0 7.072304,51.285125,0 7.070811,51.290836,0 7.066462,51.298282,0 7.065999,51.301255,0 7.066546,51.304095,0 7.067567,51.306141,0 7.071599,51.311370,0 7.072492,51.314445,0 7.071702,51.317237,0 7.067532,51.325255,0 7.066051,51.331627,0 7.061186,51.337597,0 7.059592,51.339080,0 7.052864,51.343323,0 7.050167,51.345436,0 7.047251,51.346962,0 7.044309,51.349153,0 7.042053,51.350413,0 7.041369,51.351184,0 7.041309,51.351886,0 7.041992,51.352832,0 7.046183,51.355494,0 7.054490,51.359824,0 7.060632,51.361966,0 7.069098,51.363524,0 7.070587,51.364204,0 7.071529,51.365074,0 7.072007,51.366247,0 7.071203,51.369556,0 7.071569,51.371730,0 7.072654,51.373252,0 7.076793,51.377031,0 7.077579,51.378716,0 7.077807,51.382043,0 7.078304,51.383636,0 7.079185,51.384684,0 7.081687,51.386549,0 7.082381,51.387613,0 7.082360,51.388834,0 7.080710,51.391235,0 7.080484,51.392674,0 7.081317,51.394165,0 7.083895,51.396475,0 7.085287,51.398934,0 7.085675,51.401104,0 7.084708,51.403516,0 7.084817,51.404485,0 7.084708,51.403516,0 7.085675,51.401104,0 7.085287,51.398934,0 7.083895,51.396475,0 7.081317,51.394165,0 7.080484,51.392674,0 7.080710,51.391235,0 7.082360,51.388834,0 7.082381,51.387613,0 7.081687,51.386549,0 7.079185,51.384684,0 7.078304,51.383636,0 7.077807,51.382043,0 7.077579,51.378716,0 7.076793,51.377031,0 7.072654,51.373252,0 7.071569,51.371730,0 7.071203,51.369556,0 7.072007,51.366247,0 7.071529,51.365074,0 7.070587,51.364204,0 7.069098,51.363524,0 7.060632,51.361966,0 7.054490,51.359824,0 7.046183,51.355494,0 7.042715,51.353323,0 7.041618,51.352489,0 7.041286,51.351499,0 7.042053,51.350413,0 7.044309,51.349153,0 7.047251,51.346962,0 7.050167,51.345436,0 7.052864,51.343323,0 7.059592,51.339080,0 7.061186,51.337597,0 7.066051,51.331627,0 7.067532,51.325255,0 7.071702,51.317237,0 7.072492,51.314445,0 7.071599,51.311370,0 7.067567,51.306141,0 7.066546,51.304095,0 7.065999,51.301255,0 7.066462,51.298282,0 7.070811,51.290836,0 7.072304,51.285125,0 7.073361,51.282813,0 7.078930,51.275666,0 7.081039,51.272353,0 7.082206,51.269635,0 7.084377,51.262213,0 7.090614,51.251521,0 7.092244,51.246496,0 7.092908,51.245183,0 7.093602,51.244808,0 7.094879,51.245112,0 7.099036,51.247898,0 7.103335,51.249182,0 7.104961,51.250085,0 7.107985,51.254414,0 7.111766,51.257443,0 7.114222,51.260852,0 7.116239,51.262133,0 7.119462,51.263043,0 7.124720,51.263568,0 7.130702,51.265560,0 7.138358,51.266847,0 7.148305,51.269416,0 7.162891,51.272102,0 7.166807,51.273120,0 7.174043,51.277447,0 7.188387,51.283167,0 7.194361,51.286983,0 7.196833,51.287808,0 7.203005,51.289239,0 7.205100,51.290098,0 7.206755,51.291347,0 7.209622,51.294618,0 7.211480,51.295510,0 7.215659,51.296540,0 7.217376,51.297317,0 7.221113,51.301313,0 7.224420,51.303309,0 7.232470,51.305577,0 7.240704,51.308840,0 7.256376,51.312006,0 7.263223,51.314169,0 7.264987,51.315080,0 7.268086,51.318944,0 7.269411,51.321917,0 7.269456,51.324894,0 7.266873,51.330685,0 7.266719,51.333612,0 7.267748,51.336440,0 7.273009,51.342600,0 7.274586,51.345927,0 7.274884,51.349269,0 7.273719,51.355836,0 7.275480,51.361553,0 7.275743,51.363656,0 7.275236,51.366242,0 7.273895,51.368607,0 7.271725,51.370975,0 7.263547,51.378273,0 7.262001,51.380401,0 7.261094,51.382530,0 7.260939,51.386722,0 7.263750,51.393272,0 7.264255,51.396495,0 7.263678,51.400115,0 7.261101,51.408131,0 7.260995,51.412000,0 7.262450,51.415683,0 7.265129,51.418788,0 7.288858,51.435670,0 7.291402,51.438054,0 7.292802,51.440064,0 7.293872,51.443248,0 7.293668,51.446603,0 7.292662,51.449047,0 7.289115,51.454843,0 7.287993,51.459946,0 7.286529,51.460521,0 7.285706,51.461549,0 7.284516,51.461971,0 7.276346,51.463950,0 7.271696,51.464334,0 7.268338,51.464046,0 7.260727,51.462568,0 7.251449,51.462778,0 7.240375,51.460718,0 7.237558,51.459929,0 7.227319,51.455479,0 7.224676,51.454665,0 7.222832,51.454400,0 7.219816,51.454313,0 7.216388,51.453846,0 7.214590,51.453944,0 7.213198,51.454324,0 7.210277,51.455928,0 7.205345,51.457842,0 7.206220,51.457257,0 7.205345,51.457842,0 7.210277,51.455928,0 7.214099,51.454044,0 7.213561,51.454126,0 7.213178,51.454247,0 7.214099,51.454044,0 7.210003,51.456047,0 7.205644,51.457665,0 7.200377,51.461393,0 7.197980,51.463789,0 7.196481,51.466933,0 7.197937,51.463550,0 7.198362,51.463345,0 7.197605,51.464043,0 7.196481,51.466933,0 7.195342,51.468300,0 7.193480,51.469645,0 7.190053,51.471303,0 7.188251,51.472676,0 7.187118,51.474359,0 7.186067,51.477871,0 7.185095,51.478861,0 7.183314,51.479613,0 7.183224,51.480890,0 7.183442,51.480307,0 7.185416,51.478888,0 7.186500,51.477441,0 7.187218,51.474587,0 7.188182,51.472983,0 7.190010,51.471489,0 7.194606,51.469100,0 7.196878,51.466802,0 7.194606,51.469100,0 7.190010,51.471489,0 7.188182,51.472983,0 7.187218,51.474587,0 7.186500,51.477441,0 7.185179,51.479087,0 7.183769,51.479917,0 7.179204,51.481206,0 7.178821,51.481619,0 7.182491,51.484405,0 7.184123,51.486455,0 7.185251,51.489819,0 7.185021,51.493047,0 7.185713,51.494207,0 7.187111,51.495224,0 7.190137,51.496051,0 7.197390,51.496493,0 7.210697,51.497960,0 7.219509,51.498447,0 7.222588,51.498293,0 7.225483,51.497820,0 7.228746,51.496707,0 7.231377,51.495105,0 7.231916,51.494481,0 7.231934,51.493215,0 7.231799,51.494697,0 7.229748,51.496206,0 7.232874,51.494748,0 7.236238,51.494249,0 7.243210,51.495282,0 7.251638,51.494547,0 7.256566,51.494566,0 7.268289,51.496300,0 7.273427,51.496690,0 7.274157,51.496341,0 7.273880,51.495709,0 7.273042,51.495630,0 7.272198,51.496119,0 7.274811,51.493586,0 7.276747,51.490383,0 7.274708,51.493444,0 7.271663,51.496352,0 7.266612,51.499722,0 7.259483,51.503107,0 7.254875,51.504703,0 7.248883,51.506299,0 7.220804,51.512372,0 7.217287,51.513568,0 7.214708,51.515025,0 7.212166,51.517641,0 7.208766,51.524178,0 7.207834,51.527305,0 7.207506,51.532634,0 7.206723,51.536434,0 7.205210,51.539003,0 7.202375,51.542118,0 7.202376,51.543253,0 7.203581,51.545037,0 7.204886,51.545695,0 7.218538,51.550692,0 7.234727,51.557435,0 7.239748,51.558755,0 7.243087,51.559055,0 7.246336,51.558955,0 7.255282,51.557361,0 7.259372,51.557023,0 7.263551,51.557190,0 7.271203,51.558288,0 7.276556,51.558623,0 7.289524,51.558214,0 7.291868,51.557668,0 7.292933,51.557813,0 7.291570,51.557673,0 7.290032,51.558163,0 7.287982,51.558205,0 7.304442,51.560158,0</coordinates>
    </LineString>
  </Placemark>
  <Placemark>
    <name>Weltachse 1 (Bochum–Vancouver)</name>
    <description><![CDATA[<b>Weltachse 1 (Bochum–Vancouver)</b><br/>6-gleisig (2x Express, 2x Güter, 2x Regional), ETCS Level 3 Moving Block, 800m-Passagierzüge / 1.200m-Güterzüge (240 TEU)<br/>13.450 km, 23 Std. 56 Min., Bochum Hbf bis Surrey (Vancouver) via Berlin, Warschau, Kiew, Sibirien und die Beringstraße. Zeiten lokal mit Tagesmarkierung; 'Diomede-Paradoxon': durch die Datumsgrenze im Beringstraßen-Tunnel liegt die lokale Ankunft in Fairbanks kalendarisch vor der Abfahrt in Diomede. Größte Tunnel/Bauwerke: Ural-Bergtunnelkette (80 km), Beringstraßen-Untersee-Tunnel (85 km, mit Zwischenhalt Big Diomede auf der Grenze).<br/><br/><b>Beispielfahrt (Stopliste):</b><br/>Bochum Hbf: ab 07:00<br/>Bielefeld: an 07:14 / ab 07:16<br/>Hannover (Wülferode Ost): an 07:27 / ab 07:29<br/>Berlin (Schönefelder Kreuz): an 07:58 / ab 08:00<br/>Posen (Poznań Wschód): an 08:25 / ab 08:27<br/>Łódź (Północ): an 08:48 / ab 08:50<br/>Warszawa (Konotopa): an 09:04 / ab 09:08<br/>Kyiv (Boryspil): an 11:28 / ab 11:32<br/>Kasan (Nord): an 14:29 / ab 14:31<br/>Nowosibirsk (Tolmachevo): an 22:03 / ab 22:06<br/>Jakutsk (Ost, Nizhny Bestyakh): an 04:43 / ab 04:48<br/>Diomede Islands (Big Diomede): an 11:58 / ab 12:00<br/>Fairbanks (Nord): an 16:47 / ab 16:50<br/>Whitehorse (Valley): an 20:17 / ab 20:19<br/>Surrey (Vancouver): an 21:56<br/><style>@media (prefers-color-scheme: dark) { body { background:#1e1e1e; color:#eee; } }</style>]]></description>
    <LookAt>
      <longitude>-0.181229</longitude>
      <latitude>58.302985</latitude>
      <altitude>0</altitude>
      <heading>0</heading>
      <tilt>0</tilt>
      <range>400000</range>
      <altitudeMode>clampToGround</altitudeMode>
    </LookAt>
    <styleUrl>#line_weltachse1</styleUrl>
    <LineString>
      <tessellate>1</tessellate>
      <coordinates>7.223234,51.478533,0 8.532500,52.030200,0 9.850000,52.366700,0 13.516700,52.366700,0 16.977200,52.406400,0 19.450000,51.850000,0 20.870000,52.210000,0 30.894700,50.345000,0 49.122100,55.788700,0 82.667200,55.012600,0 129.900000,61.950000,0 130.853062,62.260199,0 131.825735,62.563732,0 132.818233,62.860374,0 133.830738,63.149896,0 134.863397,63.432063,0 135.916319,63.706638,0 136.989567,63.973380,0 138.083160,64.232043,0 139.197065,64.482382,0 140.331192,64.724148,0 141.485395,64.957092,0 142.659461,65.180965,0 143.853115,65.395517,0 145.066008,65.600503,0 146.297718,65.795678,0 147.547750,65.980802,0 148.815529,66.155641,0 150.100401,66.319967,0 151.401632,66.473558,0 152.718406,66.616201,0 154.049831,66.747696,0 155.394934,66.867852,0 156.752668,66.976489,0 158.121915,67.073446,0 159.501486,67.158571,0 160.890135,67.231732,0 162.286557,67.292814,0 163.689399,67.341718,0 165.097267,67.378366,0 166.508735,67.402696,0 167.922353,67.414670,0 169.336658,67.414268,0 170.750181,67.401490,0 172.161459,67.376358,0 173.569043,67.338913,0 174.971510,67.289215,0 176.367467,67.227345,0 177.755566,67.153403,0 179.134504,67.067504,0 -179.496963,66.969785,0 -178.140016,66.860393,0 -176.795771,66.739496,0 -175.465269,66.607270,0 -174.149478,66.463909,0 -172.849286,66.309615,0 -171.565503,66.144599,0 -170.298858,65.969085,0 -169.050000,65.783300,0 -168.597849,65.794701,0 -168.145322,65.804766,0 -167.692464,65.813494,0 -167.239322,65.820883,0 -166.785944,65.826933,0 -166.332376,65.831642,0 -165.878665,65.835009,0 -165.424859,65.837034,0 -164.971006,65.837716,0 -164.517152,65.837056,0 -164.063345,65.835053,0 -163.609632,65.831708,0 -163.156061,65.827021,0 -162.702679,65.820994,0 -162.249533,65.813627,0 -161.796670,65.804920,0 -161.344137,65.794877,0 -160.891980,65.783498,0 -160.440245,65.770786,0 -159.988979,65.756742,0 -159.538227,65.741369,0 -159.088035,65.724669,0 -158.638447,65.706646,0 -158.189508,65.687301,0 -157.741263,65.666638,0 -157.293755,65.644661,0 -156.847027,65.621374,0 -156.401122,65.596779,0 -155.956082,65.570881,0 -155.511950,65.543683,0 -155.068765,65.515192,0 -154.626569,65.485410,0 -154.185402,65.454342,0 -153.745303,65.421994,0 -153.306310,65.388371,0 -152.868461,65.353478,0 -152.431795,65.317319,0 -151.996347,65.279902,0 -151.562153,65.241230,0 -151.129248,65.201312,0 -150.697668,65.160151,0 -150.267445,65.117755,0 -149.838612,65.074130,0 -149.411202,65.029283,0 -148.985245,64.983219,0 -148.560773,64.935946,0 -148.137815,64.887471,0 -147.716400,64.837800,0 -135.056800,60.721200,0 -122.849000,49.191300,0</coordinates>
    </LineString>
  </Placemark>
  <Placemark>
    <name>Aalborg</name>
    <description><![CDATA[<b>Aalborg</b><br/><br/><i>Maglev Regio Lille–Bergen</i> Richtung Bergen: an xx:21 / ab xx:23 &mdash; Industrie-Großkaverne am Autobahnkreuz Bouet<br/><i>Maglev Regio Lille–Bergen</i> Richtung Lille (Turmbahnhof): an xx:40 / ab xx:42 &mdash; Industrie-Großkaverne am Autobahnkreuz Bouet<br/><style>@media (prefers-color-scheme: dark) { body { background:#1e1e1e; color:#eee; } }</style>]]></description>
    <LookAt>
      <longitude>9.921700</longitude>
      <latitude>57.048800</latitude>
      <altitude>0</altitude>
      <heading>0</heading>
      <tilt>0</tilt>
      <range>2500</range>
      <altitudeMode>clampToGround</altitudeMode>
    </LookAt>
    <styleUrl>#station_default</styleUrl>
    <Point>
      <coordinates>9.921700,57.048800,0</coordinates>
    </Point>
  </Placemark>
  <Placemark>
    <name>Aalten Bahnhof/City</name>
    <description><![CDATA[<b>Aalten Bahnhof/City</b><br/><br/><i>Münsterland-Ruhrgebiet-Express</i> Richtung Winterswijk Bahnhof/City: an xx:40 / ab xx:41 &mdash; Ebenerdiger Bahnhof parallel zum Stationsplein<br/><i>Münsterland-Ruhrgebiet-Express</i> Richtung Kamener Kreuz: an xx:04 / ab xx:05 &mdash; Ebenerdiger Bahnhof parallel zum Stationsplein<br/><style>@media (prefers-color-scheme: dark) { body { background:#1e1e1e; color:#eee; } }</style>]]></description>
    <LookAt>
      <longitude>6.578711</longitude>
      <latitude>51.921339</latitude>
      <altitude>0</altitude>
      <heading>0</heading>
      <tilt>0</tilt>
      <range>2500</range>
      <altitudeMode>clampToGround</altitudeMode>
    </LookAt>
    <styleUrl>#station_default</styleUrl>
    <Point>
      <coordinates>6.578711,51.921339,0</coordinates>
    </Point>
  </Placemark>
  <Placemark>
    <name>Albany-West Hub</name>
    <description><![CDATA[<b>Albany-West Hub</b><br/><br/><i>Northern Horizon Arc (NHA)</i> Richtung Boston-West Route 128: an xx:42 / ab xx:44 &mdash; Trogbahnhof am Kreuz I-90/I-87, letzter Knoten vor der Berkshire-Gebirgspassage<br/><i>Northern Horizon Arc (NHA)</i> Richtung Surrey (Vancouver): an xx:32 / ab xx:34 &mdash; Trogbahnhof am Kreuz I-90/I-87, letzter Knoten vor der Berkshire-Gebirgspassage<br/><style>@media (prefers-color-scheme: dark) { body { background:#1e1e1e; color:#eee; } }</style>]]></description>
    <LookAt>
      <longitude>-73.950000</longitude>
      <latitude>42.680000</latitude>
      <altitude>0</altitude>
      <heading>0</heading>
      <tilt>0</tilt>
      <range>2500</range>
      <altitudeMode>clampToGround</altitudeMode>
    </LookAt>
    <styleUrl>#station_default</styleUrl>
    <Point>
      <coordinates>-73.950000,42.680000,0</coordinates>
    </Point>
  </Placemark>
  <Placemark>
    <name>Albuquerque-West Bypass</name>
    <description><![CDATA[<b>Albuquerque-West Bypass</b><br/><br/><i>Northern Horizon Arc (NHA)</i> Richtung Boston-West Route 128: an xx:43 / ab xx:45 &mdash; Bodengleicher Geländebahnhof an der Westperipherie (I-40/Coors Blvd)<br/><i>Northern Horizon Arc (NHA)</i> Richtung Surrey (Vancouver): an xx:31 / ab xx:33 &mdash; Bodengleicher Geländebahnhof an der Westperipherie (I-40/Coors Blvd)<br/><i>PNW-MAE (Pacific Northwest &amp; Mid-Atlantic Express)</i> Richtung New York City Penn Deep: an xx:43 / ab xx:45 &mdash; Bodengleicher Geländebahnhof an der Westperipherie (I-40/Coors Blvd)<br/><i>PNW-MAE (Pacific Northwest &amp; Mid-Atlantic Express)</i> Richtung Surrey (Vancouver): an xx:01 / ab xx:03 &mdash; Bodengleicher Geländebahnhof an der Westperipherie (I-40/Coors Blvd)<br/><style>@media (prefers-color-scheme: dark) { body { background:#1e1e1e; color:#eee; } }</style>]]></description>
    <LookAt>
      <longitude>-106.710000</longitude>
      <latitude>35.105600</latitude>
      <altitude>0</altitude>
      <heading>0</heading>
      <tilt>0</tilt>
      <range>2500</range>
      <altitudeMode>clampToGround</altitudeMode>
    </LookAt>
    <styleUrl>#station_default</styleUrl>
    <Point>
      <coordinates>-106.710000,35.105600,0</coordinates>
    </Point>
  </Placemark>
  <Placemark>
    <name>Algiers</name>
    <description><![CDATA[<b>Algiers</b><br/><br/><i>Arktis-Afrika-Magistrale</i> Richtung Casablanca: an xx:06 / ab xx:10 &mdash; Hochbahnhof, Logistikviadukt an der A1/Rocade Sud<br/><i>Arktis-Afrika-Magistrale</i> Richtung Nordkapp: an xx:42 / ab xx:46 &mdash; Hochbahnhof, Logistikviadukt an der A1/Rocade Sud<br/><style>@media (prefers-color-scheme: dark) { body { background:#1e1e1e; color:#eee; } }</style>]]></description>
    <LookAt>
      <longitude>3.058800</longitude>
      <latitude>36.753800</latitude>
      <altitude>0</altitude>
      <heading>0</heading>
      <tilt>0</tilt>
      <range>2500</range>
      <altitudeMode>clampToGround</altitudeMode>
    </LookAt>
    <styleUrl>#station_default</styleUrl>
    <Point>
      <coordinates>3.058800,36.753800,0</coordinates>
    </Point>
  </Placemark>
  <Placemark>
    <name>Alkmaar</name>
    <description><![CDATA[<b>Alkmaar</b><br/><br/><i>Maglev Regio Lille–Bergen</i> Richtung Bergen: an xx:57 / ab xx:58 &mdash; Hochbahnhof, Gateway ins Wattenmeer-System<br/><i>Maglev Regio Lille–Bergen</i> Richtung Lille (Turmbahnhof): an xx:05 / ab xx:06 &mdash; Hochbahnhof, Gateway ins Wattenmeer-System<br/><style>@media (prefers-color-scheme: dark) { body { background:#1e1e1e; color:#eee; } }</style>]]></description>
    <LookAt>
      <longitude>4.753400</longitude>
      <latitude>52.632400</latitude>
      <altitude>0</altitude>
      <heading>0</heading>
      <tilt>0</tilt>
      <range>2500</range>
      <altitudeMode>clampToGround</altitudeMode>
    </LookAt>
    <styleUrl>#station_default</styleUrl>
    <Point>
      <coordinates>4.753400,52.632400,0</coordinates>
    </Point>
  </Placemark>
  <Placemark>
    <name>Amrum</name>
    <description><![CDATA[<b>Amrum</b><br/><br/><i>Maglev Regio Lille–Bergen</i> Richtung Bergen: an xx:45 / ab xx:46 &mdash; Nordfriesische Inselkaverne (3 Gleise)<br/><i>Maglev Regio Lille–Bergen</i> Richtung Lille (Turmbahnhof): an xx:17 / ab xx:18 &mdash; Nordfriesische Inselkaverne (3 Gleise)<br/><style>@media (prefers-color-scheme: dark) { body { background:#1e1e1e; color:#eee; } }</style>]]></description>
    <LookAt>
      <longitude>8.350000</longitude>
      <latitude>54.633300</latitude>
      <altitude>0</altitude>
      <heading>0</heading>
      <tilt>0</tilt>
      <range>2500</range>
      <altitudeMode>clampToGround</altitudeMode>
    </LookAt>
    <styleUrl>#station_default</styleUrl>
    <Point>
      <coordinates>8.350000,54.633300,0</coordinates>
    </Point>
  </Placemark>
  <Placemark>
    <name>Amsterdam (Science Park)</name>
    <description><![CDATA[<b>Amsterdam (Science Park)</b><br/><br/><i>Maglev Express Oslo–Inverness</i> Richtung Inverness (Longman): an xx:17 / ab xx:20 &mdash; Tiefbahnhof (unterseeische Kaverne) nahe der A10<br/><i>Maglev Express Oslo–Inverness</i> Richtung Oslo (Alnabru): an xx:17 / ab xx:20 &mdash; Tiefbahnhof (unterseeische Kaverne) nahe der A10<br/><style>@media (prefers-color-scheme: dark) { body { background:#1e1e1e; color:#eee; } }</style>]]></description>
    <LookAt>
      <longitude>4.935000</longitude>
      <latitude>52.335000</latitude>
      <altitude>0</altitude>
      <heading>0</heading>
      <tilt>0</tilt>
      <range>2500</range>
      <altitudeMode>clampToGround</altitudeMode>
    </LookAt>
    <styleUrl>#station_default</styleUrl>
    <Point>
      <coordinates>4.935000,52.335000,0</coordinates>
    </Point>
  </Placemark>
  <Placemark>
    <name>Angermünde</name>
    <description><![CDATA[<b>Angermünde</b><br/><br/><i>Brandenburg Hbf–Hel</i> Richtung Hel: an xx:23 / ab xx:25 &mdash; Gleis 1/2, komfortabler Anschlussknoten<br/><i>Brandenburg Hbf–Hel</i> Richtung Brandenburg Hbf: an xx:48 / ab xx:50 &mdash; Gleis 1/2, komfortabler Anschlussknoten<br/><style>@media (prefers-color-scheme: dark) { body { background:#1e1e1e; color:#eee; } }</style>]]></description>
    <LookAt>
      <longitude>13.996700</longitude>
      <latitude>53.021900</latitude>
      <altitude>0</altitude>
      <heading>0</heading>
      <tilt>0</tilt>
      <range>2500</range>
      <altitudeMode>clampToGround</altitudeMode>
    </LookAt>
    <styleUrl>#station_default</styleUrl>
    <Point>
      <coordinates>13.996700,53.021900,0</coordinates>
    </Point>
  </Placemark>
  <Placemark>
    <name>Antalya (Aksu-Dreieck)</name>
    <description><![CDATA[<b>Antalya (Aksu-Dreieck)</b><br/><br/><i>Maglev Magistrale Paris–Singapur</i> Richtung Singapore (Changi Ost): an xx:16 / ab xx:18 &mdash; Hochbahnhof im peripheren Logistik-Dreieck an D685/D400<br/><i>Maglev Magistrale Paris–Singapur</i> Richtung Paris (CDG): an xx:00 / ab xx:02 &mdash; Hochbahnhof im peripheren Logistik-Dreieck an D685/D400<br/><style>@media (prefers-color-scheme: dark) { body { background:#1e1e1e; color:#eee; } }</style>]]></description>
    <LookAt>
      <longitude>30.800000</longitude>
      <latitude>36.950000</latitude>
      <altitude>0</altitude>
      <heading>0</heading>
      <tilt>0</tilt>
      <range>2500</range>
      <altitudeMode>clampToGround</altitudeMode>
    </LookAt>
    <styleUrl>#station_default</styleUrl>
    <Point>
      <coordinates>30.800000,36.950000,0</coordinates>
    </Point>
  </Placemark>
  <Placemark>
    <name>Arnhem</name>
    <description><![CDATA[<b>Arnhem</b><br/><br/><i>Maglev Express Oslo–Inverness</i> Richtung Inverness (Longman): an xx:58 / ab xx:59 &mdash; Hochbahnhof am Kreuz Waterberg A12/A50<br/><i>Maglev Express Oslo–Inverness</i> Richtung Oslo (Alnabru): an xx:38 / ab xx:39 &mdash; Hochbahnhof am Kreuz Waterberg A12/A50<br/><style>@media (prefers-color-scheme: dark) { body { background:#1e1e1e; color:#eee; } }</style>]]></description>
    <LookAt>
      <longitude>5.955000</longitude>
      <latitude>51.985000</latitude>
      <altitude>0</altitude>
      <heading>0</heading>
      <tilt>0</tilt>
      <range>2500</range>
      <altitudeMode>clampToGround</altitudeMode>
    </LookAt>
    <styleUrl>#station_default</styleUrl>
    <Point>
      <coordinates>5.955000,51.985000,0</coordinates>
    </Point>
  </Placemark>
  <Placemark>
    <name>Athens</name>
    <description><![CDATA[<b>Athens</b><br/><br/><i>Arktis-Afrika-Magistrale</i> Richtung Casablanca: an xx:47 / ab xx:51 &mdash; Tiefbahnhof, Küstenkaverne, letzter Halt vor dem Ägäischen Untersee-Tunnel<br/><i>Arktis-Afrika-Magistrale</i> Richtung Nordkapp: an xx:01 / ab xx:05 &mdash; Tiefbahnhof, Küstenkaverne, letzter Halt vor dem Ägäischen Untersee-Tunnel<br/><style>@media (prefers-color-scheme: dark) { body { background:#1e1e1e; color:#eee; } }</style>]]></description>
    <LookAt>
      <longitude>23.727500</longitude>
      <latitude>37.983800</latitude>
      <altitude>0</altitude>
      <heading>0</heading>
      <tilt>0</tilt>
      <range>2500</range>
      <altitudeMode>clampToGround</altitudeMode>
    </LookAt>
    <styleUrl>#station_default</styleUrl>
    <Point>
      <coordinates>23.727500,37.983800,0</coordinates>
    </Point>
  </Placemark>
  <Placemark>
    <name>Atlantic City-Egg Harbor</name>
    <description><![CDATA[<b>Atlantic City-Egg Harbor</b><br/><br/><i>PNW-MAE (Pacific Northwest &amp; Mid-Atlantic Express)</i> Richtung New York City Penn Deep: an xx:21 / ab xx:23 &mdash; Geländebahnhof an der Kreuzung Atlantic City Expressway/Garden State Parkway<br/><i>PNW-MAE (Pacific Northwest &amp; Mid-Atlantic Express)</i> Richtung Surrey (Vancouver): an xx:23 / ab xx:25 &mdash; Geländebahnhof an der Kreuzung Atlantic City Expressway/Garden State Parkway<br/><style>@media (prefers-color-scheme: dark) { body { background:#1e1e1e; color:#eee; } }</style>]]></description>
    <LookAt>
      <longitude>-74.590000</longitude>
      <latitude>39.380000</latitude>
      <altitude>0</altitude>
      <heading>0</heading>
      <tilt>0</tilt>
      <range>2500</range>
      <altitudeMode>clampToGround</altitudeMode>
    </LookAt>
    <styleUrl>#station_default</styleUrl>
    <Point>
      <coordinates>-74.590000,39.380000,0</coordinates>
    </Point>
  </Placemark>
  <Placemark>
    <name>Augsburg</name>
    <description><![CDATA[<b>Augsburg</b><br/><br/><i>Rhein-Ruhr-Krim-Magistrale (Ruhr-Schwarzmeer)</i> Richtung Sevastopol: an xx:36 / ab xx:38 &mdash; Brückenkonstruktion im östlichen Stadtvorfeld parallel zur A8, freie Highspeed-Strecke 600 km/h<br/><i>Rhein-Ruhr-Krim-Magistrale (Ruhr-Schwarzmeer)</i> Richtung Bochum Hbf: an xx:58 / ab xx:00 &mdash; Brückenkonstruktion im östlichen Stadtvorfeld parallel zur A8, freie Highspeed-Strecke 600 km/h<br/><style>@media (prefers-color-scheme: dark) { body { background:#1e1e1e; color:#eee; } }</style>]]></description>
    <LookAt>
      <longitude>10.885800</longitude>
      <latitude>48.365300</latitude>
      <altitude>0</altitude>
      <heading>0</heading>
      <tilt>0</tilt>
      <range>2500</range>
      <altitudeMode>clampToGround</altitudeMode>
    </LookAt>
    <styleUrl>#station_default</styleUrl>
    <Point>
      <coordinates>10.885800,48.365300,0</coordinates>
    </Point>
  </Placemark>
  <Placemark>
    <name>August-Bebel-Platz</name>
    <description><![CDATA[<b>August-Bebel-Platz</b><br/><br/><i>Münsterland-Ruhrgebiet-Express</i> Richtung Winterswijk Bahnhof/City: an xx:47 / ab xx:48 &mdash; Tiefbahnhof unter dem August-Bebel-Platz<br/><i>Münsterland-Ruhrgebiet-Express</i> Richtung Kamener Kreuz: an xx:58 / ab xx:58 &mdash; Tiefbahnhof unter dem August-Bebel-Platz<br/><style>@media (prefers-color-scheme: dark) { body { background:#1e1e1e; color:#eee; } }</style>]]></description>
    <LookAt>
      <longitude>7.334169</longitude>
      <latitude>51.440947</latitude>
      <altitude>0</altitude>
      <heading>0</heading>
      <tilt>0</tilt>
      <range>2500</range>
      <altitudeMode>clampToGround</altitudeMode>
    </LookAt>
    <styleUrl>#station_default</styleUrl>
    <Point>
      <coordinates>7.334169,51.440947,0</coordinates>
    </Point>
  </Placemark>
  <Placemark>
    <name>Baghdad (Militärperipherie)</name>
    <description><![CDATA[<b>Baghdad (Militärperipherie)</b><br/><br/><i>Maglev Magistrale Paris–Singapur</i> Richtung Singapore (Changi Ost): an xx:58 / ab xx:02 &mdash; Tiefbahnhof, Großkaverne im gesicherten Al-Rasheed-Areal<br/><i>Maglev Magistrale Paris–Singapur</i> Richtung Paris (CDG): an xx:16 / ab xx:20 &mdash; Tiefbahnhof, Großkaverne im gesicherten Al-Rasheed-Areal<br/><style>@media (prefers-color-scheme: dark) { body { background:#1e1e1e; color:#eee; } }</style>]]></description>
    <LookAt>
      <longitude>44.366100</longitude>
      <latitude>33.315200</latitude>
      <altitude>0</altitude>
      <heading>0</heading>
      <tilt>0</tilt>
      <range>2500</range>
      <altitudeMode>clampToGround</altitudeMode>
    </LookAt>
    <styleUrl>#station_default</styleUrl>
    <Point>
      <coordinates>44.366100,33.315200,0</coordinates>
    </Point>
  </Placemark>
  <Placemark>
    <name>Ballum (Ameland)</name>
    <description><![CDATA[<b>Ballum (Ameland)</b><br/><br/><i>Maglev Regio Lille–Bergen</i> Richtung Bergen: an xx:29 / ab xx:30 &mdash; Zentrale Kaverne unter den Marschen Amelands (3 Gleise)<br/><i>Maglev Regio Lille–Bergen</i> Richtung Lille (Turmbahnhof): an xx:33 / ab xx:34 &mdash; Zentrale Kaverne unter den Marschen Amelands (3 Gleise)<br/><style>@media (prefers-color-scheme: dark) { body { background:#1e1e1e; color:#eee; } }</style>]]></description>
    <LookAt>
      <longitude>5.674510</longitude>
      <latitude>53.450128</latitude>
      <altitude>0</altitude>
      <heading>0</heading>
      <tilt>0</tilt>
      <range>2500</range>
      <altitudeMode>clampToGround</altitudeMode>
    </LookAt>
    <styleUrl>#station_default</styleUrl>
    <Point>
      <coordinates>5.674510,53.450128,0</coordinates>
    </Point>
  </Placemark>
  <Placemark>
    <name>Baltimore-White Marsh Hub</name>
    <description><![CDATA[<b>Baltimore-White Marsh Hub</b><br/><br/><i>NCAMS Express (Northern Continental &amp; Atlantic Maritime Spine)</i> Richtung Halifax-Dartmouth Terminus: an xx:30 / ab xx:32 &mdash; Nordöstliche Peripherie am Kreuz I-95/I-695<br/><i>NCAMS Express (Northern Continental &amp; Atlantic Maritime Spine)</i> Richtung Surrey (Vancouver): an xx:43 / ab xx:45 &mdash; Nordöstliche Peripherie am Kreuz I-95/I-695<br/><style>@media (prefers-color-scheme: dark) { body { background:#1e1e1e; color:#eee; } }</style>]]></description>
    <LookAt>
      <longitude>-76.450000</longitude>
      <latitude>39.390000</latitude>
      <altitude>0</altitude>
      <heading>0</heading>
      <tilt>0</tilt>
      <range>2500</range>
      <altitudeMode>clampToGround</altitudeMode>
    </LookAt>
    <styleUrl>#station_default</styleUrl>
    <Point>
      <coordinates>-76.450000,39.390000,0</coordinates>
    </Point>
  </Placemark>
  <Placemark>
    <name>Baltrum</name>
    <description><![CDATA[<b>Baltrum</b><br/><br/><i>Maglev Regio Lille–Bergen</i> Richtung Bergen: an xx:01 / ab xx:02 &mdash; Mikro-Kaverne (3 Gleise)<br/><i>Maglev Regio Lille–Bergen</i> Richtung Lille (Turmbahnhof): an xx:01 / ab xx:02 &mdash; Mikro-Kaverne (3 Gleise)<br/><style>@media (prefers-color-scheme: dark) { body { background:#1e1e1e; color:#eee; } }</style>]]></description>
    <LookAt>
      <longitude>7.373300</longitude>
      <latitude>53.729200</latitude>
      <altitude>0</altitude>
      <heading>0</heading>
      <tilt>0</tilt>
      <range>2500</range>
      <altitudeMode>clampToGround</altitudeMode>
    </LookAt>
    <styleUrl>#station_default</styleUrl>
    <Point>
      <coordinates>7.373300,53.729200,0</coordinates>
    </Point>
  </Placemark>
  <Placemark>
    <name>Bangor-Hermon Hub</name>
    <description><![CDATA[<b>Bangor-Hermon Hub</b><br/><br/><i>NCAMS Express (Northern Continental &amp; Atlantic Maritime Spine)</i> Richtung Halifax-Dartmouth Terminus: an xx:49 / ab xx:51 &mdash; Westliche Peripherie am Knotenpunkt I-95/US-2 bei Hermon<br/><i>NCAMS Express (Northern Continental &amp; Atlantic Maritime Spine)</i> Richtung Surrey (Vancouver): an xx:24 / ab xx:26 &mdash; Westliche Peripherie am Knotenpunkt I-95/US-2 bei Hermon<br/><style>@media (prefers-color-scheme: dark) { body { background:#1e1e1e; color:#eee; } }</style>]]></description>
    <LookAt>
      <longitude>-68.920000</longitude>
      <latitude>44.810000</latitude>
      <altitude>0</altitude>
      <heading>0</heading>
      <tilt>0</tilt>
      <range>2500</range>
      <altitudeMode>clampToGround</altitudeMode>
    </LookAt>
    <styleUrl>#station_default</styleUrl>
    <Point>
      <coordinates>-68.920000,44.810000,0</coordinates>
    </Point>
  </Placemark>
  <Placemark>
    <name>Bay Area Mega-Hub (Milpitas)</name>
    <description><![CDATA[<b>Bay Area Mega-Hub (Milpitas)</b><br/><br/><i>PCMS – Pacific Crest &amp; Mesoamerica Spine</i> Richtung Mexico City-Huehuetoca Hub: an xx:43 / ab xx:47 &mdash; Östlich von San Jose am Kreuz I-680/US-101 (Milpitas-Bypass)<br/><i>PCMS – Pacific Crest &amp; Mesoamerica Spine</i> Richtung Surrey (Vancouver): an xx:36 / ab xx:40 &mdash; Östlich von San Jose am Kreuz I-680/US-101 (Milpitas-Bypass)<br/><style>@media (prefers-color-scheme: dark) { body { background:#1e1e1e; color:#eee; } }</style>]]></description>
    <LookAt>
      <longitude>-121.906700</longitude>
      <latitude>37.427500</latitude>
      <altitude>0</altitude>
      <heading>0</heading>
      <tilt>0</tilt>
      <range>2500</range>
      <altitudeMode>clampToGround</altitudeMode>
    </LookAt>
    <styleUrl>#station_default</styleUrl>
    <Point>
      <coordinates>-121.906700,37.427500,0</coordinates>
    </Point>
  </Placemark>
  <Placemark>
    <name>Belfast (Titanic Quarter)</name>
    <description><![CDATA[<b>Belfast (Titanic Quarter)</b><br/><br/><i>Maglev Express Oslo–Inverness</i> Richtung Inverness (Longman): an xx:25 / ab xx:27 &mdash; Tiefbahnhof im Titanic Quarter mit A2-Anbindung<br/><i>Maglev Express Oslo–Inverness</i> Richtung Oslo (Alnabru): an xx:10 / ab xx:12 &mdash; Tiefbahnhof im Titanic Quarter mit A2-Anbindung<br/><style>@media (prefers-color-scheme: dark) { body { background:#1e1e1e; color:#eee; } }</style>]]></description>
    <LookAt>
      <longitude>-5.905000</longitude>
      <latitude>54.605000</latitude>
      <altitude>0</altitude>
      <heading>0</heading>
      <tilt>0</tilt>
      <range>2500</range>
      <altitudeMode>clampToGround</altitudeMode>
    </LookAt>
    <styleUrl>#station_default</styleUrl>
    <Point>
      <coordinates>-5.905000,54.605000,0</coordinates>
    </Point>
  </Placemark>
  <Placemark>
    <name>Bergen</name>
    <description><![CDATA[<b>Bergen</b><br/><br/><i>Maglev Regio Lille–Bergen</i> Endstation: an xx:03 &mdash; Ankunfts-Kaverne im Ulriken-Bergmassiv, Wendeschleife statt Kopfbahnhof<br/><i>Maglev Regio Lille–Bergen</i> Richtung Lille (Turmbahnhof): ab xx:00 &mdash; Ankunfts-Kaverne im Ulriken-Bergmassiv, Wendeschleife statt Kopfbahnhof<br/><style>@media (prefers-color-scheme: dark) { body { background:#1e1e1e; color:#eee; } }</style>]]></description>
    <LookAt>
      <longitude>5.322100</longitude>
      <latitude>60.391300</latitude>
      <altitude>0</altitude>
      <heading>0</heading>
      <tilt>0</tilt>
      <range>2500</range>
      <altitudeMode>clampToGround</altitudeMode>
    </LookAt>
    <styleUrl>#station_default</styleUrl>
    <Point>
      <coordinates>5.322100,60.391300,0</coordinates>
    </Point>
  </Placemark>
  <Placemark>
    <name>Berlin Hbf (tief)</name>
    <description><![CDATA[<b>Berlin Hbf (tief)</b><br/><br/><i>Brandenburg Hbf–Hel</i> Richtung Hel: an xx:47 / ab xx:53 &mdash; Kreuzungsfreie Durchfahrt via VzG-Strecken nach Wannsee, kein Kopfmachen<br/><i>Brandenburg Hbf–Hel</i> Richtung Brandenburg Hbf: an xx:20 / ab xx:26 &mdash; Kreuzungsfreie Durchfahrt via VzG-Strecken nach Wannsee, kein Kopfmachen<br/><style>@media (prefers-color-scheme: dark) { body { background:#1e1e1e; color:#eee; } }</style>]]></description>
    <LookAt>
      <longitude>13.369400</longitude>
      <latitude>52.525000</latitude>
      <altitude>0</altitude>
      <heading>0</heading>
      <tilt>0</tilt>
      <range>2500</range>
      <altitudeMode>clampToGround</altitudeMode>
    </LookAt>
    <styleUrl>#station_default</styleUrl>
    <Point>
      <coordinates>13.369400,52.525000,0</coordinates>
    </Point>
  </Placemark>
  <Placemark>
    <name>Berlin Potsdamer Platz</name>
    <description><![CDATA[<b>Berlin Potsdamer Platz</b><br/><br/><i>Brandenburg Hbf–Hel</i> Richtung Hel: an xx:57 / ab xx:59 &mdash; Nord-Süd-Tunnel, Systemgrenze exakt 210 m, Zug füllt Bahnsteig bis an die Signalgrenzen<br/><i>Brandenburg Hbf–Hel</i> Richtung Brandenburg Hbf: an xx:14 / ab xx:16 &mdash; Nord-Süd-Tunnel, Systemgrenze exakt 210 m, Zug füllt Bahnsteig bis an die Signalgrenzen<br/><style>@media (prefers-color-scheme: dark) { body { background:#1e1e1e; color:#eee; } }</style>]]></description>
    <LookAt>
      <longitude>13.375900</longitude>
      <latitude>52.509600</latitude>
      <altitude>0</altitude>
      <heading>0</heading>
      <tilt>0</tilt>
      <range>2500</range>
      <altitudeMode>clampToGround</altitudeMode>
    </LookAt>
    <styleUrl>#station_default</styleUrl>
    <Point>
      <coordinates>13.375900,52.509600,0</coordinates>
    </Point>
  </Placemark>
  <Placemark>
    <name>Berlin (Schönefelder Kreuz)</name>
    <description><![CDATA[<b>Berlin (Schönefelder Kreuz)</b><br/><br/><i>Weltachse 1 (Bochum–Vancouver)</i> Richtung Surrey (Vancouver): an xx:58 / ab xx:00 &mdash; Langgestreckter Hochbahnhof parallel zur A10/A113<br/><i>Weltachse 1 (Bochum–Vancouver)</i> Richtung Bochum Hbf: an xx:56 / ab xx:58 &mdash; Langgestreckter Hochbahnhof parallel zur A10/A113<br/><style>@media (prefers-color-scheme: dark) { body { background:#1e1e1e; color:#eee; } }</style>]]></description>
    <LookAt>
      <longitude>13.516700</longitude>
      <latitude>52.366700</latitude>
      <altitude>0</altitude>
      <heading>0</heading>
      <tilt>0</tilt>
      <range>2500</range>
      <altitudeMode>clampToGround</altitudeMode>
    </LookAt>
    <styleUrl>#station_default</styleUrl>
    <Point>
      <coordinates>13.516700,52.366700,0</coordinates>
    </Point>
  </Placemark>
  <Placemark>
    <name>Berlin-Wannsee</name>
    <description><![CDATA[<b>Berlin-Wannsee</b><br/><br/><i>Brandenburg Hbf–Hel</i> Richtung Hel: an xx:30 / ab xx:32 &mdash; Gleis 5/6 mit reichlich Puffer<br/><i>Brandenburg Hbf–Hel</i> Richtung Brandenburg Hbf: an xx:41 / ab xx:43 &mdash; Gleis 5/6 mit reichlich Puffer<br/><style>@media (prefers-color-scheme: dark) { body { background:#1e1e1e; color:#eee; } }</style>]]></description>
    <LookAt>
      <longitude>13.178900</longitude>
      <latitude>52.422900</latitude>
      <altitude>0</altitude>
      <heading>0</heading>
      <tilt>0</tilt>
      <range>2500</range>
      <altitudeMode>clampToGround</altitudeMode>
    </LookAt>
    <styleUrl>#station_default</styleUrl>
    <Point>
      <coordinates>13.178900,52.422900,0</coordinates>
    </Point>
  </Placemark>
  <Placemark>
    <name>Bernau (b Berlin)</name>
    <description><![CDATA[<b>Bernau (b Berlin)</b><br/><br/><i>Brandenburg Hbf–Hel</i> Richtung Hel: an xx:52 / ab xx:54 &mdash; Gleis 4/5, Systemgrenze 211 m, präzise H-Tafel-Aufstellung zwingend<br/><i>Brandenburg Hbf–Hel</i> Richtung Brandenburg Hbf: an xx:19 / ab xx:21 &mdash; Gleis 4/5, Systemgrenze 211 m, präzise H-Tafel-Aufstellung zwingend<br/><style>@media (prefers-color-scheme: dark) { body { background:#1e1e1e; color:#eee; } }</style>]]></description>
    <LookAt>
      <longitude>13.589200</longitude>
      <latitude>52.679700</latitude>
      <altitude>0</altitude>
      <heading>0</heading>
      <tilt>0</tilt>
      <range>2500</range>
      <altitudeMode>clampToGround</altitudeMode>
    </LookAt>
    <styleUrl>#station_default</styleUrl>
    <Point>
      <coordinates>13.589200,52.679700,0</coordinates>
    </Point>
  </Placemark>
  <Placemark>
    <name>Bielefeld</name>
    <description><![CDATA[<b>Bielefeld</b><br/><br/><i>Maglev Express Oslo–Inverness</i> Richtung Inverness (Longman): an xx:14 / ab xx:15 &mdash; Hochbahnhof am Kreuz A2/A33<br/><i>Maglev Express Oslo–Inverness</i> Richtung Oslo (Alnabru): an xx:22 / ab xx:23 &mdash; Hochbahnhof am Kreuz A2/A33<br/><i>Weltachse 1 (Bochum–Vancouver)</i> Richtung Surrey (Vancouver): an xx:14 / ab xx:16 &mdash; Hochbahnhof über der Kreuzung A2/A33<br/><i>Weltachse 1 (Bochum–Vancouver)</i> Richtung Bochum Hbf: an xx:40 / ab xx:42 &mdash; Hochbahnhof über der Kreuzung A2/A33<br/><style>@media (prefers-color-scheme: dark) { body { background:#1e1e1e; color:#eee; } }</style>]]></description>
    <LookAt>
      <longitude>8.532500</longitude>
      <latitude>52.030200</latitude>
      <altitude>0</altitude>
      <heading>0</heading>
      <tilt>0</tilt>
      <range>2500</range>
      <altitudeMode>clampToGround</altitudeMode>
    </LookAt>
    <styleUrl>#station_default</styleUrl>
    <Point>
      <coordinates>8.532500,52.030200,0</coordinates>
    </Point>
  </Placemark>
  <Placemark>
    <name>Diomede Islands (Big Diomede)</name>
    <description><![CDATA[<b>Diomede Islands (Big Diomede)</b><br/><br/><i>Weltachse 1 (Bochum–Vancouver)</i> Richtung Surrey (Vancouver): an xx:58 / ab xx:00 &mdash; Unterseeischer Felskavernen-Nothalthub tief unter der Beringstraße, ohne Bahnsteige und öffentlichen Zugang, exakt auf der russisch-amerikanischen Grenze<br/><i>Weltachse 1 (Bochum–Vancouver)</i> Richtung Bochum Hbf: an xx:56 / ab xx:58 &mdash; Unterseeischer Felskavernen-Nothalthub tief unter der Beringstraße, ohne Bahnsteige und öffentlichen Zugang, exakt auf der russisch-amerikanischen Grenze<br/><style>@media (prefers-color-scheme: dark) { body { background:#1e1e1e; color:#eee; } }</style>]]></description>
    <LookAt>
      <longitude>-169.050000</longitude>
      <latitude>65.783300</latitude>
      <altitude>0</altitude>
      <heading>0</heading>
      <tilt>0</tilt>
      <range>2500</range>
      <altitudeMode>clampToGround</altitudeMode>
    </LookAt>
    <styleUrl>#station_default</styleUrl>
    <Point>
      <coordinates>-169.050000,65.783300,0</coordinates>
    </Point>
  </Placemark>
  <Placemark>
    <name>Billings-North Bypass</name>
    <description><![CDATA[<b>Billings-North Bypass</b><br/><br/><i>NCAMS Express (Northern Continental &amp; Atlantic Maritime Spine)</i> Richtung Halifax-Dartmouth Terminus: an xx:59 / ab xx:01 &mdash; Nördlich des Yellowstone River am Autobahnkreuz I-90/I-94<br/><i>NCAMS Express (Northern Continental &amp; Atlantic Maritime Spine)</i> Richtung Surrey (Vancouver): an xx:14 / ab xx:16 &mdash; Nördlich des Yellowstone River am Autobahnkreuz I-90/I-94<br/><style>@media (prefers-color-scheme: dark) { body { background:#1e1e1e; color:#eee; } }</style>]]></description>
    <LookAt>
      <longitude>-108.500700</longitude>
      <latitude>45.783300</latitude>
      <altitude>0</altitude>
      <heading>0</heading>
      <tilt>0</tilt>
      <range>2500</range>
      <altitudeMode>clampToGround</altitudeMode>
    </LookAt>
    <styleUrl>#station_default</styleUrl>
    <Point>
      <coordinates>-108.500700,45.783300,0</coordinates>
    </Point>
  </Placemark>
  <Placemark>
    <name>Bismarck-East Gate</name>
    <description><![CDATA[<b>Bismarck-East Gate</b><br/><br/><i>NCAMS Express (Northern Continental &amp; Atlantic Maritime Spine)</i> Richtung Halifax-Dartmouth Terminus: an xx:16 / ab xx:18 &mdash; Östliche Peripherie am Kreuz I-94/US-83<br/><i>NCAMS Express (Northern Continental &amp; Atlantic Maritime Spine)</i> Richtung Surrey (Vancouver): an xx:57 / ab xx:59 &mdash; Östliche Peripherie am Kreuz I-94/US-83<br/><style>@media (prefers-color-scheme: dark) { body { background:#1e1e1e; color:#eee; } }</style>]]></description>
    <LookAt>
      <longitude>-100.783700</longitude>
      <latitude>46.808300</latitude>
      <altitude>0</altitude>
      <heading>0</heading>
      <tilt>0</tilt>
      <range>2500</range>
      <altitudeMode>clampToGround</altitudeMode>
    </LookAt>
    <styleUrl>#station_default</styleUrl>
    <Point>
      <coordinates>-100.783700,46.808300,0</coordinates>
    </Point>
  </Placemark>
  <Placemark>
    <name>Blåvand</name>
    <description><![CDATA[<b>Blåvand</b><br/><br/><i>Maglev Regio Lille–Bergen</i> Richtung Bergen: an xx:32 / ab xx:33 &mdash; Hochbahnhof am jütländischen Küstenrand<br/><i>Maglev Regio Lille–Bergen</i> Richtung Lille (Turmbahnhof): an xx:30 / ab xx:31 &mdash; Hochbahnhof am jütländischen Küstenrand<br/><style>@media (prefers-color-scheme: dark) { body { background:#1e1e1e; color:#eee; } }</style>]]></description>
    <LookAt>
      <longitude>8.116700</longitude>
      <latitude>55.550000</latitude>
      <altitude>0</altitude>
      <heading>0</heading>
      <tilt>0</tilt>
      <range>2500</range>
      <altitudeMode>clampToGround</altitudeMode>
    </LookAt>
    <styleUrl>#station_default</styleUrl>
    <Point>
      <coordinates>8.116700,55.550000,0</coordinates>
    </Point>
  </Placemark>
  <Placemark>
    <name>Bocholt Bahnhof/City</name>
    <description><![CDATA[<b>Bocholt Bahnhof/City</b><br/><br/><i>Münsterland-Ruhrgebiet-Express</i> Richtung Winterswijk Bahnhof/City: an xx:35 / ab xx:36 &mdash; Hochbahnhof über der Hindenburgstraße<br/><i>Münsterland-Ruhrgebiet-Express</i> Richtung Kamener Kreuz: an xx:09 / ab xx:10 &mdash; Hochbahnhof über der Hindenburgstraße<br/><style>@media (prefers-color-scheme: dark) { body { background:#1e1e1e; color:#eee; } }</style>]]></description>
    <LookAt>
      <longitude>6.620721</longitude>
      <latitude>51.834666</latitude>
      <altitude>0</altitude>
      <heading>0</heading>
      <tilt>0</tilt>
      <range>2500</range>
      <altitudeMode>clampToGround</altitudeMode>
    </LookAt>
    <styleUrl>#station_default</styleUrl>
    <Point>
      <coordinates>6.620721,51.834666,0</coordinates>
    </Point>
  </Placemark>
  <Placemark>
    <name>Bochum Hbf</name>
    <description><![CDATA[<b>Bochum Hbf</b><br/><br/><i>Münsterland-Ruhrgebiet-Express</i> Richtung Winterswijk Bahnhof/City: an xx:34 / ab xx:36 &mdash; Tiefbahnhof (Doppel-Tunnel) unter dem Kurt-Schumacher-Platz<br/><i>Münsterland-Ruhrgebiet-Express</i> Richtung Kamener Kreuz: an xx:09 / ab xx:11 &mdash; Tiefbahnhof (Doppel-Tunnel) unter dem Kurt-Schumacher-Platz<br/><i>Maglev Express Oslo–Inverness</i> Richtung Inverness (Longman): an xx:37 / ab xx:40 &mdash; Mehrebenen-Turmbahnhof (Tier 1, 24 Gleise), zentraler Knoten des Weltnetzes<br/><i>Maglev Express Oslo–Inverness</i> Richtung Oslo (Alnabru): an xx:57 / ab xx:00 &mdash; Mehrebenen-Turmbahnhof (Tier 1, 24 Gleise), zentraler Knoten des Weltnetzes<br/><i>Maglev Magistrale Paris–Singapur</i> Richtung Singapore (Changi Ost): an xx:00 / ab xx:04 &mdash; Mehrebenen-Tiefbahnhof, Megakaverne unter dem historischen Hauptbahnhof<br/><i>Maglev Magistrale Paris–Singapur</i> Richtung Paris (CDG): an xx:14 / ab xx:18 &mdash; Mehrebenen-Tiefbahnhof, Megakaverne unter dem historischen Hauptbahnhof<br/><i>Rhein-Ruhr-Krim-Magistrale (Ruhr-Schwarzmeer)</i> Richtung Sevastopol: ab xx:00 &mdash; Mehrebenen-Turmbahnhof am Autobahnkreuz A40/A43<br/><i>Rhein-Ruhr-Krim-Magistrale (Ruhr-Schwarzmeer)</i> Endstation: an xx:36 &mdash; Mehrebenen-Turmbahnhof am Autobahnkreuz A40/A43<br/><i>Wuppertal-Bochum-Castrop-Express</i> Richtung Castrop-Rauxel Münsterplatz: an xx:49 / ab xx:51 &mdash; Tiefbahnhof (Zentral-Knoten) unter dem Kurt-Schumacher-Platz<br/><i>Wuppertal-Bochum-Castrop-Express</i> Richtung High Speed Hub Wuppertal Nord: an xx:10 / ab xx:12 &mdash; Tiefbahnhof (Zentral-Knoten) unter dem Kurt-Schumacher-Platz<br/><i>Weltachse 1 (Bochum–Vancouver)</i> Richtung Surrey (Vancouver): ab xx:00 &mdash; Vertikal gestapelter Turm- und Tiefbahnhof, Ebene -2/-3, Weltachsen-Startpunkt<br/><i>Weltachse 1 (Bochum–Vancouver)</i> Endstation: an xx:56 &mdash; Vertikal gestapelter Turm- und Tiefbahnhof, Ebene -2/-3, Weltachsen-Startpunkt<br/><style>@media (prefers-color-scheme: dark) { body { background:#1e1e1e; color:#eee; } }</style>]]></description>
    <LookAt>
      <longitude>7.223234</longitude>
      <latitude>51.478533</latitude>
      <altitude>0</altitude>
      <heading>0</heading>
      <tilt>0</tilt>
      <range>2500</range>
      <altitudeMode>clampToGround</altitudeMode>
    </LookAt>
    <styleUrl>#station_default</styleUrl>
    <Point>
      <coordinates>7.223234,51.478533,0</coordinates>
    </Point>
  </Placemark>
  <Placemark>
    <name>Bochum Am Röderschacht</name>
    <description><![CDATA[<b>Bochum Am Röderschacht</b><br/><br/><i>Wuppertal-Bochum-Castrop-Express</i> Richtung Castrop-Rauxel Münsterplatz: an xx:38 / ab xx:39 &mdash; Tiefbahnhof unter der Straße Am Röderschacht<br/><i>Wuppertal-Bochum-Castrop-Express</i> Richtung High Speed Hub Wuppertal Nord: an xx:23 / ab xx:23 &mdash; Tiefbahnhof unter der Straße Am Röderschacht<br/><style>@media (prefers-color-scheme: dark) { body { background:#1e1e1e; color:#eee; } }</style>]]></description>
    <LookAt>
      <longitude>7.176614</longitude>
      <latitude>51.434224</latitude>
      <altitude>0</altitude>
      <heading>0</heading>
      <tilt>0</tilt>
      <range>2500</range>
      <altitudeMode>clampToGround</altitudeMode>
    </LookAt>
    <styleUrl>#station_default</styleUrl>
    <Point>
      <coordinates>7.176614,51.434224,0</coordinates>
    </Point>
  </Placemark>
  <Placemark>
    <name>Bochum Bergmannsheil</name>
    <description><![CDATA[<b>Bochum Bergmannsheil</b><br/><br/><i>Wuppertal-Bochum-Castrop-Express</i> Richtung Castrop-Rauxel Münsterplatz: an xx:46 / ab xx:47 &mdash; Tiefbahnhof vor dem Universitätsklinikum<br/><i>Wuppertal-Bochum-Castrop-Express</i> Richtung High Speed Hub Wuppertal Nord: an xx:15 / ab xx:15 &mdash; Tiefbahnhof vor dem Universitätsklinikum<br/><style>@media (prefers-color-scheme: dark) { body { background:#1e1e1e; color:#eee; } }</style>]]></description>
    <LookAt>
      <longitude>7.204741</longitude>
      <latitude>51.469067</latitude>
      <altitude>0</altitude>
      <heading>0</heading>
      <tilt>0</tilt>
      <range>2500</range>
      <altitudeMode>clampToGround</altitudeMode>
    </LookAt>
    <styleUrl>#station_default</styleUrl>
    <Point>
      <coordinates>7.204741,51.469067,0</coordinates>
    </Point>
  </Placemark>
  <Placemark>
    <name>Bochum Bermuda3eck</name>
    <description><![CDATA[<b>Bochum Bermuda3eck</b><br/><br/><i>Münsterland-Ruhrgebiet-Express</i> Richtung Winterswijk Bahnhof/City: an xx:37 / ab xx:38 &mdash; Tiefbahnhof unter Kortumstraße/Konrad-Adenauer-Platz<br/><i>Münsterland-Ruhrgebiet-Express</i> Richtung Kamener Kreuz: an xx:08 / ab xx:08 &mdash; Tiefbahnhof unter Kortumstraße/Konrad-Adenauer-Platz<br/><i>Wuppertal-Bochum-Castrop-Express</i> Richtung Castrop-Rauxel Münsterplatz: an xx:48 / ab xx:49 &mdash; Tiefbahnhof (Doppel-Tunnel) unter dem Konrad-Adenauer-Platz<br/><i>Wuppertal-Bochum-Castrop-Express</i> Richtung High Speed Hub Wuppertal Nord: an xx:13 / ab xx:14 &mdash; Tiefbahnhof (Doppel-Tunnel) unter dem Konrad-Adenauer-Platz<br/><style>@media (prefers-color-scheme: dark) { body { background:#1e1e1e; color:#eee; } }</style>]]></description>
    <LookAt>
      <longitude>7.216819</longitude>
      <latitude>51.477186</latitude>
      <altitude>0</altitude>
      <heading>0</heading>
      <tilt>0</tilt>
      <range>2500</range>
      <altitudeMode>clampToGround</altitudeMode>
    </LookAt>
    <styleUrl>#station_default</styleUrl>
    <Point>
      <coordinates>7.216819,51.477186,0</coordinates>
    </Point>
  </Placemark>
  <Placemark>
    <name>Bochum Blankensteiner Str.</name>
    <description><![CDATA[<b>Bochum Blankensteiner Str.</b><br/><br/><i>Wuppertal-Bochum-Castrop-Express</i> Richtung Castrop-Rauxel Münsterplatz: an xx:40 / ab xx:41 &mdash; Tiefbahnhof unter Blankensteiner Straße/Hattinger Straße<br/><i>Wuppertal-Bochum-Castrop-Express</i> Richtung High Speed Hub Wuppertal Nord: an xx:20 / ab xx:21 &mdash; Tiefbahnhof unter Blankensteiner Straße/Hattinger Straße<br/><style>@media (prefers-color-scheme: dark) { body { background:#1e1e1e; color:#eee; } }</style>]]></description>
    <LookAt>
      <longitude>7.193092</longitude>
      <latitude>51.430681</latitude>
      <altitude>0</altitude>
      <heading>0</heading>
      <tilt>0</tilt>
      <range>2500</range>
      <altitudeMode>clampToGround</altitudeMode>
    </LookAt>
    <styleUrl>#station_default</styleUrl>
    <Point>
      <coordinates>7.193092,51.430681,0</coordinates>
    </Point>
  </Placemark>
  <Placemark>
    <name>Bochum Ehrenfeld (S)</name>
    <description><![CDATA[<b>Bochum Ehrenfeld (S)</b><br/><br/><i>Münsterland-Ruhrgebiet-Express</i> Richtung Winterswijk Bahnhof/City: an xx:39 / ab xx:40 &mdash; Tiefbahnhof unter Hattinger Straße/Bessemerstraße<br/><i>Münsterland-Ruhrgebiet-Express</i> Richtung Kamener Kreuz: an xx:06 / ab xx:06 &mdash; Tiefbahnhof unter Hattinger Straße/Bessemerstraße<br/><style>@media (prefers-color-scheme: dark) { body { background:#1e1e1e; color:#eee; } }</style>]]></description>
    <LookAt>
      <longitude>7.214466</longitude>
      <latitude>51.472587</latitude>
      <altitude>0</altitude>
      <heading>0</heading>
      <tilt>0</tilt>
      <range>2500</range>
      <altitudeMode>clampToGround</altitudeMode>
    </LookAt>
    <styleUrl>#station_default</styleUrl>
    <Point>
      <coordinates>7.214466,51.472587,0</coordinates>
    </Point>
  </Placemark>
  <Placemark>
    <name>Bochum Kohlenstr.</name>
    <description><![CDATA[<b>Bochum Kohlenstr.</b><br/><br/><i>Wuppertal-Bochum-Castrop-Express</i> Richtung Castrop-Rauxel Münsterplatz: an xx:44 / ab xx:45 &mdash; Tiefbahnhof unter Hattinger Straße/Kohlenstraße<br/><i>Wuppertal-Bochum-Castrop-Express</i> Richtung High Speed Hub Wuppertal Nord: an xx:17 / ab xx:17 &mdash; Tiefbahnhof unter Hattinger Straße/Kohlenstraße<br/><style>@media (prefers-color-scheme: dark) { body { background:#1e1e1e; color:#eee; } }</style>]]></description>
    <LookAt>
      <longitude>7.198530</longitude>
      <latitude>51.463227</latitude>
      <altitude>0</altitude>
      <heading>0</heading>
      <tilt>0</tilt>
      <range>2500</range>
      <altitudeMode>clampToGround</altitudeMode>
    </LookAt>
    <styleUrl>#station_default</styleUrl>
    <Point>
      <coordinates>7.198530,51.463227,0</coordinates>
    </Point>
  </Placemark>
  <Placemark>
    <name>Bochum Langendreer (S)</name>
    <description><![CDATA[<b>Bochum Langendreer (S)</b><br/><br/><i>Münsterland-Ruhrgebiet-Express</i> Richtung Winterswijk Bahnhof/City: an xx:30 / ab xx:31 &mdash; Turmbahnhof über der S-Bahn<br/><i>Münsterland-Ruhrgebiet-Express</i> Richtung Kamener Kreuz: an xx:14 / ab xx:15 &mdash; Turmbahnhof über der S-Bahn<br/><style>@media (prefers-color-scheme: dark) { body { background:#1e1e1e; color:#eee; } }</style>]]></description>
    <LookAt>
      <longitude>7.306400</longitude>
      <latitude>51.477200</latitude>
      <altitude>0</altitude>
      <heading>0</heading>
      <tilt>0</tilt>
      <range>2500</range>
      <altitudeMode>clampToGround</altitudeMode>
    </LookAt>
    <styleUrl>#station_default</styleUrl>
    <Point>
      <coordinates>7.306400,51.477200,0</coordinates>
    </Point>
  </Placemark>
  <Placemark>
    <name>Bochum Lewackerstr.</name>
    <description><![CDATA[<b>Bochum Lewackerstr.</b><br/><br/><i>Wuppertal-Bochum-Castrop-Express</i> Richtung Castrop-Rauxel Münsterplatz: an xx:32 / ab xx:32 &mdash; Hochbahnhof (Tal-Viadukt) an den Ruhrhängen Dahlhausen<br/><i>Wuppertal-Bochum-Castrop-Express</i> Richtung High Speed Hub Wuppertal Nord: an xx:29 / ab xx:30 &mdash; Hochbahnhof (Tal-Viadukt) an den Ruhrhängen Dahlhausen<br/><style>@media (prefers-color-scheme: dark) { body { background:#1e1e1e; color:#eee; } }</style>]]></description>
    <LookAt>
      <longitude>7.159087</longitude>
      <latitude>51.418079</latitude>
      <altitude>0</altitude>
      <heading>0</heading>
      <tilt>0</tilt>
      <range>2500</range>
      <altitudeMode>clampToGround</altitudeMode>
    </LookAt>
    <styleUrl>#station_default</styleUrl>
    <Point>
      <coordinates>7.159087,51.418079,0</coordinates>
    </Point>
  </Placemark>
  <Placemark>
    <name>Bochum Ruhrpark</name>
    <description><![CDATA[<b>Bochum Ruhrpark</b><br/><br/><i>Wuppertal-Bochum-Castrop-Express</i> Richtung Castrop-Rauxel Münsterplatz: an xx:56 / ab xx:57 &mdash; Hochbahnhof auf Stelzen parallel zur A40<br/><i>Wuppertal-Bochum-Castrop-Express</i> Richtung High Speed Hub Wuppertal Nord: an xx:05 / ab xx:06 &mdash; Hochbahnhof auf Stelzen parallel zur A40<br/><style>@media (prefers-color-scheme: dark) { body { background:#1e1e1e; color:#eee; } }</style>]]></description>
    <LookAt>
      <longitude>7.283644</longitude>
      <latitude>51.491652</latitude>
      <altitude>0</altitude>
      <heading>0</heading>
      <tilt>0</tilt>
      <range>2500</range>
      <altitudeMode>clampToGround</altitudeMode>
    </LookAt>
    <styleUrl>#station_default</styleUrl>
    <Point>
      <coordinates>7.283644,51.491652,0</coordinates>
    </Point>
  </Placemark>
  <Placemark>
    <name>Bochum Südbad</name>
    <description><![CDATA[<b>Bochum Südbad</b><br/><br/><i>Wuppertal-Bochum-Castrop-Express</i> Richtung Castrop-Rauxel Münsterplatz: an xx:36 / ab xx:37 &mdash; Tiefbahnhof unter der Hattinger Straße<br/><i>Wuppertal-Bochum-Castrop-Express</i> Richtung High Speed Hub Wuppertal Nord: an xx:25 / ab xx:26 &mdash; Tiefbahnhof unter der Hattinger Straße<br/><style>@media (prefers-color-scheme: dark) { body { background:#1e1e1e; color:#eee; } }</style>]]></description>
    <LookAt>
      <longitude>7.156958</longitude>
      <latitude>51.425331</latitude>
      <altitude>0</altitude>
      <heading>0</heading>
      <tilt>0</tilt>
      <range>2500</range>
      <altitudeMode>clampToGround</altitudeMode>
    </LookAt>
    <styleUrl>#station_default</styleUrl>
    <Point>
      <coordinates>7.156958,51.425331,0</coordinates>
    </Point>
  </Placemark>
  <Placemark>
    <name>Bochum Weitmar Mitte</name>
    <description><![CDATA[<b>Bochum Weitmar Mitte</b><br/><br/><i>Wuppertal-Bochum-Castrop-Express</i> Richtung Castrop-Rauxel Münsterplatz: an xx:42 / ab xx:43 &mdash; Tiefbahnhof unter Hattinger Straße/Erbaustraße<br/><i>Wuppertal-Bochum-Castrop-Express</i> Richtung High Speed Hub Wuppertal Nord: an xx:19 / ab xx:19 &mdash; Tiefbahnhof unter Hattinger Straße/Erbaustraße<br/><style>@media (prefers-color-scheme: dark) { body { background:#1e1e1e; color:#eee; } }</style>]]></description>
    <LookAt>
      <longitude>7.192802</longitude>
      <latitude>51.451889</latitude>
      <altitude>0</altitude>
      <heading>0</heading>
      <tilt>0</tilt>
      <range>2500</range>
      <altitudeMode>clampToGround</altitudeMode>
    </LookAt>
    <styleUrl>#station_default</styleUrl>
    <Point>
      <coordinates>7.192802,51.451889,0</coordinates>
    </Point>
  </Placemark>
  <Placemark>
    <name>Bochumer Ruhrstadion</name>
    <description><![CDATA[<b>Bochumer Ruhrstadion</b><br/><br/><i>Wuppertal-Bochum-Castrop-Express</i> Richtung Castrop-Rauxel Münsterplatz: an xx:53 / ab xx:53 &mdash; Hochbahnhof auf Stelzen über den Castroper Hellweg<br/><i>Wuppertal-Bochum-Castrop-Express</i> Richtung High Speed Hub Wuppertal Nord: an xx:08 / ab xx:09 &mdash; Hochbahnhof auf Stelzen über den Castroper Hellweg<br/><style>@media (prefers-color-scheme: dark) { body { background:#1e1e1e; color:#eee; } }</style>]]></description>
    <LookAt>
      <longitude>7.236509</longitude>
      <latitude>51.490083</latitude>
      <altitude>0</altitude>
      <heading>0</heading>
      <tilt>0</tilt>
      <range>2500</range>
      <altitudeMode>clampToGround</altitudeMode>
    </LookAt>
    <styleUrl>#station_default</styleUrl>
    <Point>
      <coordinates>7.236509,51.490083,0</coordinates>
    </Point>
  </Placemark>
  <Placemark>
    <name>Borkum</name>
    <description><![CDATA[<b>Borkum</b><br/><br/><i>Maglev Regio Lille–Bergen</i> Richtung Bergen: an xx:45 / ab xx:46 &mdash; Großkaverne unter dem Ems-Ästuar, erster dt. Bahnhof (3 Gleise)<br/><i>Maglev Regio Lille–Bergen</i> Richtung Lille (Turmbahnhof): an xx:17 / ab xx:18 &mdash; Großkaverne unter dem Ems-Ästuar, erster dt. Bahnhof (3 Gleise)<br/><style>@media (prefers-color-scheme: dark) { body { background:#1e1e1e; color:#eee; } }</style>]]></description>
    <LookAt>
      <longitude>6.665000</longitude>
      <latitude>53.581400</latitude>
      <altitude>0</altitude>
      <heading>0</heading>
      <tilt>0</tilt>
      <range>2500</range>
      <altitudeMode>clampToGround</altitudeMode>
    </LookAt>
    <styleUrl>#station_default</styleUrl>
    <Point>
      <coordinates>6.665000,53.581400,0</coordinates>
    </Point>
  </Placemark>
  <Placemark>
    <name>Boston-West Route 128</name>
    <description><![CDATA[<b>Boston-West Route 128</b><br/><br/><i>NCAMS Express (Northern Continental &amp; Atlantic Maritime Spine)</i> Richtung Halifax-Dartmouth Terminus: an xx:59 / ab xx:03 &mdash; Unterirdischer Kavernenbahnhof am Riesenkreuz I-90 Mass Pike/I-95 Route 128 bei Weston<br/><i>NCAMS Express (Northern Continental &amp; Atlantic Maritime Spine)</i> Richtung Surrey (Vancouver): an xx:12 / ab xx:16 &mdash; Unterirdischer Kavernenbahnhof am Riesenkreuz I-90 Mass Pike/I-95 Route 128 bei Weston<br/><i>Northern Horizon Arc (NHA)</i> Endstation: an xx:16 &mdash; Unterirdischer Kavernenbahnhof (Ebene -4) am Riesenkreuz I-90 Mass Pike/I-95 Route 128 bei Weston<br/><i>Northern Horizon Arc (NHA)</i> Richtung Surrey (Vancouver): ab xx:00 &mdash; Unterirdischer Kavernenbahnhof (Ebene -4) am Riesenkreuz I-90 Mass Pike/I-95 Route 128 bei Weston<br/><style>@media (prefers-color-scheme: dark) { body { background:#1e1e1e; color:#eee; } }</style>]]></description>
    <LookAt>
      <longitude>-71.290000</longitude>
      <latitude>42.360000</latitude>
      <altitude>0</altitude>
      <heading>0</heading>
      <tilt>0</tilt>
      <range>2500</range>
      <altitudeMode>clampToGround</altitudeMode>
    </LookAt>
    <styleUrl>#station_default</styleUrl>
    <Point>
      <coordinates>-71.290000,42.360000,0</coordinates>
    </Point>
  </Placemark>
  <Placemark>
    <name>Brandenburg Hbf</name>
    <description><![CDATA[<b>Brandenburg Hbf</b><br/><br/><i>Brandenburg Hbf–Hel</i> Richtung Hel: ab xx:00 &mdash; Taktstart als 5+3-Gesamtverband aus der Abstellung<br/><i>Brandenburg Hbf–Hel</i> Endstation: an xx:13 &mdash; Taktstart als 5+3-Gesamtverband aus der Abstellung<br/><style>@media (prefers-color-scheme: dark) { body { background:#1e1e1e; color:#eee; } }</style>]]></description>
    <LookAt>
      <longitude>12.545300</longitude>
      <latitude>52.409000</latitude>
      <altitude>0</altitude>
      <heading>0</heading>
      <tilt>0</tilt>
      <range>2500</range>
      <altitudeMode>clampToGround</altitudeMode>
    </LookAt>
    <styleUrl>#station_default</styleUrl>
    <Point>
      <coordinates>12.545300,52.409000,0</coordinates>
    </Point>
  </Placemark>
  <Placemark>
    <name>Bratislava</name>
    <description><![CDATA[<b>Bratislava</b><br/><br/><i>Rhein-Ruhr-Krim-Magistrale (Ruhr-Schwarzmeer)</i> Richtung Sevastopol: an xx:57 / ab xx:59 &mdash; Sky-Viadukt über die Donauauen parallel zur D1, Donauauen-Hochbau 600 km/h<br/><i>Rhein-Ruhr-Krim-Magistrale (Ruhr-Schwarzmeer)</i> Richtung Bochum Hbf: an xx:37 / ab xx:39 &mdash; Sky-Viadukt über die Donauauen parallel zur D1, Donauauen-Hochbau 600 km/h<br/><style>@media (prefers-color-scheme: dark) { body { background:#1e1e1e; color:#eee; } }</style>]]></description>
    <LookAt>
      <longitude>17.107700</longitude>
      <latitude>48.148600</latitude>
      <altitude>0</altitude>
      <heading>0</heading>
      <tilt>0</tilt>
      <range>2500</range>
      <altitudeMode>clampToGround</altitudeMode>
    </LookAt>
    <styleUrl>#station_default</styleUrl>
    <Point>
      <coordinates>17.107700,48.148600,0</coordinates>
    </Point>
  </Placemark>
  <Placemark>
    <name>Brno (Südbypass)</name>
    <description><![CDATA[<b>Brno (Südbypass)</b><br/><br/><i>Maglev Magistrale Paris–Singapur</i> Richtung Singapore (Changi Ost): an xx:02 / ab xx:04 &mdash; Hochbahnhof am Autobahnkreuz D1/D2 bei Brno-Tuřany<br/><i>Maglev Magistrale Paris–Singapur</i> Richtung Paris (CDG): an xx:14 / ab xx:16 &mdash; Hochbahnhof am Autobahnkreuz D1/D2 bei Brno-Tuřany<br/><style>@media (prefers-color-scheme: dark) { body { background:#1e1e1e; color:#eee; } }</style>]]></description>
    <LookAt>
      <longitude>16.694200</longitude>
      <latitude>49.152200</latitude>
      <altitude>0</altitude>
      <heading>0</heading>
      <tilt>0</tilt>
      <range>2500</range>
      <altitudeMode>clampToGround</altitudeMode>
    </LookAt>
    <styleUrl>#station_default</styleUrl>
    <Point>
      <coordinates>16.694200,49.152200,0</coordinates>
    </Point>
  </Placemark>
  <Placemark>
    <name>B67/Brünener Straße</name>
    <description><![CDATA[<b>B67/Brünener Straße</b><br/><br/><i>Münsterland-Ruhrgebiet-Express</i> Richtung Winterswijk Bahnhof/City: an xx:32 / ab xx:32 &mdash; Hochbahnhof über B67/Brünener Straße<br/><i>Münsterland-Ruhrgebiet-Express</i> Richtung Kamener Kreuz: an xx:13 / ab xx:13 &mdash; Hochbahnhof über B67/Brünener Straße<br/><style>@media (prefers-color-scheme: dark) { body { background:#1e1e1e; color:#eee; } }</style>]]></description>
    <LookAt>
      <longitude>6.711087</longitude>
      <latitude>51.819800</latitude>
      <altitude>0</altitude>
      <heading>0</heading>
      <tilt>0</tilt>
      <range>2500</range>
      <altitudeMode>clampToGround</altitudeMode>
    </LookAt>
    <styleUrl>#station_default</styleUrl>
    <Point>
      <coordinates>6.711087,51.819800,0</coordinates>
    </Point>
  </Placemark>
  <Placemark>
    <name>Brüssel (Zaventem)</name>
    <description><![CDATA[<b>Brüssel (Zaventem)</b><br/><br/><i>Maglev Magistrale Paris–Singapur</i> Richtung Singapore (Changi Ost): an xx:29 / ab xx:31 &mdash; Tiefbahnhof im Logistikbereich Zaventem am Autobahnkreuz Machelen A1/R0<br/><i>Maglev Magistrale Paris–Singapur</i> Richtung Paris (CDG): an xx:47 / ab xx:49 &mdash; Tiefbahnhof im Logistikbereich Zaventem am Autobahnkreuz Machelen A1/R0<br/><style>@media (prefers-color-scheme: dark) { body { background:#1e1e1e; color:#eee; } }</style>]]></description>
    <LookAt>
      <longitude>4.483100</longitude>
      <latitude>50.899800</latitude>
      <altitude>0</altitude>
      <heading>0</heading>
      <tilt>0</tilt>
      <range>2500</range>
      <altitudeMode>clampToGround</altitudeMode>
    </LookAt>
    <styleUrl>#station_default</styleUrl>
    <Point>
      <coordinates>4.483100,50.899800,0</coordinates>
    </Point>
  </Placemark>
  <Placemark>
    <name>Brügge (Sint-Pieters)</name>
    <description><![CDATA[<b>Brügge (Sint-Pieters)</b><br/><br/><i>Maglev Regio Lille–Bergen</i> Richtung Bergen: an xx:12 / ab xx:14 &mdash; Hochbahnhof im Logistikgürtel Sint-Pieters<br/><i>Maglev Regio Lille–Bergen</i> Richtung Lille (Turmbahnhof): an xx:49 / ab xx:51 &mdash; Hochbahnhof im Logistikgürtel Sint-Pieters<br/><i>Maglev Express Oslo–Inverness</i> Richtung Inverness (Longman): an xx:51 / ab xx:52 &mdash; Hochbahnhof im Logistikgürtel Sint-Pieters nahe der N31<br/><i>Maglev Express Oslo–Inverness</i> Richtung Oslo (Alnabru): an xx:45 / ab xx:46 &mdash; Hochbahnhof im Logistikgürtel Sint-Pieters nahe der N31<br/><style>@media (prefers-color-scheme: dark) { body { background:#1e1e1e; color:#eee; } }</style>]]></description>
    <LookAt>
      <longitude>3.210000</longitude>
      <latitude>51.230000</latitude>
      <altitude>0</altitude>
      <heading>0</heading>
      <tilt>0</tilt>
      <range>2500</range>
      <altitudeMode>clampToGround</altitudeMode>
    </LookAt>
    <styleUrl>#station_default</styleUrl>
    <Point>
      <coordinates>3.210000,51.230000,0</coordinates>
    </Point>
  </Placemark>
  <Placemark>
    <name>Budapest</name>
    <description><![CDATA[<b>Budapest</b><br/><br/><i>Rhein-Ruhr-Krim-Magistrale (Ruhr-Schwarzmeer)</i> Richtung Sevastopol: an xx:17 / ab xx:20 &mdash; Großbunker-Tiefbau südlich der Donau am Autobahnring M0, Mischprofil M1/M0 600 km/h<br/><i>Rhein-Ruhr-Krim-Magistrale (Ruhr-Schwarzmeer)</i> Richtung Bochum Hbf: an xx:16 / ab xx:19 &mdash; Großbunker-Tiefbau südlich der Donau am Autobahnring M0, Mischprofil M1/M0 600 km/h<br/><style>@media (prefers-color-scheme: dark) { body { background:#1e1e1e; color:#eee; } }</style>]]></description>
    <LookAt>
      <longitude>19.040200</longitude>
      <latitude>47.497900</latitude>
      <altitude>0</altitude>
      <heading>0</heading>
      <tilt>0</tilt>
      <range>2500</range>
      <altitudeMode>clampToGround</altitudeMode>
    </LookAt>
    <styleUrl>#station_default</styleUrl>
    <Point>
      <coordinates>19.040200,47.497900,0</coordinates>
    </Point>
  </Placemark>
  <Placemark>
    <name>Buer Mitte/Rathaus</name>
    <description><![CDATA[<b>Buer Mitte/Rathaus</b><br/><br/><i>Münsterland-Ruhrgebiet-Express</i> Richtung Winterswijk Bahnhof/City: an xx:00 / ab xx:00 &mdash; Tiefbahnhof unter dem Goldbergplatz<br/><i>Münsterland-Ruhrgebiet-Express</i> Richtung Kamener Kreuz: an xx:45 / ab xx:46 &mdash; Tiefbahnhof unter dem Goldbergplatz<br/><style>@media (prefers-color-scheme: dark) { body { background:#1e1e1e; color:#eee; } }</style>]]></description>
    <LookAt>
      <longitude>7.057690</longitude>
      <latitude>51.577097</latitude>
      <altitude>0</altitude>
      <heading>0</heading>
      <tilt>0</tilt>
      <range>2500</range>
      <altitudeMode>clampToGround</altitudeMode>
    </LookAt>
    <styleUrl>#station_default</styleUrl>
    <Point>
      <coordinates>7.057690,51.577097,0</coordinates>
    </Point>
  </Placemark>
  <Placemark>
    <name>Cabo San Lucas-Deep Terminal</name>
    <description><![CDATA[<b>Cabo San Lucas-Deep Terminal</b><br/><br/><i>PCMS – Pacific Crest &amp; Mesoamerica Spine</i> Richtung Mexico City-Huehuetoca Hub: an xx:59 / ab xx:03 &mdash; Kavernenbahnhof 80m tief im Granitfels am Südzipfel der Baja, vor dem Mar-de-Cortés-Tunnel<br/><i>PCMS – Pacific Crest &amp; Mesoamerica Spine</i> Richtung Surrey (Vancouver): an xx:20 / ab xx:24 &mdash; Kavernenbahnhof 80m tief im Granitfels am Südzipfel der Baja, vor dem Mar-de-Cortés-Tunnel<br/><style>@media (prefers-color-scheme: dark) { body { background:#1e1e1e; color:#eee; } }</style>]]></description>
    <LookAt>
      <longitude>-109.916700</longitude>
      <latitude>22.890500</latitude>
      <altitude>0</altitude>
      <heading>0</heading>
      <tilt>0</tilt>
      <range>2500</range>
      <altitudeMode>clampToGround</altitudeMode>
    </LookAt>
    <styleUrl>#station_default</styleUrl>
    <Point>
      <coordinates>-109.916700,22.890500,0</coordinates>
    </Point>
  </Placemark>
  <Placemark>
    <name>Calais (Coquelles)</name>
    <description><![CDATA[<b>Calais (Coquelles)</b><br/><br/><i>Maglev Express Oslo–Inverness</i> Richtung Inverness (Longman): an xx:10 / ab xx:12 &mdash; Tiefbahnhof am Tunnelmund der Coquelles-Anlage an der A16<br/><i>Maglev Express Oslo–Inverness</i> Richtung Oslo (Alnabru): an xx:25 / ab xx:27 &mdash; Tiefbahnhof am Tunnelmund der Coquelles-Anlage an der A16<br/><style>@media (prefers-color-scheme: dark) { body { background:#1e1e1e; color:#eee; } }</style>]]></description>
    <LookAt>
      <longitude>1.810000</longitude>
      <latitude>50.935000</latitude>
      <altitude>0</altitude>
      <heading>0</heading>
      <tilt>0</tilt>
      <range>2500</range>
      <altitudeMode>clampToGround</altitudeMode>
    </LookAt>
    <styleUrl>#station_default</styleUrl>
    <Point>
      <coordinates>1.810000,50.935000,0</coordinates>
    </Point>
  </Placemark>
  <Placemark>
    <name>Cardiff</name>
    <description><![CDATA[<b>Cardiff</b><br/><br/><i>Maglev Express Oslo–Inverness</i> Richtung Inverness (Longman): an xx:12 / ab xx:14 &mdash; Hochbahnhof (Küstenviadukt) an der M4, letzter Halt vor dem Irische-See-Tunnel<br/><i>Maglev Express Oslo–Inverness</i> Richtung Oslo (Alnabru): an xx:23 / ab xx:25 &mdash; Hochbahnhof (Küstenviadukt) an der M4, letzter Halt vor dem Irische-See-Tunnel<br/><style>@media (prefers-color-scheme: dark) { body { background:#1e1e1e; color:#eee; } }</style>]]></description>
    <LookAt>
      <longitude>-3.140000</longitude>
      <latitude>51.515000</latitude>
      <altitude>0</altitude>
      <heading>0</heading>
      <tilt>0</tilt>
      <range>2500</range>
      <altitudeMode>clampToGround</altitudeMode>
    </LookAt>
    <styleUrl>#station_default</styleUrl>
    <Point>
      <coordinates>-3.140000,51.515000,0</coordinates>
    </Point>
  </Placemark>
  <Placemark>
    <name>Casablanca</name>
    <description><![CDATA[<b>Casablanca</b><br/><br/><i>Arktis-Afrika-Magistrale</i> Endstation: an xx:52 &mdash; Hochbahnhof, Highspeed-Kopfterminal am Autobahnkreuz A3/A5, afrikanischer Endterminal<br/><i>Arktis-Afrika-Magistrale</i> Richtung Nordkapp: ab xx:00 &mdash; Hochbahnhof, Highspeed-Kopfterminal am Autobahnkreuz A3/A5, afrikanischer Endterminal<br/><style>@media (prefers-color-scheme: dark) { body { background:#1e1e1e; color:#eee; } }</style>]]></description>
    <LookAt>
      <longitude>-7.589800</longitude>
      <latitude>33.573100</latitude>
      <altitude>0</altitude>
      <heading>0</heading>
      <tilt>0</tilt>
      <range>2500</range>
      <altitudeMode>clampToGround</altitudeMode>
    </LookAt>
    <styleUrl>#station_default</styleUrl>
    <Point>
      <coordinates>-7.589800,33.573100,0</coordinates>
    </Point>
  </Placemark>
  <Placemark>
    <name>Castrop-Rauxel Breckenstr.</name>
    <description><![CDATA[<b>Castrop-Rauxel Breckenstr.</b><br/><br/><i>Wuppertal-Bochum-Castrop-Express</i> Richtung Castrop-Rauxel Münsterplatz: an xx:59 / ab xx:00 &mdash; Hochbahnhof über der Breckenstraße parallel zur A43<br/><i>Wuppertal-Bochum-Castrop-Express</i> Richtung High Speed Hub Wuppertal Nord: an xx:02 / ab xx:02 &mdash; Hochbahnhof über der Breckenstraße parallel zur A43<br/><style>@media (prefers-color-scheme: dark) { body { background:#1e1e1e; color:#eee; } }</style>]]></description>
    <LookAt>
      <longitude>7.307119</longitude>
      <latitude>51.537806</latitude>
      <altitude>0</altitude>
      <heading>0</heading>
      <tilt>0</tilt>
      <range>2500</range>
      <altitudeMode>clampToGround</altitudeMode>
    </LookAt>
    <styleUrl>#station_default</styleUrl>
    <Point>
      <coordinates>7.307119,51.537806,0</coordinates>
    </Point>
  </Placemark>
  <Placemark>
    <name>Castrop-Rauxel Münsterplatz</name>
    <description><![CDATA[<b>Castrop-Rauxel Münsterplatz</b><br/><br/><i>Wuppertal-Bochum-Castrop-Express</i> Endstation: an xx:02 &mdash; Tiefbahnhof (Kopfbahnhof) unter dem Münsterplatz<br/><i>Wuppertal-Bochum-Castrop-Express</i> Richtung High Speed Hub Wuppertal Nord: ab xx:00 &mdash; Tiefbahnhof (Kopfbahnhof) unter dem Münsterplatz<br/><style>@media (prefers-color-scheme: dark) { body { background:#1e1e1e; color:#eee; } }</style>]]></description>
    <LookAt>
      <longitude>7.307626</longitude>
      <latitude>51.549022</latitude>
      <altitude>0</altitude>
      <heading>0</heading>
      <tilt>0</tilt>
      <range>2500</range>
      <altitudeMode>clampToGround</altitudeMode>
    </LookAt>
    <styleUrl>#station_default</styleUrl>
    <Point>
      <coordinates>7.307626,51.549022,0</coordinates>
    </Point>
  </Placemark>
  <Placemark>
    <name>Chałupy</name>
    <description><![CDATA[<b>Chałupy</b><br/><br/><i>Brandenburg Hbf–Hel</i> Richtung Hel: an xx:44 / ab xx:45 &mdash; Halt unkritisch<br/><i>Brandenburg Hbf–Hel</i> Richtung Brandenburg Hbf: an xx:28 / ab xx:29 &mdash; Halt unkritisch<br/><style>@media (prefers-color-scheme: dark) { body { background:#1e1e1e; color:#eee; } }</style>]]></description>
    <LookAt>
      <longitude>18.465481</longitude>
      <latitude>54.773518</latitude>
      <altitude>0</altitude>
      <heading>0</heading>
      <tilt>0</tilt>
      <range>2500</range>
      <altitudeMode>clampToGround</altitudeMode>
    </LookAt>
    <styleUrl>#station_default</styleUrl>
    <Point>
      <coordinates>18.465481,54.773518,0</coordinates>
    </Point>
  </Placemark>
  <Placemark>
    <name>Charlotte-NE Loop</name>
    <description><![CDATA[<b>Charlotte-NE Loop</b><br/><br/><i>PNW-MAE (Pacific Northwest &amp; Mid-Atlantic Express)</i> Richtung New York City Penn Deep: an xx:25 / ab xx:29 &mdash; Hochbahnhof über dem nordöstlichen Autobahnring an der Schnittstelle I-85/I-485<br/><i>PNW-MAE (Pacific Northwest &amp; Mid-Atlantic Express)</i> Richtung Surrey (Vancouver): an xx:17 / ab xx:21 &mdash; Hochbahnhof über dem nordöstlichen Autobahnring an der Schnittstelle I-85/I-485<br/><style>@media (prefers-color-scheme: dark) { body { background:#1e1e1e; color:#eee; } }</style>]]></description>
    <LookAt>
      <longitude>-80.730000</longitude>
      <latitude>35.320000</latitude>
      <altitude>0</altitude>
      <heading>0</heading>
      <tilt>0</tilt>
      <range>2500</range>
      <altitudeMode>clampToGround</altitudeMode>
    </LookAt>
    <styleUrl>#station_default</styleUrl>
    <Point>
      <coordinates>-80.730000,35.320000,0</coordinates>
    </Point>
  </Placemark>
  <Placemark>
    <name>Chemnitz Nord</name>
    <description><![CDATA[<b>Chemnitz Nord</b><br/><br/><i>Maglev Magistrale Paris–Singapur</i> Richtung Singapore (Changi Ost): an xx:11 / ab xx:13 &mdash; Hochbahnhof am Autobahnkreuz Chemnitz A4/A72, Taktwächter vor der Erzgebirgs-Tunnelpassage<br/><i>Maglev Magistrale Paris–Singapur</i> Richtung Paris (CDG): an xx:05 / ab xx:07 &mdash; Hochbahnhof am Autobahnkreuz Chemnitz A4/A72, Taktwächter vor der Erzgebirgs-Tunnelpassage<br/><style>@media (prefers-color-scheme: dark) { body { background:#1e1e1e; color:#eee; } }</style>]]></description>
    <LookAt>
      <longitude>12.908300</longitude>
      <latitude>50.861700</latitude>
      <altitude>0</altitude>
      <heading>0</heading>
      <tilt>0</tilt>
      <range>2500</range>
      <altitudeMode>clampToGround</altitudeMode>
    </LookAt>
    <styleUrl>#station_default</styleUrl>
    <Point>
      <coordinates>12.908300,50.861700,0</coordinates>
    </Point>
  </Placemark>
  <Placemark>
    <name>Chicago-Joliet Mega-Hub</name>
    <description><![CDATA[<b>Chicago-Joliet Mega-Hub</b><br/><br/><i>NCAMS Express (Northern Continental &amp; Atlantic Maritime Spine)</i> Richtung Halifax-Dartmouth Terminus: an xx:48 / ab xx:52 &mdash; Südwestliche Metropolregion am Monumentalkreuz I-80/I-55 bei Joliet<br/><i>NCAMS Express (Northern Continental &amp; Atlantic Maritime Spine)</i> Richtung Surrey (Vancouver): an xx:23 / ab xx:27 &mdash; Südwestliche Metropolregion am Monumentalkreuz I-80/I-55 bei Joliet<br/><i>Northern Horizon Arc (NHA)</i> Richtung Boston-West Route 128: an xx:03 / ab xx:07 &mdash; Vertikal gestapelter Bahnhof am Riesenkreuz I-80/I-55 bei Joliet/Channahon<br/><i>Northern Horizon Arc (NHA)</i> Richtung Surrey (Vancouver): an xx:09 / ab xx:13 &mdash; Vertikal gestapelter Bahnhof am Riesenkreuz I-80/I-55 bei Joliet/Channahon<br/><style>@media (prefers-color-scheme: dark) { body { background:#1e1e1e; color:#eee; } }</style>]]></description>
    <LookAt>
      <longitude>-88.081700</longitude>
      <latitude>41.525000</latitude>
      <altitude>0</altitude>
      <heading>0</heading>
      <tilt>0</tilt>
      <range>2500</range>
      <altitudeMode>clampToGround</altitudeMode>
    </LookAt>
    <styleUrl>#station_default</styleUrl>
    <Point>
      <coordinates>-88.081700,41.525000,0</coordinates>
    </Point>
  </Placemark>
  <Placemark>
    <name>Chojnice</name>
    <description><![CDATA[<b>Chojnice</b><br/><br/><i>Brandenburg Hbf–Hel</i> Richtung Hel: an xx:30 / ab xx:32 &mdash; Peron 2 (198 m) zu kurz; Einfahrt strikt nur auf Peron 1 oder 4<br/><i>Brandenburg Hbf–Hel</i> Richtung Brandenburg Hbf: an xx:41 / ab xx:43 &mdash; Peron 2 (198 m) zu kurz; Einfahrt strikt nur auf Peron 1 oder 4<br/><style>@media (prefers-color-scheme: dark) { body { background:#1e1e1e; color:#eee; } }</style>]]></description>
    <LookAt>
      <longitude>17.557800</longitude>
      <latitude>53.696600</latitude>
      <altitude>0</altitude>
      <heading>0</heading>
      <tilt>0</tilt>
      <range>2500</range>
      <altitudeMode>clampToGround</altitudeMode>
    </LookAt>
    <styleUrl>#station_default</styleUrl>
    <Point>
      <coordinates>17.557800,53.696600,0</coordinates>
    </Point>
  </Placemark>
  <Placemark>
    <name>Colombo (Kelaniya)</name>
    <description><![CDATA[<b>Colombo (Kelaniya)</b><br/><br/><i>Maglev Magistrale Paris–Singapur</i> Richtung Singapore (Changi Ost): an xx:22 / ab xx:24 &mdash; Hochbahnhof, Kelaniya-Brückenbauwerk, Puffer vor dem Indischer-Ozean-Megatunnel<br/><i>Maglev Magistrale Paris–Singapur</i> Richtung Paris (CDG): an xx:54 / ab xx:56 &mdash; Hochbahnhof, Kelaniya-Brückenbauwerk, Puffer vor dem Indischer-Ozean-Megatunnel<br/><style>@media (prefers-color-scheme: dark) { body { background:#1e1e1e; color:#eee; } }</style>]]></description>
    <LookAt>
      <longitude>79.921700</longitude>
      <latitude>6.955300</latitude>
      <altitude>0</altitude>
      <heading>0</heading>
      <tilt>0</tilt>
      <range>2500</range>
      <altitudeMode>clampToGround</altitudeMode>
    </LookAt>
    <styleUrl>#station_default</styleUrl>
    <Point>
      <coordinates>79.921700,6.955300,0</coordinates>
    </Point>
  </Placemark>
  <Placemark>
    <name>Columbus-West Hub</name>
    <description><![CDATA[<b>Columbus-West Hub</b><br/><br/><i>NCAMS Express (Northern Continental &amp; Atlantic Maritime Spine)</i> Richtung Halifax-Dartmouth Terminus: an xx:57 / ab xx:00 &mdash; Westlicher Ring am Kreuz I-270/I-70<br/><i>NCAMS Express (Northern Continental &amp; Atlantic Maritime Spine)</i> Richtung Surrey (Vancouver): an xx:15 / ab xx:18 &mdash; Westlicher Ring am Kreuz I-270/I-70<br/><style>@media (prefers-color-scheme: dark) { body { background:#1e1e1e; color:#eee; } }</style>]]></description>
    <LookAt>
      <longitude>-83.130000</longitude>
      <latitude>39.970000</latitude>
      <altitude>0</altitude>
      <heading>0</heading>
      <tilt>0</tilt>
      <range>2500</range>
      <altitudeMode>clampToGround</altitudeMode>
    </LookAt>
    <styleUrl>#station_default</styleUrl>
    <Point>
      <coordinates>-83.130000,39.970000,0</coordinates>
    </Point>
  </Placemark>
  <Placemark>
    <name>Conway-North</name>
    <description><![CDATA[<b>Conway-North</b><br/><br/><i>PNW-MAE (Pacific Northwest &amp; Mid-Atlantic Express)</i> Richtung New York City Penn Deep: an xx:05 / ab xx:07 &mdash; Trogbahnhof an der Kreuzung I-40/US-65<br/><i>PNW-MAE (Pacific Northwest &amp; Mid-Atlantic Express)</i> Richtung Surrey (Vancouver): an xx:39 / ab xx:41 &mdash; Trogbahnhof an der Kreuzung I-40/US-65<br/><style>@media (prefers-color-scheme: dark) { body { background:#1e1e1e; color:#eee; } }</style>]]></description>
    <LookAt>
      <longitude>-92.460000</longitude>
      <latitude>35.100000</latitude>
      <altitude>0</altitude>
      <heading>0</heading>
      <tilt>0</tilt>
      <range>2500</range>
      <altitudeMode>clampToGround</altitudeMode>
    </LookAt>
    <styleUrl>#station_default</styleUrl>
    <Point>
      <coordinates>-92.460000,35.100000,0</coordinates>
    </Point>
  </Placemark>
  <Placemark>
    <name>Den Burg (Texel)</name>
    <description><![CDATA[<b>Den Burg (Texel)</b><br/><br/><i>Maglev Regio Lille–Bergen</i> Richtung Bergen: an xx:10 / ab xx:11 &mdash; Inselkaverne Texel (3 Gleise)<br/><i>Maglev Regio Lille–Bergen</i> Richtung Lille (Turmbahnhof): an xx:52 / ab xx:53 &mdash; Inselkaverne Texel (3 Gleise)<br/><style>@media (prefers-color-scheme: dark) { body { background:#1e1e1e; color:#eee; } }</style>]]></description>
    <LookAt>
      <longitude>4.791300</longitude>
      <latitude>53.057500</latitude>
      <altitude>0</altitude>
      <heading>0</heading>
      <tilt>0</tilt>
      <range>2500</range>
      <altitudeMode>clampToGround</altitudeMode>
    </LookAt>
    <styleUrl>#station_default</styleUrl>
    <Point>
      <coordinates>4.791300,53.057500,0</coordinates>
    </Point>
  </Placemark>
  <Placemark>
    <name>Den Haag (Turmbahnhof)</name>
    <description><![CDATA[<b>Den Haag (Turmbahnhof)</b><br/><br/><i>Maglev Regio Lille–Bergen</i> Richtung Bergen: an xx:41 / ab xx:43 &mdash; Turmbahnhof am Autobahnkreuz Prins Clausplein<br/><i>Maglev Regio Lille–Bergen</i> Richtung Lille (Turmbahnhof): an xx:20 / ab xx:22 &mdash; Turmbahnhof am Autobahnkreuz Prins Clausplein<br/><style>@media (prefers-color-scheme: dark) { body { background:#1e1e1e; color:#eee; } }</style>]]></description>
    <LookAt>
      <longitude>4.392200</longitude>
      <latitude>52.044800</latitude>
      <altitude>0</altitude>
      <heading>0</heading>
      <tilt>0</tilt>
      <range>2500</range>
      <altitudeMode>clampToGround</altitudeMode>
    </LookAt>
    <styleUrl>#station_default</styleUrl>
    <Point>
      <coordinates>4.392200,52.044800,0</coordinates>
    </Point>
  </Placemark>
  <Placemark>
    <name>Den Haag (Ypenburg)</name>
    <description><![CDATA[<b>Den Haag (Ypenburg)</b><br/><br/><i>Maglev Express Oslo–Inverness</i> Richtung Inverness (Longman): an xx:29 / ab xx:31 &mdash; Hochbahnhof (Glas-Stahl-Konstruktion) am Kreuz Ypenburg A4/A12<br/><i>Maglev Express Oslo–Inverness</i> Richtung Oslo (Alnabru): an xx:06 / ab xx:08 &mdash; Hochbahnhof (Glas-Stahl-Konstruktion) am Kreuz Ypenburg A4/A12<br/><style>@media (prefers-color-scheme: dark) { body { background:#1e1e1e; color:#eee; } }</style>]]></description>
    <LookAt>
      <longitude>4.365000</longitude>
      <latitude>52.042000</latitude>
      <altitude>0</altitude>
      <heading>0</heading>
      <tilt>0</tilt>
      <range>2500</range>
      <altitudeMode>clampToGround</altitudeMode>
    </LookAt>
    <styleUrl>#station_default</styleUrl>
    <Point>
      <coordinates>4.365000,52.042000,0</coordinates>
    </Point>
  </Placemark>
  <Placemark>
    <name>Den Helder</name>
    <description><![CDATA[<b>Den Helder</b><br/><br/><i>Maglev Regio Lille–Bergen</i> Richtung Bergen: an xx:04 / ab xx:05 &mdash; Tiefbahnhof, Festlandportal des Marsdiep-Tunnels (3 Gleise)<br/><i>Maglev Regio Lille–Bergen</i> Richtung Lille (Turmbahnhof): an xx:58 / ab xx:59 &mdash; Tiefbahnhof, Festlandportal des Marsdiep-Tunnels (3 Gleise)<br/><style>@media (prefers-color-scheme: dark) { body { background:#1e1e1e; color:#eee; } }</style>]]></description>
    <LookAt>
      <longitude>4.760100</longitude>
      <latitude>52.956300</latitude>
      <altitude>0</altitude>
      <heading>0</heading>
      <tilt>0</tilt>
      <range>2500</range>
      <altitudeMode>clampToGround</altitudeMode>
    </LookAt>
    <styleUrl>#station_default</styleUrl>
    <Point>
      <coordinates>4.760100,52.956300,0</coordinates>
    </Point>
  </Placemark>
  <Placemark>
    <name>Denver-Northeast Hub</name>
    <description><![CDATA[<b>Denver-Northeast Hub</b><br/><br/><i>Northern Horizon Arc (NHA)</i> Richtung Boston-West Route 128: an xx:05 / ab xx:09 &mdash; Ebenen-Geländebahnhof am Kreuz I-76/E-470 nahe Denver International Airport<br/><i>Northern Horizon Arc (NHA)</i> Richtung Surrey (Vancouver): an xx:07 / ab xx:11 &mdash; Ebenen-Geländebahnhof am Kreuz I-76/E-470 nahe Denver International Airport<br/><style>@media (prefers-color-scheme: dark) { body { background:#1e1e1e; color:#eee; } }</style>]]></description>
    <LookAt>
      <longitude>-104.740000</longitude>
      <latitude>39.860000</latitude>
      <altitude>0</altitude>
      <heading>0</heading>
      <tilt>0</tilt>
      <range>2500</range>
      <altitudeMode>clampToGround</altitudeMode>
    </LookAt>
    <styleUrl>#station_default</styleUrl>
    <Point>
      <coordinates>-104.740000,39.860000,0</coordinates>
    </Point>
  </Placemark>
  <Placemark>
    <name>Des Moines-West Hub</name>
    <description><![CDATA[<b>Des Moines-West Hub</b><br/><br/><i>Northern Horizon Arc (NHA)</i> Richtung Boston-West Route 128: an xx:06 / ab xx:08 &mdash; Geländebahnhof am Kreuz I-80/I-35 (Waukee-Bypass)<br/><i>Northern Horizon Arc (NHA)</i> Richtung Surrey (Vancouver): an xx:08 / ab xx:10 &mdash; Geländebahnhof am Kreuz I-80/I-35 (Waukee-Bypass)<br/><style>@media (prefers-color-scheme: dark) { body { background:#1e1e1e; color:#eee; } }</style>]]></description>
    <LookAt>
      <longitude>-93.890000</longitude>
      <latitude>41.610000</latitude>
      <altitude>0</altitude>
      <heading>0</heading>
      <tilt>0</tilt>
      <range>2500</range>
      <altitudeMode>clampToGround</altitudeMode>
    </LookAt>
    <styleUrl>#station_default</styleUrl>
    <Point>
      <coordinates>-93.890000,41.610000,0</coordinates>
    </Point>
  </Placemark>
  <Placemark>
    <name>Detroit-Romulus Hub</name>
    <description><![CDATA[<b>Detroit-Romulus Hub</b><br/><br/><i>Northern Horizon Arc (NHA)</i> Richtung Boston-West Route 128: an xx:52 / ab xx:55 &mdash; Turmbahnhof am Kreuz I-94/I-275 (Romulus), vor dem Detroit River Tunnel nach Kanada<br/><i>Northern Horizon Arc (NHA)</i> Richtung Surrey (Vancouver): an xx:21 / ab xx:24 &mdash; Turmbahnhof am Kreuz I-94/I-275 (Romulus), vor dem Detroit River Tunnel nach Kanada<br/><style>@media (prefers-color-scheme: dark) { body { background:#1e1e1e; color:#eee; } }</style>]]></description>
    <LookAt>
      <longitude>-83.376000</longitude>
      <latitude>42.228000</latitude>
      <altitude>0</altitude>
      <heading>0</heading>
      <tilt>0</tilt>
      <range>2500</range>
      <altitudeMode>clampToGround</altitudeMode>
    </LookAt>
    <styleUrl>#station_default</styleUrl>
    <Point>
      <coordinates>-83.376000,42.228000,0</coordinates>
    </Point>
  </Placemark>
  <Placemark>
    <name>Dorsten Bahnhof/City</name>
    <description><![CDATA[<b>Dorsten Bahnhof/City</b><br/><br/><i>Münsterland-Ruhrgebiet-Express</i> Richtung Winterswijk Bahnhof/City: an xx:13 / ab xx:14 &mdash; Turmbahnhof über dem Bahngelände<br/><i>Münsterland-Ruhrgebiet-Express</i> Richtung Kamener Kreuz: an xx:31 / ab xx:32 &mdash; Turmbahnhof über dem Bahngelände<br/><style>@media (prefers-color-scheme: dark) { body { background:#1e1e1e; color:#eee; } }</style>]]></description>
    <LookAt>
      <longitude>6.971139</longitude>
      <latitude>51.658578</latitude>
      <altitude>0</altitude>
      <heading>0</heading>
      <tilt>0</tilt>
      <range>2500</range>
      <altitudeMode>clampToGround</altitudeMode>
    </LookAt>
    <styleUrl>#station_default</styleUrl>
    <Point>
      <coordinates>6.971139,51.658578,0</coordinates>
    </Point>
  </Placemark>
  <Placemark>
    <name>Dorsten Borkener-/Friedrichstraße</name>
    <description><![CDATA[<b>Dorsten Borkener-/Friedrichstraße</b><br/><br/><i>Münsterland-Ruhrgebiet-Express</i> Richtung Winterswijk Bahnhof/City: an xx:16 / ab xx:16 &mdash; Hochbahnhof über Borkener Straße/Friedrichstraße<br/><i>Münsterland-Ruhrgebiet-Express</i> Richtung Kamener Kreuz: an xx:29 / ab xx:29 &mdash; Hochbahnhof über Borkener Straße/Friedrichstraße<br/><style>@media (prefers-color-scheme: dark) { body { background:#1e1e1e; color:#eee; } }</style>]]></description>
    <LookAt>
      <longitude>6.956123</longitude>
      <latitude>51.681878</latitude>
      <altitude>0</altitude>
      <heading>0</heading>
      <tilt>0</tilt>
      <range>2500</range>
      <altitudeMode>clampToGround</altitudeMode>
    </LookAt>
    <styleUrl>#station_default</styleUrl>
    <Point>
      <coordinates>6.956123,51.681878,0</coordinates>
    </Point>
  </Placemark>
  <Placemark>
    <name>Dorsten Gottlieb-Daimler-Straße</name>
    <description><![CDATA[<b>Dorsten Gottlieb-Daimler-Straße</b><br/><br/><i>Münsterland-Ruhrgebiet-Express</i> Richtung Winterswijk Bahnhof/City: an xx:11 / ab xx:12 &mdash; Hochbahnhof über der Gottlieb-Daimler-Straße<br/><i>Münsterland-Ruhrgebiet-Express</i> Richtung Kamener Kreuz: an xx:34 / ab xx:34 &mdash; Hochbahnhof über der Gottlieb-Daimler-Straße<br/><style>@media (prefers-color-scheme: dark) { body { background:#1e1e1e; color:#eee; } }</style>]]></description>
    <LookAt>
      <longitude>7.021845</longitude>
      <latitude>51.660936</latitude>
      <altitude>0</altitude>
      <heading>0</heading>
      <tilt>0</tilt>
      <range>2500</range>
      <altitudeMode>clampToGround</altitudeMode>
    </LookAt>
    <styleUrl>#station_default</styleUrl>
    <Point>
      <coordinates>7.021845,51.660936,0</coordinates>
    </Point>
  </Placemark>
  <Placemark>
    <name>Dover (Portal Kaverne)</name>
    <description><![CDATA[<b>Dover (Portal Kaverne)</b><br/><br/><i>Maglev Express Oslo–Inverness</i> Richtung Inverness (Longman): an xx:23 / ab xx:24 &mdash; Tiefbahnhof (Kreidefels-Kaverne) hinter dem brit. Tunnelportal, Zeitzonensprung -1h<br/><i>Maglev Express Oslo–Inverness</i> Richtung Oslo (Alnabru): an xx:13 / ab xx:14 &mdash; Tiefbahnhof (Kreidefels-Kaverne) hinter dem brit. Tunnelportal, Zeitzonensprung -1h<br/><style>@media (prefers-color-scheme: dark) { body { background:#1e1e1e; color:#eee; } }</style>]]></description>
    <LookAt>
      <longitude>1.320000</longitude>
      <latitude>51.125000</latitude>
      <altitude>0</altitude>
      <heading>0</heading>
      <tilt>0</tilt>
      <range>2500</range>
      <altitudeMode>clampToGround</altitudeMode>
    </LookAt>
    <styleUrl>#station_default</styleUrl>
    <Point>
      <coordinates>1.320000,51.125000,0</coordinates>
    </Point>
  </Placemark>
  <Placemark>
    <name>Dublin (Port Kaverne)</name>
    <description><![CDATA[<b>Dublin (Port Kaverne)</b><br/><br/><i>Maglev Express Oslo–Inverness</i> Richtung Inverness (Longman): an xx:02 / ab xx:05 &mdash; Tiefbahnhof (unterseeische Riesenkaverne) am Dublin Port Tunnel/M50<br/><i>Maglev Express Oslo–Inverness</i> Richtung Oslo (Alnabru): an xx:32 / ab xx:35 &mdash; Tiefbahnhof (unterseeische Riesenkaverne) am Dublin Port Tunnel/M50<br/><style>@media (prefers-color-scheme: dark) { body { background:#1e1e1e; color:#eee; } }</style>]]></description>
    <LookAt>
      <longitude>-6.190000</longitude>
      <latitude>53.350000</latitude>
      <altitude>0</altitude>
      <heading>0</heading>
      <tilt>0</tilt>
      <range>2500</range>
      <altitudeMode>clampToGround</altitudeMode>
    </LookAt>
    <styleUrl>#station_default</styleUrl>
    <Point>
      <coordinates>-6.190000,53.350000,0</coordinates>
    </Point>
  </Placemark>
  <Placemark>
    <name>Düsseldorf</name>
    <description><![CDATA[<b>Düsseldorf</b><br/><br/><i>Rhein-Ruhr-Krim-Magistrale (Ruhr-Schwarzmeer)</i> Richtung Sevastopol: an xx:17 / ab xx:19 &mdash; Tiefbahnhof parallel zum nördlichen Flughafen-Terminal, Tiefbau-Rampe max. 400 km/h<br/><i>Rhein-Ruhr-Krim-Magistrale (Ruhr-Schwarzmeer)</i> Richtung Bochum Hbf: an xx:17 / ab xx:19 &mdash; Tiefbahnhof parallel zum nördlichen Flughafen-Terminal, Tiefbau-Rampe max. 400 km/h<br/><style>@media (prefers-color-scheme: dark) { body { background:#1e1e1e; color:#eee; } }</style>]]></description>
    <LookAt>
      <longitude>6.773500</longitude>
      <latitude>51.227700</latitude>
      <altitude>0</altitude>
      <heading>0</heading>
      <tilt>0</tilt>
      <range>2500</range>
      <altitudeMode>clampToGround</altitudeMode>
    </LookAt>
    <styleUrl>#station_default</styleUrl>
    <Point>
      <coordinates>6.773500,51.227700,0</coordinates>
    </Point>
  </Placemark>
  <Placemark>
    <name>Duisburg</name>
    <description><![CDATA[<b>Duisburg</b><br/><br/><i>Rhein-Ruhr-Krim-Magistrale (Ruhr-Schwarzmeer)</i> Richtung Sevastopol: an xx:10 / ab xx:12 &mdash; Stelzenviadukt am Innenhafen parallel zur A40, max. 380 km/h<br/><i>Rhein-Ruhr-Krim-Magistrale (Ruhr-Schwarzmeer)</i> Richtung Bochum Hbf: an xx:24 / ab xx:26 &mdash; Stelzenviadukt am Innenhafen parallel zur A40, max. 380 km/h<br/><style>@media (prefers-color-scheme: dark) { body { background:#1e1e1e; color:#eee; } }</style>]]></description>
    <LookAt>
      <longitude>6.762300</longitude>
      <latitude>51.434400</latitude>
      <altitude>0</altitude>
      <heading>0</heading>
      <tilt>0</tilt>
      <range>2500</range>
      <altitudeMode>clampToGround</altitudeMode>
    </LookAt>
    <styleUrl>#station_default</styleUrl>
    <Point>
      <coordinates>6.762300,51.434400,0</coordinates>
    </Point>
  </Placemark>
  <Placemark>
    <name>Dunkerque</name>
    <description><![CDATA[<b>Dunkerque</b><br/><br/><i>Maglev Express Oslo–Inverness</i> Richtung Inverness (Longman): an xx:02 / ab xx:03 &mdash; Hochbahnhof am Abzweig Grande-Synthe A16/N225, erster franz. Systemhalt<br/><i>Maglev Express Oslo–Inverness</i> Richtung Oslo (Alnabru): an xx:34 / ab xx:35 &mdash; Hochbahnhof am Abzweig Grande-Synthe A16/N225, erster franz. Systemhalt<br/><style>@media (prefers-color-scheme: dark) { body { background:#1e1e1e; color:#eee; } }</style>]]></description>
    <LookAt>
      <longitude>2.305000</longitude>
      <latitude>51.015000</latitude>
      <altitude>0</altitude>
      <heading>0</heading>
      <tilt>0</tilt>
      <range>2500</range>
      <altitudeMode>clampToGround</altitudeMode>
    </LookAt>
    <styleUrl>#station_default</styleUrl>
    <Point>
      <coordinates>2.305000,51.015000,0</coordinates>
    </Point>
  </Placemark>
  <Placemark>
    <name>Eberswalde Hbf</name>
    <description><![CDATA[<b>Eberswalde Hbf</b><br/><br/><i>Brandenburg Hbf–Hel</i> Richtung Hel: an xx:08 / ab xx:10 &mdash; Sichere Nutzlängen vorhanden<br/><i>Brandenburg Hbf–Hel</i> Richtung Brandenburg Hbf: an xx:03 / ab xx:05 &mdash; Sichere Nutzlängen vorhanden<br/><style>@media (prefers-color-scheme: dark) { body { background:#1e1e1e; color:#eee; } }</style>]]></description>
    <LookAt>
      <longitude>13.811500</longitude>
      <latitude>52.833900</latitude>
      <altitude>0</altitude>
      <heading>0</heading>
      <tilt>0</tilt>
      <range>2500</range>
      <altitudeMode>clampToGround</altitudeMode>
    </LookAt>
    <styleUrl>#station_default</styleUrl>
    <Point>
      <coordinates>13.811500,52.833900,0</coordinates>
    </Point>
  </Placemark>
  <Placemark>
    <name>Ensenada-North Port Hub</name>
    <description><![CDATA[<b>Ensenada-North Port Hub</b><br/><br/><i>PCMS – Pacific Crest &amp; Mesoamerica Spine</i> Richtung Mexico City-Huehuetoca Hub: an xx:25 / ab xx:27 &mdash; Erste Station auf mexikanischem Boden am Knotenpunkt Highway 1D/Highway 3, Gütergleise zum Tiefseehafen<br/><i>PCMS – Pacific Crest &amp; Mesoamerica Spine</i> Richtung Surrey (Vancouver): an xx:56 / ab xx:58 &mdash; Erste Station auf mexikanischem Boden am Knotenpunkt Highway 1D/Highway 3, Gütergleise zum Tiefseehafen<br/><style>@media (prefers-color-scheme: dark) { body { background:#1e1e1e; color:#eee; } }</style>]]></description>
    <LookAt>
      <longitude>-116.600000</longitude>
      <latitude>31.866700</latitude>
      <altitude>0</altitude>
      <heading>0</heading>
      <tilt>0</tilt>
      <range>2500</range>
      <altitudeMode>clampToGround</altitudeMode>
    </LookAt>
    <styleUrl>#station_default</styleUrl>
    <Point>
      <coordinates>-116.600000,31.866700,0</coordinates>
    </Point>
  </Placemark>
  <Placemark>
    <name>Erle Friedholt – Raesfeld</name>
    <description><![CDATA[<b>Erle Friedholt – Raesfeld</b><br/><br/><i>Münsterland-Ruhrgebiet-Express</i> Richtung Winterswijk Bahnhof/City: an xx:20 / ab xx:20 &mdash; Ebenerdiger Bahnhof parallel zur B224<br/><i>Münsterland-Ruhrgebiet-Express</i> Richtung Kamener Kreuz: an xx:25 / ab xx:25 &mdash; Ebenerdiger Bahnhof parallel zur B224<br/><style>@media (prefers-color-scheme: dark) { body { background:#1e1e1e; color:#eee; } }</style>]]></description>
    <LookAt>
      <longitude>6.866316</longitude>
      <latitude>51.740833</latitude>
      <altitude>0</altitude>
      <heading>0</heading>
      <tilt>0</tilt>
      <range>2500</range>
      <altitudeMode>clampToGround</altitudeMode>
    </LookAt>
    <styleUrl>#station_default</styleUrl>
    <Point>
      <coordinates>6.866316,51.740833,0</coordinates>
    </Point>
  </Placemark>
  <Placemark>
    <name>Esbjerg (Turmbahnhof)</name>
    <description><![CDATA[<b>Esbjerg (Turmbahnhof)</b><br/><br/><i>Maglev Regio Lille–Bergen</i> Richtung Bergen: an xx:24 / ab xx:26 &mdash; Hochbahnhof, Ende des Regio-Sektors, zurück auf 600 km/h (16 Gleise)<br/><i>Maglev Regio Lille–Bergen</i> Richtung Lille (Turmbahnhof): an xx:37 / ab xx:39 &mdash; Hochbahnhof, Ende des Regio-Sektors, zurück auf 600 km/h (16 Gleise)<br/><style>@media (prefers-color-scheme: dark) { body { background:#1e1e1e; color:#eee; } }</style>]]></description>
    <LookAt>
      <longitude>8.450000</longitude>
      <latitude>55.466700</latitude>
      <altitude>0</altitude>
      <heading>0</heading>
      <tilt>0</tilt>
      <range>2500</range>
      <altitudeMode>clampToGround</altitudeMode>
    </LookAt>
    <styleUrl>#station_default</styleUrl>
    <Point>
      <coordinates>8.450000,55.466700,0</coordinates>
    </Point>
  </Placemark>
  <Placemark>
    <name>Essen</name>
    <description><![CDATA[<b>Essen</b><br/><br/><i>Rhein-Ruhr-Krim-Magistrale (Ruhr-Schwarzmeer)</i> Richtung Sevastopol: an xx:04 / ab xx:06 &mdash; Hochbahn-Flugröhre im Trassenkorridor der A40, max. 350 km/h<br/><i>Rhein-Ruhr-Krim-Magistrale (Ruhr-Schwarzmeer)</i> Richtung Bochum Hbf: an xx:30 / ab xx:32 &mdash; Hochbahn-Flugröhre im Trassenkorridor der A40, max. 350 km/h<br/><style>@media (prefers-color-scheme: dark) { body { background:#1e1e1e; color:#eee; } }</style>]]></description>
    <LookAt>
      <longitude>7.011600</longitude>
      <latitude>51.455600</latitude>
      <altitude>0</altitude>
      <heading>0</heading>
      <tilt>0</tilt>
      <range>2500</range>
      <altitudeMode>clampToGround</altitudeMode>
    </LookAt>
    <styleUrl>#station_default</styleUrl>
    <Point>
      <coordinates>7.011600,51.455600,0</coordinates>
    </Point>
  </Placemark>
  <Placemark>
    <name>Fairbanks (Nord)</name>
    <description><![CDATA[<b>Fairbanks (Nord)</b><br/><br/><i>Weltachse 1 (Bochum–Vancouver)</i> Richtung Surrey (Vancouver): an xx:47 / ab xx:50 &mdash; Geländebahnhof am Steese Highway, erstes nordamerikanisches Festland-Gateway (Diomede-Paradoxon: Ankunft kalendarisch vor der Abfahrt in Diomede durch die Datumsgrenze)<br/><i>Weltachse 1 (Bochum–Vancouver)</i> Richtung Bochum Hbf: an xx:06 / ab xx:09 &mdash; Geländebahnhof am Steese Highway, erstes nordamerikanisches Festland-Gateway (Diomede-Paradoxon: Ankunft kalendarisch vor der Abfahrt in Diomede durch die Datumsgrenze)<br/><style>@media (prefers-color-scheme: dark) { body { background:#1e1e1e; color:#eee; } }</style>]]></description>
    <LookAt>
      <longitude>-147.716400</longitude>
      <latitude>64.837800</latitude>
      <altitude>0</altitude>
      <heading>0</heading>
      <tilt>0</tilt>
      <range>2500</range>
      <altitudeMode>clampToGround</altitudeMode>
    </LookAt>
    <styleUrl>#station_default</styleUrl>
    <Point>
      <coordinates>-147.716400,64.837800,0</coordinates>
    </Point>
  </Placemark>
  <Placemark>
    <name>Fargo-West Hub</name>
    <description><![CDATA[<b>Fargo-West Hub</b><br/><br/><i>NCAMS Express (Northern Continental &amp; Atlantic Maritime Spine)</i> Richtung Halifax-Dartmouth Terminus: an xx:50 / ab xx:52 &mdash; Geländebahnhof vor der Staatsgrenze zu Minnesota am Kreuz I-94/I-29<br/><i>NCAMS Express (Northern Continental &amp; Atlantic Maritime Spine)</i> Richtung Surrey (Vancouver): an xx:23 / ab xx:25 &mdash; Geländebahnhof vor der Staatsgrenze zu Minnesota am Kreuz I-94/I-29<br/><style>@media (prefers-color-scheme: dark) { body { background:#1e1e1e; color:#eee; } }</style>]]></description>
    <LookAt>
      <longitude>-96.800000</longitude>
      <latitude>46.877200</latitude>
      <altitude>0</altitude>
      <heading>0</heading>
      <tilt>0</tilt>
      <range>2500</range>
      <altitudeMode>clampToGround</altitudeMode>
    </LookAt>
    <styleUrl>#station_default</styleUrl>
    <Point>
      <coordinates>-96.800000,46.877200,0</coordinates>
    </Point>
  </Placemark>
  <Placemark>
    <name>Flughafen BER</name>
    <description><![CDATA[<b>Flughafen BER</b><br/><br/><i>Brandenburg Hbf–Hel</i> Richtung Hel: an xx:19 / ab xx:22 &mdash; Berliner Außenring-Zulauf, Fernbahngleise<br/><i>Brandenburg Hbf–Hel</i> Richtung Brandenburg Hbf: an xx:51 / ab xx:54 &mdash; Berliner Außenring-Zulauf, Fernbahngleise<br/><style>@media (prefers-color-scheme: dark) { body { background:#1e1e1e; color:#eee; } }</style>]]></description>
    <LookAt>
      <longitude>13.503300</longitude>
      <latitude>52.366700</latitude>
      <altitude>0</altitude>
      <heading>0</heading>
      <tilt>0</tilt>
      <range>2500</range>
      <altitudeMode>clampToGround</altitudeMode>
    </LookAt>
    <styleUrl>#station_default</styleUrl>
    <Point>
      <coordinates>13.503300,52.366700,0</coordinates>
    </Point>
  </Placemark>
  <Placemark>
    <name>Flughafen Dortmund</name>
    <description><![CDATA[<b>Flughafen Dortmund</b><br/><br/><i>Münsterland-Ruhrgebiet-Express</i> Richtung Winterswijk Bahnhof/City: an xx:10 / ab xx:11 &mdash; Tiefbahnhof unter der Zeppelinstraße<br/><i>Münsterland-Ruhrgebiet-Express</i> Richtung Kamener Kreuz: an xx:34 / ab xx:35 &mdash; Tiefbahnhof unter der Zeppelinstraße<br/><style>@media (prefers-color-scheme: dark) { body { background:#1e1e1e; color:#eee; } }</style>]]></description>
    <LookAt>
      <longitude>7.619427</longitude>
      <latitude>51.523455</latitude>
      <altitude>0</altitude>
      <heading>0</heading>
      <tilt>0</tilt>
      <range>2500</range>
      <altitudeMode>clampToGround</altitudeMode>
    </LookAt>
    <styleUrl>#station_default</styleUrl>
    <Point>
      <coordinates>7.619427,51.523455,0</coordinates>
    </Point>
  </Placemark>
  <Placemark>
    <name>Frankfurt Flughafen</name>
    <description><![CDATA[<b>Frankfurt Flughafen</b><br/><br/><i>Rhein-Ruhr-Krim-Magistrale (Ruhr-Schwarzmeer)</i> Richtung Sevastopol: an xx:50 / ab xx:53 &mdash; Tiefbahnhof unterhalb des Frankfurter Kreuzes A3/A5, Mischprofil 400/600 km/h<br/><i>Rhein-Ruhr-Krim-Magistrale (Ruhr-Schwarzmeer)</i> Richtung Bochum Hbf: an xx:43 / ab xx:46 &mdash; Tiefbahnhof unterhalb des Frankfurter Kreuzes A3/A5, Mischprofil 400/600 km/h<br/><style>@media (prefers-color-scheme: dark) { body { background:#1e1e1e; color:#eee; } }</style>]]></description>
    <LookAt>
      <longitude>8.570600</longitude>
      <latitude>50.050000</latitude>
      <altitude>0</altitude>
      <heading>0</heading>
      <tilt>0</tilt>
      <range>2500</range>
      <altitudeMode>clampToGround</altitudeMode>
    </LookAt>
    <styleUrl>#station_default</styleUrl>
    <Point>
      <coordinates>8.570600,50.050000,0</coordinates>
    </Point>
  </Placemark>
  <Placemark>
    <name>Gdańsk Główny</name>
    <description><![CDATA[<b>Gdańsk Główny</b><br/><br/><i>Brandenburg Hbf–Hel</i> Richtung Hel: an xx:56 / ab xx:59 &mdash; Metropolen-Hauptknoten, Fernbahnbahnsteige<br/><i>Brandenburg Hbf–Hel</i> Richtung Brandenburg Hbf: an xx:14 / ab xx:17 &mdash; Metropolen-Hauptknoten, Fernbahnbahnsteige<br/><style>@media (prefers-color-scheme: dark) { body { background:#1e1e1e; color:#eee; } }</style>]]></description>
    <LookAt>
      <longitude>18.646600</longitude>
      <latitude>54.355900</latitude>
      <altitude>0</altitude>
      <heading>0</heading>
      <tilt>0</tilt>
      <range>2500</range>
      <altitudeMode>clampToGround</altitudeMode>
    </LookAt>
    <styleUrl>#station_default</styleUrl>
    <Point>
      <coordinates>18.646600,54.355900,0</coordinates>
    </Point>
  </Placemark>
  <Placemark>
    <name>Gdańsk Wrzeszcz</name>
    <description><![CDATA[<b>Gdańsk Wrzeszcz</b><br/><br/><i>Brandenburg Hbf–Hel</i> Richtung Hel: an xx:05 / ab xx:07 &mdash; Wichtiger Nahverkehrsknoten, Fernbahnbahnsteige voll ausreichend<br/><i>Brandenburg Hbf–Hel</i> Richtung Brandenburg Hbf: an xx:06 / ab xx:08 &mdash; Wichtiger Nahverkehrsknoten, Fernbahnbahnsteige voll ausreichend<br/><style>@media (prefers-color-scheme: dark) { body { background:#1e1e1e; color:#eee; } }</style>]]></description>
    <LookAt>
      <longitude>18.618300</longitude>
      <latitude>54.373300</latitude>
      <altitude>0</altitude>
      <heading>0</heading>
      <tilt>0</tilt>
      <range>2500</range>
      <altitudeMode>clampToGround</altitudeMode>
    </LookAt>
    <styleUrl>#station_default</styleUrl>
    <Point>
      <coordinates>18.618300,54.373300,0</coordinates>
    </Point>
  </Placemark>
  <Placemark>
    <name>Gdańsk Zaspa</name>
    <description><![CDATA[<b>Gdańsk Zaspa</b><br/><br/><i>Brandenburg Hbf–Hel</i> Richtung Hel: an xx:10 / ab xx:11 &mdash; Systembruch/Engpass: reiner SKM-Pendlerhalt, Nutzlänge (200 m) knapp für 210-m-Zug, in Planung als Halt zur Streichung vorgesehen<br/><i>Brandenburg Hbf–Hel</i> Richtung Brandenburg Hbf: an xx:02 / ab xx:03 &mdash; Systembruch/Engpass: reiner SKM-Pendlerhalt, Nutzlänge (200 m) knapp für 210-m-Zug, in Planung als Halt zur Streichung vorgesehen<br/><style>@media (prefers-color-scheme: dark) { body { background:#1e1e1e; color:#eee; } }</style>]]></description>
    <LookAt>
      <longitude>18.637485</longitude>
      <latitude>54.392034</latitude>
      <altitude>0</altitude>
      <heading>0</heading>
      <tilt>0</tilt>
      <range>2500</range>
      <altitudeMode>clampToGround</altitudeMode>
    </LookAt>
    <styleUrl>#station_default</styleUrl>
    <Point>
      <coordinates>18.637485,54.392034,0</coordinates>
    </Point>
  </Placemark>
  <Placemark>
    <name>Gdynia Chylonia</name>
    <description><![CDATA[<b>Gdynia Chylonia</b><br/><br/><i>Brandenburg Hbf–Hel</i> Richtung Hel: an xx:46 / ab xx:47 &mdash; Ab hier solo 3-teilige Garnitur (~80 m), massiver betrieblicher Puffer auf allen Folgestationen<br/><i>Brandenburg Hbf–Hel</i> Richtung Brandenburg Hbf: an xx:26 / ab xx:27 &mdash; Ab hier solo 3-teilige Garnitur (~80 m), massiver betrieblicher Puffer auf allen Folgestationen<br/><style>@media (prefers-color-scheme: dark) { body { background:#1e1e1e; color:#eee; } }</style>]]></description>
    <LookAt>
      <longitude>18.464620</longitude>
      <latitude>54.545319</latitude>
      <altitude>0</altitude>
      <heading>0</heading>
      <tilt>0</tilt>
      <range>2500</range>
      <altitudeMode>clampToGround</altitudeMode>
    </LookAt>
    <styleUrl>#station_default</styleUrl>
    <Point>
      <coordinates>18.464620,54.545319,0</coordinates>
    </Point>
  </Placemark>
  <Placemark>
    <name>Gdynia Główna</name>
    <description><![CDATA[<b>Gdynia Główna</b><br/><br/><i>Brandenburg Hbf–Hel</i> Richtung Hel: an xx:27 / ab xx:40 &mdash; Flügelungsvorgang (Schwächen): 13 Min. Aufenthalt zur Trennung, der 3-Teiler fährt weiter nach Hel, der 5-Teiler verbleibt im Knoten<br/><i>Brandenburg Hbf–Hel</i> Richtung Brandenburg Hbf: an xx:33 / ab xx:46 &mdash; Flügelungsvorgang (Schwächen): 13 Min. Aufenthalt zur Trennung, der 3-Teiler fährt weiter nach Hel, der 5-Teiler verbleibt im Knoten<br/><style>@media (prefers-color-scheme: dark) { body { background:#1e1e1e; color:#eee; } }</style>]]></description>
    <LookAt>
      <longitude>18.531400</longitude>
      <latitude>54.518900</latitude>
      <altitude>0</altitude>
      <heading>0</heading>
      <tilt>0</tilt>
      <range>2500</range>
      <altitudeMode>clampToGround</altitudeMode>
    </LookAt>
    <styleUrl>#station_default</styleUrl>
    <Point>
      <coordinates>18.531400,54.518900,0</coordinates>
    </Point>
  </Placemark>
  <Placemark>
    <name>Gdynia Wzgórze Św. Maksymiliana</name>
    <description><![CDATA[<b>Gdynia Wzgórze Św. Maksymiliana</b><br/><br/><i>Brandenburg Hbf–Hel</i> Richtung Hel: an xx:23 / ab xx:24 &mdash; Engpass: Regionalbahnsteige zu kurz (200 m), Zug steht minimal im Weichenbereich, SDO-Einsatz vorgesehen<br/><i>Brandenburg Hbf–Hel</i> Richtung Brandenburg Hbf: an xx:49 / ab xx:50 &mdash; Engpass: Regionalbahnsteige zu kurz (200 m), Zug steht minimal im Weichenbereich, SDO-Einsatz vorgesehen<br/><style>@media (prefers-color-scheme: dark) { body { background:#1e1e1e; color:#eee; } }</style>]]></description>
    <LookAt>
      <longitude>18.542276</longitude>
      <latitude>54.502661</latitude>
      <altitude>0</altitude>
      <heading>0</heading>
      <tilt>0</tilt>
      <range>2500</range>
      <altitudeMode>clampToGround</altitudeMode>
    </LookAt>
    <styleUrl>#station_default</styleUrl>
    <Point>
      <coordinates>18.542276,54.502661,0</coordinates>
    </Point>
  </Placemark>
  <Placemark>
    <name>Gelsenkirchen Hbf/Innenstadt</name>
    <description><![CDATA[<b>Gelsenkirchen Hbf/Innenstadt</b><br/><br/><i>Münsterland-Ruhrgebiet-Express</i> Richtung Winterswijk Bahnhof/City: an xx:52 / ab xx:53 &mdash; Tiefbahnhof unter dem Bahnhofsvorplatz<br/><i>Münsterland-Ruhrgebiet-Express</i> Richtung Kamener Kreuz: an xx:52 / ab xx:53 &mdash; Tiefbahnhof unter dem Bahnhofsvorplatz<br/><style>@media (prefers-color-scheme: dark) { body { background:#1e1e1e; color:#eee; } }</style>]]></description>
    <LookAt>
      <longitude>7.107363</longitude>
      <latitude>51.505147</latitude>
      <altitude>0</altitude>
      <heading>0</heading>
      <tilt>0</tilt>
      <range>2500</range>
      <altitudeMode>clampToGround</altitudeMode>
    </LookAt>
    <styleUrl>#station_default</styleUrl>
    <Point>
      <coordinates>7.107363,51.505147,0</coordinates>
    </Point>
  </Placemark>
  <Placemark>
    <name>Glasgow (Eurocentral)</name>
    <description><![CDATA[<b>Glasgow (Eurocentral)</b><br/><br/><i>Maglev Express Oslo–Inverness</i> Richtung Inverness (Longman): an xx:06 / ab xx:09 &mdash; Tiefbahnhof (Kavernensystem) in der Logistikzone Eurocentral an der M8<br/><i>Maglev Express Oslo–Inverness</i> Richtung Oslo (Alnabru): an xx:28 / ab xx:31 &mdash; Tiefbahnhof (Kavernensystem) in der Logistikzone Eurocentral an der M8<br/><style>@media (prefers-color-scheme: dark) { body { background:#1e1e1e; color:#eee; } }</style>]]></description>
    <LookAt>
      <longitude>-4.015000</longitude>
      <latitude>55.845000</latitude>
      <altitude>0</altitude>
      <heading>0</heading>
      <tilt>0</tilt>
      <range>2500</range>
      <altitudeMode>clampToGround</altitudeMode>
    </LookAt>
    <styleUrl>#station_default</styleUrl>
    <Point>
      <coordinates>-4.015000,55.845000,0</coordinates>
    </Point>
  </Placemark>
  <Placemark>
    <name>Göteborg (Sävenäs)</name>
    <description><![CDATA[<b>Göteborg (Sävenäs)</b><br/><br/><i>Maglev Express Oslo–Inverness</i> Richtung Inverness (Longman): an xx:43 / ab xx:45 &mdash; Tiefbahnhof (Kaverne unter Sävenäs am Kreuz E20/Route 40)<br/><i>Maglev Express Oslo–Inverness</i> Richtung Oslo (Alnabru): an xx:52 / ab xx:54 &mdash; Tiefbahnhof (Kaverne unter Sävenäs am Kreuz E20/Route 40)<br/><style>@media (prefers-color-scheme: dark) { body { background:#1e1e1e; color:#eee; } }</style>]]></description>
    <LookAt>
      <longitude>12.045000</longitude>
      <latitude>57.712000</latitude>
      <altitude>0</altitude>
      <heading>0</heading>
      <tilt>0</tilt>
      <range>2500</range>
      <altitudeMode>clampToGround</altitudeMode>
    </LookAt>
    <styleUrl>#station_default</styleUrl>
    <Point>
      <coordinates>12.045000,57.712000,0</coordinates>
    </Point>
  </Placemark>
  <Placemark>
    <name>Graz (Feldkirchen)</name>
    <description><![CDATA[<b>Graz (Feldkirchen)</b><br/><br/><i>Maglev Magistrale Paris–Singapur</i> Richtung Singapore (Changi Ost): an xx:55 / ab xx:57 &mdash; Tiefbahnhof südlich des Feldkirchen-Frachtzentrums, vor dem Koralm-Tunnel<br/><i>Maglev Magistrale Paris–Singapur</i> Richtung Paris (CDG): an xx:21 / ab xx:23 &mdash; Tiefbahnhof südlich des Feldkirchen-Frachtzentrums, vor dem Koralm-Tunnel<br/><style>@media (prefers-color-scheme: dark) { body { background:#1e1e1e; color:#eee; } }</style>]]></description>
    <LookAt>
      <longitude>15.442888</longitude>
      <latitude>47.012746</latitude>
      <altitude>0</altitude>
      <heading>0</heading>
      <tilt>0</tilt>
      <range>2500</range>
      <altitudeMode>clampToGround</altitudeMode>
    </LookAt>
    <styleUrl>#station_default</styleUrl>
    <Point>
      <coordinates>15.442888,47.012746,0</coordinates>
    </Point>
  </Placemark>
  <Placemark>
    <name>Great Nicobar (Galathea)</name>
    <description><![CDATA[<b>Great Nicobar (Galathea)</b><br/><br/><i>Maglev Magistrale Paris–Singapur</i> Richtung Singapore (Changi Ost): an xx:31 / ab xx:33 &mdash; Tiefbahnhof, Sicherheits-Zwischenhalt und kryogene Kühlschleuse mitten im Indischen Ozean<br/><i>Maglev Magistrale Paris–Singapur</i> Richtung Paris (CDG): an xx:45 / ab xx:47 &mdash; Tiefbahnhof, Sicherheits-Zwischenhalt und kryogene Kühlschleuse mitten im Indischen Ozean<br/><style>@media (prefers-color-scheme: dark) { body { background:#1e1e1e; color:#eee; } }</style>]]></description>
    <LookAt>
      <longitude>93.900000</longitude>
      <latitude>6.900000</latitude>
      <altitude>0</altitude>
      <heading>0</heading>
      <tilt>0</tilt>
      <range>2500</range>
      <altitudeMode>clampToGround</altitudeMode>
    </LookAt>
    <styleUrl>#station_default</styleUrl>
    <Point>
      <coordinates>93.900000,6.900000,0</coordinates>
    </Point>
  </Placemark>
  <Placemark>
    <name>Halden</name>
    <description><![CDATA[<b>Halden</b><br/><br/><i>Maglev Express Oslo–Inverness</i> Richtung Inverness (Longman): an xx:18 / ab xx:19 &mdash; Hochbahnhof (Viadukt parallel zur E6/Route 21), Grenzpuffer<br/><i>Maglev Express Oslo–Inverness</i> Richtung Oslo (Alnabru): an xx:18 / ab xx:19 &mdash; Hochbahnhof (Viadukt parallel zur E6/Route 21), Grenzpuffer<br/><style>@media (prefers-color-scheme: dark) { body { background:#1e1e1e; color:#eee; } }</style>]]></description>
    <LookAt>
      <longitude>11.272000</longitude>
      <latitude>59.135000</latitude>
      <altitude>0</altitude>
      <heading>0</heading>
      <tilt>0</tilt>
      <range>2500</range>
      <altitudeMode>clampToGround</altitudeMode>
    </LookAt>
    <styleUrl>#station_default</styleUrl>
    <Point>
      <coordinates>11.272000,59.135000,0</coordinates>
    </Point>
  </Placemark>
  <Placemark>
    <name>Halifax-Dartmouth Terminus</name>
    <description><![CDATA[<b>Halifax-Dartmouth Terminus</b><br/><br/><i>NCAMS Express (Northern Continental &amp; Atlantic Maritime Spine)</i> Endstation: an xx:15 &mdash; Finaler östlicher Endpunkt am Kreuz Highway 118/Highway 107, Gütergleise münden in den Atlantik-Tiefseehafen<br/><i>NCAMS Express (Northern Continental &amp; Atlantic Maritime Spine)</i> Richtung Surrey (Vancouver): ab xx:00 &mdash; Finaler östlicher Endpunkt am Kreuz Highway 118/Highway 107, Gütergleise münden in den Atlantik-Tiefseehafen<br/><style>@media (prefers-color-scheme: dark) { body { background:#1e1e1e; color:#eee; } }</style>]]></description>
    <LookAt>
      <longitude>-63.575000</longitude>
      <latitude>44.682000</latitude>
      <altitude>0</altitude>
      <heading>0</heading>
      <tilt>0</tilt>
      <range>2500</range>
      <altitudeMode>clampToGround</altitudeMode>
    </LookAt>
    <styleUrl>#station_default</styleUrl>
    <Point>
      <coordinates>-63.575000,44.682000,0</coordinates>
    </Point>
  </Placemark>
  <Placemark>
    <name>Halmstad</name>
    <description><![CDATA[<b>Halmstad</b><br/><br/><i>Maglev Express Oslo–Inverness</i> Richtung Inverness (Longman): an xx:03 / ab xx:04 &mdash; Hochbahnhof (erhöhte Plattform am Kreuz E6/Route 25)<br/><i>Maglev Express Oslo–Inverness</i> Richtung Oslo (Alnabru): an xx:33 / ab xx:34 &mdash; Hochbahnhof (erhöhte Plattform am Kreuz E6/Route 25)<br/><style>@media (prefers-color-scheme: dark) { body { background:#1e1e1e; color:#eee; } }</style>]]></description>
    <LookAt>
      <longitude>12.890000</longitude>
      <latitude>56.680000</latitude>
      <altitude>0</altitude>
      <heading>0</heading>
      <tilt>0</tilt>
      <range>2500</range>
      <altitudeMode>clampToGround</altitudeMode>
    </LookAt>
    <styleUrl>#station_default</styleUrl>
    <Point>
      <coordinates>12.890000,56.680000,0</coordinates>
    </Point>
  </Placemark>
  <Placemark>
    <name>Hannover (Lehrte)</name>
    <description><![CDATA[<b>Hannover (Lehrte)</b><br/><br/><i>Maglev Express Oslo–Inverness</i> Richtung Inverness (Longman): an xx:57 / ab xx:00 &mdash; Tiefbahnhof (flache Großkaverne) am Kreuz Hannover-Ost A2/A7 nahe Lehrte<br/><i>Maglev Express Oslo–Inverness</i> Richtung Oslo (Alnabru): an xx:37 / ab xx:40 &mdash; Tiefbahnhof (flache Großkaverne) am Kreuz Hannover-Ost A2/A7 nahe Lehrte<br/><style>@media (prefers-color-scheme: dark) { body { background:#1e1e1e; color:#eee; } }</style>]]></description>
    <LookAt>
      <longitude>9.830000</longitude>
      <latitude>52.410000</latitude>
      <altitude>0</altitude>
      <heading>0</heading>
      <tilt>0</tilt>
      <range>2500</range>
      <altitudeMode>clampToGround</altitudeMode>
    </LookAt>
    <styleUrl>#station_default</styleUrl>
    <Point>
      <coordinates>9.830000,52.410000,0</coordinates>
    </Point>
  </Placemark>
  <Placemark>
    <name>Hannover (Wülferode Ost)</name>
    <description><![CDATA[<b>Hannover (Wülferode Ost)</b><br/><br/><i>Weltachse 1 (Bochum–Vancouver)</i> Richtung Surrey (Vancouver): an xx:27 / ab xx:29 &mdash; Turmbahnhof an der Kreuzung A2/A7<br/><i>Weltachse 1 (Bochum–Vancouver)</i> Richtung Bochum Hbf: an xx:27 / ab xx:29 &mdash; Turmbahnhof an der Kreuzung A2/A7<br/><style>@media (prefers-color-scheme: dark) { body { background:#1e1e1e; color:#eee; } }</style>]]></description>
    <LookAt>
      <longitude>9.850000</longitude>
      <latitude>52.366700</latitude>
      <altitude>0</altitude>
      <heading>0</heading>
      <tilt>0</tilt>
      <range>2500</range>
      <altitudeMode>clampToGround</altitudeMode>
    </LookAt>
    <styleUrl>#station_default</styleUrl>
    <Point>
      <coordinates>9.850000,52.366700,0</coordinates>
    </Point>
  </Placemark>
  <Placemark>
    <name>Hartford-North Hub</name>
    <description><![CDATA[<b>Hartford-North Hub</b><br/><br/><i>NCAMS Express (Northern Continental &amp; Atlantic Maritime Spine)</i> Richtung Halifax-Dartmouth Terminus: an xx:37 / ab xx:39 &mdash; Nördlich von Downtown Hartford am Kreuz I-84/I-91<br/><i>NCAMS Express (Northern Continental &amp; Atlantic Maritime Spine)</i> Richtung Surrey (Vancouver): an xx:36 / ab xx:38 &mdash; Nördlich von Downtown Hartford am Kreuz I-84/I-91<br/><style>@media (prefers-color-scheme: dark) { body { background:#1e1e1e; color:#eee; } }</style>]]></description>
    <LookAt>
      <longitude>-72.690000</longitude>
      <latitude>41.790000</latitude>
      <altitude>0</altitude>
      <heading>0</heading>
      <tilt>0</tilt>
      <range>2500</range>
      <altitudeMode>clampToGround</altitudeMode>
    </LookAt>
    <styleUrl>#station_default</styleUrl>
    <Point>
      <coordinates>-72.690000,41.790000,0</coordinates>
    </Point>
  </Placemark>
  <Placemark>
    <name>Hattingen Lembeck</name>
    <description><![CDATA[<b>Hattingen Lembeck</b><br/><br/><i>Wuppertal-Bochum-Castrop-Express</i> Richtung Castrop-Rauxel Münsterplatz: an xx:24 / ab xx:25 &mdash; Hochbahnhof parallel zur Nierenhofer Straße<br/><i>Wuppertal-Bochum-Castrop-Express</i> Richtung High Speed Hub Wuppertal Nord: an xx:37 / ab xx:37 &mdash; Hochbahnhof parallel zur Nierenhofer Straße<br/><style>@media (prefers-color-scheme: dark) { body { background:#1e1e1e; color:#eee; } }</style>]]></description>
    <LookAt>
      <longitude>7.160649</longitude>
      <latitude>51.387424</latitude>
      <altitude>0</altitude>
      <heading>0</heading>
      <tilt>0</tilt>
      <range>2500</range>
      <altitudeMode>clampToGround</altitudeMode>
    </LookAt>
    <styleUrl>#station_default</styleUrl>
    <Point>
      <coordinates>7.160649,51.387424,0</coordinates>
    </Point>
  </Placemark>
  <Placemark>
    <name>Hattingen Mitte</name>
    <description><![CDATA[<b>Hattingen Mitte</b><br/><br/><i>Wuppertal-Bochum-Castrop-Express</i> Richtung Castrop-Rauxel Münsterplatz: an xx:29 / ab xx:30 &mdash; Tiefbahnhof unter dem zentralen Omnibusbahnhof<br/><i>Wuppertal-Bochum-Castrop-Express</i> Richtung High Speed Hub Wuppertal Nord: an xx:32 / ab xx:33 &mdash; Tiefbahnhof unter dem zentralen Omnibusbahnhof<br/><style>@media (prefers-color-scheme: dark) { body { background:#1e1e1e; color:#eee; } }</style>]]></description>
    <LookAt>
      <longitude>7.180216</longitude>
      <latitude>51.397227</latitude>
      <altitude>0</altitude>
      <heading>0</heading>
      <tilt>0</tilt>
      <range>2500</range>
      <altitudeMode>clampToGround</altitudeMode>
    </LookAt>
    <styleUrl>#station_default</styleUrl>
    <Point>
      <coordinates>7.180216,51.397227,0</coordinates>
    </Point>
  </Placemark>
  <Placemark>
    <name>Hattingen Südring</name>
    <description><![CDATA[<b>Hattingen Südring</b><br/><br/><i>Wuppertal-Bochum-Castrop-Express</i> Richtung Castrop-Rauxel Münsterplatz: an xx:27 / ab xx:27 &mdash; Tiefbahnhof unter Südring/Heggerstraße<br/><i>Wuppertal-Bochum-Castrop-Express</i> Richtung High Speed Hub Wuppertal Nord: an xx:34 / ab xx:35 &mdash; Tiefbahnhof unter Südring/Heggerstraße<br/><style>@media (prefers-color-scheme: dark) { body { background:#1e1e1e; color:#eee; } }</style>]]></description>
    <LookAt>
      <longitude>7.174318</longitude>
      <latitude>51.390692</latitude>
      <altitude>0</altitude>
      <heading>0</heading>
      <tilt>0</tilt>
      <range>2500</range>
      <altitudeMode>clampToGround</altitudeMode>
    </LookAt>
    <styleUrl>#station_default</styleUrl>
    <Point>
      <coordinates>7.174318,51.390692,0</coordinates>
    </Point>
  </Placemark>
  <Placemark>
    <name>Haugesund</name>
    <description><![CDATA[<b>Haugesund</b><br/><br/><i>Maglev Regio Lille–Bergen</i> Richtung Bergen: an xx:42 / ab xx:43 &mdash; Felskaverne vor dem Boknafjord-Tunnelmund<br/><i>Maglev Regio Lille–Bergen</i> Richtung Lille (Turmbahnhof): an xx:20 / ab xx:21 &mdash; Felskaverne vor dem Boknafjord-Tunnelmund<br/><style>@media (prefers-color-scheme: dark) { body { background:#1e1e1e; color:#eee; } }</style>]]></description>
    <LookAt>
      <longitude>5.268100</longitude>
      <latitude>59.413900</latitude>
      <altitude>0</altitude>
      <heading>0</heading>
      <tilt>0</tilt>
      <range>2500</range>
      <altitudeMode>clampToGround</altitudeMode>
    </LookAt>
    <styleUrl>#station_default</styleUrl>
    <Point>
      <coordinates>5.268100,59.413900,0</coordinates>
    </Point>
  </Placemark>
  <Placemark>
    <name>Havneby (Rømø)</name>
    <description><![CDATA[<b>Havneby (Rømø)</b><br/><br/><i>Maglev Regio Lille–Bergen</i> Richtung Bergen: an xx:07 / ab xx:08 &mdash; Erste dänische Inselkaverne (3 Gleise)<br/><i>Maglev Regio Lille–Bergen</i> Richtung Lille (Turmbahnhof): an xx:55 / ab xx:56 &mdash; Erste dänische Inselkaverne (3 Gleise)<br/><style>@media (prefers-color-scheme: dark) { body { background:#1e1e1e; color:#eee; } }</style>]]></description>
    <LookAt>
      <longitude>8.570000</longitude>
      <latitude>55.090000</latitude>
      <altitude>0</altitude>
      <heading>0</heading>
      <tilt>0</tilt>
      <range>2500</range>
      <altitudeMode>clampToGround</altitudeMode>
    </LookAt>
    <styleUrl>#station_default</styleUrl>
    <Point>
      <coordinates>8.570000,55.090000,0</coordinates>
    </Point>
  </Placemark>
  <Placemark>
    <name>Heiane</name>
    <description><![CDATA[<b>Heiane</b><br/><br/><i>Maglev Regio Lille–Bergen</i> Richtung Bergen: an xx:50 / ab xx:51 &mdash; Felskaverne unter der Insel Stord<br/><i>Maglev Regio Lille–Bergen</i> Richtung Lille (Turmbahnhof): an xx:12 / ab xx:13 &mdash; Felskaverne unter der Insel Stord<br/><style>@media (prefers-color-scheme: dark) { body { background:#1e1e1e; color:#eee; } }</style>]]></description>
    <LookAt>
      <longitude>5.455510</longitude>
      <latitude>59.761751</latitude>
      <altitude>0</altitude>
      <heading>0</heading>
      <tilt>0</tilt>
      <range>2500</range>
      <altitudeMode>clampToGround</altitudeMode>
    </LookAt>
    <styleUrl>#station_default</styleUrl>
    <Point>
      <coordinates>5.455510,59.761751,0</coordinates>
    </Point>
  </Placemark>
  <Placemark>
    <name>Hel</name>
    <description><![CDATA[<b>Hel</b><br/><br/><i>Brandenburg Hbf–Hel</i> Endstation: an xx:13 &mdash; Linien-Endpunkt, Übergang in die Abstellung<br/><i>Brandenburg Hbf–Hel</i> Richtung Brandenburg Hbf: ab xx:00 &mdash; Linien-Endpunkt, Übergang in die Abstellung<br/><style>@media (prefers-color-scheme: dark) { body { background:#1e1e1e; color:#eee; } }</style>]]></description>
    <LookAt>
      <longitude>18.801400</longitude>
      <latitude>54.608300</latitude>
      <altitude>0</altitude>
      <heading>0</heading>
      <tilt>0</tilt>
      <range>2500</range>
      <altitudeMode>clampToGround</altitudeMode>
    </LookAt>
    <styleUrl>#station_default</styleUrl>
    <Point>
      <coordinates>18.801400,54.608300,0</coordinates>
    </Point>
  </Placemark>
  <Placemark>
    <name>Helgoland (Tiefseehub)</name>
    <description><![CDATA[<b>Helgoland (Tiefseehub)</b><br/><br/><i>Maglev Regio Lille–Bergen</i> Richtung Bergen: an xx:25 / ab xx:27 &mdash; Hochsee-Megakaverne im Buntsandstein (6 Gleise)<br/><i>Maglev Regio Lille–Bergen</i> Richtung Lille (Turmbahnhof): an xx:36 / ab xx:38 &mdash; Hochsee-Megakaverne im Buntsandstein (6 Gleise)<br/><style>@media (prefers-color-scheme: dark) { body { background:#1e1e1e; color:#eee; } }</style>]]></description>
    <LookAt>
      <longitude>7.887400</longitude>
      <latitude>54.179300</latitude>
      <altitude>0</altitude>
      <heading>0</heading>
      <tilt>0</tilt>
      <range>2500</range>
      <altitudeMode>clampToGround</altitudeMode>
    </LookAt>
    <styleUrl>#station_default</styleUrl>
    <Point>
      <coordinates>7.887400,54.179300,0</coordinates>
    </Point>
  </Placemark>
  <Placemark>
    <name>Helsingborg</name>
    <description><![CDATA[<b>Helsingborg</b><br/><br/><i>Maglev Express Oslo–Inverness</i> Richtung Inverness (Longman): an xx:17 / ab xx:18 &mdash; Tiefbahnhof am Autobahnkreuz E4/E6/E20, letzter Halt vor dem Öresund-Tunnel<br/><i>Maglev Express Oslo–Inverness</i> Richtung Oslo (Alnabru): an xx:19 / ab xx:20 &mdash; Tiefbahnhof am Autobahnkreuz E4/E6/E20, letzter Halt vor dem Öresund-Tunnel<br/><style>@media (prefers-color-scheme: dark) { body { background:#1e1e1e; color:#eee; } }</style>]]></description>
    <LookAt>
      <longitude>12.715000</longitude>
      <latitude>56.072000</latitude>
      <altitude>0</altitude>
      <heading>0</heading>
      <tilt>0</tilt>
      <range>2500</range>
      <altitudeMode>clampToGround</altitudeMode>
    </LookAt>
    <styleUrl>#station_default</styleUrl>
    <Point>
      <coordinates>12.715000,56.072000,0</coordinates>
    </Point>
  </Placemark>
  <Placemark>
    <name>Helsingør</name>
    <description><![CDATA[<b>Helsingør</b><br/><br/><i>Maglev Express Oslo–Inverness</i> Richtung Inverness (Longman): an xx:22 / ab xx:23 &mdash; Tiefbahnhof im dänischen Tunnelportal an der Route 6<br/><i>Maglev Express Oslo–Inverness</i> Richtung Oslo (Alnabru): an xx:14 / ab xx:15 &mdash; Tiefbahnhof im dänischen Tunnelportal an der Route 6<br/><style>@media (prefers-color-scheme: dark) { body { background:#1e1e1e; color:#eee; } }</style>]]></description>
    <LookAt>
      <longitude>12.595000</longitude>
      <latitude>56.025000</latitude>
      <altitude>0</altitude>
      <heading>0</heading>
      <tilt>0</tilt>
      <range>2500</range>
      <altitudeMode>clampToGround</altitudeMode>
    </LookAt>
    <styleUrl>#station_default</styleUrl>
    <Point>
      <coordinates>12.595000,56.025000,0</coordinates>
    </Point>
  </Placemark>
  <Placemark>
    <name>Helsinki</name>
    <description><![CDATA[<b>Helsinki</b><br/><br/><i>Arktis-Afrika-Magistrale</i> Richtung Casablanca: an xx:48 / ab xx:52 &mdash; Hochbahnhof, Großviadukt Aviapolis/Vantaa an der Ringstraße Kehä III<br/><i>Arktis-Afrika-Magistrale</i> Richtung Nordkapp: an xx:00 / ab xx:04 &mdash; Hochbahnhof, Großviadukt Aviapolis/Vantaa an der Ringstraße Kehä III<br/><style>@media (prefers-color-scheme: dark) { body { background:#1e1e1e; color:#eee; } }</style>]]></description>
    <LookAt>
      <longitude>24.938400</longitude>
      <latitude>60.169900</latitude>
      <altitude>0</altitude>
      <heading>0</heading>
      <tilt>0</tilt>
      <range>2500</range>
      <altitudeMode>clampToGround</altitudeMode>
    </LookAt>
    <styleUrl>#station_default</styleUrl>
    <Point>
      <coordinates>24.938400,60.169900,0</coordinates>
    </Point>
  </Placemark>
  <Placemark>
    <name>Hirtshals</name>
    <description><![CDATA[<b>Hirtshals</b><br/><br/><i>Maglev Regio Lille–Bergen</i> Richtung Bergen: an xx:35 / ab xx:37 &mdash; Tiefbunker-Portal vor der Skagerrak-Unterseeachse, Kryo-Kühlung<br/><i>Maglev Regio Lille–Bergen</i> Richtung Lille (Turmbahnhof): an xx:26 / ab xx:28 &mdash; Tiefbunker-Portal vor der Skagerrak-Unterseeachse, Kryo-Kühlung<br/><style>@media (prefers-color-scheme: dark) { body { background:#1e1e1e; color:#eee; } }</style>]]></description>
    <LookAt>
      <longitude>9.960000</longitude>
      <latitude>57.590000</latitude>
      <altitude>0</altitude>
      <heading>0</heading>
      <tilt>0</tilt>
      <range>2500</range>
      <altitudeMode>clampToGround</altitudeMode>
    </LookAt>
    <styleUrl>#station_default</styleUrl>
    <Point>
      <coordinates>9.960000,57.590000,0</coordinates>
    </Point>
  </Placemark>
  <Placemark>
    <name>Hjørring</name>
    <description><![CDATA[<b>Hjørring</b><br/><br/><i>Maglev Regio Lille–Bergen</i> Richtung Bergen: an xx:30 / ab xx:31 &mdash; Highspeed-Trassenplattform am Stadtrand<br/><i>Maglev Regio Lille–Bergen</i> Richtung Lille (Turmbahnhof): an xx:32 / ab xx:33 &mdash; Highspeed-Trassenplattform am Stadtrand<br/><style>@media (prefers-color-scheme: dark) { body { background:#1e1e1e; color:#eee; } }</style>]]></description>
    <LookAt>
      <longitude>9.984700</longitude>
      <latitude>57.470800</latitude>
      <altitude>0</altitude>
      <heading>0</heading>
      <tilt>0</tilt>
      <range>2500</range>
      <altitudeMode>clampToGround</altitudeMode>
    </LookAt>
    <styleUrl>#station_default</styleUrl>
    <Point>
      <coordinates>9.984700,57.470800,0</coordinates>
    </Point>
  </Placemark>
  <Placemark>
    <name>Hoek van Holland</name>
    <description><![CDATA[<b>Hoek van Holland</b><br/><br/><i>Maglev Regio Lille–Bergen</i> Richtung Bergen: an xx:35 / ab xx:36 &mdash; Tiefbahnhof, Anbindung Seehafen Rotterdam<br/><i>Maglev Regio Lille–Bergen</i> Richtung Lille (Turmbahnhof): an xx:27 / ab xx:28 &mdash; Tiefbahnhof, Anbindung Seehafen Rotterdam<br/><style>@media (prefers-color-scheme: dark) { body { background:#1e1e1e; color:#eee; } }</style>]]></description>
    <LookAt>
      <longitude>4.133300</longitude>
      <latitude>51.976700</latitude>
      <altitude>0</altitude>
      <heading>0</heading>
      <tilt>0</tilt>
      <range>2500</range>
      <altitudeMode>clampToGround</altitudeMode>
    </LookAt>
    <styleUrl>#station_default</styleUrl>
    <Point>
      <coordinates>4.133300,51.976700,0</coordinates>
    </Point>
  </Placemark>
  <Placemark>
    <name>Hörnum (Sylt)</name>
    <description><![CDATA[<b>Hörnum (Sylt)</b><br/><br/><i>Maglev Regio Lille–Bergen</i> Richtung Bergen: an xx:50 / ab xx:51 &mdash; Südportal des Sylter Basistunnels (3 Gleise)<br/><i>Maglev Regio Lille–Bergen</i> Richtung Lille (Turmbahnhof): an xx:12 / ab xx:13 &mdash; Südportal des Sylter Basistunnels (3 Gleise)<br/><style>@media (prefers-color-scheme: dark) { body { background:#1e1e1e; color:#eee; } }</style>]]></description>
    <LookAt>
      <longitude>8.337800</longitude>
      <latitude>54.755000</latitude>
      <altitude>0</altitude>
      <heading>0</heading>
      <tilt>0</tilt>
      <range>2500</range>
      <altitudeMode>clampToGround</altitudeMode>
    </LookAt>
    <styleUrl>#station_default</styleUrl>
    <Point>
      <coordinates>8.337800,54.755000,0</coordinates>
    </Point>
  </Placemark>
  <Placemark>
    <name>Hollum (Ameland)</name>
    <description><![CDATA[<b>Hollum (Ameland)</b><br/><br/><i>Maglev Regio Lille–Bergen</i> Richtung Bergen: an xx:25 / ab xx:26 &mdash; Westliche Kaverne Amelands (3 Gleise)<br/><i>Maglev Regio Lille–Bergen</i> Richtung Lille (Turmbahnhof): an xx:37 / ab xx:38 &mdash; Westliche Kaverne Amelands (3 Gleise)<br/><style>@media (prefers-color-scheme: dark) { body { background:#1e1e1e; color:#eee; } }</style>]]></description>
    <LookAt>
      <longitude>5.644600</longitude>
      <latitude>53.443600</latitude>
      <altitude>0</altitude>
      <heading>0</heading>
      <tilt>0</tilt>
      <range>2500</range>
      <altitudeMode>clampToGround</altitudeMode>
    </LookAt>
    <styleUrl>#station_default</styleUrl>
    <Point>
      <coordinates>5.644600,53.443600,0</coordinates>
    </Point>
  </Placemark>
  <Placemark>
    <name>Holstebro</name>
    <description><![CDATA[<b>Holstebro</b><br/><br/><i>Maglev Regio Lille–Bergen</i> Richtung Bergen: an xx:54 / ab xx:55 &mdash; Hochbahnhof im Korridor der Route 18<br/><i>Maglev Regio Lille–Bergen</i> Richtung Lille (Turmbahnhof): an xx:08 / ab xx:09 &mdash; Hochbahnhof im Korridor der Route 18<br/><style>@media (prefers-color-scheme: dark) { body { background:#1e1e1e; color:#eee; } }</style>]]></description>
    <LookAt>
      <longitude>8.615600</longitude>
      <latitude>56.360000</latitude>
      <altitude>0</altitude>
      <heading>0</heading>
      <tilt>0</tilt>
      <range>2500</range>
      <altitudeMode>clampToGround</altitudeMode>
    </LookAt>
    <styleUrl>#station_default</styleUrl>
    <Point>
      <coordinates>8.615600,56.360000,0</coordinates>
    </Point>
  </Placemark>
  <Placemark>
    <name>Honningsvåg</name>
    <description><![CDATA[<b>Honningsvåg</b><br/><br/><i>Arktis-Afrika-Magistrale</i> Richtung Casablanca: an xx:05 / ab xx:07 &mdash; Tiefbahnhof, Untersee-Anschlusskaverne im Magerøya-Tunnelkomplex<br/><i>Arktis-Afrika-Magistrale</i> Richtung Nordkapp: an xx:45 / ab xx:47 &mdash; Tiefbahnhof, Untersee-Anschlusskaverne im Magerøya-Tunnelkomplex<br/><style>@media (prefers-color-scheme: dark) { body { background:#1e1e1e; color:#eee; } }</style>]]></description>
    <LookAt>
      <longitude>25.970400</longitude>
      <latitude>70.982100</latitude>
      <altitude>0</altitude>
      <heading>0</heading>
      <tilt>0</tilt>
      <range>2500</range>
      <altitudeMode>clampToGround</altitudeMode>
    </LookAt>
    <styleUrl>#station_default</styleUrl>
    <Point>
      <coordinates>25.970400,70.982100,0</coordinates>
    </Point>
  </Placemark>
  <Placemark>
    <name>IKEA Dortmund</name>
    <description><![CDATA[<b>IKEA Dortmund</b><br/><br/><i>Münsterland-Ruhrgebiet-Express</i> Richtung Winterswijk Bahnhof/City: an xx:27 / ab xx:28 &mdash; Hochbahnhof über der A40 im Indupark<br/><i>Münsterland-Ruhrgebiet-Express</i> Richtung Kamener Kreuz: an xx:17 / ab xx:18 &mdash; Hochbahnhof über der A40 im Indupark<br/><style>@media (prefers-color-scheme: dark) { body { background:#1e1e1e; color:#eee; } }</style>]]></description>
    <LookAt>
      <longitude>7.372845</longitude>
      <latitude>51.491211</latitude>
      <altitude>0</altitude>
      <heading>0</heading>
      <tilt>0</tilt>
      <range>2500</range>
      <altitudeMode>clampToGround</altitudeMode>
    </LookAt>
    <styleUrl>#station_default</styleUrl>
    <Point>
      <coordinates>7.372845,51.491211,0</coordinates>
    </Point>
  </Placemark>
  <Placemark>
    <name>IKEA Kamen</name>
    <description><![CDATA[<b>IKEA Kamen</b><br/><br/><i>Münsterland-Ruhrgebiet-Express</i> Richtung Winterswijk Bahnhof/City: an xx:05 / ab xx:05 &mdash; Hochbahnhof über dem Kamen Karree<br/><i>Münsterland-Ruhrgebiet-Express</i> Richtung Kamener Kreuz: an xx:40 / ab xx:41 &mdash; Hochbahnhof über dem Kamen Karree<br/><style>@media (prefers-color-scheme: dark) { body { background:#1e1e1e; color:#eee; } }</style>]]></description>
    <LookAt>
      <longitude>7.668925</longitude>
      <latitude>51.569874</latitude>
      <altitude>0</altitude>
      <heading>0</heading>
      <tilt>0</tilt>
      <range>2500</range>
      <altitudeMode>clampToGround</altitudeMode>
    </LookAt>
    <styleUrl>#station_default</styleUrl>
    <Point>
      <coordinates>7.668925,51.569874,0</coordinates>
    </Point>
  </Placemark>
  <Placemark>
    <name>IKEA Wuppertal</name>
    <description><![CDATA[<b>IKEA Wuppertal</b><br/><br/><i>Wuppertal-Bochum-Castrop-Express</i> Richtung Castrop-Rauxel Münsterplatz: an xx:01 / ab xx:01 &mdash; Hochbahnhof über der Schmiedestraße<br/><i>Wuppertal-Bochum-Castrop-Express</i> Richtung High Speed Hub Wuppertal Nord: an xx:00 / ab xx:01 &mdash; Hochbahnhof über der Schmiedestraße<br/><style>@media (prefers-color-scheme: dark) { body { background:#1e1e1e; color:#eee; } }</style>]]></description>
    <LookAt>
      <longitude>7.252252</longitude>
      <latitude>51.307640</latitude>
      <altitude>0</altitude>
      <heading>0</heading>
      <tilt>0</tilt>
      <range>2500</range>
      <altitudeMode>clampToGround</altitudeMode>
    </LookAt>
    <styleUrl>#station_default</styleUrl>
    <Point>
      <coordinates>7.252252,51.307640,0</coordinates>
    </Point>
  </Placemark>
  <Placemark>
    <name>Inari</name>
    <description><![CDATA[<b>Inari</b><br/><br/><i>Arktis-Afrika-Magistrale</i> Richtung Casablanca: an xx:32 / ab xx:34 &mdash; Hochbahnhof, windsicheres Schutzviadukt an der E75<br/><i>Arktis-Afrika-Magistrale</i> Richtung Nordkapp: an xx:18 / ab xx:20 &mdash; Hochbahnhof, windsicheres Schutzviadukt an der E75<br/><style>@media (prefers-color-scheme: dark) { body { background:#1e1e1e; color:#eee; } }</style>]]></description>
    <LookAt>
      <longitude>27.027600</longitude>
      <latitude>68.906100</latitude>
      <altitude>0</altitude>
      <heading>0</heading>
      <tilt>0</tilt>
      <range>2500</range>
      <altitudeMode>clampToGround</altitudeMode>
    </LookAt>
    <styleUrl>#station_default</styleUrl>
    <Point>
      <coordinates>27.027600,68.906100,0</coordinates>
    </Point>
  </Placemark>
  <Placemark>
    <name>Indianapolis-South Hub</name>
    <description><![CDATA[<b>Indianapolis-South Hub</b><br/><br/><i>NCAMS Express (Northern Continental &amp; Atlantic Maritime Spine)</i> Richtung Halifax-Dartmouth Terminus: an xx:24 / ab xx:27 &mdash; Südlicher Sektor des Autobahnrings am Kreuz I-465/I-65<br/><i>NCAMS Express (Northern Continental &amp; Atlantic Maritime Spine)</i> Richtung Surrey (Vancouver): an xx:48 / ab xx:51 &mdash; Südlicher Sektor des Autobahnrings am Kreuz I-465/I-65<br/><style>@media (prefers-color-scheme: dark) { body { background:#1e1e1e; color:#eee; } }</style>]]></description>
    <LookAt>
      <longitude>-86.150000</longitude>
      <latitude>39.650000</latitude>
      <altitude>0</altitude>
      <heading>0</heading>
      <tilt>0</tilt>
      <range>2500</range>
      <altitudeMode>clampToGround</altitudeMode>
    </LookAt>
    <styleUrl>#station_default</styleUrl>
    <Point>
      <coordinates>-86.150000,39.650000,0</coordinates>
    </Point>
  </Placemark>
  <Placemark>
    <name>Inverness (Longman)</name>
    <description><![CDATA[<b>Inverness (Longman)</b><br/><br/><i>Maglev Express Oslo–Inverness</i> Endstation: an xx:37 &mdash; Hochbahnhof (Endstation) im Industriepark Longman am Knoten A9/A82<br/><i>Maglev Express Oslo–Inverness</i> Richtung Oslo (Alnabru): ab xx:00 &mdash; Hochbahnhof (Endstation) im Industriepark Longman am Knoten A9/A82<br/><style>@media (prefers-color-scheme: dark) { body { background:#1e1e1e; color:#eee; } }</style>]]></description>
    <LookAt>
      <longitude>-4.215000</longitude>
      <latitude>57.490000</latitude>
      <altitude>0</altitude>
      <heading>0</heading>
      <tilt>0</tilt>
      <range>2500</range>
      <altitudeMode>clampToGround</altitudeMode>
    </LookAt>
    <styleUrl>#station_default</styleUrl>
    <Point>
      <coordinates>-4.215000,57.490000,0</coordinates>
    </Point>
  </Placemark>
  <Placemark>
    <name>Isfahan (Kaveh Transit)</name>
    <description><![CDATA[<b>Isfahan (Kaveh Transit)</b><br/><br/><i>Maglev Magistrale Paris–Singapur</i> Richtung Singapore (Changi Ost): an xx:24 / ab xx:26 &mdash; Hochbahnhof, Wüstenviadukt am Kaveh Transit-Hub<br/><i>Maglev Magistrale Paris–Singapur</i> Richtung Paris (CDG): an xx:52 / ab xx:54 &mdash; Hochbahnhof, Wüstenviadukt am Kaveh Transit-Hub<br/><style>@media (prefers-color-scheme: dark) { body { background:#1e1e1e; color:#eee; } }</style>]]></description>
    <LookAt>
      <longitude>51.668000</longitude>
      <latitude>32.654600</latitude>
      <altitude>0</altitude>
      <heading>0</heading>
      <tilt>0</tilt>
      <range>2500</range>
      <altitudeMode>clampToGround</altitudeMode>
    </LookAt>
    <styleUrl>#station_default</styleUrl>
    <Point>
      <coordinates>51.668000,32.654600,0</coordinates>
    </Point>
  </Placemark>
  <Placemark>
    <name>Istanbul</name>
    <description><![CDATA[<b>Istanbul</b><br/><br/><i>Arktis-Afrika-Magistrale</i> Richtung Casablanca: an xx:29 / ab xx:34 &mdash; Tiefbahnhof, Untergrund-Kavernenkomplex am Northern Marmara Highway O-7, vor der Bosporus-Tunnelpassage<br/><i>Arktis-Afrika-Magistrale</i> Richtung Nordkapp: an xx:18 / ab xx:23 &mdash; Tiefbahnhof, Untergrund-Kavernenkomplex am Northern Marmara Highway O-7, vor der Bosporus-Tunnelpassage<br/><style>@media (prefers-color-scheme: dark) { body { background:#1e1e1e; color:#eee; } }</style>]]></description>
    <LookAt>
      <longitude>28.978400</longitude>
      <latitude>41.008200</latitude>
      <altitude>0</altitude>
      <heading>0</heading>
      <tilt>0</tilt>
      <range>2500</range>
      <altitudeMode>clampToGround</altitudeMode>
    </LookAt>
    <styleUrl>#station_default</styleUrl>
    <Point>
      <coordinates>28.978400,41.008200,0</coordinates>
    </Point>
  </Placemark>
  <Placemark>
    <name>Izmir (Bornova Ost)</name>
    <description><![CDATA[<b>Izmir (Bornova Ost)</b><br/><br/><i>Arktis-Afrika-Magistrale</i> Richtung Casablanca: an xx:20 / ab xx:23 &mdash; Hochbahnhof, Industrieviadukt am Autobahnkreuz Bornova-Ost O-5/O-30<br/><i>Arktis-Afrika-Magistrale</i> Richtung Nordkapp: an xx:29 / ab xx:32 &mdash; Hochbahnhof, Industrieviadukt am Autobahnkreuz Bornova-Ost O-5/O-30<br/><i>Maglev Magistrale Paris–Singapur</i> Richtung Singapore (Changi Ost): an xx:32 / ab xx:34 &mdash; Tiefbahnhof nach der Ägäis-Unterseequerung<br/><i>Maglev Magistrale Paris–Singapur</i> Richtung Paris (CDG): an xx:44 / ab xx:46 &mdash; Tiefbahnhof nach der Ägäis-Unterseequerung<br/><style>@media (prefers-color-scheme: dark) { body { background:#1e1e1e; color:#eee; } }</style>]]></description>
    <LookAt>
      <longitude>27.215900</longitude>
      <latitude>38.463600</latitude>
      <altitude>0</altitude>
      <heading>0</heading>
      <tilt>0</tilt>
      <range>2500</range>
      <altitudeMode>clampToGround</altitudeMode>
    </LookAt>
    <styleUrl>#station_default</styleUrl>
    <Point>
      <coordinates>27.215900,38.463600,0</coordinates>
    </Point>
  </Placemark>
  <Placemark>
    <name>Jakutsk (Ost, Nizhny Bestyakh)</name>
    <description><![CDATA[<b>Jakutsk (Ost, Nizhny Bestyakh)</b><br/><br/><i>Weltachse 1 (Bochum–Vancouver)</i> Richtung Surrey (Vancouver): an xx:43 / ab xx:48 &mdash; Hochbahnhof auf kryogenisch gekühlten Pfeilern im Permafrost, vor der arktischen Tunnelzone<br/><i>Weltachse 1 (Bochum–Vancouver)</i> Richtung Bochum Hbf: an xx:08 / ab xx:13 &mdash; Hochbahnhof auf kryogenisch gekühlten Pfeilern im Permafrost, vor der arktischen Tunnelzone<br/><style>@media (prefers-color-scheme: dark) { body { background:#1e1e1e; color:#eee; } }</style>]]></description>
    <LookAt>
      <longitude>129.900000</longitude>
      <latitude>61.950000</latitude>
      <altitude>0</altitude>
      <heading>0</heading>
      <tilt>0</tilt>
      <range>2500</range>
      <altitudeMode>clampToGround</altitudeMode>
    </LookAt>
    <styleUrl>#station_default</styleUrl>
    <Point>
      <coordinates>129.900000,61.950000,0</coordinates>
    </Point>
  </Placemark>
  <Placemark>
    <name>Jastarnia</name>
    <description><![CDATA[<b>Jastarnia</b><br/><br/><i>Brandenburg Hbf–Hel</i> Richtung Hel: an xx:59 / ab xx:00 &mdash; Halt unkritisch<br/><i>Brandenburg Hbf–Hel</i> Richtung Brandenburg Hbf: an xx:13 / ab xx:14 &mdash; Halt unkritisch<br/><style>@media (prefers-color-scheme: dark) { body { background:#1e1e1e; color:#eee; } }</style>]]></description>
    <LookAt>
      <longitude>18.684400</longitude>
      <latitude>54.697800</latitude>
      <altitude>0</altitude>
      <heading>0</heading>
      <tilt>0</tilt>
      <range>2500</range>
      <altitudeMode>clampToGround</altitudeMode>
    </LookAt>
    <styleUrl>#station_default</styleUrl>
    <Point>
      <coordinates>18.684400,54.697800,0</coordinates>
    </Point>
  </Placemark>
  <Placemark>
    <name>Juist</name>
    <description><![CDATA[<b>Juist</b><br/><br/><i>Maglev Regio Lille–Bergen</i> Richtung Bergen: an xx:51 / ab xx:52 &mdash; Schmale Inselkaverne (3 Gleise)<br/><i>Maglev Regio Lille–Bergen</i> Richtung Lille (Turmbahnhof): an xx:11 / ab xx:12 &mdash; Schmale Inselkaverne (3 Gleise)<br/><style>@media (prefers-color-scheme: dark) { body { background:#1e1e1e; color:#eee; } }</style>]]></description>
    <LookAt>
      <longitude>7.050000</longitude>
      <latitude>53.666700</latitude>
      <altitude>0</altitude>
      <heading>0</heading>
      <tilt>0</tilt>
      <range>2500</range>
      <altitudeMode>clampToGround</altitudeMode>
    </LookAt>
    <styleUrl>#station_default</styleUrl>
    <Point>
      <coordinates>7.050000,53.666700,0</coordinates>
    </Point>
  </Placemark>
  <Placemark>
    <name>Jurata</name>
    <description><![CDATA[<b>Jurata</b><br/><br/><i>Brandenburg Hbf–Hel</i> Richtung Hel: an xx:05 / ab xx:06 &mdash; Halt unkritisch<br/><i>Brandenburg Hbf–Hel</i> Richtung Brandenburg Hbf: an xx:07 / ab xx:08 &mdash; Halt unkritisch<br/><style>@media (prefers-color-scheme: dark) { body { background:#1e1e1e; color:#eee; } }</style>]]></description>
    <LookAt>
      <longitude>18.711967</longitude>
      <latitude>54.684890</latitude>
      <altitude>0</altitude>
      <heading>0</heading>
      <tilt>0</tilt>
      <range>2500</range>
      <altitudeMode>clampToGround</altitudeMode>
    </LookAt>
    <styleUrl>#station_default</styleUrl>
    <Point>
      <coordinates>18.711967,54.684890,0</coordinates>
    </Point>
  </Placemark>
  <Placemark>
    <name>Kamen City</name>
    <description><![CDATA[<b>Kamen City</b><br/><br/><i>Münsterland-Ruhrgebiet-Express</i> Richtung Winterswijk Bahnhof/City: an xx:02 / ab xx:03 &mdash; Tiefbahnhof unter Bahnhofstraße/Markt<br/><i>Münsterland-Ruhrgebiet-Express</i> Richtung Kamener Kreuz: an xx:43 / ab xx:43 &mdash; Tiefbahnhof unter Bahnhofstraße/Markt<br/><style>@media (prefers-color-scheme: dark) { body { background:#1e1e1e; color:#eee; } }</style>]]></description>
    <LookAt>
      <longitude>7.664906</longitude>
      <latitude>51.591572</latitude>
      <altitude>0</altitude>
      <heading>0</heading>
      <tilt>0</tilt>
      <range>2500</range>
      <altitudeMode>clampToGround</altitudeMode>
    </LookAt>
    <styleUrl>#station_default</styleUrl>
    <Point>
      <coordinates>7.664906,51.591572,0</coordinates>
    </Point>
  </Placemark>
  <Placemark>
    <name>Kamener Kreuz</name>
    <description><![CDATA[<b>Kamener Kreuz</b><br/><br/><i>Münsterland-Ruhrgebiet-Express</i> Richtung Winterswijk Bahnhof/City: ab xx:00 &mdash; Turmbahnhof im Autobahnkreuz A1/A2<br/><i>Münsterland-Ruhrgebiet-Express</i> Endstation: an xx:46 &mdash; Turmbahnhof im Autobahnkreuz A1/A2<br/><style>@media (prefers-color-scheme: dark) { body { background:#1e1e1e; color:#eee; } }</style>]]></description>
    <LookAt>
      <longitude>7.687939</longitude>
      <latitude>51.604301</latitude>
      <altitude>0</altitude>
      <heading>0</heading>
      <tilt>0</tilt>
      <range>2500</range>
      <altitudeMode>clampToGround</altitudeMode>
    </LookAt>
    <styleUrl>#station_default</styleUrl>
    <Point>
      <coordinates>7.687939,51.604301,0</coordinates>
    </Point>
  </Placemark>
  <Placemark>
    <name>Karachi (Port Qasim)</name>
    <description><![CDATA[<b>Karachi (Port Qasim)</b><br/><br/><i>Maglev Magistrale Paris–Singapur</i> Richtung Singapore (Changi Ost): an xx:11 / ab xx:14 &mdash; Hochbahnhof, Riesen-Viaduktkomplex im Port Qasim Logistik-Zentrum<br/><i>Maglev Magistrale Paris–Singapur</i> Richtung Paris (CDG): an xx:04 / ab xx:07 &mdash; Hochbahnhof, Riesen-Viaduktkomplex im Port Qasim Logistik-Zentrum<br/><style>@media (prefers-color-scheme: dark) { body { background:#1e1e1e; color:#eee; } }</style>]]></description>
    <LookAt>
      <longitude>67.333300</longitude>
      <latitude>24.783300</latitude>
      <altitude>0</altitude>
      <heading>0</heading>
      <tilt>0</tilt>
      <range>2500</range>
      <altitudeMode>clampToGround</altitudeMode>
    </LookAt>
    <styleUrl>#station_default</styleUrl>
    <Point>
      <coordinates>67.333300,24.783300,0</coordinates>
    </Point>
  </Placemark>
  <Placemark>
    <name>Kasan (Nord)</name>
    <description><![CDATA[<b>Kasan (Nord)</b><br/><br/><i>Weltachse 1 (Bochum–Vancouver)</i> Richtung Surrey (Vancouver): an xx:29 / ab xx:31 &mdash; Bahnhof nördlich der M7 an der geografischen Luftlinie nach Sibirien<br/><i>Weltachse 1 (Bochum–Vancouver)</i> Richtung Bochum Hbf: an xx:25 / ab xx:27 &mdash; Bahnhof nördlich der M7 an der geografischen Luftlinie nach Sibirien<br/><style>@media (prefers-color-scheme: dark) { body { background:#1e1e1e; color:#eee; } }</style>]]></description>
    <LookAt>
      <longitude>49.122100</longitude>
      <latitude>55.788700</latitude>
      <altitude>0</altitude>
      <heading>0</heading>
      <tilt>0</tilt>
      <range>2500</range>
      <altitudeMode>clampToGround</altitudeMode>
    </LookAt>
    <styleUrl>#station_default</styleUrl>
    <Point>
      <coordinates>49.122100,55.788700,0</coordinates>
    </Point>
  </Placemark>
  <Placemark>
    <name>Kassel (Kreuz Mitte)</name>
    <description><![CDATA[<b>Kassel (Kreuz Mitte)</b><br/><br/><i>Maglev Magistrale Paris–Singapur</i> Richtung Singapore (Changi Ost): an xx:27 / ab xx:29 &mdash; Hochbahnhof am Autobahnkreuz Kassel-Mitte A7/A49<br/><i>Maglev Magistrale Paris–Singapur</i> Richtung Paris (CDG): an xx:49 / ab xx:51 &mdash; Hochbahnhof am Autobahnkreuz Kassel-Mitte A7/A49<br/><style>@media (prefers-color-scheme: dark) { body { background:#1e1e1e; color:#eee; } }</style>]]></description>
    <LookAt>
      <longitude>9.503100</longitude>
      <latitude>51.335800</latitude>
      <altitude>0</altitude>
      <heading>0</heading>
      <tilt>0</tilt>
      <range>2500</range>
      <altitudeMode>clampToGround</altitudeMode>
    </LookAt>
    <styleUrl>#station_default</styleUrl>
    <Point>
      <coordinates>9.503100,51.335800,0</coordinates>
    </Point>
  </Placemark>
  <Placemark>
    <name>København H</name>
    <description><![CDATA[<b>København H</b><br/><br/><i>Maglev Express Oslo–Inverness</i> Richtung Inverness (Longman): an xx:34 / ab xx:37 &mdash; Tiefbahnhof (Megakaverne), dänischer Hauptknoten<br/><i>Maglev Express Oslo–Inverness</i> Richtung Oslo (Alnabru): an xx:00 / ab xx:03 &mdash; Tiefbahnhof (Megakaverne), dänischer Hauptknoten<br/><style>@media (prefers-color-scheme: dark) { body { background:#1e1e1e; color:#eee; } }</style>]]></description>
    <LookAt>
      <longitude>12.564000</longitude>
      <latitude>55.672000</latitude>
      <altitude>0</altitude>
      <heading>0</heading>
      <tilt>0</tilt>
      <range>2500</range>
      <altitudeMode>clampToGround</altitudeMode>
    </LookAt>
    <styleUrl>#station_default</styleUrl>
    <Point>
      <coordinates>12.564000,55.672000,0</coordinates>
    </Point>
  </Placemark>
  <Placemark>
    <name>Koblenz</name>
    <description><![CDATA[<b>Koblenz</b><br/><br/><i>Rhein-Ruhr-Krim-Magistrale (Ruhr-Schwarzmeer)</i> Richtung Sevastopol: an xx:37 / ab xx:39 &mdash; Tiefbahnhof (Felskaverne) zur Unterquerung des Rheins, Tunnelzone strikt 400 km/h<br/><i>Rhein-Ruhr-Krim-Magistrale (Ruhr-Schwarzmeer)</i> Richtung Bochum Hbf: an xx:57 / ab xx:59 &mdash; Tiefbahnhof (Felskaverne) zur Unterquerung des Rheins, Tunnelzone strikt 400 km/h<br/><style>@media (prefers-color-scheme: dark) { body { background:#1e1e1e; color:#eee; } }</style>]]></description>
    <LookAt>
      <longitude>7.588600</longitude>
      <latitude>50.356900</latitude>
      <altitude>0</altitude>
      <heading>0</heading>
      <tilt>0</tilt>
      <range>2500</range>
      <altitudeMode>clampToGround</altitudeMode>
    </LookAt>
    <styleUrl>#station_default</styleUrl>
    <Point>
      <coordinates>7.588600,50.356900,0</coordinates>
    </Point>
  </Placemark>
  <Placemark>
    <name>Kochi (Kalamassery)</name>
    <description><![CDATA[<b>Kochi (Kalamassery)</b><br/><br/><i>Maglev Magistrale Paris–Singapur</i> Richtung Singapore (Changi Ost): an xx:08 / ab xx:10 &mdash; Hochbahnhof, letzter Festlandshub vor der Palkstraßen-Passage<br/><i>Maglev Magistrale Paris–Singapur</i> Richtung Paris (CDG): an xx:08 / ab xx:10 &mdash; Hochbahnhof, letzter Festlandshub vor der Palkstraßen-Passage<br/><style>@media (prefers-color-scheme: dark) { body { background:#1e1e1e; color:#eee; } }</style>]]></description>
    <LookAt>
      <longitude>76.316700</longitude>
      <latitude>10.050000</latitude>
      <altitude>0</altitude>
      <heading>0</heading>
      <tilt>0</tilt>
      <range>2500</range>
      <altitudeMode>clampToGround</altitudeMode>
    </LookAt>
    <styleUrl>#station_default</styleUrl>
    <Point>
      <coordinates>76.316700,10.050000,0</coordinates>
    </Point>
  </Placemark>
  <Placemark>
    <name>Köln</name>
    <description><![CDATA[<b>Köln</b><br/><br/><i>Rhein-Ruhr-Krim-Magistrale (Ruhr-Schwarzmeer)</i> Richtung Sevastopol: an xx:26 / ab xx:28 &mdash; Viaduktband entlang des Autobahnrings A4/A555, Hochbau-Achse max. 420 km/h<br/><i>Rhein-Ruhr-Krim-Magistrale (Ruhr-Schwarzmeer)</i> Richtung Bochum Hbf: an xx:08 / ab xx:10 &mdash; Viaduktband entlang des Autobahnrings A4/A555, Hochbau-Achse max. 420 km/h<br/><style>@media (prefers-color-scheme: dark) { body { background:#1e1e1e; color:#eee; } }</style>]]></description>
    <LookAt>
      <longitude>6.958300</longitude>
      <latitude>50.941300</latitude>
      <altitude>0</altitude>
      <heading>0</heading>
      <tilt>0</tilt>
      <range>2500</range>
      <altitudeMode>clampToGround</altitudeMode>
    </LookAt>
    <styleUrl>#station_default</styleUrl>
    <Point>
      <coordinates>6.958300,50.941300,0</coordinates>
    </Point>
  </Placemark>
  <Placemark>
    <name>Košice</name>
    <description><![CDATA[<b>Košice</b><br/><br/><i>Rhein-Ruhr-Krim-Magistrale (Ruhr-Schwarzmeer)</i> Richtung Sevastopol: an xx:46 / ab xx:48 &mdash; Viaduktanlage am Autobahnkreuz der D1, Mischbau Gebirge max. 450 km/h<br/><i>Rhein-Ruhr-Krim-Magistrale (Ruhr-Schwarzmeer)</i> Richtung Bochum Hbf: an xx:48 / ab xx:50 &mdash; Viaduktanlage am Autobahnkreuz der D1, Mischbau Gebirge max. 450 km/h<br/><style>@media (prefers-color-scheme: dark) { body { background:#1e1e1e; color:#eee; } }</style>]]></description>
    <LookAt>
      <longitude>21.261100</longitude>
      <latitude>48.716400</latitude>
      <altitude>0</altitude>
      <heading>0</heading>
      <tilt>0</tilt>
      <range>2500</range>
      <altitudeMode>clampToGround</altitudeMode>
    </LookAt>
    <styleUrl>#station_default</styleUrl>
    <Point>
      <coordinates>21.261100,48.716400,0</coordinates>
    </Point>
  </Placemark>
  <Placemark>
    <name>Kreuz B70/B67</name>
    <description><![CDATA[<b>Kreuz B70/B67</b><br/><br/><i>Münsterland-Ruhrgebiet-Express</i> Richtung Winterswijk Bahnhof/City: an xx:28 / ab xx:29 &mdash; Hochbahnhof im Autobahnkreuz-Kleeblatt<br/><i>Münsterland-Ruhrgebiet-Express</i> Richtung Kamener Kreuz: an xx:17 / ab xx:18 &mdash; Hochbahnhof im Autobahnkreuz-Kleeblatt<br/><style>@media (prefers-color-scheme: dark) { body { background:#1e1e1e; color:#eee; } }</style>]]></description>
    <LookAt>
      <longitude>6.768000</longitude>
      <latitude>51.798000</latitude>
      <altitude>0</altitude>
      <heading>0</heading>
      <tilt>0</tilt>
      <range>2500</range>
      <altitudeMode>clampToGround</altitudeMode>
    </LookAt>
    <styleUrl>#station_default</styleUrl>
    <Point>
      <coordinates>6.768000,51.798000,0</coordinates>
    </Point>
  </Placemark>
  <Placemark>
    <name>Kreuz Dortmund West</name>
    <description><![CDATA[<b>Kreuz Dortmund West</b><br/><br/><i>Münsterland-Ruhrgebiet-Express</i> Richtung Winterswijk Bahnhof/City: an xx:24 / ab xx:25 &mdash; Turmbahnhof über dem Autobahnkreuz A40/A45<br/><i>Münsterland-Ruhrgebiet-Express</i> Richtung Kamener Kreuz: an xx:20 / ab xx:21 &mdash; Turmbahnhof über dem Autobahnkreuz A40/A45<br/><style>@media (prefers-color-scheme: dark) { body { background:#1e1e1e; color:#eee; } }</style>]]></description>
    <LookAt>
      <longitude>7.405000</longitude>
      <latitude>51.495600</latitude>
      <altitude>0</altitude>
      <heading>0</heading>
      <tilt>0</tilt>
      <range>2500</range>
      <altitudeMode>clampToGround</altitudeMode>
    </LookAt>
    <styleUrl>#station_default</styleUrl>
    <Point>
      <coordinates>7.405000,51.495600,0</coordinates>
    </Point>
  </Placemark>
  <Placemark>
    <name>Kristiansand</name>
    <description><![CDATA[<b>Kristiansand</b><br/><br/><i>Maglev Regio Lille–Bergen</i> Richtung Bergen: an xx:00 / ab xx:02 &mdash; Felskaverne hinter dem norwegischen Tunnelportal<br/><i>Maglev Regio Lille–Bergen</i> Richtung Lille (Turmbahnhof): an xx:01 / ab xx:03 &mdash; Felskaverne hinter dem norwegischen Tunnelportal<br/><style>@media (prefers-color-scheme: dark) { body { background:#1e1e1e; color:#eee; } }</style>]]></description>
    <LookAt>
      <longitude>8.000000</longitude>
      <latitude>58.146700</latitude>
      <altitude>0</altitude>
      <heading>0</heading>
      <tilt>0</tilt>
      <range>2500</range>
      <altitudeMode>clampToGround</altitudeMode>
    </LookAt>
    <styleUrl>#station_default</styleUrl>
    <Point>
      <coordinates>8.000000,58.146700,0</coordinates>
    </Point>
  </Placemark>
  <Placemark>
    <name>Kuala Lumpur (KLIA City)</name>
    <description><![CDATA[<b>Kuala Lumpur (KLIA City)</b><br/><br/><i>Maglev Magistrale Paris–Singapur</i> Richtung Singapore (Changi Ost): an xx:39 / ab xx:41 &mdash; Hochbahnhof, Sky-Viadukt in der peripheren KLIA Transit-City<br/><i>Maglev Magistrale Paris–Singapur</i> Richtung Paris (CDG): an xx:37 / ab xx:39 &mdash; Hochbahnhof, Sky-Viadukt in der peripheren KLIA Transit-City<br/><style>@media (prefers-color-scheme: dark) { body { background:#1e1e1e; color:#eee; } }</style>]]></description>
    <LookAt>
      <longitude>101.709900</longitude>
      <latitude>2.745600</latitude>
      <altitude>0</altitude>
      <heading>0</heading>
      <tilt>0</tilt>
      <range>2500</range>
      <altitudeMode>clampToGround</altitudeMode>
    </LookAt>
    <styleUrl>#station_default</styleUrl>
    <Point>
      <coordinates>101.709900,2.745600,0</coordinates>
    </Point>
  </Placemark>
  <Placemark>
    <name>Kuźnica</name>
    <description><![CDATA[<b>Kuźnica</b><br/><br/><i>Brandenburg Hbf–Hel</i> Richtung Hel: an xx:51 / ab xx:52 &mdash; Halt unkritisch<br/><i>Brandenburg Hbf–Hel</i> Richtung Brandenburg Hbf: an xx:21 / ab xx:22 &mdash; Halt unkritisch<br/><style>@media (prefers-color-scheme: dark) { body { background:#1e1e1e; color:#eee; } }</style>]]></description>
    <LookAt>
      <longitude>18.575355</longitude>
      <latitude>54.736532</latitude>
      <altitude>0</altitude>
      <heading>0</heading>
      <tilt>0</tilt>
      <range>2500</range>
      <altitudeMode>clampToGround</altitudeMode>
    </LookAt>
    <styleUrl>#station_default</styleUrl>
    <Point>
      <coordinates>18.575355,54.736532,0</coordinates>
    </Point>
  </Placemark>
  <Placemark>
    <name>Kyiv</name>
    <description><![CDATA[<b>Kyiv</b><br/><br/><i>Arktis-Afrika-Magistrale</i> Richtung Casablanca: an xx:25 / ab xx:29 &mdash; Hochbahnhof am westlichen Ringstraßen-Knoten E40<br/><i>Arktis-Afrika-Magistrale</i> Richtung Nordkapp: an xx:23 / ab xx:27 &mdash; Hochbahnhof am westlichen Ringstraßen-Knoten E40<br/><style>@media (prefers-color-scheme: dark) { body { background:#1e1e1e; color:#eee; } }</style>]]></description>
    <LookAt>
      <longitude>30.523400</longitude>
      <latitude>50.450100</latitude>
      <altitude>0</altitude>
      <heading>0</heading>
      <tilt>0</tilt>
      <range>2500</range>
      <altitudeMode>clampToGround</altitudeMode>
    </LookAt>
    <styleUrl>#station_default</styleUrl>
    <Point>
      <coordinates>30.523400,50.450100,0</coordinates>
    </Point>
  </Placemark>
  <Placemark>
    <name>Kyiv (Boryspil)</name>
    <description><![CDATA[<b>Kyiv (Boryspil)</b><br/><br/><i>Weltachse 1 (Bochum–Vancouver)</i> Richtung Surrey (Vancouver): an xx:28 / ab xx:32 &mdash; Monumentaler Turmbahnhof im Autobahnkeil der E40<br/><i>Weltachse 1 (Bochum–Vancouver)</i> Richtung Bochum Hbf: an xx:24 / ab xx:28 &mdash; Monumentaler Turmbahnhof im Autobahnkeil der E40<br/><style>@media (prefers-color-scheme: dark) { body { background:#1e1e1e; color:#eee; } }</style>]]></description>
    <LookAt>
      <longitude>30.894700</longitude>
      <latitude>50.345000</latitude>
      <altitude>0</altitude>
      <heading>0</heading>
      <tilt>0</tilt>
      <range>2500</range>
      <altitudeMode>clampToGround</altitudeMode>
    </LookAt>
    <styleUrl>#station_default</styleUrl>
    <Point>
      <coordinates>30.894700,50.345000,0</coordinates>
    </Point>
  </Placemark>
  <Placemark>
    <name>Kyiv</name>
    <description><![CDATA[<b>Kyiv</b><br/><br/><i>Rhein-Ruhr-Krim-Magistrale (Ruhr-Schwarzmeer)</i> Richtung Sevastopol: an xx:11 / ab xx:14 &mdash; Turmbahnhof (Misch-Ebenen) an der westlichen Ringstraße E40, Weitstrecken-Hochbau 600 km/h<br/><i>Rhein-Ruhr-Krim-Magistrale (Ruhr-Schwarzmeer)</i> Richtung Bochum Hbf: an xx:22 / ab xx:25 &mdash; Turmbahnhof (Misch-Ebenen) an der westlichen Ringstraße E40, Weitstrecken-Hochbau 600 km/h<br/><style>@media (prefers-color-scheme: dark) { body { background:#1e1e1e; color:#eee; } }</style>]]></description>
    <LookAt>
      <longitude>30.523400</longitude>
      <latitude>50.450100</latitude>
      <altitude>0</altitude>
      <heading>0</heading>
      <tilt>0</tilt>
      <range>2500</range>
      <altitudeMode>clampToGround</altitudeMode>
    </LookAt>
    <styleUrl>#station_default</styleUrl>
    <Point>
      <coordinates>30.523400,50.450100,0</coordinates>
    </Point>
  </Placemark>
  <Placemark>
    <name>Langeoog</name>
    <description><![CDATA[<b>Langeoog</b><br/><br/><i>Maglev Regio Lille–Bergen</i> Richtung Bergen: an xx:06 / ab xx:07 &mdash; Sandbett-Kaverne (3 Gleise)<br/><i>Maglev Regio Lille–Bergen</i> Richtung Lille (Turmbahnhof): an xx:56 / ab xx:57 &mdash; Sandbett-Kaverne (3 Gleise)<br/><style>@media (prefers-color-scheme: dark) { body { background:#1e1e1e; color:#eee; } }</style>]]></description>
    <LookAt>
      <longitude>7.502700</longitude>
      <latitude>53.730700</latitude>
      <altitude>0</altitude>
      <heading>0</heading>
      <tilt>0</tilt>
      <range>2500</range>
      <altitudeMode>clampToGround</altitudeMode>
    </LookAt>
    <styleUrl>#station_default</styleUrl>
    <Point>
      <coordinates>7.502700,53.730700,0</coordinates>
    </Point>
  </Placemark>
  <Placemark>
    <name>Las Vegas-South Gateway</name>
    <description><![CDATA[<b>Las Vegas-South Gateway</b><br/><br/><i>Northern Horizon Arc (NHA)</i> Richtung Boston-West Route 128: an xx:04 / ab xx:08 &mdash; Turmbahnhof südlich des Strips am Autobahnkreuz I-15/CC-215<br/><i>Northern Horizon Arc (NHA)</i> Richtung Surrey (Vancouver): an xx:08 / ab xx:12 &mdash; Turmbahnhof südlich des Strips am Autobahnkreuz I-15/CC-215<br/><i>PNW-MAE (Pacific Northwest &amp; Mid-Atlantic Express)</i> Richtung New York City Penn Deep: an xx:04 / ab xx:08 &mdash; Turmbahnhof südlich des Strips am Autobahnkreuz I-15/CC-215<br/><i>PNW-MAE (Pacific Northwest &amp; Mid-Atlantic Express)</i> Richtung Surrey (Vancouver): an xx:38 / ab xx:42 &mdash; Turmbahnhof südlich des Strips am Autobahnkreuz I-15/CC-215<br/><style>@media (prefers-color-scheme: dark) { body { background:#1e1e1e; color:#eee; } }</style>]]></description>
    <LookAt>
      <longitude>-115.155000</longitude>
      <latitude>36.039700</latitude>
      <altitude>0</altitude>
      <heading>0</heading>
      <tilt>0</tilt>
      <range>2500</range>
      <altitudeMode>clampToGround</altitudeMode>
    </LookAt>
    <styleUrl>#station_default</styleUrl>
    <Point>
      <coordinates>-115.155000,36.039700,0</coordinates>
    </Point>
  </Placemark>
  <Placemark>
    <name>Leipzig (Schkeuditz)</name>
    <description><![CDATA[<b>Leipzig (Schkeuditz)</b><br/><br/><i>Maglev Magistrale Paris–Singapur</i> Richtung Singapore (Changi Ost): an xx:52 / ab xx:54 &mdash; Hochbahnhof nahe dem Schkeuditzer Kreuz A9/A14<br/><i>Maglev Magistrale Paris–Singapur</i> Richtung Paris (CDG): an xx:24 / ab xx:26 &mdash; Hochbahnhof nahe dem Schkeuditzer Kreuz A9/A14<br/><style>@media (prefers-color-scheme: dark) { body { background:#1e1e1e; color:#eee; } }</style>]]></description>
    <LookAt>
      <longitude>12.230600</longitude>
      <latitude>51.384100</latitude>
      <altitude>0</altitude>
      <heading>0</heading>
      <tilt>0</tilt>
      <range>2500</range>
      <altitudeMode>clampToGround</altitudeMode>
    </LookAt>
    <styleUrl>#station_default</styleUrl>
    <Point>
      <coordinates>12.230600,51.384100,0</coordinates>
    </Point>
  </Placemark>
  <Placemark>
    <name>Lille (Turmbahnhof)</name>
    <description><![CDATA[<b>Lille (Turmbahnhof)</b><br/><br/><i>Maglev Regio Lille–Bergen</i> Richtung Bergen: ab xx:00 &mdash; Mehrebenen-Turmbahnhof, kontinentaler Mega-Hub<br/><i>Maglev Regio Lille–Bergen</i> Endstation: an xx:03 &mdash; Mehrebenen-Turmbahnhof, kontinentaler Mega-Hub<br/><style>@media (prefers-color-scheme: dark) { body { background:#1e1e1e; color:#eee; } }</style>]]></description>
    <LookAt>
      <longitude>3.057300</longitude>
      <latitude>50.629200</latitude>
      <altitude>0</altitude>
      <heading>0</heading>
      <tilt>0</tilt>
      <range>2500</range>
      <altitudeMode>clampToGround</altitudeMode>
    </LookAt>
    <styleUrl>#station_default</styleUrl>
    <Point>
      <coordinates>3.057300,50.629200,0</coordinates>
    </Point>
  </Placemark>
  <Placemark>
    <name>Linden Mitte</name>
    <description><![CDATA[<b>Linden Mitte</b><br/><br/><i>Wuppertal-Bochum-Castrop-Express</i> Richtung Castrop-Rauxel Münsterplatz: an xx:34 / ab xx:35 &mdash; Tiefbahnhof unter Hattinger Straße/Lindener Straße<br/><i>Wuppertal-Bochum-Castrop-Express</i> Richtung High Speed Hub Wuppertal Nord: an xx:27 / ab xx:28 &mdash; Tiefbahnhof unter Hattinger Straße/Lindener Straße<br/><style>@media (prefers-color-scheme: dark) { body { background:#1e1e1e; color:#eee; } }</style>]]></description>
    <LookAt>
      <longitude>7.160780</longitude>
      <latitude>51.425920</latitude>
      <altitude>0</altitude>
      <heading>0</heading>
      <tilt>0</tilt>
      <range>2500</range>
      <altitudeMode>clampToGround</altitudeMode>
    </LookAt>
    <styleUrl>#station_default</styleUrl>
    <Point>
      <coordinates>7.160780,51.425920,0</coordinates>
    </Point>
  </Placemark>
  <Placemark>
    <name>Linz</name>
    <description><![CDATA[<b>Linz</b><br/><br/><i>Rhein-Ruhr-Krim-Magistrale (Ruhr-Schwarzmeer)</i> Richtung Sevastopol: an xx:23 / ab xx:25 &mdash; Stahl-Tragwerk im Industriehafen-Areal nahe der A7, freie Highspeed-Strecke 600 km/h<br/><i>Rhein-Ruhr-Krim-Magistrale (Ruhr-Schwarzmeer)</i> Richtung Bochum Hbf: an xx:11 / ab xx:13 &mdash; Stahl-Tragwerk im Industriehafen-Areal nahe der A7, freie Highspeed-Strecke 600 km/h<br/><style>@media (prefers-color-scheme: dark) { body { background:#1e1e1e; color:#eee; } }</style>]]></description>
    <LookAt>
      <longitude>14.293800</longitude>
      <latitude>48.290000</latitude>
      <altitude>0</altitude>
      <heading>0</heading>
      <tilt>0</tilt>
      <range>2500</range>
      <altitudeMode>clampToGround</altitudeMode>
    </LookAt>
    <styleUrl>#station_default</styleUrl>
    <Point>
      <coordinates>14.293800,48.290000,0</coordinates>
    </Point>
  </Placemark>
  <Placemark>
    <name>List (Sylt)</name>
    <description><![CDATA[<b>List (Sylt)</b><br/><br/><i>Maglev Regio Lille–Bergen</i> Richtung Bergen: an xx:02 / ab xx:03 &mdash; Nordportal des Sylter Basistunnels (3 Gleise)<br/><i>Maglev Regio Lille–Bergen</i> Richtung Lille (Turmbahnhof): an xx:00 / ab xx:01 &mdash; Nordportal des Sylter Basistunnels (3 Gleise)<br/><style>@media (prefers-color-scheme: dark) { body { background:#1e1e1e; color:#eee; } }</style>]]></description>
    <LookAt>
      <longitude>8.433900</longitude>
      <latitude>55.014200</latitude>
      <altitude>0</altitude>
      <heading>0</heading>
      <tilt>0</tilt>
      <range>2500</range>
      <altitudeMode>clampToGround</altitudeMode>
    </LookAt>
    <styleUrl>#station_default</styleUrl>
    <Point>
      <coordinates>8.433900,55.014200,0</coordinates>
    </Point>
  </Placemark>
  <Placemark>
    <name>Łódź (Północ)</name>
    <description><![CDATA[<b>Łódź (Północ)</b><br/><br/><i>Weltachse 1 (Bochum–Vancouver)</i> Richtung Surrey (Vancouver): an xx:48 / ab xx:50 &mdash; Kombinierter Bahnhof am Knoten Stryków (A1/A2)<br/><i>Weltachse 1 (Bochum–Vancouver)</i> Richtung Bochum Hbf: an xx:06 / ab xx:08 &mdash; Kombinierter Bahnhof am Knoten Stryków (A1/A2)<br/><style>@media (prefers-color-scheme: dark) { body { background:#1e1e1e; color:#eee; } }</style>]]></description>
    <LookAt>
      <longitude>19.450000</longitude>
      <latitude>51.850000</latitude>
      <altitude>0</altitude>
      <heading>0</heading>
      <tilt>0</tilt>
      <range>2500</range>
      <altitudeMode>clampToGround</altitudeMode>
    </LookAt>
    <styleUrl>#station_default</styleUrl>
    <Point>
      <coordinates>19.450000,51.850000,0</coordinates>
    </Point>
  </Placemark>
  <Placemark>
    <name>London (Stratford Int.)</name>
    <description><![CDATA[<b>London (Stratford Int.)</b><br/><br/><i>Maglev Express Oslo–Inverness</i> Richtung Inverness (Longman): an xx:38 / ab xx:41 &mdash; Tiefbahnhof (Mehrebenen-Station), britischer Hauptknoten<br/><i>Maglev Express Oslo–Inverness</i> Richtung Oslo (Alnabru): an xx:56 / ab xx:59 &mdash; Tiefbahnhof (Mehrebenen-Station), britischer Hauptknoten<br/><style>@media (prefers-color-scheme: dark) { body { background:#1e1e1e; color:#eee; } }</style>]]></description>
    <LookAt>
      <longitude>-0.015000</longitude>
      <latitude>51.545000</latitude>
      <altitude>0</altitude>
      <heading>0</heading>
      <tilt>0</tilt>
      <range>2500</range>
      <altitudeMode>clampToGround</altitudeMode>
    </LookAt>
    <styleUrl>#station_default</styleUrl>
    <Point>
      <coordinates>-0.015000,51.545000,0</coordinates>
    </Point>
  </Placemark>
  <Placemark>
    <name>Los Angeles-Sylmar Hub</name>
    <description><![CDATA[<b>Los Angeles-Sylmar Hub</b><br/><br/><i>PCMS – Pacific Crest &amp; Mesoamerica Spine</i> Richtung Mexico City-Huehuetoca Hub: an xx:39 / ab xx:43 &mdash; Nördliches Einfallstor zum LA-Becken am Kreuz I-5/I-210, dahinter Tiefkaverne Ebene -4<br/><i>PCMS – Pacific Crest &amp; Mesoamerica Spine</i> Richtung Surrey (Vancouver): an xx:40 / ab xx:44 &mdash; Nördliches Einfallstor zum LA-Becken am Kreuz I-5/I-210, dahinter Tiefkaverne Ebene -4<br/><style>@media (prefers-color-scheme: dark) { body { background:#1e1e1e; color:#eee; } }</style>]]></description>
    <LookAt>
      <longitude>-118.442900</longitude>
      <latitude>34.312100</latitude>
      <altitude>0</altitude>
      <heading>0</heading>
      <tilt>0</tilt>
      <range>2500</range>
      <altitudeMode>clampToGround</altitudeMode>
    </LookAt>
    <styleUrl>#station_default</styleUrl>
    <Point>
      <coordinates>-118.442900,34.312100,0</coordinates>
    </Point>
  </Placemark>
  <Placemark>
    <name>Lviv</name>
    <description><![CDATA[<b>Lviv</b><br/><br/><i>Rhein-Ruhr-Krim-Magistrale (Ruhr-Schwarzmeer)</i> Richtung Sevastopol: an xx:20 / ab xx:22 &mdash; Tiefbahnhof am Autobahnring M10, erster ukrainischer Großknoten, Zeitzonensprung +1h, Tunnelzone strikt 400 km/h<br/><i>Rhein-Ruhr-Krim-Magistrale (Ruhr-Schwarzmeer)</i> Richtung Bochum Hbf: an xx:14 / ab xx:16 &mdash; Tiefbahnhof am Autobahnring M10, erster ukrainischer Großknoten, Zeitzonensprung +1h, Tunnelzone strikt 400 km/h<br/><style>@media (prefers-color-scheme: dark) { body { background:#1e1e1e; color:#eee; } }</style>]]></description>
    <LookAt>
      <longitude>24.029700</longitude>
      <latitude>49.839700</latitude>
      <altitude>0</altitude>
      <heading>0</heading>
      <tilt>0</tilt>
      <range>2500</range>
      <altitudeMode>clampToGround</altitudeMode>
    </LookAt>
    <styleUrl>#station_default</styleUrl>
    <Point>
      <coordinates>24.029700,49.839700,0</coordinates>
    </Point>
  </Placemark>
  <Placemark>
    <name>Märkische Straße</name>
    <description><![CDATA[<b>Märkische Straße</b><br/><br/><i>Münsterland-Ruhrgebiet-Express</i> Richtung Winterswijk Bahnhof/City: an xx:17 / ab xx:18 &mdash; Tiefbahnhof unter der B1, Umstieg U-Bahn<br/><i>Münsterland-Ruhrgebiet-Express</i> Richtung Kamener Kreuz: an xx:28 / ab xx:28 &mdash; Tiefbahnhof unter der B1, Umstieg U-Bahn<br/><style>@media (prefers-color-scheme: dark) { body { background:#1e1e1e; color:#eee; } }</style>]]></description>
    <LookAt>
      <longitude>7.482590</longitude>
      <latitude>51.500496</latitude>
      <altitude>0</altitude>
      <heading>0</heading>
      <tilt>0</tilt>
      <range>2500</range>
      <altitudeMode>clampToGround</altitudeMode>
    </LookAt>
    <styleUrl>#station_default</styleUrl>
    <Point>
      <coordinates>7.482590,51.500496,0</coordinates>
    </Point>
  </Placemark>
  <Placemark>
    <name>Mandal</name>
    <description><![CDATA[<b>Mandal</b><br/><br/><i>Maglev Regio Lille–Bergen</i> Richtung Bergen: an xx:09 / ab xx:10 &mdash; Granit-Basistunnel Südnorwegens<br/><i>Maglev Regio Lille–Bergen</i> Richtung Lille (Turmbahnhof): an xx:53 / ab xx:54 &mdash; Granit-Basistunnel Südnorwegens<br/><style>@media (prefers-color-scheme: dark) { body { background:#1e1e1e; color:#eee; } }</style>]]></description>
    <LookAt>
      <longitude>7.450800</longitude>
      <latitude>58.029400</latitude>
      <altitude>0</altitude>
      <heading>0</heading>
      <tilt>0</tilt>
      <range>2500</range>
      <altitudeMode>clampToGround</altitudeMode>
    </LookAt>
    <styleUrl>#station_default</styleUrl>
    <Point>
      <coordinates>7.450800,58.029400,0</coordinates>
    </Point>
  </Placemark>
  <Placemark>
    <name>Mannheim</name>
    <description><![CDATA[<b>Mannheim</b><br/><br/><i>Rhein-Ruhr-Krim-Magistrale (Ruhr-Schwarzmeer)</i> Richtung Sevastopol: an xx:01 / ab xx:03 &mdash; Hochbahn-Ebene über dem Rangierbahnhof im Korridor der A6, freie Highspeed-Strecke 600 km/h<br/><i>Rhein-Ruhr-Krim-Magistrale (Ruhr-Schwarzmeer)</i> Richtung Bochum Hbf: an xx:33 / ab xx:35 &mdash; Hochbahn-Ebene über dem Rangierbahnhof im Korridor der A6, freie Highspeed-Strecke 600 km/h<br/><style>@media (prefers-color-scheme: dark) { body { background:#1e1e1e; color:#eee; } }</style>]]></description>
    <LookAt>
      <longitude>8.469200</longitude>
      <latitude>49.479600</latitude>
      <altitude>0</altitude>
      <heading>0</heading>
      <tilt>0</tilt>
      <range>2500</range>
      <altitudeMode>clampToGround</altitudeMode>
    </LookAt>
    <styleUrl>#station_default</styleUrl>
    <Point>
      <coordinates>8.469200,49.479600,0</coordinates>
    </Point>
  </Placemark>
  <Placemark>
    <name>Marler Straße/L608</name>
    <description><![CDATA[<b>Marler Straße/L608</b><br/><br/><i>Münsterland-Ruhrgebiet-Express</i> Richtung Winterswijk Bahnhof/City: an xx:08 / ab xx:09 &mdash; Hochbahnhof über L608/Feldhausener Straße<br/><i>Münsterland-Ruhrgebiet-Express</i> Richtung Kamener Kreuz: an xx:36 / ab xx:37 &mdash; Hochbahnhof über L608/Feldhausener Straße<br/><style>@media (prefers-color-scheme: dark) { body { background:#1e1e1e; color:#eee; } }</style>]]></description>
    <LookAt>
      <longitude>7.060809</longitude>
      <latitude>51.592905</latitude>
      <altitude>0</altitude>
      <heading>0</heading>
      <tilt>0</tilt>
      <range>2500</range>
      <altitudeMode>clampToGround</altitudeMode>
    </LookAt>
    <styleUrl>#station_default</styleUrl>
    <Point>
      <coordinates>7.060809,51.592905,0</coordinates>
    </Point>
  </Placemark>
  <Placemark>
    <name>Medan (Kualanamu)</name>
    <description><![CDATA[<b>Medan (Kualanamu)</b><br/><br/><i>Maglev Magistrale Paris–Singapur</i> Richtung Singapore (Changi Ost): an xx:44 / ab xx:46 &mdash; Tiefbahnhof, Untersee-Anschlusskaverne an der Peripherie des Flughafens Kualanamu<br/><i>Maglev Magistrale Paris–Singapur</i> Richtung Paris (CDG): an xx:32 / ab xx:34 &mdash; Tiefbahnhof, Untersee-Anschlusskaverne an der Peripherie des Flughafens Kualanamu<br/><style>@media (prefers-color-scheme: dark) { body { background:#1e1e1e; color:#eee; } }</style>]]></description>
    <LookAt>
      <longitude>98.885300</longitude>
      <latitude>3.642200</latitude>
      <altitude>0</altitude>
      <heading>0</heading>
      <tilt>0</tilt>
      <range>2500</range>
      <altitudeMode>clampToGround</altitudeMode>
    </LookAt>
    <styleUrl>#station_default</styleUrl>
    <Point>
      <coordinates>98.885300,3.642200,0</coordinates>
    </Point>
  </Placemark>
  <Placemark>
    <name>Mexico City-Huehuetoca Hub</name>
    <description><![CDATA[<b>Mexico City-Huehuetoca Hub</b><br/><br/><i>PCMS – Pacific Crest &amp; Mesoamerica Spine</i> Endstation: an xx:23 &mdash; Finaler Endpunkt am Riesenkreuz Autobahn 57D/Circuito Exterior Mexiquense<br/><i>PCMS – Pacific Crest &amp; Mesoamerica Spine</i> Richtung Surrey (Vancouver): ab xx:00 &mdash; Finaler Endpunkt am Riesenkreuz Autobahn 57D/Circuito Exterior Mexiquense<br/><style>@media (prefers-color-scheme: dark) { body { background:#1e1e1e; color:#eee; } }</style>]]></description>
    <LookAt>
      <longitude>-99.211900</longitude>
      <latitude>19.844700</latitude>
      <altitude>0</altitude>
      <heading>0</heading>
      <tilt>0</tilt>
      <range>2500</range>
      <altitudeMode>clampToGround</altitudeMode>
    </LookAt>
    <styleUrl>#station_default</styleUrl>
    <Point>
      <coordinates>-99.211900,19.844700,0</coordinates>
    </Point>
  </Placemark>
  <Placemark>
    <name>Milwaukee-Oak Creek Hub</name>
    <description><![CDATA[<b>Milwaukee-Oak Creek Hub</b><br/><br/><i>NCAMS Express (Northern Continental &amp; Atlantic Maritime Spine)</i> Richtung Halifax-Dartmouth Terminus: an xx:27 / ab xx:30 &mdash; Südliche Peripherie am Kreuz I-94/I-41<br/><i>NCAMS Express (Northern Continental &amp; Atlantic Maritime Spine)</i> Richtung Surrey (Vancouver): an xx:45 / ab xx:48 &mdash; Südliche Peripherie am Kreuz I-94/I-41<br/><style>@media (prefers-color-scheme: dark) { body { background:#1e1e1e; color:#eee; } }</style>]]></description>
    <LookAt>
      <longitude>-87.884800</longitude>
      <latitude>42.885800</latitude>
      <altitude>0</altitude>
      <heading>0</heading>
      <tilt>0</tilt>
      <range>2500</range>
      <altitudeMode>clampToGround</altitudeMode>
    </LookAt>
    <styleUrl>#station_default</styleUrl>
    <Point>
      <coordinates>-87.884800,42.885800,0</coordinates>
    </Point>
  </Placemark>
  <Placemark>
    <name>Minneapolis-Maple Grove Hub</name>
    <description><![CDATA[<b>Minneapolis-Maple Grove Hub</b><br/><br/><i>NCAMS Express (Northern Continental &amp; Atlantic Maritime Spine)</i> Richtung Halifax-Dartmouth Terminus: an xx:32 / ab xx:35 &mdash; Nordwestlicher Autobahnring am Riesenkreuz I-94/I-494/I-694<br/><i>NCAMS Express (Northern Continental &amp; Atlantic Maritime Spine)</i> Richtung Surrey (Vancouver): an xx:40 / ab xx:43 &mdash; Nordwestlicher Autobahnring am Riesenkreuz I-94/I-494/I-694<br/><style>@media (prefers-color-scheme: dark) { body { background:#1e1e1e; color:#eee; } }</style>]]></description>
    <LookAt>
      <longitude>-93.456000</longitude>
      <latitude>45.094100</latitude>
      <altitude>0</altitude>
      <heading>0</heading>
      <tilt>0</tilt>
      <range>2500</range>
      <altitudeMode>clampToGround</altitudeMode>
    </LookAt>
    <styleUrl>#station_default</styleUrl>
    <Point>
      <coordinates>-93.456000,45.094100,0</coordinates>
    </Point>
  </Placemark>
  <Placemark>
    <name>Moncton-Maritime Hub</name>
    <description><![CDATA[<b>Moncton-Maritime Hub</b><br/><br/><i>NCAMS Express (Northern Continental &amp; Atlantic Maritime Spine)</i> Richtung Halifax-Dartmouth Terminus: an xx:44 / ab xx:47 &mdash; Logistischer Trichter der Seeprovinzen am Riesenkreuz Route 2/Route 15<br/><i>NCAMS Express (Northern Continental &amp; Atlantic Maritime Spine)</i> Richtung Surrey (Vancouver): an xx:28 / ab xx:31 &mdash; Logistischer Trichter der Seeprovinzen am Riesenkreuz Route 2/Route 15<br/><style>@media (prefers-color-scheme: dark) { body { background:#1e1e1e; color:#eee; } }</style>]]></description>
    <LookAt>
      <longitude>-64.778200</longitude>
      <latitude>46.087800</latitude>
      <altitude>0</altitude>
      <heading>0</heading>
      <tilt>0</tilt>
      <range>2500</range>
      <altitudeMode>clampToGround</altitudeMode>
    </LookAt>
    <styleUrl>#station_default</styleUrl>
    <Point>
      <coordinates>-64.778200,46.087800,0</coordinates>
    </Point>
  </Placemark>
  <Placemark>
    <name>Moskau</name>
    <description><![CDATA[<b>Moskau</b><br/><br/><i>Arktis-Afrika-Magistrale</i> Richtung Casablanca: an xx:53 / ab xx:58 &mdash; Tiefbahnhof, Megakaverne an der westlichen Peripherie am MKAD-Ring<br/><i>Arktis-Afrika-Magistrale</i> Richtung Nordkapp: an xx:54 / ab xx:59 &mdash; Tiefbahnhof, Megakaverne an der westlichen Peripherie am MKAD-Ring<br/><style>@media (prefers-color-scheme: dark) { body { background:#1e1e1e; color:#eee; } }</style>]]></description>
    <LookAt>
      <longitude>37.617300</longitude>
      <latitude>55.755800</latitude>
      <altitude>0</altitude>
      <heading>0</heading>
      <tilt>0</tilt>
      <range>2500</range>
      <altitudeMode>clampToGround</altitudeMode>
    </LookAt>
    <styleUrl>#station_default</styleUrl>
    <Point>
      <coordinates>37.617300,55.755800,0</coordinates>
    </Point>
  </Placemark>
  <Placemark>
    <name>Mrzezino</name>
    <description><![CDATA[<b>Mrzezino</b><br/><br/><i>Brandenburg Hbf–Hel</i> Richtung Hel: an xx:09 / ab xx:10 &mdash; Halt unkritisch<br/><i>Brandenburg Hbf–Hel</i> Richtung Brandenburg Hbf: an xx:03 / ab xx:04 &mdash; Halt unkritisch<br/><style>@media (prefers-color-scheme: dark) { body { background:#1e1e1e; color:#eee; } }</style>]]></description>
    <LookAt>
      <longitude>18.412987</longitude>
      <latitude>54.652664</latitude>
      <altitude>0</altitude>
      <heading>0</heading>
      <tilt>0</tilt>
      <range>2500</range>
      <altitudeMode>clampToGround</altitudeMode>
    </LookAt>
    <styleUrl>#station_default</styleUrl>
    <Point>
      <coordinates>18.412987,54.652664,0</coordinates>
    </Point>
  </Placemark>
  <Placemark>
    <name>München</name>
    <description><![CDATA[<b>München</b><br/><br/><i>Rhein-Ruhr-Krim-Magistrale (Ruhr-Schwarzmeer)</i> Richtung Sevastopol: an xx:46 / ab xx:49 &mdash; Untergrundkaverne im östlichen Messebereich am Autobahnring A99, Tunnelzone strikt 400 km/h<br/><i>Rhein-Ruhr-Krim-Magistrale (Ruhr-Schwarzmeer)</i> Richtung Bochum Hbf: an xx:47 / ab xx:50 &mdash; Untergrundkaverne im östlichen Messebereich am Autobahnring A99, Tunnelzone strikt 400 km/h<br/><style>@media (prefers-color-scheme: dark) { body { background:#1e1e1e; color:#eee; } }</style>]]></description>
    <LookAt>
      <longitude>11.558100</longitude>
      <latitude>48.140200</latitude>
      <altitude>0</altitude>
      <heading>0</heading>
      <tilt>0</tilt>
      <range>2500</range>
      <altitudeMode>clampToGround</altitudeMode>
    </LookAt>
    <styleUrl>#station_default</styleUrl>
    <Point>
      <coordinates>11.558100,48.140200,0</coordinates>
    </Point>
  </Placemark>
  <Placemark>
    <name>Münster (Turmbahnhof)</name>
    <description><![CDATA[<b>Münster (Turmbahnhof)</b><br/><br/><i>Maglev Express Oslo–Inverness</i> Richtung Inverness (Longman): an xx:24 / ab xx:26 &mdash; Turmbahnhof im Innenstadt-Standort<br/><i>Maglev Express Oslo–Inverness</i> Richtung Oslo (Alnabru): an xx:11 / ab xx:13 &mdash; Turmbahnhof im Innenstadt-Standort<br/><style>@media (prefers-color-scheme: dark) { body { background:#1e1e1e; color:#eee; } }</style>]]></description>
    <LookAt>
      <longitude>7.640000</longitude>
      <latitude>51.950000</latitude>
      <altitude>0</altitude>
      <heading>0</heading>
      <tilt>0</tilt>
      <range>2500</range>
      <altitudeMode>clampToGround</altitudeMode>
    </LookAt>
    <styleUrl>#station_default</styleUrl>
    <Point>
      <coordinates>7.640000,51.950000,0</coordinates>
    </Point>
  </Placemark>
  <Placemark>
    <name>Mumbai (Navi Mumbai)</name>
    <description><![CDATA[<b>Mumbai (Navi Mumbai)</b><br/><br/><i>Maglev Magistrale Paris–Singapur</i> Richtung Singapore (Changi Ost): an xx:14 / ab xx:18 &mdash; Tiefbahnhof, Mehrstöckiger Kavernenkomplex unter dem Navi Mumbai Megaport<br/><i>Maglev Magistrale Paris–Singapur</i> Richtung Paris (CDG): an xx:00 / ab xx:04 &mdash; Tiefbahnhof, Mehrstöckiger Kavernenkomplex unter dem Navi Mumbai Megaport<br/><style>@media (prefers-color-scheme: dark) { body { background:#1e1e1e; color:#eee; } }</style>]]></description>
    <LookAt>
      <longitude>73.029700</longitude>
      <latitude>19.033000</latitude>
      <altitude>0</altitude>
      <heading>0</heading>
      <tilt>0</tilt>
      <range>2500</range>
      <altitudeMode>clampToGround</altitudeMode>
    </LookAt>
    <styleUrl>#station_default</styleUrl>
    <Point>
      <coordinates>73.029700,19.033000,0</coordinates>
    </Point>
  </Placemark>
  <Placemark>
    <name>Nashville-Briley East</name>
    <description><![CDATA[<b>Nashville-Briley East</b><br/><br/><i>PNW-MAE (Pacific Northwest &amp; Mid-Atlantic Express)</i> Richtung New York City Penn Deep: an xx:12 / ab xx:16 &mdash; Turmbahnhof an der Kreuzung I-40/Briley Parkway<br/><i>PNW-MAE (Pacific Northwest &amp; Mid-Atlantic Express)</i> Richtung Surrey (Vancouver): an xx:30 / ab xx:34 &mdash; Turmbahnhof an der Kreuzung I-40/Briley Parkway<br/><style>@media (prefers-color-scheme: dark) { body { background:#1e1e1e; color:#eee; } }</style>]]></description>
    <LookAt>
      <longitude>-86.660000</longitude>
      <latitude>36.190000</latitude>
      <altitude>0</altitude>
      <heading>0</heading>
      <tilt>0</tilt>
      <range>2500</range>
      <altitudeMode>clampToGround</altitudeMode>
    </LookAt>
    <styleUrl>#station_default</styleUrl>
    <Point>
      <coordinates>-86.660000,36.190000,0</coordinates>
    </Point>
  </Placemark>
  <Placemark>
    <name>Nes (Ameland)</name>
    <description><![CDATA[<b>Nes (Ameland)</b><br/><br/><i>Maglev Regio Lille–Bergen</i> Richtung Bergen: an xx:33 / ab xx:34 &mdash; Östliche Kaverne Amelands (3 Gleise)<br/><i>Maglev Regio Lille–Bergen</i> Richtung Lille (Turmbahnhof): an xx:29 / ab xx:30 &mdash; Östliche Kaverne Amelands (3 Gleise)<br/><style>@media (prefers-color-scheme: dark) { body { background:#1e1e1e; color:#eee; } }</style>]]></description>
    <LookAt>
      <longitude>5.738803</longitude>
      <latitude>53.450783</latitude>
      <altitude>0</altitude>
      <heading>0</heading>
      <tilt>0</tilt>
      <range>2500</range>
      <altitudeMode>clampToGround</altitudeMode>
    </LookAt>
    <styleUrl>#station_default</styleUrl>
    <Point>
      <coordinates>5.738803,53.450783,0</coordinates>
    </Point>
  </Placemark>
  <Placemark>
    <name>Niagara Falls-North Hub</name>
    <description><![CDATA[<b>Niagara Falls-North Hub</b><br/><br/><i>Northern Horizon Arc (NHA)</i> Richtung Boston-West Route 128: an xx:43 / ab xx:45 &mdash; Hochbahnhof nördlich der Wasserfälle, direkt nach der US-Grenzbrücke<br/><i>Northern Horizon Arc (NHA)</i> Richtung Surrey (Vancouver): an xx:31 / ab xx:33 &mdash; Hochbahnhof nördlich der Wasserfälle, direkt nach der US-Grenzbrücke<br/><style>@media (prefers-color-scheme: dark) { body { background:#1e1e1e; color:#eee; } }</style>]]></description>
    <LookAt>
      <longitude>-79.040000</longitude>
      <latitude>43.120000</latitude>
      <altitude>0</altitude>
      <heading>0</heading>
      <tilt>0</tilt>
      <range>2500</range>
      <altitudeMode>clampToGround</altitudeMode>
    </LookAt>
    <styleUrl>#station_default</styleUrl>
    <Point>
      <coordinates>-79.040000,43.120000,0</coordinates>
    </Point>
  </Placemark>
  <Placemark>
    <name>Nicosia (Geri Kaverne)</name>
    <description><![CDATA[<b>Nicosia (Geri Kaverne)</b><br/><br/><i>Maglev Magistrale Paris–Singapur</i> Richtung Singapore (Changi Ost): an xx:04 / ab xx:06 &mdash; Tiefbahnhof, Untersee-Anschlusskaverne, Verbindungspunkt zweier transmediterraner Megatunnel<br/><i>Maglev Magistrale Paris–Singapur</i> Richtung Paris (CDG): an xx:12 / ab xx:14 &mdash; Tiefbahnhof, Untersee-Anschlusskaverne, Verbindungspunkt zweier transmediterraner Megatunnel<br/><style>@media (prefers-color-scheme: dark) { body { background:#1e1e1e; color:#eee; } }</style>]]></description>
    <LookAt>
      <longitude>33.316700</longitude>
      <latitude>35.166700</latitude>
      <altitude>0</altitude>
      <heading>0</heading>
      <tilt>0</tilt>
      <range>2500</range>
      <altitudeMode>clampToGround</altitudeMode>
    </LookAt>
    <styleUrl>#station_default</styleUrl>
    <Point>
      <coordinates>33.316700,35.166700,0</coordinates>
    </Point>
  </Placemark>
  <Placemark>
    <name>Nordby (Fanø)</name>
    <description><![CDATA[<b>Nordby (Fanø)</b><br/><br/><i>Maglev Regio Lille–Bergen</i> Richtung Bergen: an xx:19 / ab xx:20 &mdash; Nördlichste Kaverne Fanøs vor dem Festlandsprung (3 Gleise)<br/><i>Maglev Regio Lille–Bergen</i> Richtung Lille (Turmbahnhof): an xx:43 / ab xx:44 &mdash; Nördlichste Kaverne Fanøs vor dem Festlandsprung (3 Gleise)<br/><style>@media (prefers-color-scheme: dark) { body { background:#1e1e1e; color:#eee; } }</style>]]></description>
    <LookAt>
      <longitude>8.416700</longitude>
      <latitude>55.433300</latitude>
      <altitude>0</altitude>
      <heading>0</heading>
      <tilt>0</tilt>
      <range>2500</range>
      <altitudeMode>clampToGround</altitudeMode>
    </LookAt>
    <styleUrl>#station_default</styleUrl>
    <Point>
      <coordinates>8.416700,55.433300,0</coordinates>
    </Point>
  </Placemark>
  <Placemark>
    <name>Norderney</name>
    <description><![CDATA[<b>Norderney</b><br/><br/><i>Maglev Regio Lille–Bergen</i> Richtung Bergen: an xx:56 / ab xx:57 &mdash; Unterirdischer Taktknoten (3 Gleise)<br/><i>Maglev Regio Lille–Bergen</i> Richtung Lille (Turmbahnhof): an xx:06 / ab xx:07 &mdash; Unterirdischer Taktknoten (3 Gleise)<br/><style>@media (prefers-color-scheme: dark) { body { background:#1e1e1e; color:#eee; } }</style>]]></description>
    <LookAt>
      <longitude>7.162000</longitude>
      <latitude>53.705600</latitude>
      <altitude>0</altitude>
      <heading>0</heading>
      <tilt>0</tilt>
      <range>2500</range>
      <altitudeMode>clampToGround</altitudeMode>
    </LookAt>
    <styleUrl>#station_default</styleUrl>
    <Point>
      <coordinates>7.162000,53.705600,0</coordinates>
    </Point>
  </Placemark>
  <Placemark>
    <name>Nordkapp</name>
    <description><![CDATA[<b>Nordkapp</b><br/><br/><i>Arktis-Afrika-Magistrale</i> Richtung Casablanca: ab xx:00 &mdash; Tiefbahnhof, Felskaverne im Permafrost, arktischer Startpunkt, keine Straßeneinbindung<br/><i>Arktis-Afrika-Magistrale</i> Endstation: an xx:52 &mdash; Tiefbahnhof, Felskaverne im Permafrost, arktischer Startpunkt, keine Straßeneinbindung<br/><style>@media (prefers-color-scheme: dark) { body { background:#1e1e1e; color:#eee; } }</style>]]></description>
    <LookAt>
      <longitude>25.785889</longitude>
      <latitude>71.169951</latitude>
      <altitude>0</altitude>
      <heading>0</heading>
      <tilt>0</tilt>
      <range>2500</range>
      <altitudeMode>clampToGround</altitudeMode>
    </LookAt>
    <styleUrl>#station_default</styleUrl>
    <Point>
      <coordinates>25.785889,71.169951,0</coordinates>
    </Point>
  </Placemark>
  <Placemark>
    <name>Nowosibirsk (Tolmachevo)</name>
    <description><![CDATA[<b>Nowosibirsk (Tolmachevo)</b><br/><br/><i>Weltachse 1 (Bochum–Vancouver)</i> Richtung Surrey (Vancouver): an xx:03 / ab xx:06 &mdash; Hochbahnhof auf beheizten Betonstelzen an der R-254-Achse<br/><i>Weltachse 1 (Bochum–Vancouver)</i> Richtung Bochum Hbf: an xx:50 / ab xx:53 &mdash; Hochbahnhof auf beheizten Betonstelzen an der R-254-Achse<br/><style>@media (prefers-color-scheme: dark) { body { background:#1e1e1e; color:#eee; } }</style>]]></description>
    <LookAt>
      <longitude>82.667200</longitude>
      <latitude>55.012600</latitude>
      <altitude>0</altitude>
      <heading>0</heading>
      <tilt>0</tilt>
      <range>2500</range>
      <altitudeMode>clampToGround</altitudeMode>
    </LookAt>
    <styleUrl>#station_default</styleUrl>
    <Point>
      <coordinates>82.667200,55.012600,0</coordinates>
    </Point>
  </Placemark>
  <Placemark>
    <name>New York City Penn Deep</name>
    <description><![CDATA[<b>New York City Penn Deep</b><br/><br/><i>NCAMS Express (Northern Continental &amp; Atlantic Maritime Spine)</i> Richtung Halifax-Dartmouth Terminus: an xx:11 / ab xx:15 &mdash; Ultratransit-Kaverne tief im Manhattan-Schiefer unter der Penn Station (Ebene -4/-5)<br/><i>NCAMS Express (Northern Continental &amp; Atlantic Maritime Spine)</i> Richtung Surrey (Vancouver): an xx:00 / ab xx:04 &mdash; Ultratransit-Kaverne tief im Manhattan-Schiefer unter der Penn Station (Ebene -4/-5)<br/><i>PNW-MAE (Pacific Northwest &amp; Mid-Atlantic Express)</i> Endstation: an xx:46 &mdash; Ultratransit-Tiefbahnhof unter der Penn Station (Ebene -4/-5), nach dem Hudson River Basistunnel<br/><i>PNW-MAE (Pacific Northwest &amp; Mid-Atlantic Express)</i> Richtung Surrey (Vancouver): ab xx:00 &mdash; Ultratransit-Tiefbahnhof unter der Penn Station (Ebene -4/-5), nach dem Hudson River Basistunnel<br/><style>@media (prefers-color-scheme: dark) { body { background:#1e1e1e; color:#eee; } }</style>]]></description>
    <LookAt>
      <longitude>-73.993500</longitude>
      <latitude>40.750600</latitude>
      <altitude>0</altitude>
      <heading>0</heading>
      <tilt>0</tilt>
      <range>2500</range>
      <altitudeMode>clampToGround</altitudeMode>
    </LookAt>
    <styleUrl>#station_default</styleUrl>
    <Point>
      <coordinates>-73.993500,40.750600,0</coordinates>
    </Point>
  </Placemark>
  <Placemark>
    <name>Nykøbing Falster</name>
    <description><![CDATA[<b>Nykøbing Falster</b><br/><br/><i>Maglev Express Oslo–Inverness</i> Richtung Inverness (Longman): an xx:53 / ab xx:54 &mdash; Hochbahnhof an der E47/Route 9, letzter Halt vor Fehmarnbelt-Tunnel<br/><i>Maglev Express Oslo–Inverness</i> Richtung Oslo (Alnabru): an xx:43 / ab xx:44 &mdash; Hochbahnhof an der E47/Route 9, letzter Halt vor Fehmarnbelt-Tunnel<br/><style>@media (prefers-color-scheme: dark) { body { background:#1e1e1e; color:#eee; } }</style>]]></description>
    <LookAt>
      <longitude>11.885000</longitude>
      <latitude>54.770000</latitude>
      <altitude>0</altitude>
      <heading>0</heading>
      <tilt>0</tilt>
      <range>2500</range>
      <altitudeMode>clampToGround</altitudeMode>
    </LookAt>
    <styleUrl>#station_default</styleUrl>
    <Point>
      <coordinates>11.885000,54.770000,0</coordinates>
    </Point>
  </Placemark>
  <Placemark>
    <name>Oberhausen</name>
    <description><![CDATA[<b>Oberhausen</b><br/><br/><i>Maglev Express Oslo–Inverness</i> Richtung Inverness (Longman): an xx:45 / ab xx:46 &mdash; Hochbahnhof am Kreuz A2/A3/A516<br/><i>Maglev Express Oslo–Inverness</i> Richtung Oslo (Alnabru): an xx:51 / ab xx:52 &mdash; Hochbahnhof am Kreuz A2/A3/A516<br/><style>@media (prefers-color-scheme: dark) { body { background:#1e1e1e; color:#eee; } }</style>]]></description>
    <LookAt>
      <longitude>6.875000</longitude>
      <latitude>51.498000</latitude>
      <altitude>0</altitude>
      <heading>0</heading>
      <tilt>0</tilt>
      <range>2500</range>
      <altitudeMode>clampToGround</altitudeMode>
    </LookAt>
    <styleUrl>#station_default</styleUrl>
    <Point>
      <coordinates>6.875000,51.498000,0</coordinates>
    </Point>
  </Placemark>
  <Placemark>
    <name>Odesa</name>
    <description><![CDATA[<b>Odesa</b><br/><br/><i>Arktis-Afrika-Magistrale</i> Richtung Casablanca: an xx:14 / ab xx:17 &mdash; Hochbahnhof am nördlichen Autobahn-Logistikknoten M05/M14<br/><i>Arktis-Afrika-Magistrale</i> Richtung Nordkapp: an xx:35 / ab xx:38 &mdash; Hochbahnhof am nördlichen Autobahn-Logistikknoten M05/M14<br/><style>@media (prefers-color-scheme: dark) { body { background:#1e1e1e; color:#eee; } }</style>]]></description>
    <LookAt>
      <longitude>30.723300</longitude>
      <latitude>46.482500</latitude>
      <altitude>0</altitude>
      <heading>0</heading>
      <tilt>0</tilt>
      <range>2500</range>
      <altitudeMode>clampToGround</altitudeMode>
    </LookAt>
    <styleUrl>#station_default</styleUrl>
    <Point>
      <coordinates>30.723300,46.482500,0</coordinates>
    </Point>
  </Placemark>
  <Placemark>
    <name>Odessa</name>
    <description><![CDATA[<b>Odessa</b><br/><br/><i>Rhein-Ruhr-Krim-Magistrale (Ruhr-Schwarzmeer)</i> Richtung Sevastopol: an xx:00 / ab xx:02 &mdash; Hochbahnhof über den Hafen- und Logistikkais des Schwarzen Meeres am Knoten M05, Weitstrecken-Hochbau 600 km/h<br/><i>Rhein-Ruhr-Krim-Magistrale (Ruhr-Schwarzmeer)</i> Richtung Bochum Hbf: an xx:34 / ab xx:36 &mdash; Hochbahnhof über den Hafen- und Logistikkais des Schwarzen Meeres am Knoten M05, Weitstrecken-Hochbau 600 km/h<br/><style>@media (prefers-color-scheme: dark) { body { background:#1e1e1e; color:#eee; } }</style>]]></description>
    <LookAt>
      <longitude>30.723300</longitude>
      <latitude>46.482500</latitude>
      <altitude>0</altitude>
      <heading>0</heading>
      <tilt>0</tilt>
      <range>2500</range>
      <altitudeMode>clampToGround</altitudeMode>
    </LookAt>
    <styleUrl>#station_default</styleUrl>
    <Point>
      <coordinates>30.723300,46.482500,0</coordinates>
    </Point>
  </Placemark>
  <Placemark>
    <name>Østerport</name>
    <description><![CDATA[<b>Østerport</b><br/><br/><i>Maglev Express Oslo–Inverness</i> Richtung Inverness (Longman): an xx:30 / ab xx:31 &mdash; Tiefbahnhof, nördlicher Abfangknoten Kopenhagen, Metroschnittstelle<br/><i>Maglev Express Oslo–Inverness</i> Richtung Oslo (Alnabru): an xx:06 / ab xx:07 &mdash; Tiefbahnhof, nördlicher Abfangknoten Kopenhagen, Metroschnittstelle<br/><style>@media (prefers-color-scheme: dark) { body { background:#1e1e1e; color:#eee; } }</style>]]></description>
    <LookAt>
      <longitude>12.589000</longitude>
      <latitude>55.692000</latitude>
      <altitude>0</altitude>
      <heading>0</heading>
      <tilt>0</tilt>
      <range>2500</range>
      <altitudeMode>clampToGround</altitudeMode>
    </LookAt>
    <styleUrl>#station_default</styleUrl>
    <Point>
      <coordinates>12.589000,55.692000,0</coordinates>
    </Point>
  </Placemark>
  <Placemark>
    <name>Oftebro</name>
    <description><![CDATA[<b>Oftebro</b><br/><br/><i>Maglev Regio Lille–Bergen</i> Richtung Bergen: an xx:19 / ab xx:20 &mdash; Felskaverne im norwegischen Bergmassiv<br/><i>Maglev Regio Lille–Bergen</i> Richtung Lille (Turmbahnhof): an xx:43 / ab xx:44 &mdash; Felskaverne im norwegischen Bergmassiv<br/><style>@media (prefers-color-scheme: dark) { body { background:#1e1e1e; color:#eee; } }</style>]]></description>
    <LookAt>
      <longitude>7.093585</longitude>
      <latitude>58.148844</latitude>
      <altitude>0</altitude>
      <heading>0</heading>
      <tilt>0</tilt>
      <range>2500</range>
      <altitudeMode>clampToGround</altitudeMode>
    </LookAt>
    <styleUrl>#station_default</styleUrl>
    <Point>
      <coordinates>7.093585,58.148844,0</coordinates>
    </Point>
  </Placemark>
  <Placemark>
    <name>Oklahoma City-West Gate</name>
    <description><![CDATA[<b>Oklahoma City-West Gate</b><br/><br/><i>PNW-MAE (Pacific Northwest &amp; Mid-Atlantic Express)</i> Richtung New York City Penn Deep: an xx:15 / ab xx:17 &mdash; Geländebahnhof an der Kreuzung I-40/Kilpatrick Turnpike<br/><i>PNW-MAE (Pacific Northwest &amp; Mid-Atlantic Express)</i> Richtung Surrey (Vancouver): an xx:29 / ab xx:31 &mdash; Geländebahnhof an der Kreuzung I-40/Kilpatrick Turnpike<br/><style>@media (prefers-color-scheme: dark) { body { background:#1e1e1e; color:#eee; } }</style>]]></description>
    <LookAt>
      <longitude>-97.680000</longitude>
      <latitude>35.510000</latitude>
      <altitude>0</altitude>
      <heading>0</heading>
      <tilt>0</tilt>
      <range>2500</range>
      <altitudeMode>clampToGround</altitudeMode>
    </LookAt>
    <styleUrl>#station_default</styleUrl>
    <Point>
      <coordinates>-97.680000,35.510000,0</coordinates>
    </Point>
  </Placemark>
  <Placemark>
    <name>Omaha-West Gateway</name>
    <description><![CDATA[<b>Omaha-West Gateway</b><br/><br/><i>Northern Horizon Arc (NHA)</i> Richtung Boston-West Route 128: an xx:39 / ab xx:41 &mdash; Trogbahnhof westlich von Omaha am Kreuz I-80/Highway 31 bei Gretna<br/><i>Northern Horizon Arc (NHA)</i> Richtung Surrey (Vancouver): an xx:35 / ab xx:37 &mdash; Trogbahnhof westlich von Omaha am Kreuz I-80/Highway 31 bei Gretna<br/><style>@media (prefers-color-scheme: dark) { body { background:#1e1e1e; color:#eee; } }</style>]]></description>
    <LookAt>
      <longitude>-96.240000</longitude>
      <latitude>41.140000</latitude>
      <altitude>0</altitude>
      <heading>0</heading>
      <tilt>0</tilt>
      <range>2500</range>
      <altitudeMode>clampToGround</altitudeMode>
    </LookAt>
    <styleUrl>#station_default</styleUrl>
    <Point>
      <coordinates>-96.240000,41.140000,0</coordinates>
    </Point>
  </Placemark>
  <Placemark>
    <name>Oslo (Alnabru)</name>
    <description><![CDATA[<b>Oslo (Alnabru)</b><br/><br/><i>Maglev Express Oslo–Inverness</i> Richtung Inverness (Longman): ab xx:00 &mdash; Tiefbahnhof (Felskaverne unter Alnabru)<br/><i>Maglev Express Oslo–Inverness</i> Endstation: an xx:37 &mdash; Tiefbahnhof (Felskaverne unter Alnabru)<br/><style>@media (prefers-color-scheme: dark) { body { background:#1e1e1e; color:#eee; } }</style>]]></description>
    <LookAt>
      <longitude>10.844000</longitude>
      <latitude>59.931000</latitude>
      <altitude>0</altitude>
      <heading>0</heading>
      <tilt>0</tilt>
      <range>2500</range>
      <altitudeMode>clampToGround</altitudeMode>
    </LookAt>
    <styleUrl>#station_default</styleUrl>
    <Point>
      <coordinates>10.844000,59.931000,0</coordinates>
    </Point>
  </Placemark>
  <Placemark>
    <name>Oulu</name>
    <description><![CDATA[<b>Oulu</b><br/><br/><i>Arktis-Afrika-Magistrale</i> Richtung Casablanca: an xx:28 / ab xx:30 &mdash; Hochbahnhof, Großviadukt an der E75<br/><i>Arktis-Afrika-Magistrale</i> Richtung Nordkapp: an xx:22 / ab xx:24 &mdash; Hochbahnhof, Großviadukt an der E75<br/><style>@media (prefers-color-scheme: dark) { body { background:#1e1e1e; color:#eee; } }</style>]]></description>
    <LookAt>
      <longitude>25.465100</longitude>
      <latitude>65.012100</latitude>
      <altitude>0</altitude>
      <heading>0</heading>
      <tilt>0</tilt>
      <range>2500</range>
      <altitudeMode>clampToGround</altitudeMode>
    </LookAt>
    <styleUrl>#station_default</styleUrl>
    <Point>
      <coordinates>25.465100,65.012100,0</coordinates>
    </Point>
  </Placemark>
  <Placemark>
    <name>Oxford (Cowley)</name>
    <description><![CDATA[<b>Oxford (Cowley)</b><br/><br/><i>Maglev Express Oslo–Inverness</i> Richtung Inverness (Longman): an xx:53 / ab xx:54 &mdash; Hochbahnhof am Knoten Cowley A4142/B480<br/><i>Maglev Express Oslo–Inverness</i> Richtung Oslo (Alnabru): an xx:43 / ab xx:44 &mdash; Hochbahnhof am Knoten Cowley A4142/B480<br/><style>@media (prefers-color-scheme: dark) { body { background:#1e1e1e; color:#eee; } }</style>]]></description>
    <LookAt>
      <longitude>-1.210000</longitude>
      <latitude>51.735000</latitude>
      <altitude>0</altitude>
      <heading>0</heading>
      <tilt>0</tilt>
      <range>2500</range>
      <altitudeMode>clampToGround</altitudeMode>
    </LookAt>
    <styleUrl>#station_default</styleUrl>
    <Point>
      <coordinates>-1.210000,51.735000,0</coordinates>
    </Point>
  </Placemark>
  <Placemark>
    <name>Palermo</name>
    <description><![CDATA[<b>Palermo</b><br/><br/><i>Arktis-Afrika-Magistrale</i> Richtung Casablanca: an xx:36 / ab xx:39 &mdash; Hochbahnhof, Küstenviadukt am Autobahnkreuz A19/A29<br/><i>Arktis-Afrika-Magistrale</i> Richtung Nordkapp: an xx:13 / ab xx:16 &mdash; Hochbahnhof, Küstenviadukt am Autobahnkreuz A19/A29<br/><style>@media (prefers-color-scheme: dark) { body { background:#1e1e1e; color:#eee; } }</style>]]></description>
    <LookAt>
      <longitude>13.361500</longitude>
      <latitude>38.115700</latitude>
      <altitude>0</altitude>
      <heading>0</heading>
      <tilt>0</tilt>
      <range>2500</range>
      <altitudeMode>clampToGround</altitudeMode>
    </LookAt>
    <styleUrl>#station_default</styleUrl>
    <Point>
      <coordinates>13.361500,38.115700,0</coordinates>
    </Point>
  </Placemark>
  <Placemark>
    <name>Paris (CDG)</name>
    <description><![CDATA[<b>Paris (CDG)</b><br/><br/><i>Maglev Magistrale Paris–Singapur</i> Richtung Singapore (Changi Ost): ab xx:00 &mdash; Hochbahnhof über der Flughafenperipherie CDG am Autobahndreieck A1/A104<br/><i>Maglev Magistrale Paris–Singapur</i> Endstation: an xx:18 &mdash; Hochbahnhof über der Flughafenperipherie CDG am Autobahndreieck A1/A104<br/><style>@media (prefers-color-scheme: dark) { body { background:#1e1e1e; color:#eee; } }</style>]]></description>
    <LookAt>
      <longitude>2.547900</longitude>
      <latitude>49.009700</latitude>
      <altitude>0</altitude>
      <heading>0</heading>
      <tilt>0</tilt>
      <range>2500</range>
      <altitudeMode>clampToGround</altitudeMode>
    </LookAt>
    <styleUrl>#station_default</styleUrl>
    <Point>
      <coordinates>2.547900,49.009700,0</coordinates>
    </Point>
  </Placemark>
  <Placemark>
    <name>Pasewalk</name>
    <description><![CDATA[<b>Pasewalk</b><br/><br/><i>Brandenburg Hbf–Hel</i> Richtung Hel: an xx:00 / ab xx:07 &mdash; Kopfmachen: 7 Min. Aufenthalt, Wechsel auf Grenzbahn nach Stettin, Systemtrennstelle 15 kV AC/3 kV DC<br/><i>Brandenburg Hbf–Hel</i> Richtung Brandenburg Hbf: an xx:06 / ab xx:13 &mdash; Kopfmachen: 7 Min. Aufenthalt, Wechsel auf Grenzbahn nach Stettin, Systemtrennstelle 15 kV AC/3 kV DC<br/><style>@media (prefers-color-scheme: dark) { body { background:#1e1e1e; color:#eee; } }</style>]]></description>
    <LookAt>
      <longitude>14.000000</longitude>
      <latitude>53.503900</latitude>
      <altitude>0</altitude>
      <heading>0</heading>
      <tilt>0</tilt>
      <range>2500</range>
      <altitudeMode>clampToGround</altitudeMode>
    </LookAt>
    <styleUrl>#station_default</styleUrl>
    <Point>
      <coordinates>14.000000,53.503900,0</coordinates>
    </Point>
  </Placemark>
  <Placemark>
    <name>Philadelphia-Northeast Hub</name>
    <description><![CDATA[<b>Philadelphia-Northeast Hub</b><br/><br/><i>NCAMS Express (Northern Continental &amp; Atlantic Maritime Spine)</i> Richtung Halifax-Dartmouth Terminus: an xx:50 / ab xx:53 &mdash; Nördlich der Metropole an der Schnittstelle I-95/I-276 PA Turnpike<br/><i>NCAMS Express (Northern Continental &amp; Atlantic Maritime Spine)</i> Richtung Surrey (Vancouver): an xx:22 / ab xx:25 &mdash; Nördlich der Metropole an der Schnittstelle I-95/I-276 PA Turnpike<br/><style>@media (prefers-color-scheme: dark) { body { background:#1e1e1e; color:#eee; } }</style>]]></description>
    <LookAt>
      <longitude>-75.010000</longitude>
      <latitude>40.080000</latitude>
      <altitude>0</altitude>
      <heading>0</heading>
      <tilt>0</tilt>
      <range>2500</range>
      <altitudeMode>clampToGround</altitudeMode>
    </LookAt>
    <styleUrl>#station_default</styleUrl>
    <Point>
      <coordinates>-75.010000,40.080000,0</coordinates>
    </Point>
  </Placemark>
  <Placemark>
    <name>Pigeon-Mountain Portal</name>
    <description><![CDATA[<b>Pigeon-Mountain Portal</b><br/><br/><i>PNW-MAE (Pacific Northwest &amp; Mid-Atlantic Express)</i> Richtung New York City Penn Deep: an xx:51 / ab xx:53 &mdash; Tiefbahnhof in einer Felskaverne östlich von Sevierville/Pigeon Forge vor dem Great-Smoky-Mountains-Basistunnel<br/><i>PNW-MAE (Pacific Northwest &amp; Mid-Atlantic Express)</i> Richtung Surrey (Vancouver): an xx:53 / ab xx:55 &mdash; Tiefbahnhof in einer Felskaverne östlich von Sevierville/Pigeon Forge vor dem Great-Smoky-Mountains-Basistunnel<br/><style>@media (prefers-color-scheme: dark) { body { background:#1e1e1e; color:#eee; } }</style>]]></description>
    <LookAt>
      <longitude>-83.560000</longitude>
      <latitude>35.770000</latitude>
      <altitude>0</altitude>
      <heading>0</heading>
      <tilt>0</tilt>
      <range>2500</range>
      <altitudeMode>clampToGround</altitudeMode>
    </LookAt>
    <styleUrl>#station_default</styleUrl>
    <Point>
      <coordinates>-83.560000,35.770000,0</coordinates>
    </Point>
  </Placemark>
  <Placemark>
    <name>Pittsburgh-Monroeville Hub</name>
    <description><![CDATA[<b>Pittsburgh-Monroeville Hub</b><br/><br/><i>NCAMS Express (Northern Continental &amp; Atlantic Maritime Spine)</i> Richtung Halifax-Dartmouth Terminus: an xx:35 / ab xx:37 &mdash; Östliche Peripherie am Knotenpunkt I-76 PA Turnpike/I-376<br/><i>NCAMS Express (Northern Continental &amp; Atlantic Maritime Spine)</i> Richtung Surrey (Vancouver): an xx:38 / ab xx:40 &mdash; Östliche Peripherie am Knotenpunkt I-76 PA Turnpike/I-376<br/><style>@media (prefers-color-scheme: dark) { body { background:#1e1e1e; color:#eee; } }</style>]]></description>
    <LookAt>
      <longitude>-79.788900</longitude>
      <latitude>40.430200</latitude>
      <altitude>0</altitude>
      <heading>0</heading>
      <tilt>0</tilt>
      <range>2500</range>
      <altitudeMode>clampToGround</altitudeMode>
    </LookAt>
    <styleUrl>#station_default</styleUrl>
    <Point>
      <coordinates>-79.788900,40.430200,0</coordinates>
    </Point>
  </Placemark>
  <Placemark>
    <name>Polsum</name>
    <description><![CDATA[<b>Polsum</b><br/><br/><i>Münsterland-Ruhrgebiet-Express</i> Richtung Winterswijk Bahnhof/City: an xx:05 / ab xx:06 &mdash; Ebenerdiger Bahnhof parallel zur Kolberger Straße<br/><i>Münsterland-Ruhrgebiet-Express</i> Richtung Kamener Kreuz: an xx:40 / ab xx:40 &mdash; Ebenerdiger Bahnhof parallel zur Kolberger Straße<br/><style>@media (prefers-color-scheme: dark) { body { background:#1e1e1e; color:#eee; } }</style>]]></description>
    <LookAt>
      <longitude>7.051473</longitude>
      <latitude>51.591964</latitude>
      <altitude>0</altitude>
      <heading>0</heading>
      <tilt>0</tilt>
      <range>2500</range>
      <altitudeMode>clampToGround</altitudeMode>
    </LookAt>
    <styleUrl>#station_default</styleUrl>
    <Point>
      <coordinates>7.051473,51.591964,0</coordinates>
    </Point>
  </Placemark>
  <Placemark>
    <name>Portland-Salmon Creek</name>
    <description><![CDATA[<b>Portland-Salmon Creek</b><br/><br/><i>Northern Horizon Arc (NHA)</i> Richtung Boston-West Route 128: an xx:47 / ab xx:49 &mdash; Geländebahnhof am Knotenpunkt I-5/I-205<br/><i>Northern Horizon Arc (NHA)</i> Richtung Surrey (Vancouver): an xx:27 / ab xx:29 &mdash; Geländebahnhof am Knotenpunkt I-5/I-205<br/><i>PCMS – Pacific Crest &amp; Mesoamerica Spine</i> Richtung Mexico City-Huehuetoca Hub: an xx:47 / ab xx:49 &mdash; Bodengleicher Geländebahnhof am Knotenpunkt I-5/I-205<br/><i>PCMS – Pacific Crest &amp; Mesoamerica Spine</i> Richtung Surrey (Vancouver): an xx:34 / ab xx:36 &mdash; Bodengleicher Geländebahnhof am Knotenpunkt I-5/I-205<br/><i>PNW-MAE (Pacific Northwest &amp; Mid-Atlantic Express)</i> Richtung New York City Penn Deep: an xx:47 / ab xx:49 &mdash; Geländebahnhof am Knotenpunkt I-5/I-205<br/><i>PNW-MAE (Pacific Northwest &amp; Mid-Atlantic Express)</i> Richtung Surrey (Vancouver): an xx:57 / ab xx:59 &mdash; Geländebahnhof am Knotenpunkt I-5/I-205<br/><style>@media (prefers-color-scheme: dark) { body { background:#1e1e1e; color:#eee; } }</style>]]></description>
    <LookAt>
      <longitude>-122.665000</longitude>
      <latitude>45.698700</latitude>
      <altitude>0</altitude>
      <heading>0</heading>
      <tilt>0</tilt>
      <range>2500</range>
      <altitudeMode>clampToGround</altitudeMode>
    </LookAt>
    <styleUrl>#station_default</styleUrl>
    <Point>
      <coordinates>-122.665000,45.698700,0</coordinates>
    </Point>
  </Placemark>
  <Placemark>
    <name>Portland-West Hub (Maine)</name>
    <description><![CDATA[<b>Portland-West Hub (Maine)</b><br/><br/><i>NCAMS Express (Northern Continental &amp; Atlantic Maritime Spine)</i> Richtung Halifax-Dartmouth Terminus: an xx:23 / ab xx:25 &mdash; Westlich der Küstenstadt am Kreuz I-95/I-295<br/><i>NCAMS Express (Northern Continental &amp; Atlantic Maritime Spine)</i> Richtung Surrey (Vancouver): an xx:50 / ab xx:52 &mdash; Westlich der Küstenstadt am Kreuz I-95/I-295<br/><style>@media (prefers-color-scheme: dark) { body { background:#1e1e1e; color:#eee; } }</style>]]></description>
    <LookAt>
      <longitude>-70.350000</longitude>
      <latitude>43.680000</latitude>
      <altitude>0</altitude>
      <heading>0</heading>
      <tilt>0</tilt>
      <range>2500</range>
      <altitudeMode>clampToGround</altitudeMode>
    </LookAt>
    <styleUrl>#station_default</styleUrl>
    <Point>
      <coordinates>-70.350000,43.680000,0</coordinates>
    </Point>
  </Placemark>
  <Placemark>
    <name>Potsdam Hbf</name>
    <description><![CDATA[<b>Potsdam Hbf</b><br/><br/><i>Brandenburg Hbf–Hel</i> Richtung Hel: an xx:20 / ab xx:22 &mdash; Regionalbahnsteige Gleis 6/7, Landeshauptstadt-Knoten<br/><i>Brandenburg Hbf–Hel</i> Richtung Brandenburg Hbf: an xx:51 / ab xx:53 &mdash; Regionalbahnsteige Gleis 6/7, Landeshauptstadt-Knoten<br/><style>@media (prefers-color-scheme: dark) { body { background:#1e1e1e; color:#eee; } }</style>]]></description>
    <LookAt>
      <longitude>13.064500</longitude>
      <latitude>52.390600</latitude>
      <altitude>0</altitude>
      <heading>0</heading>
      <tilt>0</tilt>
      <range>2500</range>
      <altitudeMode>clampToGround</altitudeMode>
    </LookAt>
    <styleUrl>#station_default</styleUrl>
    <Point>
      <coordinates>13.064500,52.390600,0</coordinates>
    </Point>
  </Placemark>
  <Placemark>
    <name>Posen (Poznań Wschód)</name>
    <description><![CDATA[<b>Posen (Poznań Wschód)</b><br/><br/><i>Weltachse 1 (Bochum–Vancouver)</i> Richtung Surrey (Vancouver): an xx:25 / ab xx:27 &mdash; Ebenen-Geländebahnhof östlich von Posen an der A2/S5<br/><i>Weltachse 1 (Bochum–Vancouver)</i> Richtung Bochum Hbf: an xx:29 / ab xx:31 &mdash; Ebenen-Geländebahnhof östlich von Posen an der A2/S5<br/><style>@media (prefers-color-scheme: dark) { body { background:#1e1e1e; color:#eee; } }</style>]]></description>
    <LookAt>
      <longitude>16.977200</longitude>
      <latitude>52.406400</latitude>
      <altitude>0</altitude>
      <heading>0</heading>
      <tilt>0</tilt>
      <range>2500</range>
      <altitudeMode>clampToGround</altitudeMode>
    </LookAt>
    <styleUrl>#station_default</styleUrl>
    <Point>
      <coordinates>16.977200,52.406400,0</coordinates>
    </Point>
  </Placemark>
  <Placemark>
    <name>Praha (Letňany)</name>
    <description><![CDATA[<b>Praha (Letňany)</b><br/><br/><i>Maglev Magistrale Paris–Singapur</i> Richtung Singapore (Changi Ost): an xx:39 / ab xx:42 &mdash; Tiefbahnhof, Großkaverne am Endpunkt der Autobahn D8<br/><i>Maglev Magistrale Paris–Singapur</i> Richtung Paris (CDG): an xx:36 / ab xx:39 &mdash; Tiefbahnhof, Großkaverne am Endpunkt der Autobahn D8<br/><style>@media (prefers-color-scheme: dark) { body { background:#1e1e1e; color:#eee; } }</style>]]></description>
    <LookAt>
      <longitude>14.530000</longitude>
      <latitude>50.126400</latitude>
      <altitude>0</altitude>
      <heading>0</heading>
      <tilt>0</tilt>
      <range>2500</range>
      <altitudeMode>clampToGround</altitudeMode>
    </LookAt>
    <styleUrl>#station_default</styleUrl>
    <Point>
      <coordinates>14.530000,50.126400,0</coordinates>
    </Point>
  </Placemark>
  <Placemark>
    <name>Puck</name>
    <description><![CDATA[<b>Puck</b><br/><br/><i>Brandenburg Hbf–Hel</i> Richtung Hel: an xx:21 / ab xx:22 &mdash; Halt unkritisch<br/><i>Brandenburg Hbf–Hel</i> Richtung Brandenburg Hbf: an xx:51 / ab xx:52 &mdash; Halt unkritisch<br/><style>@media (prefers-color-scheme: dark) { body { background:#1e1e1e; color:#eee; } }</style>]]></description>
    <LookAt>
      <longitude>18.408300</longitude>
      <latitude>54.718900</latitude>
      <altitude>0</altitude>
      <heading>0</heading>
      <tilt>0</tilt>
      <range>2500</range>
      <altitudeMode>clampToGround</altitudeMode>
    </LookAt>
    <styleUrl>#station_default</styleUrl>
    <Point>
      <coordinates>18.408300,54.718900,0</coordinates>
    </Point>
  </Placemark>
  <Placemark>
    <name>Puerto Vallarta-East Hub</name>
    <description><![CDATA[<b>Puerto Vallarta-East Hub</b><br/><br/><i>PCMS – Pacific Crest &amp; Mesoamerica Spine</i> Richtung Mexico City-Huehuetoca Hub: an xx:28 / ab xx:30 &mdash; Tiefgelegter Betontrog im Flusstal des Río Ameca, nach Austritt aus dem 550 km langen Meeresbodentunnel<br/><i>PCMS – Pacific Crest &amp; Mesoamerica Spine</i> Richtung Surrey (Vancouver): an xx:53 / ab xx:55 &mdash; Tiefgelegter Betontrog im Flusstal des Río Ameca, nach Austritt aus dem 550 km langen Meeresbodentunnel<br/><style>@media (prefers-color-scheme: dark) { body { background:#1e1e1e; color:#eee; } }</style>]]></description>
    <LookAt>
      <longitude>-105.225300</longitude>
      <latitude>20.653400</latitude>
      <altitude>0</altitude>
      <heading>0</heading>
      <tilt>0</tilt>
      <range>2500</range>
      <altitudeMode>clampToGround</altitudeMode>
    </LookAt>
    <styleUrl>#station_default</styleUrl>
    <Point>
      <coordinates>-105.225300,20.653400,0</coordinates>
    </Point>
  </Placemark>
  <Placemark>
    <name>Raesfeld Kirche</name>
    <description><![CDATA[<b>Raesfeld Kirche</b><br/><br/><i>Münsterland-Ruhrgebiet-Express</i> Richtung Winterswijk Bahnhof/City: an xx:23 / ab xx:24 &mdash; Tiefbahnhof (Unterflur) unter der Hauptstraße<br/><i>Münsterland-Ruhrgebiet-Express</i> Richtung Kamener Kreuz: an xx:21 / ab xx:22 &mdash; Tiefbahnhof (Unterflur) unter der Hauptstraße<br/><style>@media (prefers-color-scheme: dark) { body { background:#1e1e1e; color:#eee; } }</style>]]></description>
    <LookAt>
      <longitude>6.840058</longitude>
      <latitude>51.770215</latitude>
      <altitude>0</altitude>
      <heading>0</heading>
      <tilt>0</tilt>
      <range>2500</range>
      <altitudeMode>clampToGround</altitudeMode>
    </LookAt>
    <styleUrl>#station_default</styleUrl>
    <Point>
      <coordinates>6.840058,51.770215,0</coordinates>
    </Point>
  </Placemark>
  <Placemark>
    <name>Rajkot (Hirasar Airport)</name>
    <description><![CDATA[<b>Rajkot (Hirasar Airport)</b><br/><br/><i>Maglev Magistrale Paris–Singapur</i> Richtung Singapore (Changi Ost): an xx:09 / ab xx:11 &mdash; Hochbahnhof, peripheres Bypass-Viadukt am Knoten NH27<br/><i>Maglev Magistrale Paris–Singapur</i> Richtung Paris (CDG): an xx:07 / ab xx:09 &mdash; Hochbahnhof, peripheres Bypass-Viadukt am Knoten NH27<br/><style>@media (prefers-color-scheme: dark) { body { background:#1e1e1e; color:#eee; } }</style>]]></description>
    <LookAt>
      <longitude>70.750000</longitude>
      <latitude>22.320000</latitude>
      <altitude>0</altitude>
      <heading>0</heading>
      <tilt>0</tilt>
      <range>2500</range>
      <altitudeMode>clampToGround</altitudeMode>
    </LookAt>
    <styleUrl>#station_default</styleUrl>
    <Point>
      <coordinates>70.750000,22.320000,0</coordinates>
    </Point>
  </Placemark>
  <Placemark>
    <name>Reda</name>
    <description><![CDATA[<b>Reda</b><br/><br/><i>Brandenburg Hbf–Hel</i> Richtung Hel: an xx:00 / ab xx:02 &mdash; Abzweig auf die eingleisige Stichstrecke 213 Richtung Halbinsel Hel<br/><i>Brandenburg Hbf–Hel</i> Richtung Brandenburg Hbf: an xx:11 / ab xx:13 &mdash; Abzweig auf die eingleisige Stichstrecke 213 Richtung Halbinsel Hel<br/><style>@media (prefers-color-scheme: dark) { body { background:#1e1e1e; color:#eee; } }</style>]]></description>
    <LookAt>
      <longitude>18.348600</longitude>
      <latitude>54.601100</latitude>
      <altitude>0</altitude>
      <heading>0</heading>
      <tilt>0</tilt>
      <range>2500</range>
      <altitudeMode>clampToGround</altitudeMode>
    </LookAt>
    <styleUrl>#station_default</styleUrl>
    <Point>
      <coordinates>18.348600,54.601100,0</coordinates>
    </Point>
  </Placemark>
  <Placemark>
    <name>Regio Hub Kreuz Bochum</name>
    <description><![CDATA[<b>Regio Hub Kreuz Bochum</b><br/><br/><i>Münsterland-Ruhrgebiet-Express</i> Richtung Winterswijk Bahnhof/City: an xx:44 / ab xx:45 &mdash; Turmbahnhof über dem Autobahnkreuz A40/A448<br/><i>Münsterland-Ruhrgebiet-Express</i> Richtung Kamener Kreuz: an xx:01 / ab xx:02 &mdash; Turmbahnhof über dem Autobahnkreuz A40/A448<br/><style>@media (prefers-color-scheme: dark) { body { background:#1e1e1e; color:#eee; } }</style>]]></description>
    <LookAt>
      <longitude>7.311615</longitude>
      <latitude>51.521669</latitude>
      <altitude>0</altitude>
      <heading>0</heading>
      <tilt>0</tilt>
      <range>2500</range>
      <altitudeMode>clampToGround</altitudeMode>
    </LookAt>
    <styleUrl>#station_default</styleUrl>
    <Point>
      <coordinates>7.311615,51.521669,0</coordinates>
    </Point>
  </Placemark>
  <Placemark>
    <name>Richmond-North Gate</name>
    <description><![CDATA[<b>Richmond-North Gate</b><br/><br/><i>PNW-MAE (Pacific Northwest &amp; Mid-Atlantic Express)</i> Richtung New York City Penn Deep: an xx:17 / ab xx:19 &mdash; Geländebahnhof am Knotenpunkt I-95/I-295 (Glen Allen)<br/><i>PNW-MAE (Pacific Northwest &amp; Mid-Atlantic Express)</i> Richtung Surrey (Vancouver): an xx:27 / ab xx:29 &mdash; Geländebahnhof am Knotenpunkt I-95/I-295 (Glen Allen)<br/><style>@media (prefers-color-scheme: dark) { body { background:#1e1e1e; color:#eee; } }</style>]]></description>
    <LookAt>
      <longitude>-77.480000</longitude>
      <latitude>37.660000</latitude>
      <altitude>0</altitude>
      <heading>0</heading>
      <tilt>0</tilt>
      <range>2500</range>
      <altitudeMode>clampToGround</altitudeMode>
    </LookAt>
    <styleUrl>#station_default</styleUrl>
    <Point>
      <coordinates>-77.480000,37.660000,0</coordinates>
    </Point>
  </Placemark>
  <Placemark>
    <name>Ringkøbing</name>
    <description><![CDATA[<b>Ringkøbing</b><br/><br/><i>Maglev Regio Lille–Bergen</i> Richtung Bergen: an xx:46 / ab xx:47 &mdash; Pfeilertrasse an der dänischen Westküste<br/><i>Maglev Regio Lille–Bergen</i> Richtung Lille (Turmbahnhof): an xx:16 / ab xx:17 &mdash; Pfeilertrasse an der dänischen Westküste<br/><style>@media (prefers-color-scheme: dark) { body { background:#1e1e1e; color:#eee; } }</style>]]></description>
    <LookAt>
      <longitude>8.244400</longitude>
      <latitude>56.090800</latitude>
      <altitude>0</altitude>
      <heading>0</heading>
      <tilt>0</tilt>
      <range>2500</range>
      <altitudeMode>clampToGround</altitudeMode>
    </LookAt>
    <styleUrl>#station_default</styleUrl>
    <Point>
      <coordinates>8.244400,56.090800,0</coordinates>
    </Point>
  </Placemark>
  <Placemark>
    <name>Rochester-South Hub</name>
    <description><![CDATA[<b>Rochester-South Hub</b><br/><br/><i>Northern Horizon Arc (NHA)</i> Richtung Boston-West Route 128: an xx:00 / ab xx:02 &mdash; Geländebahnhof am Kreuz I-90/I-390 (Henrietta)<br/><i>Northern Horizon Arc (NHA)</i> Richtung Surrey (Vancouver): an xx:14 / ab xx:16 &mdash; Geländebahnhof am Kreuz I-90/I-390 (Henrietta)<br/><style>@media (prefers-color-scheme: dark) { body { background:#1e1e1e; color:#eee; } }</style>]]></description>
    <LookAt>
      <longitude>-77.620000</longitude>
      <latitude>43.070000</latitude>
      <altitude>0</altitude>
      <heading>0</heading>
      <tilt>0</tilt>
      <range>2500</range>
      <altitudeMode>clampToGround</altitudeMode>
    </LookAt>
    <styleUrl>#station_default</styleUrl>
    <Point>
      <coordinates>-77.620000,43.070000,0</coordinates>
    </Point>
  </Placemark>
  <Placemark>
    <name>Rosenheim</name>
    <description><![CDATA[<b>Rosenheim</b><br/><br/><i>Rhein-Ruhr-Krim-Magistrale (Ruhr-Schwarzmeer)</i> Richtung Sevastopol: an xx:56 / ab xx:58 &mdash; Viadukttraverse an der A8, Hochbau-Sprint max. 600 km/h vor der Alpenquerung<br/><i>Rhein-Ruhr-Krim-Magistrale (Ruhr-Schwarzmeer)</i> Richtung Bochum Hbf: an xx:38 / ab xx:40 &mdash; Viadukttraverse an der A8, Hochbau-Sprint max. 600 km/h vor der Alpenquerung<br/><style>@media (prefers-color-scheme: dark) { body { background:#1e1e1e; color:#eee; } }</style>]]></description>
    <LookAt>
      <longitude>12.118300</longitude>
      <latitude>47.850600</latitude>
      <altitude>0</altitude>
      <heading>0</heading>
      <tilt>0</tilt>
      <range>2500</range>
      <altitudeMode>clampToGround</altitudeMode>
    </LookAt>
    <styleUrl>#station_default</styleUrl>
    <Point>
      <coordinates>12.118300,47.850600,0</coordinates>
    </Point>
  </Placemark>
  <Placemark>
    <name>Rostock (Seehafen)</name>
    <description><![CDATA[<b>Rostock (Seehafen)</b><br/><br/><i>Maglev Express Oslo–Inverness</i> Richtung Inverness (Longman): an xx:15 / ab xx:17 &mdash; Hochbahnhof über dem Seehafenareal an der A19, erster deutscher Netzknoten<br/><i>Maglev Express Oslo–Inverness</i> Richtung Oslo (Alnabru): an xx:20 / ab xx:22 &mdash; Hochbahnhof über dem Seehafenareal an der A19, erster deutscher Netzknoten<br/><style>@media (prefers-color-scheme: dark) { body { background:#1e1e1e; color:#eee; } }</style>]]></description>
    <LookAt>
      <longitude>12.125000</longitude>
      <latitude>54.145000</latitude>
      <altitude>0</altitude>
      <heading>0</heading>
      <tilt>0</tilt>
      <range>2500</range>
      <altitudeMode>clampToGround</altitudeMode>
    </LookAt>
    <styleUrl>#station_default</styleUrl>
    <Point>
      <coordinates>12.125000,54.145000,0</coordinates>
    </Point>
  </Placemark>
  <Placemark>
    <name>Rotter Platz – Wuppertal</name>
    <description><![CDATA[<b>Rotter Platz – Wuppertal</b><br/><br/><i>Wuppertal-Bochum-Castrop-Express</i> Richtung Castrop-Rauxel Münsterplatz: an xx:08 / ab xx:08 &mdash; Tiefbahnhof unter B7/Rottstraße<br/><i>Wuppertal-Bochum-Castrop-Express</i> Richtung High Speed Hub Wuppertal Nord: an xx:53 / ab xx:54 &mdash; Tiefbahnhof unter B7/Rottstraße<br/><style>@media (prefers-color-scheme: dark) { body { background:#1e1e1e; color:#eee; } }</style>]]></description>
    <LookAt>
      <longitude>7.186190</longitude>
      <latitude>51.273304</latitude>
      <altitude>0</altitude>
      <heading>0</heading>
      <tilt>0</tilt>
      <range>2500</range>
      <altitudeMode>clampToGround</altitudeMode>
    </LookAt>
    <styleUrl>#station_default</styleUrl>
    <Point>
      <coordinates>7.186190,51.273304,0</coordinates>
    </Point>
  </Placemark>
  <Placemark>
    <name>Rovaniemi</name>
    <description><![CDATA[<b>Rovaniemi</b><br/><br/><i>Arktis-Afrika-Magistrale</i> Richtung Casablanca: an xx:02 / ab xx:05 &mdash; Hochbahnhof, arktische Systemwechsel-Zentrale, Auffächerung 2-gleisig auf 6-gleisig<br/><i>Arktis-Afrika-Magistrale</i> Richtung Nordkapp: an xx:47 / ab xx:50 &mdash; Hochbahnhof, arktische Systemwechsel-Zentrale, Auffächerung 2-gleisig auf 6-gleisig<br/><style>@media (prefers-color-scheme: dark) { body { background:#1e1e1e; color:#eee; } }</style>]]></description>
    <LookAt>
      <longitude>25.729400</longitude>
      <latitude>66.503900</latitude>
      <altitude>0</altitude>
      <heading>0</heading>
      <tilt>0</tilt>
      <range>2500</range>
      <altitudeMode>clampToGround</altitudeMode>
    </LookAt>
    <styleUrl>#station_default</styleUrl>
    <Point>
      <coordinates>25.729400,66.503900,0</coordinates>
    </Point>
  </Placemark>
  <Placemark>
    <name>Rumia</name>
    <description><![CDATA[<b>Rumia</b><br/><br/><i>Brandenburg Hbf–Hel</i> Richtung Hel: an xx:55 / ab xx:56 &mdash; Halt unkritisch<br/><i>Brandenburg Hbf–Hel</i> Richtung Brandenburg Hbf: an xx:17 / ab xx:18 &mdash; Halt unkritisch<br/><style>@media (prefers-color-scheme: dark) { body { background:#1e1e1e; color:#eee; } }</style>]]></description>
    <LookAt>
      <longitude>18.390000</longitude>
      <latitude>54.571900</latitude>
      <altitude>0</altitude>
      <heading>0</heading>
      <tilt>0</tilt>
      <range>2500</range>
      <altitudeMode>clampToGround</altitudeMode>
    </LookAt>
    <styleUrl>#station_default</styleUrl>
    <Point>
      <coordinates>18.390000,54.571900,0</coordinates>
    </Point>
  </Placemark>
  <Placemark>
    <name>Rumia Janowo</name>
    <description><![CDATA[<b>Rumia Janowo</b><br/><br/><i>Brandenburg Hbf–Hel</i> Richtung Hel: an xx:51 / ab xx:52 &mdash; Halt unkritisch für 3-Teiler<br/><i>Brandenburg Hbf–Hel</i> Richtung Brandenburg Hbf: an xx:21 / ab xx:22 &mdash; Halt unkritisch für 3-Teiler<br/><style>@media (prefers-color-scheme: dark) { body { background:#1e1e1e; color:#eee; } }</style>]]></description>
    <LookAt>
      <longitude>18.420708</longitude>
      <latitude>54.570300</latitude>
      <altitude>0</altitude>
      <heading>0</heading>
      <tilt>0</tilt>
      <range>2500</range>
      <altitudeMode>clampToGround</altitudeMode>
    </LookAt>
    <styleUrl>#station_default</styleUrl>
    <Point>
      <coordinates>18.420708,54.570300,0</coordinates>
    </Point>
  </Placemark>
  <Placemark>
    <name>Runowo Pomorskie</name>
    <description><![CDATA[<b>Runowo Pomorskie</b><br/><br/><i>Brandenburg Hbf–Hel</i> Richtung Hel: an xx:12 / ab xx:13 &mdash; Abzweig auf den Ostbahn-Korridor, Punktlandung auf Peron 2 (exakt 210 m)<br/><i>Brandenburg Hbf–Hel</i> Richtung Brandenburg Hbf: an xx:00 / ab xx:01 &mdash; Abzweig auf den Ostbahn-Korridor, Punktlandung auf Peron 2 (exakt 210 m)<br/><style>@media (prefers-color-scheme: dark) { body { background:#1e1e1e; color:#eee; } }</style>]]></description>
    <LookAt>
      <longitude>15.527900</longitude>
      <latitude>53.552118</latitude>
      <altitude>0</altitude>
      <heading>0</heading>
      <tilt>0</tilt>
      <range>2500</range>
      <altitudeMode>clampToGround</altitudeMode>
    </LookAt>
    <styleUrl>#station_default</styleUrl>
    <Point>
      <coordinates>15.527900,53.552118,0</coordinates>
    </Point>
  </Placemark>
  <Placemark>
    <name>Sacramento-North Hub</name>
    <description><![CDATA[<b>Sacramento-North Hub</b><br/><br/><i>PCMS – Pacific Crest &amp; Mesoamerica Spine</i> Richtung Mexico City-Huehuetoca Hub: an xx:21 / ab xx:25 &mdash; Peripherer Knotenpunkt am Riesenkreuz I-5/I-80 (Natomas)<br/><i>PCMS – Pacific Crest &amp; Mesoamerica Spine</i> Richtung Surrey (Vancouver): an xx:58 / ab xx:02 &mdash; Peripherer Knotenpunkt am Riesenkreuz I-5/I-80 (Natomas)<br/><style>@media (prefers-color-scheme: dark) { body { background:#1e1e1e; color:#eee; } }</style>]]></description>
    <LookAt>
      <longitude>-121.321000</longitude>
      <latitude>38.687500</latitude>
      <altitude>0</altitude>
      <heading>0</heading>
      <tilt>0</tilt>
      <range>2500</range>
      <altitudeMode>clampToGround</altitudeMode>
    </LookAt>
    <styleUrl>#station_default</styleUrl>
    <Point>
      <coordinates>-121.321000,38.687500,0</coordinates>
    </Point>
  </Placemark>
  <Placemark>
    <name>Saint John-Bypass</name>
    <description><![CDATA[<b>Saint John-Bypass</b><br/><br/><i>NCAMS Express (Northern Continental &amp; Atlantic Maritime Spine)</i> Richtung Halifax-Dartmouth Terminus: an xx:25 / ab xx:27 &mdash; Nördlich der Hafenstadt am Kreuz Route 1/Route 7<br/><i>NCAMS Express (Northern Continental &amp; Atlantic Maritime Spine)</i> Richtung Surrey (Vancouver): an xx:48 / ab xx:50 &mdash; Nördlich der Hafenstadt am Kreuz Route 1/Route 7<br/><style>@media (prefers-color-scheme: dark) { body { background:#1e1e1e; color:#eee; } }</style>]]></description>
    <LookAt>
      <longitude>-66.080000</longitude>
      <latitude>45.300000</latitude>
      <altitude>0</altitude>
      <heading>0</heading>
      <tilt>0</tilt>
      <range>2500</range>
      <altitudeMode>clampToGround</altitudeMode>
    </LookAt>
    <styleUrl>#station_default</styleUrl>
    <Point>
      <coordinates>-66.080000,45.300000,0</coordinates>
    </Point>
  </Placemark>
  <Placemark>
    <name>Salzburg</name>
    <description><![CDATA[<b>Salzburg</b><br/><br/><i>Rhein-Ruhr-Krim-Magistrale (Ruhr-Schwarzmeer)</i> Richtung Sevastopol: an xx:08 / ab xx:10 &mdash; Tiefbahnhof in stadtnaher Tunnelröhre parallel zur A1, Tunnelzone strikt 400 km/h<br/><i>Rhein-Ruhr-Krim-Magistrale (Ruhr-Schwarzmeer)</i> Richtung Bochum Hbf: an xx:26 / ab xx:28 &mdash; Tiefbahnhof in stadtnaher Tunnelröhre parallel zur A1, Tunnelzone strikt 400 km/h<br/><style>@media (prefers-color-scheme: dark) { body { background:#1e1e1e; color:#eee; } }</style>]]></description>
    <LookAt>
      <longitude>13.045000</longitude>
      <latitude>47.812900</latitude>
      <altitude>0</altitude>
      <heading>0</heading>
      <tilt>0</tilt>
      <range>2500</range>
      <altitudeMode>clampToGround</altitudeMode>
    </LookAt>
    <styleUrl>#station_default</styleUrl>
    <Point>
      <coordinates>13.045000,47.812900,0</coordinates>
    </Point>
  </Placemark>
  <Placemark>
    <name>San Diego-Torrey Pines</name>
    <description><![CDATA[<b>San Diego-Torrey Pines</b><br/><br/><i>PCMS – Pacific Crest &amp; Mesoamerica Spine</i> Richtung Mexico City-Huehuetoca Hub: an xx:05 / ab xx:07 &mdash; Terrassenbahnhof im Sorrento Valley am Kreuz I-5/I-805<br/><i>PCMS – Pacific Crest &amp; Mesoamerica Spine</i> Richtung Surrey (Vancouver): an xx:16 / ab xx:18 &mdash; Terrassenbahnhof im Sorrento Valley am Kreuz I-5/I-805<br/><style>@media (prefers-color-scheme: dark) { body { background:#1e1e1e; color:#eee; } }</style>]]></description>
    <LookAt>
      <longitude>-117.234000</longitude>
      <latitude>32.899400</latitude>
      <altitude>0</altitude>
      <heading>0</heading>
      <tilt>0</tilt>
      <range>2500</range>
      <altitudeMode>clampToGround</altitudeMode>
    </LookAt>
    <styleUrl>#station_default</styleUrl>
    <Point>
      <coordinates>-117.234000,32.899400,0</coordinates>
    </Point>
  </Placemark>
  <Placemark>
    <name>Sarajevo (Ilidža)</name>
    <description><![CDATA[<b>Sarajevo (Ilidža)</b><br/><br/><i>Maglev Magistrale Paris–Singapur</i> Richtung Singapore (Changi Ost): an xx:08 / ab xx:10 &mdash; Tiefbahnhof, Gebirgstunnel-Großkaverne, dinarischer Hochgebirgsknoten<br/><i>Maglev Magistrale Paris–Singapur</i> Richtung Paris (CDG): an xx:08 / ab xx:10 &mdash; Tiefbahnhof, Gebirgstunnel-Großkaverne, dinarischer Hochgebirgsknoten<br/><style>@media (prefers-color-scheme: dark) { body { background:#1e1e1e; color:#eee; } }</style>]]></description>
    <LookAt>
      <longitude>18.291900</longitude>
      <latitude>43.839700</latitude>
      <altitude>0</altitude>
      <heading>0</heading>
      <tilt>0</tilt>
      <range>2500</range>
      <altitudeMode>clampToGround</altitudeMode>
    </LookAt>
    <styleUrl>#station_default</styleUrl>
    <Point>
      <coordinates>18.291900,43.839700,0</coordinates>
    </Point>
  </Placemark>
  <Placemark>
    <name>Schiermonnikoog</name>
    <description><![CDATA[<b>Schiermonnikoog</b><br/><br/><i>Maglev Regio Lille–Bergen</i> Richtung Bergen: an xx:38 / ab xx:39 &mdash; Inselkaverne, dt.-niederl. Sektorengrenze (3 Gleise)<br/><i>Maglev Regio Lille–Bergen</i> Richtung Lille (Turmbahnhof): an xx:24 / ab xx:25 &mdash; Inselkaverne, dt.-niederl. Sektorengrenze (3 Gleise)<br/><style>@media (prefers-color-scheme: dark) { body { background:#1e1e1e; color:#eee; } }</style>]]></description>
    <LookAt>
      <longitude>6.166700</longitude>
      <latitude>53.483300</latitude>
      <altitude>0</altitude>
      <heading>0</heading>
      <tilt>0</tilt>
      <range>2500</range>
      <altitudeMode>clampToGround</altitudeMode>
    </LookAt>
    <styleUrl>#station_default</styleUrl>
    <Point>
      <coordinates>6.166700,53.483300,0</coordinates>
    </Point>
  </Placemark>
  <Placemark>
    <name>Schwerin</name>
    <description><![CDATA[<b>Schwerin</b><br/><br/><i>Maglev Express Oslo–Inverness</i> Richtung Inverness (Longman): an xx:33 / ab xx:34 &mdash; Tiefbahnhof (Flachtunnel) am Kreuz A14/B106<br/><i>Maglev Express Oslo–Inverness</i> Richtung Oslo (Alnabru): an xx:03 / ab xx:04 &mdash; Tiefbahnhof (Flachtunnel) am Kreuz A14/B106<br/><style>@media (prefers-color-scheme: dark) { body { background:#1e1e1e; color:#eee; } }</style>]]></description>
    <LookAt>
      <longitude>11.425000</longitude>
      <latitude>53.595000</latitude>
      <altitude>0</altitude>
      <heading>0</heading>
      <tilt>0</tilt>
      <range>2500</range>
      <altitudeMode>clampToGround</altitudeMode>
    </LookAt>
    <styleUrl>#station_default</styleUrl>
    <Point>
      <coordinates>11.425000,53.595000,0</coordinates>
    </Point>
  </Placemark>
  <Placemark>
    <name>Seattle-Tukwila Hub</name>
    <description><![CDATA[<b>Seattle-Tukwila Hub</b><br/><br/><i>NCAMS Express (Northern Continental &amp; Atlantic Maritime Spine)</i> Richtung Halifax-Dartmouth Terminus: an xx:20 / ab xx:22 &mdash; Vertikaler Turmbahnhof am Kreuz I-5/I-405<br/><i>NCAMS Express (Northern Continental &amp; Atlantic Maritime Spine)</i> Richtung Surrey (Vancouver): an xx:53 / ab xx:55 &mdash; Vertikaler Turmbahnhof am Kreuz I-5/I-405<br/><i>Northern Horizon Arc (NHA)</i> Richtung Boston-West Route 128: an xx:20 / ab xx:22 &mdash; Vertikaler Turmbahnhof am Autobahnkreuz I-5/I-405<br/><i>Northern Horizon Arc (NHA)</i> Richtung Surrey (Vancouver): an xx:54 / ab xx:56 &mdash; Vertikaler Turmbahnhof am Autobahnkreuz I-5/I-405<br/><i>PCMS – Pacific Crest &amp; Mesoamerica Spine</i> Richtung Mexico City-Huehuetoca Hub: an xx:20 / ab xx:22 &mdash; Vertikaler Turmbahnhof am Autobahnkreuz I-5/I-405<br/><i>PCMS – Pacific Crest &amp; Mesoamerica Spine</i> Richtung Surrey (Vancouver): an xx:01 / ab xx:03 &mdash; Vertikaler Turmbahnhof am Autobahnkreuz I-5/I-405<br/><i>PNW-MAE (Pacific Northwest &amp; Mid-Atlantic Express)</i> Richtung New York City Penn Deep: an xx:20 / ab xx:22 &mdash; Vertikaler Turmbahnhof am Autobahnkreuz I-5/I-405<br/><i>PNW-MAE (Pacific Northwest &amp; Mid-Atlantic Express)</i> Richtung Surrey (Vancouver): an xx:24 / ab xx:26 &mdash; Vertikaler Turmbahnhof am Autobahnkreuz I-5/I-405<br/><style>@media (prefers-color-scheme: dark) { body { background:#1e1e1e; color:#eee; } }</style>]]></description>
    <LookAt>
      <longitude>-122.261000</longitude>
      <latitude>47.474000</latitude>
      <altitude>0</altitude>
      <heading>0</heading>
      <tilt>0</tilt>
      <range>2500</range>
      <altitudeMode>clampToGround</altitudeMode>
    </LookAt>
    <styleUrl>#station_default</styleUrl>
    <Point>
      <coordinates>-122.261000,47.474000,0</coordinates>
    </Point>
  </Placemark>
  <Placemark>
    <name>Sevastopol</name>
    <description><![CDATA[<b>Sevastopol</b><br/><br/><i>Rhein-Ruhr-Krim-Magistrale (Ruhr-Schwarzmeer)</i> Endstation: an xx:36 &mdash; Unterirdische Felskaverne an der Südküste der Krim, Küsten- und Tunnelprofil 400 km/h, Endpunkt mit Moving-Block-Wendeschleife<br/><i>Rhein-Ruhr-Krim-Magistrale (Ruhr-Schwarzmeer)</i> Richtung Bochum Hbf: ab xx:00 &mdash; Unterirdische Felskaverne an der Südküste der Krim, Küsten- und Tunnelprofil 400 km/h, Endpunkt mit Moving-Block-Wendeschleife<br/><style>@media (prefers-color-scheme: dark) { body { background:#1e1e1e; color:#eee; } }</style>]]></description>
    <LookAt>
      <longitude>33.522000</longitude>
      <latitude>44.605400</latitude>
      <altitude>0</altitude>
      <heading>0</heading>
      <tilt>0</tilt>
      <range>2500</range>
      <altitudeMode>clampToGround</altitudeMode>
    </LookAt>
    <styleUrl>#station_default</styleUrl>
    <Point>
      <coordinates>33.522000,44.605400,0</coordinates>
    </Point>
  </Placemark>
  <Placemark>
    <name>Signal Iduna Park</name>
    <description><![CDATA[<b>Signal Iduna Park</b><br/><br/><i>Münsterland-Ruhrgebiet-Express</i> Richtung Winterswijk Bahnhof/City: an xx:21 / ab xx:22 &mdash; Hochbahnhof auf Megastelzen über der Strobelallee<br/><i>Münsterland-Ruhrgebiet-Express</i> Richtung Kamener Kreuz: an xx:23 / ab xx:24 &mdash; Hochbahnhof auf Megastelzen über der Strobelallee<br/><style>@media (prefers-color-scheme: dark) { body { background:#1e1e1e; color:#eee; } }</style>]]></description>
    <LookAt>
      <longitude>7.457874</longitude>
      <latitude>51.490760</latitude>
      <altitude>0</altitude>
      <heading>0</heading>
      <tilt>0</tilt>
      <range>2500</range>
      <altitudeMode>clampToGround</altitudeMode>
    </LookAt>
    <styleUrl>#station_default</styleUrl>
    <Point>
      <coordinates>7.457874,51.490760,0</coordinates>
    </Point>
  </Placemark>
  <Placemark>
    <name>Singapore (Changi Ost)</name>
    <description><![CDATA[<b>Singapore (Changi Ost)</b><br/><br/><i>Maglev Magistrale Paris–Singapur</i> Endstation: an xx:18 &mdash; Tiefbahnhof, vollautomatisierter Untergrund-Terminal Changi Ost, interkontinentaler Endpunkt<br/><i>Maglev Magistrale Paris–Singapur</i> Richtung Paris (CDG): ab xx:00 &mdash; Tiefbahnhof, vollautomatisierter Untergrund-Terminal Changi Ost, interkontinentaler Endpunkt<br/><style>@media (prefers-color-scheme: dark) { body { background:#1e1e1e; color:#eee; } }</style>]]></description>
    <LookAt>
      <longitude>103.989500</longitude>
      <latitude>1.359200</latitude>
      <altitude>0</altitude>
      <heading>0</heading>
      <tilt>0</tilt>
      <range>2500</range>
      <altitudeMode>clampToGround</altitudeMode>
    </LookAt>
    <styleUrl>#station_default</styleUrl>
    <Point>
      <coordinates>103.989500,1.359200,0</coordinates>
    </Point>
  </Placemark>
  <Placemark>
    <name>Siracusa</name>
    <description><![CDATA[<b>Siracusa</b><br/><br/><i>Arktis-Afrika-Magistrale</i> Richtung Casablanca: an xx:08 / ab xx:10 &mdash; Tiefbahnhof, kryogene Kühlschleuse nach dem 900 km langen Ionischen Untersee-Tunnel<br/><i>Arktis-Afrika-Magistrale</i> Richtung Nordkapp: an xx:42 / ab xx:44 &mdash; Tiefbahnhof, kryogene Kühlschleuse nach dem 900 km langen Ionischen Untersee-Tunnel<br/><style>@media (prefers-color-scheme: dark) { body { background:#1e1e1e; color:#eee; } }</style>]]></description>
    <LookAt>
      <longitude>15.286600</longitude>
      <latitude>37.075500</latitude>
      <altitude>0</altitude>
      <heading>0</heading>
      <tilt>0</tilt>
      <range>2500</range>
      <altitudeMode>clampToGround</altitudeMode>
    </LookAt>
    <styleUrl>#station_default</styleUrl>
    <Point>
      <coordinates>15.286600,37.075500,0</coordinates>
    </Point>
  </Placemark>
  <Placemark>
    <name>Skjern</name>
    <description><![CDATA[<b>Skjern</b><br/><br/><i>Maglev Regio Lille–Bergen</i> Richtung Bergen: an xx:41 / ab xx:42 &mdash; Express-Viadukt über der Flusslandschaft Skjern Å<br/><i>Maglev Regio Lille–Bergen</i> Richtung Lille (Turmbahnhof): an xx:21 / ab xx:22 &mdash; Express-Viadukt über der Flusslandschaft Skjern Å<br/><style>@media (prefers-color-scheme: dark) { body { background:#1e1e1e; color:#eee; } }</style>]]></description>
    <LookAt>
      <longitude>8.493100</longitude>
      <latitude>55.950000</latitude>
      <altitude>0</altitude>
      <heading>0</heading>
      <tilt>0</tilt>
      <range>2500</range>
      <altitudeMode>clampToGround</altitudeMode>
    </LookAt>
    <styleUrl>#station_default</styleUrl>
    <Point>
      <coordinates>8.493100,55.950000,0</coordinates>
    </Point>
  </Placemark>
  <Placemark>
    <name>Skopje (Ilinden)</name>
    <description><![CDATA[<b>Skopje (Ilinden)</b><br/><br/><i>Maglev Magistrale Paris–Singapur</i> Richtung Singapore (Changi Ost): an xx:59 / ab xx:01 &mdash; Hochbahnhof im peripheren Logistikareal Ilinden an der A1<br/><i>Maglev Magistrale Paris–Singapur</i> Richtung Paris (CDG): an xx:17 / ab xx:19 &mdash; Hochbahnhof im peripheren Logistikareal Ilinden an der A1<br/><style>@media (prefers-color-scheme: dark) { body { background:#1e1e1e; color:#eee; } }</style>]]></description>
    <LookAt>
      <longitude>21.558300</longitude>
      <latitude>41.968600</latitude>
      <altitude>0</altitude>
      <heading>0</heading>
      <tilt>0</tilt>
      <range>2500</range>
      <altitudeMode>clampToGround</altitudeMode>
    </LookAt>
    <styleUrl>#station_default</styleUrl>
    <Point>
      <coordinates>21.558300,41.968600,0</coordinates>
    </Point>
  </Placemark>
  <Placemark>
    <name>Sønderho (Fanø)</name>
    <description><![CDATA[<b>Sønderho (Fanø)</b><br/><br/><i>Maglev Regio Lille–Bergen</i> Richtung Bergen: an xx:14 / ab xx:15 &mdash; Südliche Kaverne Fanøs (3 Gleise)<br/><i>Maglev Regio Lille–Bergen</i> Richtung Lille (Turmbahnhof): an xx:48 / ab xx:49 &mdash; Südliche Kaverne Fanøs (3 Gleise)<br/><style>@media (prefers-color-scheme: dark) { body { background:#1e1e1e; color:#eee; } }</style>]]></description>
    <LookAt>
      <longitude>8.416700</longitude>
      <latitude>55.316700</latitude>
      <altitude>0</altitude>
      <heading>0</heading>
      <tilt>0</tilt>
      <range>2500</range>
      <altitudeMode>clampToGround</altitudeMode>
    </LookAt>
    <styleUrl>#station_default</styleUrl>
    <Point>
      <coordinates>8.416700,55.316700,0</coordinates>
    </Point>
  </Placemark>
  <Placemark>
    <name>Spiekeroog</name>
    <description><![CDATA[<b>Spiekeroog</b><br/><br/><i>Maglev Regio Lille–Bergen</i> Richtung Bergen: an xx:11 / ab xx:12 &mdash; Fels- und Sedimentkaverne (3 Gleise)<br/><i>Maglev Regio Lille–Bergen</i> Richtung Lille (Turmbahnhof): an xx:51 / ab xx:52 &mdash; Fels- und Sedimentkaverne (3 Gleise)<br/><style>@media (prefers-color-scheme: dark) { body { background:#1e1e1e; color:#eee; } }</style>]]></description>
    <LookAt>
      <longitude>7.685000</longitude>
      <latitude>53.771700</latitude>
      <altitude>0</altitude>
      <heading>0</heading>
      <tilt>0</tilt>
      <range>2500</range>
      <altitudeMode>clampToGround</altitudeMode>
    </LookAt>
    <styleUrl>#station_default</styleUrl>
    <Point>
      <coordinates>7.685000,53.771700,0</coordinates>
    </Point>
  </Placemark>
  <Placemark>
    <name>Spokane-West Hub</name>
    <description><![CDATA[<b>Spokane-West Hub</b><br/><br/><i>NCAMS Express (Northern Continental &amp; Atlantic Maritime Spine)</i> Richtung Halifax-Dartmouth Terminus: an xx:12 / ab xx:14 &mdash; Westliche Stadtgrenze am Knotenpunkt I-90/US-2 (Sunset Hill)<br/><i>NCAMS Express (Northern Continental &amp; Atlantic Maritime Spine)</i> Richtung Surrey (Vancouver): an xx:01 / ab xx:03 &mdash; Westliche Stadtgrenze am Knotenpunkt I-90/US-2 (Sunset Hill)<br/><style>@media (prefers-color-scheme: dark) { body { background:#1e1e1e; color:#eee; } }</style>]]></description>
    <LookAt>
      <longitude>-117.426000</longitude>
      <latitude>47.658800</latitude>
      <altitude>0</altitude>
      <heading>0</heading>
      <tilt>0</tilt>
      <range>2500</range>
      <altitudeMode>clampToGround</altitudeMode>
    </LookAt>
    <styleUrl>#station_default</styleUrl>
    <Point>
      <coordinates>-117.426000,47.658800,0</coordinates>
    </Point>
  </Placemark>
  <Placemark>
    <name>St. Peter-Ording</name>
    <description><![CDATA[<b>St. Peter-Ording</b><br/><br/><i>Maglev Regio Lille–Bergen</i> Richtung Bergen: an xx:37 / ab xx:38 &mdash; Marschenviadukt, erster Festlandkontakt Schleswig-Holstein<br/><i>Maglev Regio Lille–Bergen</i> Richtung Lille (Turmbahnhof): an xx:25 / ab xx:26 &mdash; Marschenviadukt, erster Festlandkontakt Schleswig-Holstein<br/><style>@media (prefers-color-scheme: dark) { body { background:#1e1e1e; color:#eee; } }</style>]]></description>
    <LookAt>
      <longitude>8.638600</longitude>
      <latitude>54.309700</latitude>
      <altitude>0</altitude>
      <heading>0</heading>
      <tilt>0</tilt>
      <range>2500</range>
      <altitudeMode>clampToGround</altitudeMode>
    </LookAt>
    <styleUrl>#station_default</styleUrl>
    <Point>
      <coordinates>8.638600,54.309700,0</coordinates>
    </Point>
  </Placemark>
  <Placemark>
    <name>St. Petersburg</name>
    <description><![CDATA[<b>St. Petersburg</b><br/><br/><i>Arktis-Afrika-Magistrale</i> Richtung Casablanca: an xx:35 / ab xx:39 &mdash; Hochbahnhof, Riesen-Knotenpunkt am südlichen Autobahnring KAD<br/><i>Arktis-Afrika-Magistrale</i> Richtung Nordkapp: an xx:13 / ab xx:17 &mdash; Hochbahnhof, Riesen-Knotenpunkt am südlichen Autobahnring KAD<br/><style>@media (prefers-color-scheme: dark) { body { background:#1e1e1e; color:#eee; } }</style>]]></description>
    <LookAt>
      <longitude>30.360900</longitude>
      <latitude>59.931100</latitude>
      <altitude>0</altitude>
      <heading>0</heading>
      <tilt>0</tilt>
      <range>2500</range>
      <altitudeMode>clampToGround</altitudeMode>
    </LookAt>
    <styleUrl>#station_default</styleUrl>
    <Point>
      <coordinates>30.360900,59.931100,0</coordinates>
    </Point>
  </Placemark>
  <Placemark>
    <name>St. Pölten</name>
    <description><![CDATA[<b>St. Pölten</b><br/><br/><i>Rhein-Ruhr-Krim-Magistrale (Ruhr-Schwarzmeer)</i> Richtung Sevastopol: an xx:38 / ab xx:40 &mdash; Betonviadukt entlang der A1, freie Highspeed-Strecke 600 km/h<br/><i>Rhein-Ruhr-Krim-Magistrale (Ruhr-Schwarzmeer)</i> Richtung Bochum Hbf: an xx:56 / ab xx:58 &mdash; Betonviadukt entlang der A1, freie Highspeed-Strecke 600 km/h<br/><style>@media (prefers-color-scheme: dark) { body { background:#1e1e1e; color:#eee; } }</style>]]></description>
    <LookAt>
      <longitude>15.624700</longitude>
      <latitude>48.208100</latitude>
      <altitude>0</altitude>
      <heading>0</heading>
      <tilt>0</tilt>
      <range>2500</range>
      <altitudeMode>clampToGround</altitudeMode>
    </LookAt>
    <styleUrl>#station_default</styleUrl>
    <Point>
      <coordinates>15.624700,48.208100,0</coordinates>
    </Point>
  </Placemark>
  <Placemark>
    <name>St. Stephen Border Gate</name>
    <description><![CDATA[<b>St. Stephen Border Gate</b><br/><br/><i>NCAMS Express (Northern Continental &amp; Atlantic Maritime Spine)</i> Richtung Halifax-Dartmouth Terminus: an xx:09 / ab xx:11 &mdash; Erste Station auf kanadischem Boden (New Brunswick) am Highway 1/Route 3<br/><i>NCAMS Express (Northern Continental &amp; Atlantic Maritime Spine)</i> Richtung Surrey (Vancouver): an xx:04 / ab xx:06 &mdash; Erste Station auf kanadischem Boden (New Brunswick) am Highway 1/Route 3<br/><style>@media (prefers-color-scheme: dark) { body { background:#1e1e1e; color:#eee; } }</style>]]></description>
    <LookAt>
      <longitude>-67.283000</longitude>
      <latitude>45.197000</latitude>
      <altitude>0</altitude>
      <heading>0</heading>
      <tilt>0</tilt>
      <range>2500</range>
      <altitudeMode>clampToGround</altitudeMode>
    </LookAt>
    <styleUrl>#station_default</styleUrl>
    <Point>
      <coordinates>-67.283000,45.197000,0</coordinates>
    </Point>
  </Placemark>
  <Placemark>
    <name>Stadtkrone Ost</name>
    <description><![CDATA[<b>Stadtkrone Ost</b><br/><br/><i>Münsterland-Ruhrgebiet-Express</i> Richtung Winterswijk Bahnhof/City: an xx:14 / ab xx:15 &mdash; Tiefbahnhof unter der B1, Umstieg U47<br/><i>Münsterland-Ruhrgebiet-Express</i> Richtung Kamener Kreuz: an xx:31 / ab xx:31 &mdash; Tiefbahnhof unter der B1, Umstieg U47<br/><style>@media (prefers-color-scheme: dark) { body { background:#1e1e1e; color:#eee; } }</style>]]></description>
    <LookAt>
      <longitude>7.526441</longitude>
      <latitude>51.505970</latitude>
      <altitude>0</altitude>
      <heading>0</heading>
      <tilt>0</tilt>
      <range>2500</range>
      <altitudeMode>clampToGround</altitudeMode>
    </LookAt>
    <styleUrl>#station_default</styleUrl>
    <Point>
      <coordinates>7.526441,51.505970,0</coordinates>
    </Point>
  </Placemark>
  <Placemark>
    <name>Starogard Gdański</name>
    <description><![CDATA[<b>Starogard Gdański</b><br/><br/><i>Brandenburg Hbf–Hel</i> Richtung Hel: an xx:12 / ab xx:13 &mdash; Engpass: Peron 2 zu kurz (202 m), Stellwerk leitet bevorzugt auf Peron 1<br/><i>Brandenburg Hbf–Hel</i> Richtung Brandenburg Hbf: an xx:00 / ab xx:01 &mdash; Engpass: Peron 2 zu kurz (202 m), Stellwerk leitet bevorzugt auf Peron 1<br/><style>@media (prefers-color-scheme: dark) { body { background:#1e1e1e; color:#eee; } }</style>]]></description>
    <LookAt>
      <longitude>18.530800</longitude>
      <latitude>53.968900</latitude>
      <altitude>0</altitude>
      <heading>0</heading>
      <tilt>0</tilt>
      <range>2500</range>
      <altitudeMode>clampToGround</altitudeMode>
    </LookAt>
    <styleUrl>#station_default</styleUrl>
    <Point>
      <coordinates>18.530800,53.968900,0</coordinates>
    </Point>
  </Placemark>
  <Placemark>
    <name>Stavanger</name>
    <description><![CDATA[<b>Stavanger</b><br/><br/><i>Maglev Regio Lille–Bergen</i> Richtung Bergen: an xx:31 / ab xx:33 &mdash; Megakavernennetz im Industriezentrum Forus<br/><i>Maglev Regio Lille–Bergen</i> Richtung Lille (Turmbahnhof): an xx:30 / ab xx:32 &mdash; Megakavernennetz im Industriezentrum Forus<br/><style>@media (prefers-color-scheme: dark) { body { background:#1e1e1e; color:#eee; } }</style>]]></description>
    <LookAt>
      <longitude>5.733100</longitude>
      <latitude>58.970000</latitude>
      <altitude>0</altitude>
      <heading>0</heading>
      <tilt>0</tilt>
      <range>2500</range>
      <altitudeMode>clampToGround</altitudeMode>
    </LookAt>
    <styleUrl>#station_default</styleUrl>
    <Point>
      <coordinates>5.733100,58.970000,0</coordinates>
    </Point>
  </Placemark>
  <Placemark>
    <name>Struer</name>
    <description><![CDATA[<b>Struer</b><br/><br/><i>Maglev Regio Lille–Bergen</i> Richtung Bergen: an xx:58 / ab xx:59 &mdash; Hochbahn-Abfangknoten vor dem Limfjord-Südufer<br/><i>Maglev Regio Lille–Bergen</i> Richtung Lille (Turmbahnhof): an xx:04 / ab xx:05 &mdash; Hochbahn-Abfangknoten vor dem Limfjord-Südufer<br/><style>@media (prefers-color-scheme: dark) { body { background:#1e1e1e; color:#eee; } }</style>]]></description>
    <LookAt>
      <longitude>8.600300</longitude>
      <latitude>56.493100</latitude>
      <altitude>0</altitude>
      <heading>0</heading>
      <tilt>0</tilt>
      <range>2500</range>
      <altitudeMode>clampToGround</altitudeMode>
    </LookAt>
    <styleUrl>#station_default</styleUrl>
    <Point>
      <coordinates>8.600300,56.493100,0</coordinates>
    </Point>
  </Placemark>
  <Placemark>
    <name>Stuttgart</name>
    <description><![CDATA[<b>Stuttgart</b><br/><br/><i>Rhein-Ruhr-Krim-Magistrale (Ruhr-Schwarzmeer)</i> Richtung Sevastopol: an xx:15 / ab xx:17 &mdash; Unterirdische Durchgangsstation im Festgestein parallel zur B27, Tunnel-Zulaufprofil 400 km/h<br/><i>Rhein-Ruhr-Krim-Magistrale (Ruhr-Schwarzmeer)</i> Richtung Bochum Hbf: an xx:19 / ab xx:21 &mdash; Unterirdische Durchgangsstation im Festgestein parallel zur B27, Tunnel-Zulaufprofil 400 km/h<br/><style>@media (prefers-color-scheme: dark) { body { background:#1e1e1e; color:#eee; } }</style>]]></description>
    <LookAt>
      <longitude>9.181700</longitude>
      <latitude>48.784200</latitude>
      <altitude>0</altitude>
      <heading>0</heading>
      <tilt>0</tilt>
      <range>2500</range>
      <altitudeMode>clampToGround</altitudeMode>
    </LookAt>
    <styleUrl>#station_default</styleUrl>
    <Point>
      <coordinates>9.181700,48.784200,0</coordinates>
    </Point>
  </Placemark>
  <Placemark>
    <name>Surat (Hazira-Gürtel)</name>
    <description><![CDATA[<b>Surat (Hazira-Gürtel)</b><br/><br/><i>Maglev Magistrale Paris–Singapur</i> Richtung Singapore (Changi Ost): an xx:41 / ab xx:43 &mdash; Hochbahnhof, Industrieviadukt am State Highway 6<br/><i>Maglev Magistrale Paris–Singapur</i> Richtung Paris (CDG): an xx:35 / ab xx:37 &mdash; Hochbahnhof, Industrieviadukt am State Highway 6<br/><style>@media (prefers-color-scheme: dark) { body { background:#1e1e1e; color:#eee; } }</style>]]></description>
    <LookAt>
      <longitude>72.650000</longitude>
      <latitude>21.083300</latitude>
      <altitude>0</altitude>
      <heading>0</heading>
      <tilt>0</tilt>
      <range>2500</range>
      <altitudeMode>clampToGround</altitudeMode>
    </LookAt>
    <styleUrl>#station_default</styleUrl>
    <Point>
      <coordinates>72.650000,21.083300,0</coordinates>
    </Point>
  </Placemark>
  <Placemark>
    <name>Surrey (Vancouver)</name>
    <description><![CDATA[<b>Surrey (Vancouver)</b><br/><br/><i>NCAMS Express (Northern Continental &amp; Atlantic Maritime Spine)</i> Richtung Halifax-Dartmouth Terminus: ab xx:00 &mdash; Geländebahnhof Ebene 0 im Autobahnkeil des Highway 1 (Junction 75)<br/><i>NCAMS Express (Northern Continental &amp; Atlantic Maritime Spine)</i> Endstation: an xx:15 &mdash; Geländebahnhof Ebene 0 im Autobahnkeil des Highway 1 (Junction 75)<br/><i>Northern Horizon Arc (NHA)</i> Richtung Boston-West Route 128: ab xx:00 &mdash; Geländebahnhof Ebene 0 im Autobahnkeil des Highway 1 (Junction 75)<br/><i>Northern Horizon Arc (NHA)</i> Endstation: an xx:16 &mdash; Geländebahnhof Ebene 0 im Autobahnkeil des Highway 1 (Junction 75)<br/><i>PCMS – Pacific Crest &amp; Mesoamerica Spine</i> Richtung Mexico City-Huehuetoca Hub: ab xx:00 &mdash; Geländebahnhof Ebene 0 im Autobahnkeil südlich des Fraser River (Highway 1, Junction 75)<br/><i>PCMS – Pacific Crest &amp; Mesoamerica Spine</i> Endstation: an xx:23 &mdash; Geländebahnhof Ebene 0 im Autobahnkeil südlich des Fraser River (Highway 1, Junction 75)<br/><i>PNW-MAE (Pacific Northwest &amp; Mid-Atlantic Express)</i> Richtung New York City Penn Deep: ab xx:00 &mdash; Geländebahnhof Ebene 0 im Autobahnkeil des Highway 1 (Junction 75)<br/><i>PNW-MAE (Pacific Northwest &amp; Mid-Atlantic Express)</i> Endstation: an xx:46 &mdash; Geländebahnhof Ebene 0 im Autobahnkeil des Highway 1 (Junction 75)<br/><i>Weltachse 1 (Bochum–Vancouver)</i> Endstation: an xx:56 &mdash; Interkontinentaler Endpunkt südlich von Vancouver (Highway 1)<br/><i>Weltachse 1 (Bochum–Vancouver)</i> Richtung Bochum Hbf: ab xx:00 &mdash; Interkontinentaler Endpunkt südlich von Vancouver (Highway 1)<br/><style>@media (prefers-color-scheme: dark) { body { background:#1e1e1e; color:#eee; } }</style>]]></description>
    <LookAt>
      <longitude>-122.849000</longitude>
      <latitude>49.191300</latitude>
      <altitude>0</altitude>
      <heading>0</heading>
      <tilt>0</tilt>
      <range>2500</range>
      <altitudeMode>clampToGround</altitudeMode>
    </LookAt>
    <styleUrl>#station_default</styleUrl>
    <Point>
      <coordinates>-122.849000,49.191300,0</coordinates>
    </Point>
  </Placemark>
  <Placemark>
    <name>Swarzewo</name>
    <description><![CDATA[<b>Swarzewo</b><br/><br/><i>Brandenburg Hbf–Hel</i> Richtung Hel: an xx:27 / ab xx:28 &mdash; Halt unkritisch<br/><i>Brandenburg Hbf–Hel</i> Richtung Brandenburg Hbf: an xx:45 / ab xx:46 &mdash; Halt unkritisch<br/><style>@media (prefers-color-scheme: dark) { body { background:#1e1e1e; color:#eee; } }</style>]]></description>
    <LookAt>
      <longitude>18.382957</longitude>
      <latitude>54.752539</latitude>
      <altitude>0</altitude>
      <heading>0</heading>
      <tilt>0</tilt>
      <range>2500</range>
      <altitudeMode>clampToGround</altitudeMode>
    </LookAt>
    <styleUrl>#station_default</styleUrl>
    <Point>
      <coordinates>18.382957,54.752539,0</coordinates>
    </Point>
  </Placemark>
  <Placemark>
    <name>Szczecin Główny</name>
    <description><![CDATA[<b>Szczecin Główny</b><br/><br/><i>Brandenburg Hbf–Hel</i> Richtung Hel: an xx:37 / ab xx:42 &mdash; Polnischer Endknoten, Systemwechsel, modernisierte Bahnsteige<br/><i>Brandenburg Hbf–Hel</i> Richtung Brandenburg Hbf: an xx:31 / ab xx:36 &mdash; Polnischer Endknoten, Systemwechsel, modernisierte Bahnsteige<br/><style>@media (prefers-color-scheme: dark) { body { background:#1e1e1e; color:#eee; } }</style>]]></description>
    <LookAt>
      <longitude>14.551800</longitude>
      <latitude>53.425700</latitude>
      <altitude>0</altitude>
      <heading>0</heading>
      <tilt>0</tilt>
      <range>2500</range>
      <altitudeMode>clampToGround</altitudeMode>
    </LookAt>
    <styleUrl>#station_default</styleUrl>
    <Point>
      <coordinates>14.551800,53.425700,0</coordinates>
    </Point>
  </Placemark>
  <Placemark>
    <name>Szczecinek</name>
    <description><![CDATA[<b>Szczecinek</b><br/><br/><i>Brandenburg Hbf–Hel</i> Richtung Hel: an xx:53 / ab xx:55 &mdash; Regionaler Knotenbahnhof (Peron 1 oder 2), ausreichend Kapazität<br/><i>Brandenburg Hbf–Hel</i> Richtung Brandenburg Hbf: an xx:18 / ab xx:20 &mdash; Regionaler Knotenbahnhof (Peron 1 oder 2), ausreichend Kapazität<br/><style>@media (prefers-color-scheme: dark) { body { background:#1e1e1e; color:#eee; } }</style>]]></description>
    <LookAt>
      <longitude>16.699400</longitude>
      <latitude>53.706100</latitude>
      <altitude>0</altitude>
      <heading>0</heading>
      <tilt>0</tilt>
      <range>2500</range>
      <altitudeMode>clampToGround</altitudeMode>
    </LookAt>
    <styleUrl>#station_default</styleUrl>
    <Point>
      <coordinates>16.699400,53.706100,0</coordinates>
    </Point>
  </Placemark>
  <Placemark>
    <name>Tampere</name>
    <description><![CDATA[<b>Tampere</b><br/><br/><i>Arktis-Afrika-Magistrale</i> Richtung Casablanca: an xx:07 / ab xx:10 &mdash; Hochbahnhof, Sky-Viadukt im Logistikareal Hervanta nahe der E63<br/><i>Arktis-Afrika-Magistrale</i> Richtung Nordkapp: an xx:42 / ab xx:45 &mdash; Hochbahnhof, Sky-Viadukt im Logistikareal Hervanta nahe der E63<br/><style>@media (prefers-color-scheme: dark) { body { background:#1e1e1e; color:#eee; } }</style>]]></description>
    <LookAt>
      <longitude>23.761000</longitude>
      <latitude>61.497800</latitude>
      <altitude>0</altitude>
      <heading>0</heading>
      <tilt>0</tilt>
      <range>2500</range>
      <altitudeMode>clampToGround</altitudeMode>
    </LookAt>
    <styleUrl>#station_default</styleUrl>
    <Point>
      <coordinates>23.761000,61.497800,0</coordinates>
    </Point>
  </Placemark>
  <Placemark>
    <name>Tczew</name>
    <description><![CDATA[<b>Tczew</b><br/><br/><i>Brandenburg Hbf–Hel</i> Richtung Hel: an xx:28 / ab xx:36 &mdash; Kopfmachen: 8 Min. Aufenthalt, Wechsel auf Hauptstrecke 9 Richtung Danzig<br/><i>Brandenburg Hbf–Hel</i> Richtung Brandenburg Hbf: an xx:37 / ab xx:45 &mdash; Kopfmachen: 8 Min. Aufenthalt, Wechsel auf Hauptstrecke 9 Richtung Danzig<br/><style>@media (prefers-color-scheme: dark) { body { background:#1e1e1e; color:#eee; } }</style>]]></description>
    <LookAt>
      <longitude>18.799700</longitude>
      <latitude>54.092400</latitude>
      <altitude>0</altitude>
      <heading>0</heading>
      <tilt>0</tilt>
      <range>2500</range>
      <altitudeMode>clampToGround</altitudeMode>
    </LookAt>
    <styleUrl>#station_default</styleUrl>
    <Point>
      <coordinates>18.799700,54.092400,0</coordinates>
    </Point>
  </Placemark>
  <Placemark>
    <name>Thessaloniki (Sindos)</name>
    <description><![CDATA[<b>Thessaloniki (Sindos)</b><br/><br/><i>Maglev Magistrale Paris–Singapur</i> Richtung Singapore (Changi Ost): an xx:28 / ab xx:30 &mdash; Hochbahnhof, Hafen-Viadukt im Industriegebiet Sindos<br/><i>Maglev Magistrale Paris–Singapur</i> Richtung Paris (CDG): an xx:48 / ab xx:50 &mdash; Hochbahnhof, Hafen-Viadukt im Industriegebiet Sindos<br/><style>@media (prefers-color-scheme: dark) { body { background:#1e1e1e; color:#eee; } }</style>]]></description>
    <LookAt>
      <longitude>22.816700</longitude>
      <latitude>40.716700</latitude>
      <altitude>0</altitude>
      <heading>0</heading>
      <tilt>0</tilt>
      <range>2500</range>
      <altitudeMode>clampToGround</altitudeMode>
    </LookAt>
    <styleUrl>#station_default</styleUrl>
    <Point>
      <coordinates>22.816700,40.716700,0</coordinates>
    </Point>
  </Placemark>
  <Placemark>
    <name>Thisted</name>
    <description><![CDATA[<b>Thisted</b><br/><br/><i>Maglev Regio Lille–Bergen</i> Richtung Bergen: an xx:08 / ab xx:09 &mdash; Trassenviadukt nördlich des Limfjords (Region Thy)<br/><i>Maglev Regio Lille–Bergen</i> Richtung Lille (Turmbahnhof): an xx:54 / ab xx:55 &mdash; Trassenviadukt nördlich des Limfjords (Region Thy)<br/><style>@media (prefers-color-scheme: dark) { body { background:#1e1e1e; color:#eee; } }</style>]]></description>
    <LookAt>
      <longitude>8.693900</longitude>
      <latitude>56.956400</latitude>
      <altitude>0</altitude>
      <heading>0</heading>
      <tilt>0</tilt>
      <range>2500</range>
      <altitudeMode>clampToGround</altitudeMode>
    </LookAt>
    <styleUrl>#station_default</styleUrl>
    <Point>
      <coordinates>8.693900,56.956400,0</coordinates>
    </Point>
  </Placemark>
  <Placemark>
    <name>Tripoli (El-Mina)</name>
    <description><![CDATA[<b>Tripoli (El-Mina)</b><br/><br/><i>Maglev Magistrale Paris–Singapur</i> Richtung Singapore (Changi Ost): an xx:34 / ab xx:36 &mdash; Hochbahnhof, Küstenviadukt nahe dem El-Mina-Seehafen<br/><i>Maglev Magistrale Paris–Singapur</i> Richtung Paris (CDG): an xx:42 / ab xx:44 &mdash; Hochbahnhof, Küstenviadukt nahe dem El-Mina-Seehafen<br/><style>@media (prefers-color-scheme: dark) { body { background:#1e1e1e; color:#eee; } }</style>]]></description>
    <LookAt>
      <longitude>35.833300</longitude>
      <latitude>34.450000</latitude>
      <altitude>0</altitude>
      <heading>0</heading>
      <tilt>0</tilt>
      <range>2500</range>
      <altitudeMode>clampToGround</altitudeMode>
    </LookAt>
    <styleUrl>#station_default</styleUrl>
    <Point>
      <coordinates>35.833300,34.450000,0</coordinates>
    </Point>
  </Placemark>
  <Placemark>
    <name>Tunis</name>
    <description><![CDATA[<b>Tunis</b><br/><br/><i>Arktis-Afrika-Magistrale</i> Richtung Casablanca: an xx:41 / ab xx:44 &mdash; Tiefbahnhof, Untersee-Anschlusskaverne an der nördlichen Küstenperipherie nahe der A1<br/><i>Arktis-Afrika-Magistrale</i> Richtung Nordkapp: an xx:08 / ab xx:11 &mdash; Tiefbahnhof, Untersee-Anschlusskaverne an der nördlichen Küstenperipherie nahe der A1<br/><style>@media (prefers-color-scheme: dark) { body { background:#1e1e1e; color:#eee; } }</style>]]></description>
    <LookAt>
      <longitude>10.181500</longitude>
      <latitude>36.806500</latitude>
      <altitude>0</altitude>
      <heading>0</heading>
      <tilt>0</tilt>
      <range>2500</range>
      <altitudeMode>clampToGround</altitudeMode>
    </LookAt>
    <styleUrl>#station_default</styleUrl>
    <Point>
      <coordinates>10.181500,36.806500,0</coordinates>
    </Point>
  </Placemark>
  <Placemark>
    <name>Turbat (Wüsten-Bypass)</name>
    <description><![CDATA[<b>Turbat (Wüsten-Bypass)</b><br/><br/><i>Maglev Magistrale Paris–Singapur</i> Richtung Singapore (Changi Ost): an xx:23 / ab xx:25 &mdash; Hochbahnhof, isolierte Viaduktanlage in der Belutschistan-Wüste<br/><i>Maglev Magistrale Paris–Singapur</i> Richtung Paris (CDG): an xx:53 / ab xx:55 &mdash; Hochbahnhof, isolierte Viaduktanlage in der Belutschistan-Wüste<br/><style>@media (prefers-color-scheme: dark) { body { background:#1e1e1e; color:#eee; } }</style>]]></description>
    <LookAt>
      <longitude>63.052200</longitude>
      <latitude>26.003100</latitude>
      <altitude>0</altitude>
      <heading>0</heading>
      <tilt>0</tilt>
      <range>2500</range>
      <altitudeMode>clampToGround</altitudeMode>
    </LookAt>
    <styleUrl>#station_default</styleUrl>
    <Point>
      <coordinates>63.052200,26.003100,0</coordinates>
    </Point>
  </Placemark>
  <Placemark>
    <name>Turku</name>
    <description><![CDATA[<b>Turku</b><br/><br/><i>Arktis-Afrika-Magistrale</i> Richtung Casablanca: an xx:28 / ab xx:30 &mdash; Hochbahnhof, Hafen-Logistikviadukt an der E18<br/><i>Arktis-Afrika-Magistrale</i> Richtung Nordkapp: an xx:22 / ab xx:24 &mdash; Hochbahnhof, Hafen-Logistikviadukt an der E18<br/><style>@media (prefers-color-scheme: dark) { body { background:#1e1e1e; color:#eee; } }</style>]]></description>
    <LookAt>
      <longitude>22.266600</longitude>
      <latitude>60.451800</latitude>
      <altitude>0</altitude>
      <heading>0</heading>
      <tilt>0</tilt>
      <range>2500</range>
      <altitudeMode>clampToGround</altitudeMode>
    </LookAt>
    <styleUrl>#station_default</styleUrl>
    <Point>
      <coordinates>22.266600,60.451800,0</coordinates>
    </Point>
  </Placemark>
  <Placemark>
    <name>Twer</name>
    <description><![CDATA[<b>Twer</b><br/><br/><i>Arktis-Afrika-Magistrale</i> Richtung Casablanca: an xx:30 / ab xx:32 &mdash; Hochbahnhof, Systemviadukt an der Highspeed-Autobahn M11<br/><i>Arktis-Afrika-Magistrale</i> Richtung Nordkapp: an xx:20 / ab xx:22 &mdash; Hochbahnhof, Systemviadukt an der Highspeed-Autobahn M11<br/><style>@media (prefers-color-scheme: dark) { body { background:#1e1e1e; color:#eee; } }</style>]]></description>
    <LookAt>
      <longitude>35.900600</longitude>
      <latitude>56.858700</latitude>
      <altitude>0</altitude>
      <heading>0</heading>
      <tilt>0</tilt>
      <range>2500</range>
      <altitudeMode>clampToGround</altitudeMode>
    </LookAt>
    <styleUrl>#station_default</styleUrl>
    <Point>
      <coordinates>35.900600,56.858700,0</coordinates>
    </Point>
  </Placemark>
  <Placemark>
    <name>Ückendorfer Platz</name>
    <description><![CDATA[<b>Ückendorfer Platz</b><br/><br/><i>Münsterland-Ruhrgebiet-Express</i> Richtung Winterswijk Bahnhof/City: an xx:50 / ab xx:50 &mdash; Tiefbahnhof unter der Ückendorfer Straße<br/><i>Münsterland-Ruhrgebiet-Express</i> Richtung Kamener Kreuz: an xx:55 / ab xx:56 &mdash; Tiefbahnhof unter der Ückendorfer Straße<br/><style>@media (prefers-color-scheme: dark) { body { background:#1e1e1e; color:#eee; } }</style>]]></description>
    <LookAt>
      <longitude>7.123913</longitude>
      <latitude>51.493709</latitude>
      <altitude>0</altitude>
      <heading>0</heading>
      <tilt>0</tilt>
      <range>2500</range>
      <altitudeMode>clampToGround</altitudeMode>
    </LookAt>
    <styleUrl>#station_default</styleUrl>
    <Point>
      <coordinates>7.123913,51.493709,0</coordinates>
    </Point>
  </Placemark>
  <Placemark>
    <name>Ulm</name>
    <description><![CDATA[<b>Ulm</b><br/><br/><i>Rhein-Ruhr-Krim-Magistrale (Ruhr-Schwarzmeer)</i> Richtung Sevastopol: an xx:26 / ab xx:28 &mdash; Pfeiler-Viadukt parallel zur A8, freie Highspeed-Strecke 600 km/h<br/><i>Rhein-Ruhr-Krim-Magistrale (Ruhr-Schwarzmeer)</i> Richtung Bochum Hbf: an xx:08 / ab xx:10 &mdash; Pfeiler-Viadukt parallel zur A8, freie Highspeed-Strecke 600 km/h<br/><style>@media (prefers-color-scheme: dark) { body { background:#1e1e1e; color:#eee; } }</style>]]></description>
    <LookAt>
      <longitude>9.982500</longitude>
      <latitude>48.398400</latitude>
      <altitude>0</altitude>
      <heading>0</heading>
      <tilt>0</tilt>
      <range>2500</range>
      <altitudeMode>clampToGround</altitudeMode>
    </LookAt>
    <styleUrl>#station_default</styleUrl>
    <Point>
      <coordinates>9.982500,48.398400,0</coordinates>
    </Point>
  </Placemark>
  <Placemark>
    <name>Utrecht (Lunetten)</name>
    <description><![CDATA[<b>Utrecht (Lunetten)</b><br/><br/><i>Maglev Express Oslo–Inverness</i> Richtung Inverness (Longman): an xx:08 / ab xx:10 &mdash; Tiefbahnhof am Kreuz Lunetten A12/A27<br/><i>Maglev Express Oslo–Inverness</i> Richtung Oslo (Alnabru): an xx:27 / ab xx:29 &mdash; Tiefbahnhof am Kreuz Lunetten A12/A27<br/><style>@media (prefers-color-scheme: dark) { body { background:#1e1e1e; color:#eee; } }</style>]]></description>
    <LookAt>
      <longitude>5.145000</longitude>
      <latitude>52.065000</latitude>
      <altitude>0</altitude>
      <heading>0</heading>
      <tilt>0</tilt>
      <range>2500</range>
      <altitudeMode>clampToGround</altitudeMode>
    </LookAt>
    <styleUrl>#station_default</styleUrl>
    <Point>
      <coordinates>5.145000,52.065000,0</coordinates>
    </Point>
  </Placemark>
  <Placemark>
    <name>Valentinstraße</name>
    <description><![CDATA[<b>Valentinstraße</b><br/><br/><i>Münsterland-Ruhrgebiet-Express</i> Richtung Winterswijk Bahnhof/City: an xx:02 / ab xx:03 &mdash; Hochbahnhof über Valentinstraße/Pawiker Straße<br/><i>Münsterland-Ruhrgebiet-Express</i> Richtung Kamener Kreuz: an xx:43 / ab xx:43 &mdash; Hochbahnhof über Valentinstraße/Pawiker Straße<br/><style>@media (prefers-color-scheme: dark) { body { background:#1e1e1e; color:#eee; } }</style>]]></description>
    <LookAt>
      <longitude>7.069018</longitude>
      <latitude>51.602669</latitude>
      <altitude>0</altitude>
      <heading>0</heading>
      <tilt>0</tilt>
      <range>2500</range>
      <altitudeMode>clampToGround</altitudeMode>
    </LookAt>
    <styleUrl>#station_default</styleUrl>
    <Point>
      <coordinates>7.069018,51.602669,0</coordinates>
    </Point>
  </Placemark>
  <Placemark>
    <name>Velbert Gartenheimstraße</name>
    <description><![CDATA[<b>Velbert Gartenheimstraße</b><br/><br/><i>Wuppertal-Bochum-Castrop-Express</i> Richtung Castrop-Rauxel Münsterplatz: an xx:17 / ab xx:18 &mdash; Hochbahnhof über der Gartenheimstraße<br/><i>Wuppertal-Bochum-Castrop-Express</i> Richtung High Speed Hub Wuppertal Nord: an xx:44 / ab xx:44 &mdash; Hochbahnhof über der Gartenheimstraße<br/><style>@media (prefers-color-scheme: dark) { body { background:#1e1e1e; color:#eee; } }</style>]]></description>
    <LookAt>
      <longitude>7.129964</longitude>
      <latitude>51.343166</latitude>
      <altitude>0</altitude>
      <heading>0</heading>
      <tilt>0</tilt>
      <range>2500</range>
      <altitudeMode>clampToGround</altitudeMode>
    </LookAt>
    <styleUrl>#station_default</styleUrl>
    <Point>
      <coordinates>7.129964,51.343166,0</coordinates>
    </Point>
  </Placemark>
  <Placemark>
    <name>Velbert Lembeck</name>
    <description><![CDATA[<b>Velbert Lembeck</b><br/><br/><i>Wuppertal-Bochum-Castrop-Express</i> Richtung Castrop-Rauxel Münsterplatz: an xx:15 / ab xx:16 &mdash; Ebenerdiger Bahnhof neben der Nevigeser Straße L107<br/><i>Wuppertal-Bochum-Castrop-Express</i> Richtung High Speed Hub Wuppertal Nord: an xx:46 / ab xx:46 &mdash; Ebenerdiger Bahnhof neben der Nevigeser Straße L107<br/><style>@media (prefers-color-scheme: dark) { body { background:#1e1e1e; color:#eee; } }</style>]]></description>
    <LookAt>
      <longitude>7.130997</longitude>
      <latitude>51.321380</latitude>
      <altitude>0</altitude>
      <heading>0</heading>
      <tilt>0</tilt>
      <range>2500</range>
      <altitudeMode>clampToGround</altitudeMode>
    </LookAt>
    <styleUrl>#station_default</styleUrl>
    <Point>
      <coordinates>7.130997,51.321380,0</coordinates>
    </Point>
  </Placemark>
  <Placemark>
    <name>Velbert Nierenhof Busbahnhof</name>
    <description><![CDATA[<b>Velbert Nierenhof Busbahnhof</b><br/><br/><i>Wuppertal-Bochum-Castrop-Express</i> Richtung Castrop-Rauxel Münsterplatz: an xx:22 / ab xx:22 &mdash; Ebenerdiger Bahnhof an der Hattinger Straße B227<br/><i>Wuppertal-Bochum-Castrop-Express</i> Richtung High Speed Hub Wuppertal Nord: an xx:39 / ab xx:40 &mdash; Ebenerdiger Bahnhof an der Hattinger Straße B227<br/><style>@media (prefers-color-scheme: dark) { body { background:#1e1e1e; color:#eee; } }</style>]]></description>
    <LookAt>
      <longitude>7.137533</longitude>
      <latitude>51.373134</latitude>
      <altitude>0</altitude>
      <heading>0</heading>
      <tilt>0</tilt>
      <range>2500</range>
      <altitudeMode>clampToGround</altitudeMode>
    </LookAt>
    <styleUrl>#station_default</styleUrl>
    <Point>
      <coordinates>7.137533,51.373134,0</coordinates>
    </Point>
  </Placemark>
  <Placemark>
    <name>Velbert-Langenberg Bahnhof</name>
    <description><![CDATA[<b>Velbert-Langenberg Bahnhof</b><br/><br/><i>Wuppertal-Bochum-Castrop-Express</i> Richtung Castrop-Rauxel Münsterplatz: an xx:19 / ab xx:20 &mdash; Turmbahnhof über den DB-Gleisen<br/><i>Wuppertal-Bochum-Castrop-Express</i> Richtung High Speed Hub Wuppertal Nord: an xx:42 / ab xx:42 &mdash; Turmbahnhof über den DB-Gleisen<br/><style>@media (prefers-color-scheme: dark) { body { background:#1e1e1e; color:#eee; } }</style>]]></description>
    <LookAt>
      <longitude>7.124128</longitude>
      <latitude>51.354239</latitude>
      <altitude>0</altitude>
      <heading>0</heading>
      <tilt>0</tilt>
      <range>2500</range>
      <altitudeMode>clampToGround</altitudeMode>
    </LookAt>
    <styleUrl>#station_default</styleUrl>
    <Point>
      <coordinates>7.124128,51.354239,0</coordinates>
    </Point>
  </Placemark>
  <Placemark>
    <name>Veltins Arena</name>
    <description><![CDATA[<b>Veltins Arena</b><br/><br/><i>Münsterland-Ruhrgebiet-Express</i> Richtung Winterswijk Bahnhof/City: an xx:57 / ab xx:57 &mdash; Hochbahnhof auf Stelzen über der Kurt-Schumacher-Straße<br/><i>Münsterland-Ruhrgebiet-Express</i> Richtung Kamener Kreuz: an xx:48 / ab xx:49 &mdash; Hochbahnhof auf Stelzen über der Kurt-Schumacher-Straße<br/><style>@media (prefers-color-scheme: dark) { body { background:#1e1e1e; color:#eee; } }</style>]]></description>
    <LookAt>
      <longitude>7.067600</longitude>
      <latitude>51.554594</latitude>
      <altitude>0</altitude>
      <heading>0</heading>
      <tilt>0</tilt>
      <range>2500</range>
      <altitudeMode>clampToGround</altitudeMode>
    </LookAt>
    <styleUrl>#station_default</styleUrl>
    <Point>
      <coordinates>7.067600,51.554594,0</coordinates>
    </Point>
  </Placemark>
  <Placemark>
    <name>Vlissingen</name>
    <description><![CDATA[<b>Vlissingen</b><br/><br/><i>Maglev Regio Lille–Bergen</i> Richtung Bergen: an xx:25 / ab xx:26 &mdash; Tiefbahnhof vor dem Westerschelde-Portal<br/><i>Maglev Regio Lille–Bergen</i> Richtung Lille (Turmbahnhof): an xx:37 / ab xx:38 &mdash; Tiefbahnhof vor dem Westerschelde-Portal<br/><style>@media (prefers-color-scheme: dark) { body { background:#1e1e1e; color:#eee; } }</style>]]></description>
    <LookAt>
      <longitude>3.573400</longitude>
      <latitude>51.442600</latitude>
      <altitude>0</altitude>
      <heading>0</heading>
      <tilt>0</tilt>
      <range>2500</range>
      <altitudeMode>clampToGround</altitudeMode>
    </LookAt>
    <styleUrl>#station_default</styleUrl>
    <Point>
      <coordinates>3.573400,51.442600,0</coordinates>
    </Point>
  </Placemark>
  <Placemark>
    <name>Wangerooge</name>
    <description><![CDATA[<b>Wangerooge</b><br/><br/><i>Maglev Regio Lille–Bergen</i> Richtung Bergen: an xx:16 / ab xx:17 &mdash; Östlichste ostfriesische Kaverne (3 Gleise)<br/><i>Maglev Regio Lille–Bergen</i> Richtung Lille (Turmbahnhof): an xx:46 / ab xx:47 &mdash; Östlichste ostfriesische Kaverne (3 Gleise)<br/><style>@media (prefers-color-scheme: dark) { body { background:#1e1e1e; color:#eee; } }</style>]]></description>
    <LookAt>
      <longitude>7.890800</longitude>
      <latitude>53.793600</latitude>
      <altitude>0</altitude>
      <heading>0</heading>
      <tilt>0</tilt>
      <range>2500</range>
      <altitudeMode>clampToGround</altitudeMode>
    </LookAt>
    <styleUrl>#station_default</styleUrl>
    <Point>
      <coordinates>7.890800,53.793600,0</coordinates>
    </Point>
  </Placemark>
  <Placemark>
    <name>Warszawa (Konotopa)</name>
    <description><![CDATA[<b>Warszawa (Konotopa)</b><br/><br/><i>Weltachse 1 (Bochum–Vancouver)</i> Richtung Surrey (Vancouver): an xx:04 / ab xx:08 &mdash; Peripherer Turmbahnhof westlich der Stadt (A2/S2)<br/><i>Weltachse 1 (Bochum–Vancouver)</i> Richtung Bochum Hbf: an xx:48 / ab xx:52 &mdash; Peripherer Turmbahnhof westlich der Stadt (A2/S2)<br/><style>@media (prefers-color-scheme: dark) { body { background:#1e1e1e; color:#eee; } }</style>]]></description>
    <LookAt>
      <longitude>20.870000</longitude>
      <latitude>52.210000</latitude>
      <altitude>0</altitude>
      <heading>0</heading>
      <tilt>0</tilt>
      <range>2500</range>
      <altitudeMode>clampToGround</altitudeMode>
    </LookAt>
    <styleUrl>#station_default</styleUrl>
    <Point>
      <coordinates>20.870000,52.210000,0</coordinates>
    </Point>
  </Placemark>
  <Placemark>
    <name>Washington-Greenbelt Hub</name>
    <description><![CDATA[<b>Washington-Greenbelt Hub</b><br/><br/><i>NCAMS Express (Northern Continental &amp; Atlantic Maritime Spine)</i> Richtung Halifax-Dartmouth Terminus: an xx:19 / ab xx:22 &mdash; Nördlicher Capital-Beltway-Ring am Kreuz I-495/I-95<br/><i>NCAMS Express (Northern Continental &amp; Atlantic Maritime Spine)</i> Richtung Surrey (Vancouver): an xx:53 / ab xx:56 &mdash; Nördlicher Capital-Beltway-Ring am Kreuz I-495/I-95<br/><style>@media (prefers-color-scheme: dark) { body { background:#1e1e1e; color:#eee; } }</style>]]></description>
    <LookAt>
      <longitude>-76.880000</longitude>
      <latitude>39.000000</latitude>
      <altitude>0</altitude>
      <heading>0</heading>
      <tilt>0</tilt>
      <range>2500</range>
      <altitudeMode>clampToGround</altitudeMode>
    </LookAt>
    <styleUrl>#station_default</styleUrl>
    <Point>
      <coordinates>-76.880000,39.000000,0</coordinates>
    </Point>
  </Placemark>
  <Placemark>
    <name>Wattenscheider Straße</name>
    <description><![CDATA[<b>Wattenscheider Straße</b><br/><br/><i>Münsterland-Ruhrgebiet-Express</i> Richtung Winterswijk Bahnhof/City: an xx:41 / ab xx:42 &mdash; Hochbahnhof über Alleestraße/Essener Straße<br/><i>Münsterland-Ruhrgebiet-Express</i> Richtung Kamener Kreuz: an xx:03 / ab xx:04 &mdash; Hochbahnhof über Alleestraße/Essener Straße<br/><style>@media (prefers-color-scheme: dark) { body { background:#1e1e1e; color:#eee; } }</style>]]></description>
    <LookAt>
      <longitude>7.193182</longitude>
      <latitude>51.479995</latitude>
      <altitude>0</altitude>
      <heading>0</heading>
      <tilt>0</tilt>
      <range>2500</range>
      <altitudeMode>clampToGround</altitudeMode>
    </LookAt>
    <styleUrl>#station_default</styleUrl>
    <Point>
      <coordinates>7.193182,51.479995,0</coordinates>
    </Point>
  </Placemark>
  <Placemark>
    <name>West Memphis Hub</name>
    <description><![CDATA[<b>West Memphis Hub</b><br/><br/><i>PNW-MAE (Pacific Northwest &amp; Mid-Atlantic Express)</i> Richtung New York City Penn Deep: an xx:30 / ab xx:34 &mdash; Hochbahnhof am Autobahnknoten I-40/I-55 (Arkansas-Seite)<br/><i>PNW-MAE (Pacific Northwest &amp; Mid-Atlantic Express)</i> Richtung Surrey (Vancouver): an xx:12 / ab xx:16 &mdash; Hochbahnhof am Autobahnknoten I-40/I-55 (Arkansas-Seite)<br/><style>@media (prefers-color-scheme: dark) { body { background:#1e1e1e; color:#eee; } }</style>]]></description>
    <LookAt>
      <longitude>-90.184800</longitude>
      <latitude>35.146500</latitude>
      <altitude>0</altitude>
      <heading>0</heading>
      <tilt>0</tilt>
      <range>2500</range>
      <altitudeMode>clampToGround</altitudeMode>
    </LookAt>
    <styleUrl>#station_default</styleUrl>
    <Point>
      <coordinates>-90.184800,35.146500,0</coordinates>
    </Point>
  </Placemark>
  <Placemark>
    <name>West Ocean City</name>
    <description><![CDATA[<b>West Ocean City</b><br/><br/><i>PNW-MAE (Pacific Northwest &amp; Mid-Atlantic Express)</i> Richtung New York City Penn Deep: an xx:54 / ab xx:56 &mdash; Geländebahnhof mit Tunnelrampe an der US-50-Umfahrung, vor dem Delaware-Bay-Tunnel<br/><i>PNW-MAE (Pacific Northwest &amp; Mid-Atlantic Express)</i> Richtung Surrey (Vancouver): an xx:50 / ab xx:52 &mdash; Geländebahnhof mit Tunnelrampe an der US-50-Umfahrung, vor dem Delaware-Bay-Tunnel<br/><style>@media (prefers-color-scheme: dark) { body { background:#1e1e1e; color:#eee; } }</style>]]></description>
    <LookAt>
      <longitude>-75.130000</longitude>
      <latitude>38.340000</latitude>
      <altitude>0</altitude>
      <heading>0</heading>
      <tilt>0</tilt>
      <range>2500</range>
      <altitudeMode>clampToGround</altitudeMode>
    </LookAt>
    <styleUrl>#station_default</styleUrl>
    <Point>
      <coordinates>-75.130000,38.340000,0</coordinates>
    </Point>
  </Placemark>
  <Placemark>
    <name>West-Terschelling</name>
    <description><![CDATA[<b>West-Terschelling</b><br/><br/><i>Maglev Regio Lille–Bergen</i> Richtung Bergen: an xx:19 / ab xx:20 &mdash; Inselkaverne nahe Seegat Vlie (3 Gleise)<br/><i>Maglev Regio Lille–Bergen</i> Richtung Lille (Turmbahnhof): an xx:43 / ab xx:44 &mdash; Inselkaverne nahe Seegat Vlie (3 Gleise)<br/><style>@media (prefers-color-scheme: dark) { body { background:#1e1e1e; color:#eee; } }</style>]]></description>
    <LookAt>
      <longitude>5.221400</longitude>
      <latitude>53.360600</latitude>
      <altitude>0</altitude>
      <heading>0</heading>
      <tilt>0</tilt>
      <range>2500</range>
      <altitudeMode>clampToGround</altitudeMode>
    </LookAt>
    <styleUrl>#station_default</styleUrl>
    <Point>
      <coordinates>5.221400,53.360600,0</coordinates>
    </Point>
  </Placemark>
  <Placemark>
    <name>Westerland (Sylt / Hub)</name>
    <description><![CDATA[<b>Westerland (Sylt / Hub)</b><br/><br/><i>Maglev Regio Lille–Bergen</i> Richtung Bergen: an xx:55 / ab xx:58 &mdash; Megakaverne, Sektor-Ausnahme mit 850m-Expressbahnsteigen (16 Gleise)<br/><i>Maglev Regio Lille–Bergen</i> Richtung Lille (Turmbahnhof): an xx:05 / ab xx:08 &mdash; Megakaverne, Sektor-Ausnahme mit 850m-Expressbahnsteigen (16 Gleise)<br/><style>@media (prefers-color-scheme: dark) { body { background:#1e1e1e; color:#eee; } }</style>]]></description>
    <LookAt>
      <longitude>8.307800</longitude>
      <latitude>54.907800</latitude>
      <altitude>0</altitude>
      <heading>0</heading>
      <tilt>0</tilt>
      <range>2500</range>
      <altitudeMode>clampToGround</altitudeMode>
    </LookAt>
    <styleUrl>#station_default</styleUrl>
    <Point>
      <coordinates>8.307800,54.907800,0</coordinates>
    </Point>
  </Placemark>
  <Placemark>
    <name>Westfalenpark</name>
    <description><![CDATA[<b>Westfalenpark</b><br/><br/><i>Münsterland-Ruhrgebiet-Express</i> Richtung Winterswijk Bahnhof/City: an xx:19 / ab xx:20 &mdash; Tiefbahnhof unter An der Buschmühle<br/><i>Münsterland-Ruhrgebiet-Express</i> Richtung Kamener Kreuz: an xx:25 / ab xx:26 &mdash; Tiefbahnhof unter An der Buschmühle<br/><style>@media (prefers-color-scheme: dark) { body { background:#1e1e1e; color:#eee; } }</style>]]></description>
    <LookAt>
      <longitude>7.476727</longitude>
      <latitude>51.497512</latitude>
      <altitude>0</altitude>
      <heading>0</heading>
      <tilt>0</tilt>
      <range>2500</range>
      <altitudeMode>clampToGround</altitudeMode>
    </LookAt>
    <styleUrl>#station_default</styleUrl>
    <Point>
      <coordinates>7.476727,51.497512,0</coordinates>
    </Point>
  </Placemark>
  <Placemark>
    <name>Whitehorse (Valley)</name>
    <description><![CDATA[<b>Whitehorse (Valley)</b><br/><br/><i>Weltachse 1 (Bochum–Vancouver)</i> Richtung Surrey (Vancouver): an xx:17 / ab xx:19 &mdash; Tief- und Trogbahnhof im engen Yukon-Tal (Alaska Highway)<br/><i>Weltachse 1 (Bochum–Vancouver)</i> Richtung Bochum Hbf: an xx:37 / ab xx:39 &mdash; Tief- und Trogbahnhof im engen Yukon-Tal (Alaska Highway)<br/><style>@media (prefers-color-scheme: dark) { body { background:#1e1e1e; color:#eee; } }</style>]]></description>
    <LookAt>
      <longitude>-135.056800</longitude>
      <latitude>60.721200</latitude>
      <altitude>0</altitude>
      <heading>0</heading>
      <tilt>0</tilt>
      <range>2500</range>
      <altitudeMode>clampToGround</altitudeMode>
    </LookAt>
    <styleUrl>#station_default</styleUrl>
    <Point>
      <coordinates>-135.056800,60.721200,0</coordinates>
    </Point>
  </Placemark>
  <Placemark>
    <name>Wien</name>
    <description><![CDATA[<b>Wien</b><br/><br/><i>Rhein-Ruhr-Krim-Magistrale (Ruhr-Schwarzmeer)</i> Richtung Sevastopol: an xx:47 / ab xx:50 &mdash; Zentraler Verteilertunnel am Knoten Schwechat A4/S1, kontinentale Schnittstelle 600 km/h<br/><i>Rhein-Ruhr-Krim-Magistrale (Ruhr-Schwarzmeer)</i> Richtung Bochum Hbf: an xx:46 / ab xx:49 &mdash; Zentraler Verteilertunnel am Knoten Schwechat A4/S1, kontinentale Schnittstelle 600 km/h<br/><style>@media (prefers-color-scheme: dark) { body { background:#1e1e1e; color:#eee; } }</style>]]></description>
    <LookAt>
      <longitude>16.373800</longitude>
      <latitude>48.208200</latitude>
      <altitude>0</altitude>
      <heading>0</heading>
      <tilt>0</tilt>
      <range>2500</range>
      <altitudeMode>clampToGround</altitudeMode>
    </LookAt>
    <styleUrl>#station_default</styleUrl>
    <Point>
      <coordinates>16.373800,48.208200,0</coordinates>
    </Point>
  </Placemark>
  <Placemark>
    <name>Wien (Schwechat Ost)</name>
    <description><![CDATA[<b>Wien (Schwechat Ost)</b><br/><br/><i>Maglev Magistrale Paris–Singapur</i> Richtung Singapore (Changi Ost): an xx:23 / ab xx:26 &mdash; Hochbahnhof am Verkehrsknoten A4/S1<br/><i>Maglev Magistrale Paris–Singapur</i> Richtung Paris (CDG): an xx:52 / ab xx:55 &mdash; Hochbahnhof am Verkehrsknoten A4/S1<br/><style>@media (prefers-color-scheme: dark) { body { background:#1e1e1e; color:#eee; } }</style>]]></description>
    <LookAt>
      <longitude>16.483200</longitude>
      <latitude>48.132700</latitude>
      <altitude>0</altitude>
      <heading>0</heading>
      <tilt>0</tilt>
      <range>2500</range>
      <altitudeMode>clampToGround</altitudeMode>
    </LookAt>
    <styleUrl>#station_default</styleUrl>
    <Point>
      <coordinates>16.483200,48.132700,0</coordinates>
    </Point>
  </Placemark>
  <Placemark>
    <name>Winterswijk Bahnhof/City</name>
    <description><![CDATA[<b>Winterswijk Bahnhof/City</b><br/><br/><i>Münsterland-Ruhrgebiet-Express</i> Endstation: an xx:46 &mdash; Hochbahnhof (Kopfbahnhof) über dem Stationsplein<br/><i>Münsterland-Ruhrgebiet-Express</i> Richtung Kamener Kreuz: ab xx:00 &mdash; Hochbahnhof (Kopfbahnhof) über dem Stationsplein<br/><style>@media (prefers-color-scheme: dark) { body { background:#1e1e1e; color:#eee; } }</style>]]></description>
    <LookAt>
      <longitude>6.714777</longitude>
      <latitude>51.968013</latitude>
      <altitude>0</altitude>
      <heading>0</heading>
      <tilt>0</tilt>
      <range>2500</range>
      <altitudeMode>clampToGround</altitudeMode>
    </LookAt>
    <styleUrl>#station_default</styleUrl>
    <Point>
      <coordinates>6.714777,51.968013,0</coordinates>
    </Point>
  </Placemark>
  <Placemark>
    <name>Wismar</name>
    <description><![CDATA[<b>Wismar</b><br/><br/><i>Maglev Express Oslo–Inverness</i> Richtung Inverness (Longman): an xx:26 / ab xx:27 &mdash; Hochbahnhof an der Kreuzung A20/B105<br/><i>Maglev Express Oslo–Inverness</i> Richtung Oslo (Alnabru): an xx:10 / ab xx:11 &mdash; Hochbahnhof an der Kreuzung A20/B105<br/><style>@media (prefers-color-scheme: dark) { body { background:#1e1e1e; color:#eee; } }</style>]]></description>
    <LookAt>
      <longitude>11.485000</longitude>
      <latitude>53.895000</latitude>
      <altitude>0</altitude>
      <heading>0</heading>
      <tilt>0</tilt>
      <range>2500</range>
      <altitudeMode>clampToGround</altitudeMode>
    </LookAt>
    <styleUrl>#station_default</styleUrl>
    <Point>
      <coordinates>11.485000,53.895000,0</coordinates>
    </Point>
  </Placemark>
  <Placemark>
    <name>Władysławowo</name>
    <description><![CDATA[<b>Władysławowo</b><br/><br/><i>Brandenburg Hbf–Hel</i> Richtung Hel: an xx:33 / ab xx:35 &mdash; Wichtiger regionaler Knotenpunkt auf der Halbinsel<br/><i>Brandenburg Hbf–Hel</i> Richtung Brandenburg Hbf: an xx:38 / ab xx:40 &mdash; Wichtiger regionaler Knotenpunkt auf der Halbinsel<br/><style>@media (prefers-color-scheme: dark) { body { background:#1e1e1e; color:#eee; } }</style>]]></description>
    <LookAt>
      <longitude>18.408300</longitude>
      <latitude>54.788900</latitude>
      <altitude>0</altitude>
      <heading>0</heading>
      <tilt>0</tilt>
      <range>2500</range>
      <altitudeMode>clampToGround</altitudeMode>
    </LookAt>
    <styleUrl>#station_default</styleUrl>
    <Point>
      <coordinates>18.408300,54.788900,0</coordinates>
    </Point>
  </Placemark>
  <Placemark>
    <name>Władysławowo Port</name>
    <description><![CDATA[<b>Władysławowo Port</b><br/><br/><i>Brandenburg Hbf–Hel</i> Richtung Hel: an xx:38 / ab xx:39 &mdash; Halt unkritisch<br/><i>Brandenburg Hbf–Hel</i> Richtung Brandenburg Hbf: an xx:34 / ab xx:35 &mdash; Halt unkritisch<br/><style>@media (prefers-color-scheme: dark) { body { background:#1e1e1e; color:#eee; } }</style>]]></description>
    <LookAt>
      <longitude>18.413909</longitude>
      <latitude>54.791263</latitude>
      <altitude>0</altitude>
      <heading>0</heading>
      <tilt>0</tilt>
      <range>2500</range>
      <altitudeMode>clampToGround</altitudeMode>
    </LookAt>
    <styleUrl>#station_default</styleUrl>
    <Point>
      <coordinates>18.413909,54.791263,0</coordinates>
    </Point>
  </Placemark>
  <Placemark>
    <name>Wuppertal Barmen</name>
    <description><![CDATA[<b>Wuppertal Barmen</b><br/><br/><i>Wuppertal-Bochum-Castrop-Express</i> Richtung Castrop-Rauxel Münsterplatz: an xx:06 / ab xx:06 &mdash; Tiefbahnhof unter Winklerplatz/B7<br/><i>Wuppertal-Bochum-Castrop-Express</i> Richtung High Speed Hub Wuppertal Nord: an xx:55 / ab xx:56 &mdash; Tiefbahnhof unter Winklerplatz/B7<br/><style>@media (prefers-color-scheme: dark) { body { background:#1e1e1e; color:#eee; } }</style>]]></description>
    <LookAt>
      <longitude>7.200126</longitude>
      <latitude>51.272163</latitude>
      <altitude>0</altitude>
      <heading>0</heading>
      <tilt>0</tilt>
      <range>2500</range>
      <altitudeMode>clampToGround</altitudeMode>
    </LookAt>
    <styleUrl>#station_default</styleUrl>
    <Point>
      <coordinates>7.200126,51.272163,0</coordinates>
    </Point>
  </Placemark>
  <Placemark>
    <name>Wuppertal Büchenring</name>
    <description><![CDATA[<b>Wuppertal Büchenring</b><br/><br/><i>Wuppertal-Bochum-Castrop-Express</i> Richtung Castrop-Rauxel Münsterplatz: an xx:10 / ab xx:11 &mdash; Tiefbahnhof unter der Straße Büchenring<br/><i>Wuppertal-Bochum-Castrop-Express</i> Richtung High Speed Hub Wuppertal Nord: an xx:51 / ab xx:51 &mdash; Tiefbahnhof unter der Straße Büchenring<br/><style>@media (prefers-color-scheme: dark) { body { background:#1e1e1e; color:#eee; } }</style>]]></description>
    <LookAt>
      <longitude>7.180741</longitude>
      <latitude>51.281254</latitude>
      <altitude>0</altitude>
      <heading>0</heading>
      <tilt>0</tilt>
      <range>2500</range>
      <altitudeMode>clampToGround</altitudeMode>
    </LookAt>
    <styleUrl>#station_default</styleUrl>
    <Point>
      <coordinates>7.180741,51.281254,0</coordinates>
    </Point>
  </Placemark>
  <Placemark>
    <name>Wuppertal Dönberg Kirche</name>
    <description><![CDATA[<b>Wuppertal Dönberg Kirche</b><br/><br/><i>Wuppertal-Bochum-Castrop-Express</i> Richtung Castrop-Rauxel Münsterplatz: an xx:12 / ab xx:13 &mdash; Ebenerdiger Bahnhof (Trog) an der Höhenstraße L433<br/><i>Wuppertal-Bochum-Castrop-Express</i> Richtung High Speed Hub Wuppertal Nord: an xx:49 / ab xx:49 &mdash; Ebenerdiger Bahnhof (Trog) an der Höhenstraße L433<br/><style>@media (prefers-color-scheme: dark) { body { background:#1e1e1e; color:#eee; } }</style>]]></description>
    <LookAt>
      <longitude>7.163189</longitude>
      <latitude>51.298257</latitude>
      <altitude>0</altitude>
      <heading>0</heading>
      <tilt>0</tilt>
      <range>2500</range>
      <altitudeMode>clampToGround</altitudeMode>
    </LookAt>
    <styleUrl>#station_default</styleUrl>
    <Point>
      <coordinates>7.163189,51.298257,0</coordinates>
    </Point>
  </Placemark>
  <Placemark>
    <name>High Speed Hub Wuppertal Nord</name>
    <description><![CDATA[<b>High Speed Hub Wuppertal Nord</b><br/><br/><i>Wuppertal-Bochum-Castrop-Express</i> Richtung Castrop-Rauxel Münsterplatz: ab xx:00 &mdash; Turmbahnhof im Autobahnkreuz A46/A43/A1<br/><i>Wuppertal-Bochum-Castrop-Express</i> Endstation: an xx:02 &mdash; Turmbahnhof im Autobahnkreuz A46/A43/A1<br/><style>@media (prefers-color-scheme: dark) { body { background:#1e1e1e; color:#eee; } }</style>]]></description>
    <LookAt>
      <longitude>7.258664</longitude>
      <latitude>51.312520</latitude>
      <altitude>0</altitude>
      <heading>0</heading>
      <tilt>0</tilt>
      <range>2500</range>
      <altitudeMode>clampToGround</altitudeMode>
    </LookAt>
    <styleUrl>#station_default</styleUrl>
    <Point>
      <coordinates>7.258664,51.312520,0</coordinates>
    </Point>
  </Placemark>
  <Placemark>
    <name>Wuppertal Oberbarmen</name>
    <description><![CDATA[<b>Wuppertal Oberbarmen</b><br/><br/><i>Wuppertal-Bochum-Castrop-Express</i> Richtung Castrop-Rauxel Münsterplatz: an xx:03 / ab xx:04 &mdash; Tiefbahnhof unter Berliner Straße/Bahnhofplatz<br/><i>Wuppertal-Bochum-Castrop-Express</i> Richtung High Speed Hub Wuppertal Nord: an xx:58 / ab xx:58 &mdash; Tiefbahnhof unter Berliner Straße/Bahnhofplatz<br/><style>@media (prefers-color-scheme: dark) { body { background:#1e1e1e; color:#eee; } }</style>]]></description>
    <LookAt>
      <longitude>7.221189</longitude>
      <latitude>51.274083</latitude>
      <altitude>0</altitude>
      <heading>0</heading>
      <tilt>0</tilt>
      <range>2500</range>
      <altitudeMode>clampToGround</altitudeMode>
    </LookAt>
    <styleUrl>#station_default</styleUrl>
    <Point>
      <coordinates>7.221189,51.274083,0</coordinates>
    </Point>
  </Placemark>
  <Placemark>
    <name>Wyborg</name>
    <description><![CDATA[<b>Wyborg</b><br/><br/><i>Arktis-Afrika-Magistrale</i> Richtung Casablanca: an xx:18 / ab xx:20 &mdash; Hochbahnhof an der Fernstraße A-181/E18, Taktteiler an der Grenze<br/><i>Arktis-Afrika-Magistrale</i> Richtung Nordkapp: an xx:32 / ab xx:34 &mdash; Hochbahnhof an der Fernstraße A-181/E18, Taktteiler an der Grenze<br/><style>@media (prefers-color-scheme: dark) { body { background:#1e1e1e; color:#eee; } }</style>]]></description>
    <LookAt>
      <longitude>28.751900</longitude>
      <latitude>60.709700</latitude>
      <altitude>0</altitude>
      <heading>0</heading>
      <tilt>0</tilt>
      <range>2500</range>
      <altitudeMode>clampToGround</altitudeMode>
    </LookAt>
    <styleUrl>#station_default</styleUrl>
    <Point>
      <coordinates>28.751900,60.709700,0</coordinates>
    </Point>
  </Placemark>
  <Placemark>
    <name>Zagreb (Pleso)</name>
    <description><![CDATA[<b>Zagreb (Pleso)</b><br/><br/><i>Maglev Magistrale Paris–Singapur</i> Richtung Singapore (Changi Ost): an xx:21 / ab xx:23 &mdash; Hochbahnhof am Autobahnknoten Kosnica A3<br/><i>Maglev Magistrale Paris–Singapur</i> Richtung Paris (CDG): an xx:55 / ab xx:57 &mdash; Hochbahnhof am Autobahnknoten Kosnica A3<br/><style>@media (prefers-color-scheme: dark) { body { background:#1e1e1e; color:#eee; } }</style>]]></description>
    <LookAt>
      <longitude>16.068800</longitude>
      <latitude>45.742900</latitude>
      <altitude>0</altitude>
      <heading>0</heading>
      <tilt>0</tilt>
      <range>2500</range>
      <altitudeMode>clampToGround</altitudeMode>
    </LookAt>
    <styleUrl>#station_default</styleUrl>
    <Point>
      <coordinates>16.068800,45.742900,0</coordinates>
    </Point>
  </Placemark>
  <Placemark>
    <name>Zandvoort</name>
    <description><![CDATA[<b>Zandvoort</b><br/><br/><i>Maglev Regio Lille–Bergen</i> Richtung Bergen: an xx:50 / ab xx:51 &mdash; Tiefbahnhof (Küstentunnel-Kaverne unter den Dünen)<br/><i>Maglev Regio Lille–Bergen</i> Richtung Lille (Turmbahnhof): an xx:12 / ab xx:13 &mdash; Tiefbahnhof (Küstentunnel-Kaverne unter den Dünen)<br/><style>@media (prefers-color-scheme: dark) { body { background:#1e1e1e; color:#eee; } }</style>]]></description>
    <LookAt>
      <longitude>4.341522</longitude>
      <latitude>52.048999</latitude>
      <altitude>0</altitude>
      <heading>0</heading>
      <tilt>0</tilt>
      <range>2500</range>
      <altitudeMode>clampToGround</altitudeMode>
    </LookAt>
    <styleUrl>#station_default</styleUrl>
    <Point>
      <coordinates>4.341522,52.048999,0</coordinates>
    </Point>
  </Placemark>
  <Placemark>
    <name>Żelistrzewo</name>
    <description><![CDATA[<b>Żelistrzewo</b><br/><br/><i>Brandenburg Hbf–Hel</i> Richtung Hel: an xx:15 / ab xx:16 &mdash; Halt unkritisch<br/><i>Brandenburg Hbf–Hel</i> Richtung Brandenburg Hbf: an xx:57 / ab xx:58 &mdash; Halt unkritisch<br/><style>@media (prefers-color-scheme: dark) { body { background:#1e1e1e; color:#eee; } }</style>]]></description>
    <LookAt>
      <longitude>18.416066</longitude>
      <latitude>54.674048</latitude>
      <altitude>0</altitude>
      <heading>0</heading>
      <tilt>0</tilt>
      <range>2500</range>
      <altitudeMode>clampToGround</altitudeMode>
    </LookAt>
    <styleUrl>#station_default</styleUrl>
    <Point>
      <coordinates>18.416066,54.674048,0</coordinates>
    </Point>
  </Placemark>
</Document>
</kml>
