<?xml version="1.0" encoding="UTF-8"?>
<kml xmlns="http://www.opengis.net/kml/2.2">
<Document>
<name>RE-Netz 2030</name>
<Style id="lineRE2">
<LineStyle>
<color>ff3c14dc</color>
<width>4</width>
</LineStyle>
</Style>
<Style id="lineRE5">
<LineStyle>
<color>ffff901e</color>
<width>4</width>
</LineStyle>
</Style>
<Style id="lineRE7">
<LineStyle>
<color>ff00d7ff</color>
<width>4</width>
</LineStyle>
</Style>
<Style id="lineRE9">
<LineStyle>
<color>ff71b33c</color>
<width>4</width>
</LineStyle>
</Style>
<Style id="lineRE11">
<LineStyle>
<color>ff008cff</color>
<width>4</width>
</LineStyle>
</Style>
<Style id="lineRE14">
<LineStyle>
<color>ffe22b8a</color>
<width>4</width>
</LineStyle>
</Style>
<Style id="lineRE17">
<LineStyle>
<color>ff808000</color>
<width>4</width>
</LineStyle>
</Style>
<Style id="lineRE24">
<LineStyle>
<color>ffb469ff</color>
<width>4</width>
</LineStyle>
</Style>
<Style id="lineRE25">
<LineStyle>
<color>ff13458b</color>
<width>4</width>
</LineStyle>
</Style>
<Style id="lineRE28">
<LineStyle>
<color>ffb48246</color>
<width>4</width>
</LineStyle>
</Style>
<Style id="lineRE32">
<LineStyle>
<color>ff00ff7f</color>
<width>4</width>
</LineStyle>
</Style>
<Style id="lineRE35">
<LineStyle>
<color>ffd0e040</color>
<width>4</width>
</LineStyle>
</Style>
<Style id="lineRE35X">
<LineStyle>
<color>ff9314ff</color>
<width>4</width>
</LineStyle>
</Style>
<Style id="lineRE40">
<LineStyle>
<color>ff008080</color>
<width>4</width>
</LineStyle>
</Style>
<Style id="lineRE45">
<LineStyle>
<color>ff4763ff</color>
<width>4</width>
</LineStyle>
</Style>
<Style id="lineRE46">
<LineStyle>
<color>ffe16941</color>
<width>4</width>
</LineStyle>
</Style>
<Style id="lineRE77">
<LineStyle>
<color>ffd670da</color>
<width>4</width>
</LineStyle>
</Style>
<Style id="lineRE80">
<LineStyle>
<color>ff32cd32</color>
<width>4</width>
</LineStyle>
</Style>
<Style id="lineRE90">
<LineStyle>
<color>ff2d52a0</color>
<width>4</width>
</LineStyle>
</Style>
<Style id="lineRE90b">
<LineStyle>
<color>ffa09e5f</color>
<width>4</width>
</LineStyle>
</Style>
<Style id="lineRE91">
<LineStyle>
<color>ff8ce6f0</color>
<width>4</width>
</LineStyle>
</Style>
<Style id="lineRE94">
<LineStyle>
<color>ff82004b</color>
<width>4</width>
</LineStyle>
</Style>
<Style id="lineRB37">
<LineStyle>
<color>ff507fff</color>
<width>4</width>
</LineStyle>
</Style>
<Style id="stationPinNoLabel">
<IconStyle>
<Icon><href>https://maps.google.com/mapfiles/kml/shapes/rail.png</href></Icon>
</IconStyle>
<LabelStyle><scale>0</scale></LabelStyle>
</Style>
<Style id="style_lineRE71"><LineStyle><color>ff07c1ff</color><width>4</width></LineStyle></Style>
<Style id="style_lineS10"><LineStyle><color>ff889600</color><width>4</width></LineStyle></Style>
<Style id="style_lineS3"><LineStyle><color>ff4ac38b</color><width>4</width></LineStyle></Style>
<Style id="style_lineS30"><LineStyle><color>ff205e1b</color><width>4</width></LineStyle></Style>
<Style id="style_lineRE17"><LineStyle><color>ffff6229</color><width>4</width></LineStyle></Style>
<Style id="style_lineRE30"><LineStyle><color>ff006fff</color><width>4</width></LineStyle></Style>
<Placemark>
<name>RE2 Düsseldorf-Osnabrück</name>
<description><![CDATA[<div class="kmldesc"><b>Düsseldorf Hauptbahnhof → Osnabrück Hauptbahnhof</b><br/><br/>Halbstundentakt mit RE9 auf dem Nordast; Anschluss ICE-Sprinter in Essen Hbf<br/><br/><b>Bahnhöfe (7 Halte)</b> — Beispielzeiten eines Musterzugs, zeigt die reale Fahrzeit:<br/><br/><br/>&#8226;&#160;<b>Düsseldorf Hauptbahnhof</b><br/>Beispielzeit: ab 07:02<br/><i>Startbahnhof am Rheinknoten</i><br/>&#8226;&#160;<b>Duisburg Hauptbahnhof</b><br/>Beispielzeit: an 07:15 / ab 07:17<br/><i>Systemhalt Ruhrgebiet</i><br/>&#8226;&#160;<b>Essen Hauptbahnhof</b><br/>Beispielzeit: an 07:28 / ab 07:30<br/><i>Premiumknoten: Umstieg ICE Sprinter</i><br/>&#8226;&#160;<b>Gelsenkirchen Hauptbahnhof</b><br/>Beispielzeit: an 07:39 / ab 07:41<br/><i>Systemhalt Ruhrgebiet</i><br/>&#8226;&#160;<b>Recklinghausen Hauptbahnhof</b><br/>Beispielzeit: an 07:50 / ab 07:52<br/><i>Taktknoten Nordast</i><br/>&#8226;&#160;<b>Münster (Westf) Hauptbahnhof</b><br/>Beispielzeit: an 08:20 / ab 08:24<br/><i>Großer Taktknoten</i><br/>&#8226;&#160;<b>Osnabrück Hauptbahnhof</b><br/>Beispielzeit: an 08:59<br/><i>Endstation, Anschluss Richtung Küste</i></div><style>@media (prefers-color-scheme: dark) {html,body,.kmldesc{background:#1b1b1b !important;color:#e8e8e8 !important;}.kmldesc a{color:#8ab4f8 !important;}}</style>]]></description>
<LookAt><longitude>7.41697435</longitude><latitude>51.74629935</latitude><altitude>0</altitude><heading>0</heading><tilt>0</tilt><range>132022.05852433218</range><altitudeMode>clampToGround</altitudeMode></LookAt>
<styleUrl>#lineRE2</styleUrl>
<LineString>
<tessellate>1</tessellate>
<coordinates>6.7944534,51.2198303,0 6.7961257,51.2212228,0 6.7985866,51.2239213,0 6.7990335,51.2247634,0 6.7991056,51.2257841,0 6.7970871,51.2312495,0 6.7967541,51.2353275,0 6.7968397,51.2395477,0 6.7965333,51.2416465,0 6.7939146,51.2488699,0 6.7927398,51.2551998,0 6.7901441,51.2644847,0 6.7778323,51.3630892,0 6.7771197,51.3715137,0 6.7748742,51.3874236,0 6.7743903,51.3933711,0 6.7720357,51.4108643,0 6.7724047,51.4128236,0 6.7754119,51.4179354,0 6.7764648,51.4211099,0 6.7766099,51.4230609,0 6.7760377,51.4274124,0 6.776274,51.4291857,0 6.7780241,51.4325506,0 6.7792975,51.4341755,0 6.778056,51.4327545,0 6.7762131,51.4296734,0 6.7782294,51.4330049,0 6.7801911,51.4350331,0 6.7831369,51.4369235,0 6.7962713,51.4429379,0 6.7993749,51.4441377,0 6.8031607,51.4451367,0 6.8120201,51.4469358,0 6.8200927,51.4475389,0 6.8417159,51.4502054,0 6.8453553,51.4503946,0 6.8504181,51.4496804,0 6.8635724,51.4457143,0 6.8670768,51.4437548,0 6.8729344,51.4382015,0 6.8778734,51.4346268,0 6.8798135,51.4334795,0 6.883254,51.432109,0 6.8856644,51.4314547,0 6.8882097,51.4311283,0 6.8910643,51.4311839,0 6.894415,51.4319592,0 6.8968031,51.4331199,0 6.9005227,51.43548,0 6.9043458,51.4392678,0 6.9072133,51.4407416,0 6.9091696,51.4412464,0 6.9114157,51.4414844,0 6.9198005,51.4411717,0 6.9228926,51.4412667,0 6.9327855,51.4429542,0 6.9363835,51.4441321,0 6.9421139,51.4467995,0 6.9517772,51.4521117,0 6.9568531,51.4537211,0 6.9666981,51.4555633,0 6.9722685,51.4557396,0 6.9761608,51.4553013,0 6.9826469,51.4541131,0 6.9817069,51.4542449,0 6.9979665,51.4507747,0 7.001742,51.4504521,0 7.0185284,51.451811,0 7.0216151,51.4527432,0 7.0272288,51.4553889,0 7.0311597,51.4562924,0 7.0337425,51.4564588,0 7.0405587,51.4562046,0 7.0456417,51.4552142,0 7.0403072,51.4561732,0 7.0327202,51.4562853,0 7.0255785,51.4543763,0 7.0210762,51.4523259,0 7.0182783,51.4515765,0 7.0213319,51.4524937,0 7.0355081,51.4589921,0 7.0369868,51.4603513,0 7.0378571,51.4628087,0 7.0391556,51.4647749,0 7.040388,51.4657978,0 7.0418499,51.4664185,0 7.048975,51.4676599,0 7.0555702,51.4673523,0 7.0644072,51.4683911,0 7.067092,51.4683328,0 7.0727505,51.4677132,0 7.0746127,51.4677961,0 7.0781735,51.4685656,0 7.0826617,51.4704207,0 7.0854054,51.4718467,0 7.086377,51.4727088,0 7.0869074,51.4740198,0 7.0858637,51.4796315,0 7.0859075,51.4814952,0 7.0908512,51.4996408,0 7.0908907,51.5005829,0 7.0904087,51.5020198,0 7.0905789,51.502616,0 7.0910799,51.5031492,0 7.0926554,51.5037535,0 7.0962665,51.5037547,0 7.1087961,51.5063339,0 7.1020846,51.5048377,0 7.1268093,51.5099214,0 7.1310518,51.5111195,0 7.1347192,51.5126744,0 7.159918,51.5263125,0 7.1640166,51.5297564,0 7.1671449,51.53159,0 7.1800024,51.5368457,0 7.1823627,51.5381239,0 7.1848703,51.5403616,0 7.186048,51.5418212,0 7.193755,51.5539835,0 7.1947449,51.5562064,0 7.1954139,51.5597031,0 7.2028913,51.6147888,0 7.203297,51.6160903,0 7.2069592,51.6236853,0 7.20752,51.6255467,0 7.2076482,51.6274851,0 7.2071229,51.6322311,0 7.2064423,51.634773,0 7.2023114,51.644021,0 7.2015586,51.6454037,0 7.2005209,51.6466656,0 7.1629583,51.6757873,0 7.1604654,51.6780612,0 7.1585795,51.6809282,0 7.1519479,51.6957017,0 7.1513574,51.6976985,0 7.1512002,51.6999767,0 7.1515899,51.7022879,0 7.152262,51.704021,0 7.1601269,51.7169334,0 7.1670213,51.7274203,0 7.1698012,51.7304107,0 7.1736991,51.7328584,0 7.1945297,51.7422322,0 7.1976347,51.7441361,0 7.212585,51.7599173,0 7.2838583,51.8205375,0 7.2873919,51.823279,0 7.3569634,51.8593538,0 7.3611934,51.8607946,0 7.3784328,51.864931,0 7.3817166,51.8661314,0 7.3849824,51.8681122,0 7.4067459,51.8839723,0 7.4105952,51.8861819,0 7.4414959,51.8977864,0 7.4455083,51.8990046,0 7.5696335,51.9222258,0 7.6201849,51.9311607,0 7.6241154,51.9321894,0 7.6293806,51.9345972,0 7.6320179,51.9370183,0 7.6329187,51.9384521,0 7.6334735,51.9399167,0 7.6337038,51.9416006,0 7.6336757,51.9454517,0 7.6352338,51.9505424,0 7.6354782,51.9525785,0 7.6354181,51.9554365,0 7.6366657,51.9592764,0 7.6383827,51.9615934,0 7.6484527,51.9708626,0 7.6520456,51.9738067,0 7.656154,51.976601,0 7.6971885,52.0021351,0 7.7300506,52.0229664,0 7.8042398,52.0668545,0 7.8416292,52.091671,0 7.8453679,52.0944298,0 7.8481894,52.0969545,0 7.851468,52.1007445,0 7.8891156,52.1546422,0 7.8904293,52.1567617,0 7.8912066,52.158915,0 7.8914209,52.1615212,0 7.8909108,52.1639854,0 7.8899795,52.1659477,0 7.8877037,52.1692654,0 7.8864414,52.1706067,0 7.8847173,52.171949,0 7.8742206,52.178309,0 7.8720152,52.1800605,0 7.8705853,52.1818759,0 7.8698393,52.183638,0 7.8697942,52.1852433,0 7.870483,52.187052,0 7.8722141,52.1888911,0 7.8774199,52.1925876,0 7.8796267,52.19385,0 7.9019715,52.201544,0 7.9046445,52.2028491,0 7.9065529,52.2041993,0 7.9090537,52.2069992,0 7.9185147,52.2228756,0 7.92106,52.2255158,0 7.9343411,52.2375878,0 7.9363174,52.2388782,0 7.9385465,52.2398661,0 7.9410799,52.2406332,0 7.9443434,52.2412301,0 7.9689502,52.2422839,0 7.999072,52.2452862,0 8.0029426,52.2459461,0 8.0054301,52.2467147,0 8.0077129,52.2478152,0 8.022563,52.2578757,0 8.0256438,52.2593515,0 8.0300327,52.2604736,0 8.0504324,52.2635219,0 8.0535203,52.2645068,0 8.0552636,52.2655649,0 8.0568629,52.2669839,0 8.061913,52.2727684,0</coordinates>
</LineString>
</Placemark>
<Placemark>
<name>RE5 Arnhem-Frankfurt</name>
<description><![CDATA[<div class="kmldesc"><b>Arnhem Centraal → Frankfurt (Main) Hbf</b><br/><br/>Interregio-Flitzer im 10-Minuten-Raster, 8-teiliger KISS XXL-Doppelstock<br/><br/><b>Bahnhöfe (27 Halte)</b> — Beispielzeiten eines Musterzugs, zeigt die reale Fahrzeit:<br/><br/><br/>&#8226;&#160;<b>Arnhem Centraal</b><br/>Beispielzeit: ab 07:12<br/><i>Startbahnhof Niederlande</i><br/>&#8226;&#160;<b>Zevenaar</b><br/>Beispielzeit: an 07:20 / ab 07:21<br/><i>Grenznaher Systemhalt</i><br/>&#8226;&#160;<b>Emmerich</b><br/>Beispielzeit: an 07:31 / ab 07:34<br/><i>Systemhalt / Stromwechsel</i><br/>&#8226;&#160;<b>Empel-Rees</b><br/>Beispielzeit: an 07:42 / ab 07:43<br/><i>Regionaler Systemhalt</i><br/>&#8226;&#160;<b>Wesel</b><br/>Beispielzeit: an 07:54 / ab 07:56<br/><i>Niederrhein-Knoten</i><br/>&#8226;&#160;<b>Dinslaken</b><br/>Beispielzeit: an 08:04 / ab 08:05<br/><i>Pendlerhalt</i><br/>&#8226;&#160;<b>Oberhausen Hauptbahnhof</b><br/>Beispielzeit: an 08:13 / ab 08:15<br/><i>Einflug ins Ruhrgebiet</i><br/>&#8226;&#160;<b>Duisburg Hauptbahnhof</b><br/>Beispielzeit: an 08:21 / ab 08:23<br/><i>Großer Taktknoten, ab hier 200 km/h</i><br/>&#8226;&#160;<b>Düsseldorf Flughafen</b><br/>Beispielzeit: an 08:32 / ab 08:33<br/><i>Großer Ausnahme-Halt</i><br/>&#8226;&#160;<b>Düsseldorf Hauptbahnhof</b><br/>Beispielzeit: an 08:41 / ab 08:44<br/><i>Landeshauptstadt-Knoten</i><br/>&#8226;&#160;<b>Düsseldorf-Benrath</b><br/>Beispielzeit: an 08:51 / ab 08:52<br/><i>RRX-Infrastruktur</i><br/>&#8226;&#160;<b>Leverkusen Mitte</b><br/>Beispielzeit: an 09:02 / ab 09:03<br/><i>Rheinland-Pendlerknoten</i><br/>&#8226;&#160;<b>Köln Messe/Deutz</b><br/>Beispielzeit: an 09:12 / ab 09:14<br/><i>Großer Ausnahme-Halt</i><br/>&#8226;&#160;<b>Köln Hauptbahnhof</b><br/>Beispielzeit: an 09:18 / ab 09:21<br/><i>Zentraler Rhein-Knoten</i><br/>&#8226;&#160;<b>Brühl</b><br/>Beispielzeit: an 09:30 / ab 09:31<br/><i>Köln Süd entfällt</i><br/>&#8226;&#160;<b>Bonn Hauptbahnhof</b><br/>Beispielzeit: an 09:41 / ab 09:43<br/><i>Ehemalige Bundeshauptstadt</i><br/>&#8226;&#160;<b>Remagen</b><br/>Beispielzeit: an 09:54 / ab 09:55<br/><i>Bad Godesberg &amp; Oberwinter entfallen</i><br/>&#8226;&#160;<b>Andernach</b><br/>Beispielzeit: an 10:07 / ab 10:08<br/><i>Sinzig &amp; Bad Breisig entfallen</i><br/>&#8226;&#160;<b>Koblenz Hauptbahnhof</b><br/>Beispielzeit: an 10:18 / ab 10:22<br/><i>Taktknoten, Stadtmitte entfällt</i><br/>&#8226;&#160;<b>Boppard Hbf</b><br/>Beispielzeit: an 10:35 / ab 10:36<br/><i>Mittelrheintal</i><br/>&#8226;&#160;<b>Oberwesel</b><br/>Beispielzeit: an 10:48 / ab 10:49<br/><i>Mittelrheintal</i><br/>&#8226;&#160;<b>Bingen (Rhein) Hbf</b><br/>Beispielzeit: an 11:02 / ab 11:03<br/><i>Bacharach entfällt</i><br/>&#8226;&#160;<b>Ingelheim</b><br/>Beispielzeit: an 11:12 / ab 11:13<br/><i>Rheinhessen</i><br/>&#8226;&#160;<b>Mainz Hauptbahnhof</b><br/>Beispielzeit: an 11:26 / ab 11:28<br/><i>Perfekter Halbstundentakt zu RE2</i><br/>&#8226;&#160;<b>Rüsselsheim</b><br/>Beispielzeit: an 11:39 / ab 11:40<br/><i>Industrieknoten</i><br/>&#8226;&#160;<b>Frankfurt Flughafen Regionalbahnhof</b><br/>Beispielzeit: an 11:49 / ab 11:51<br/><i>Großer Ausnahme-Halt</i><br/>&#8226;&#160;<b>Frankfurt (Main) Hauptbahnhof</b><br/>Beispielzeit: an 12:01<br/><i>Endbahnhof, Halle Süd</i></div><style>@media (prefers-color-scheme: dark) {html,body,.kmldesc{background:#1b1b1b !important;color:#e8e8e8 !important;}.kmldesc a{color:#8ab4f8 !important;}}</style>]]></description>
<LookAt><longitude>7.285683049999999</longitude><latitude>50.971779600000005</latitude><altitude>0</altitude><heading>0</heading><tilt>0</tilt><range>267184.7385524773</range><altitudeMode>clampToGround</altitudeMode></LookAt>
<styleUrl>#lineRE5</styleUrl>
<LineString>
<tessellate>1</tessellate>
<coordinates>5.901138,51.984519,0 5.9032825,51.9845773,0 5.912783,51.9857522,0 5.9170605,51.9856326,0 5.9199462,51.9850917,0 5.9425377,51.9794233,0 5.9456045,51.9782302,0 5.9485676,51.9766994,0 5.9683595,51.9635589,0 5.9785878,51.9580044,0 5.9957779,51.9508985,0 6.0517895,51.9285921,0 6.0573355,51.9267932,0 6.1020227,51.9156344,0 6.1225377,51.9083352,0 6.1316023,51.9048191,0 6.1346969,51.9032181,0 6.1377036,51.9012589,0 6.1403696,51.8990309,0 6.1425249,51.8966998,0 6.1446067,51.8934937,0 6.1573076,51.8683106,0 6.1585134,51.8668243,0 6.1605751,51.8650679,0 6.1629461,51.8636442,0 6.165648,51.8625063,0 6.1996923,51.8529337,0 6.2416199,51.8365951,0 6.2450105,51.8355882,0 6.2497038,51.8348995,0 6.3148599,51.827609,0 6.3910864,51.8131885,0 6.3944551,51.8123385,0 6.3967542,51.8114027,0 6.47389,51.7606416,0 6.5697067,51.7137521,0 6.5731914,51.7115538,0 6.6255846,51.6690745,0 6.627147,51.6675733,0 6.6283679,51.6656122,0 6.6288848,51.6642454,0 6.6289982,51.6632118,0 6.628746,51.6615228,0 6.627105,51.6554594,0 6.6272235,51.6532265,0 6.6279338,51.6513658,0 6.6288865,51.6500375,0 6.6356698,51.6431507,0 6.6458407,51.6275854,0 6.6502397,51.6223232,0 6.6527898,51.6202317,0 6.7251945,51.5746547,0 6.73213,51.5705321,0 6.7472316,51.5632975,0 6.8335539,51.5240783,0 6.8366986,51.5222428,0 6.8392573,51.5200585,0 6.8410549,51.5179929,0 6.8423156,51.5157215,0 6.8537562,51.482533,0 6.8551807,51.4800611,0 6.8552299,51.4792416,0 6.8548849,51.4783278,0 6.8529044,51.4759512,0 6.8404092,51.4637694,0 6.8335864,51.4577887,0 6.8309301,51.4559434,0 6.82778,51.4544062,0 6.8186762,51.4510543,0 6.8135456,51.4478525,0 6.811577,51.4469457,0 6.8066389,51.4455407,0 6.8001604,51.4442732,0 6.796911,51.4431593,0 6.7827084,51.4366502,0 6.7804205,51.4351374,0 6.7783882,51.4332156,0 6.7762131,51.4296734,0 6.778056,51.4327545,0 6.7792975,51.4341755,0 6.7780241,51.4325506,0 6.776274,51.4291857,0 6.7760377,51.4274124,0 6.7766099,51.4230609,0 6.7764648,51.4211099,0 6.7754119,51.4179354,0 6.7725871,51.4132259,0 6.7720788,51.4116473,0 6.7721428,51.4098409,0 6.7746434,51.3912563,0 6.7747993,51.3880134,0 6.7771197,51.3715137,0 6.7778323,51.3630892,0 6.785438,51.3030834,0 6.7858161,51.2979877,0 6.7865587,51.2920543,0 6.7872008,51.2888498,0 6.7901441,51.2644847,0 6.7927398,51.2551998,0 6.7939146,51.2488699,0 6.7965333,51.2416465,0 6.7968397,51.2395477,0 6.7967541,51.2353275,0 6.7970871,51.2312495,0 6.7991056,51.2257841,0 6.7988634,51.2243374,0 6.7973996,51.2225184,0 6.7932821,51.2188471,0 6.7909676,51.2162621,0 6.7904845,51.2149249,0 6.7905371,51.2119259,0 6.7911822,51.2108671,0 6.7920103,51.2101226,0 6.7934492,51.2093687,0 6.7949358,51.2089363,0 6.8157385,51.2077041,0 6.8188712,51.2071853,0 6.8215493,51.2063637,0 6.8236379,51.2054083,0 6.830488,51.2014694,0 6.8511037,51.1895004,0 6.8540962,51.1875265,0 6.8578852,51.1843081,0 6.867889,51.1735752,0 6.9333473,51.1081277,0 6.9364235,51.1048126,0 6.9390497,51.1013135,0 6.950216,51.0835834,0 6.9585449,51.0698504,0 6.9609917,51.0665575,0 6.9627286,51.0649969,0 6.9653882,51.0632544,0 6.9817145,51.0548905,0 6.9843208,51.0529071,0 6.9866886,51.050051,0 6.9879697,51.046945,0 7.0028034,50.9869159,0 7.0043721,50.9846719,0 7.0126001,50.9781763,0 7.0174346,50.9731856,0 7.0190951,50.9709001,0 7.0201078,50.9679451,0 7.0197827,50.9665345,0 7.01803,50.964586,0 7.0165801,50.9622499,0 7.0144271,50.9599376,0 7.0120523,50.9567818,0 7.0106987,50.9554703,0 7.0088645,50.9545298,0 7.002961,50.9536377,0 6.9985484,50.9520998,0 6.997193,50.9510674,0 6.9936081,50.9467251,0 6.9909689,50.9441629,0 6.9888793,50.9428233,0 6.9863588,50.9418608,0 6.9820221,50.9408196,0 6.9799219,50.9405745,0 6.9721247,50.9413308,0 6.9609555,50.9415949,0 6.9595791,50.9422796,0 6.9512704,50.9496888,0 6.9494685,50.9502844,0 6.9459229,50.9508365,0 6.9443884,50.9507407,0 6.9430067,50.9502874,0 6.9379293,50.947465,0 6.9359713,50.9459386,0 6.9313633,50.9395224,0 6.9311047,50.9374048,0 6.9311849,50.9333049,0 6.9319513,50.9314431,0 6.9333699,50.9298379,0 6.9364983,50.9277872,0 6.9391516,50.9264371,0 6.9401644,50.9255698,0 6.9407707,50.9240808,0 6.9404615,50.9222532,0 6.9348664,50.9143794,0 6.9319293,50.9106715,0 6.9249439,50.9007057,0 6.9224201,50.896416,0 6.9145552,50.8851403,0 6.9109292,50.878137,0 6.9093074,50.8727831,0 6.9088929,50.8702029,0 6.9086763,50.8662866,0 6.9091258,50.8371495,0 6.9095929,50.8345042,0 6.911199,50.8312382,0 6.913903,50.8277429,0 6.9159989,50.8255666,0 6.9231052,50.8196362,0 7.0016116,50.764899,0 7.0050542,50.7622137,0 7.0122757,50.7558468,0 7.0158422,50.7533938,0 7.0212037,50.7506723,0 7.027293,50.7485638,0 7.0873104,50.7350794,0 7.0999688,50.7310955,0 7.1016979,50.7303625,0 7.1030129,50.729476,0 7.1049112,50.7277026,0 7.127574,50.7049723,0 7.1296786,50.7031333,0 7.1748199,50.6740761,0 7.18188,50.6686805,0 7.1839593,50.6666877,0 7.1911673,50.6586447,0 7.2043732,50.6447326,0 7.2055994,50.6426811,0 7.2058141,50.6406923,0 7.20518,50.6386968,0 7.2051145,50.637663,0 7.206713,50.6326814,0 7.2072899,50.627597,0 7.2074089,50.621686,0 7.2070193,50.6201296,0 7.20543,50.6178106,0 7.2052409,50.6162564,0 7.2054983,50.615335,0 7.2108507,50.6053032,0 7.2113147,50.6037744,0 7.2112563,50.602575,0 7.2108426,50.6014329,0 7.2084227,50.5987651,0 7.2076905,50.5966288,0 7.2076282,50.5951444,0 7.2079305,50.5935312,0 7.2086606,50.5918804,0 7.2096064,50.5905384,0 7.2143923,50.5861691,0 7.2165128,50.5847257,0 7.2270384,50.5785082,0 7.2330314,50.5757906,0 7.2409177,50.5700069,0 7.2442012,50.566589,0 7.2543502,50.5518975,0 7.2567768,50.5486542,0 7.2602114,50.5447345,0 7.287942,50.5180368,0 7.2950986,50.5104487,0 7.3143639,50.4979296,0 7.3165118,50.4959178,0 7.3199915,50.4916828,0 7.3221313,50.4895662,0 7.3341797,50.4803116,0 7.3437808,50.4734802,0 7.3447812,50.4725167,0 7.3464732,50.4698497,0 7.3476803,50.4684298,0 7.371639,50.4491461,0 7.3726212,50.4484905,0 7.3750777,50.4475453,0 7.3866415,50.4453897,0 7.3893799,50.4444665,0 7.3912146,50.4432204,0 7.3940562,50.4398193,0 7.3959601,50.4383052,0 7.3989165,50.4366734,0 7.4027107,50.4352099,0 7.4119624,50.432454,0 7.4403565,50.4260357,0 7.4453439,50.4245846,0 7.4481772,50.4231699,0 7.4569583,50.4169945,0 7.4599673,50.415279,0 7.4661691,50.4122486,0 7.4752231,50.4089115,0 7.4827214,50.4069975,0 7.5318071,50.3987438,0 7.5365821,50.3976957,0 7.5460455,50.3943523,0 7.5888783,50.3783144,0 7.5903684,50.3776167,0 7.5916279,50.3766787,0 7.5925837,50.3755275,0 7.5932074,50.3741999,0 7.5934411,50.3714661,0 7.5930952,50.3704572,0 7.5914535,50.3677019,0 7.5909021,50.3659432,0 7.5900009,50.3609631,0 7.5897964,50.3568724,0 7.5879402,50.3477276,0 7.5860456,50.3413985,0 7.5840984,50.3372724,0 7.5837123,50.3334658,0 7.583963,50.3303172,0 7.5866124,50.3213017,0 7.5884226,50.3128924,0 7.5911736,50.3077689,0 7.5930753,50.305318,0 7.5946859,50.3024829,0 7.6032311,50.2916947,0 7.6089333,50.287401,0 7.6166761,50.2841477,0 7.6223865,50.2801734,0 7.6282562,50.2768067,0 7.6443771,50.2637823,0 7.6460387,50.2613944,0 7.646464,50.2599394,0 7.646459,50.2583534,0 7.6460987,50.25679,0 7.645163,50.2548407,0 7.6438916,50.2533051,0 7.6423416,50.2520023,0 7.6404743,50.2508758,0 7.6381123,50.2498523,0 7.6334106,50.2487279,0 7.6284881,50.2486467,0 7.6177202,50.2501335,0 7.5997135,50.2520447,0 7.593573,50.251705,0 7.5874056,50.2503636,0 7.5820801,50.2475628,0 7.5778455,50.2445573,0 7.5768825,50.2435388,0 7.5760064,50.2415347,0 7.5758375,50.2402851,0 7.5762016,50.2372953,0 7.5768175,50.235721,0 7.5782476,50.2343091,0 7.5804446,50.2329607,0 7.5819903,50.232356,0 7.5925351,50.2303975,0 7.5991106,50.2300223,0 7.6053052,50.228705,0 7.6098165,50.2269909,0 7.6132207,50.2248425,0 7.6146908,50.2228144,0 7.6167122,50.2173882,0 7.618876,50.2148307,0 7.6206217,50.2134548,0 7.6261437,50.2100945,0 7.631165,50.2081011,0 7.6331165,50.2070358,0 7.637886,50.2035406,0 7.6426428,50.1983064,0 7.6432059,50.1970947,0 7.6444707,50.1922563,0 7.6446178,50.1904662,0 7.6442017,50.1887092,0 7.641598,50.1833661,0 7.6413709,50.1814901,0 7.6419609,50.1801641,0 7.6431049,50.1788726,0 7.6472087,50.1758052,0 7.6493527,50.1748537,0 7.6534946,50.1736127,0 7.6588182,50.1724764,0 7.6635069,50.1700811,0 7.6669528,50.1690806,0 7.669427,50.1687801,0 7.6854295,50.1681992,0 7.6902521,50.1673341,0 7.6979193,50.1649337,0 7.6999919,50.1638514,0 7.7010827,50.1628532,0 7.7040851,50.1587276,0 7.7056035,50.1555614,0 7.7082009,50.1530721,0 7.7131167,50.1505792,0 7.718353,50.1492721,0 7.7202583,50.1481932,0 7.7210585,50.1472251,0 7.7214549,50.1461595,0 7.7209346,50.14244,0 7.7211925,50.141094,0 7.7220362,50.1396402,0 7.7235993,50.1383633,0 7.7258776,50.1371263,0 7.7323029,50.1357125,0 7.7340575,50.1349653,0 7.7353847,50.1334765,0 7.7363344,50.13115,0 7.7365635,50.1296551,0 7.7356958,50.1281796,0 7.7277973,50.122178,0 7.7261596,50.1212628,0 7.7226649,50.1199795,0 7.7200403,50.1183677,0 7.7194586,50.1177397,0 7.7189178,50.1165899,0 7.7189693,50.1149789,0 7.719445,50.1140708,0 7.7203948,50.1130891,0 7.7286037,50.1069777,0 7.7322803,50.1038364,0 7.740743,50.0979169,0 7.7451127,50.0943906,0 7.7616788,50.0831112,0 7.7694927,50.0762474,0 7.7704252,50.0747959,0 7.7707822,50.0731835,0 7.7699936,50.0679185,0 7.7689886,50.0646524,0 7.7693618,50.0569513,0 7.7697165,50.0557919,0 7.7705835,50.0543965,0 7.7739428,50.0514441,0 7.7780884,50.0484539,0 7.7853532,50.0442043,0 7.8030949,50.0372837,0 7.8050522,50.0363209,0 7.808975,50.0331341,0 7.8126733,50.0306589,0 7.8178027,50.0258632,0 7.8191448,50.0250388,0 7.8257733,50.022357,0 7.8311304,50.0191407,0 7.8478231,50.0130446,0 7.8493063,50.0122508,0 7.8507548,50.0110728,0 7.854314,50.0061858,0 7.8561574,49.9997425,0 7.8590749,49.9943293,0 7.8602698,49.9841049,0 7.8611188,49.9814213,0 7.8620442,49.9798145,0 7.8648222,49.9762096,0 7.8668644,49.9743652,0 7.8685241,49.9735084,0 7.8746143,49.9711535,0 7.8836456,49.9688935,0 7.8746143,49.9711535,0 7.8677506,49.9738622,0 7.8652679,49.9756749,0 7.8626409,49.9789858,0 7.8612274,49.9811962,0 7.8604925,49.9830882,0 7.8590749,49.9943293,0 7.8561574,49.9997425,0 7.854314,50.0061858,0 7.8516098,50.0099923,0 7.8500774,50.0116812,0 7.8474335,50.0132092,0 7.8311304,50.0191407,0 7.8257733,50.022357,0 7.8191448,50.0250388,0 7.8178027,50.0258632,0 7.8126733,50.0306589,0 7.808975,50.0331341,0 7.8050522,50.0363209,0 7.8030949,50.0372837,0 7.7853532,50.0442043,0 7.776721,50.0493342,0 7.7716308,50.053322,0 7.7698868,50.0554641,0 7.7693256,50.0572152,0 7.7689886,50.0646524,0 7.7699936,50.0679185,0 7.7707822,50.0731835,0 7.7704252,50.0747959,0 7.7694927,50.0762474,0 7.7616788,50.0831112,0 7.7451127,50.0943906,0 7.740743,50.0979169,0 7.7322803,50.1038364,0 7.7286037,50.1069777,0 7.7203948,50.1130891,0 7.719445,50.1140708,0 7.7189693,50.1149789,0 7.7189178,50.1165899,0 7.7194586,50.1177397,0 7.7200403,50.1183677,0 7.7226649,50.1199795,0 7.7261596,50.1212628,0 7.7277973,50.122178,0 7.7356958,50.1281796,0 7.7365635,50.1296551,0 7.7363344,50.13115,0 7.7353847,50.1334765,0 7.7340575,50.1349653,0 7.7323029,50.1357125,0 7.7258776,50.1371263,0 7.7235993,50.1383633,0 7.7220362,50.1396402,0 7.7211925,50.141094,0 7.7209346,50.14244,0 7.7214549,50.1461595,0 7.7210585,50.1472251,0 7.7202583,50.1481932,0 7.718353,50.1492721,0 7.7131167,50.1505792,0 7.7082009,50.1530721,0 7.7056035,50.1555614,0 7.7040851,50.1587276,0 7.7010827,50.1628532,0 7.6999919,50.1638514,0 7.6979193,50.1649337,0 7.6902521,50.1673341,0 7.6854295,50.1681992,0 7.6817819,50.1684745,0 7.6694333,50.1687459,0 7.6669416,50.1690527,0 7.6634829,50.1700522,0 7.6588018,50.1724464,0 7.6534813,50.1735778,0 7.649318,50.1748259,0 7.6471756,50.1757786,0 7.6430304,50.1788564,0 7.6419057,50.1801306,0 7.6413768,50.1812286,0 7.6412916,50.1824962,0 7.6415329,50.1833704,0 7.6443316,50.1893016,0 7.644513,50.1918023,0 7.6427503,50.1980082,0 7.6378201,50.2035178,0 7.6321466,50.2075791,0 7.626111,50.2100656,0 7.6193983,50.2143117,0 7.6166518,50.2173779,0 7.6146272,50.2228039,0 7.6140063,50.2239063,0 7.612372,50.2254554,0 7.6097693,50.226966,0 7.6056131,50.2285787,0 7.5993969,50.229937,0 7.5929479,50.2303016,0 7.5859725,50.2314486,0 7.5929479,50.2303016,0 7.5993969,50.229937,0 7.6056131,50.2285787,0 7.6097693,50.226966,0 7.612372,50.2254554,0 7.6140063,50.2239063,0 7.6146272,50.2228039,0 7.6166518,50.2173779,0 7.6193983,50.2143117,0 7.626111,50.2100656,0 7.6321466,50.2075791,0 7.6378201,50.2035178,0 7.6427503,50.1980082,0 7.644513,50.1918023,0 7.6443316,50.1893016,0 7.6415329,50.1833704,0 7.6412916,50.1824962,0 7.6413768,50.1812286,0 7.6419057,50.1801306,0 7.6430304,50.1788564,0 7.6471756,50.1757786,0 7.649318,50.1748259,0 7.6534813,50.1735778,0 7.6588018,50.1724464,0 7.6634829,50.1700522,0 7.6669416,50.1690527,0 7.6694333,50.1687459,0 7.6817819,50.1684745,0 7.6854295,50.1681992,0 7.6902521,50.1673341,0 7.6979193,50.1649337,0 7.6999919,50.1638514,0 7.7010827,50.1628532,0 7.7040851,50.1587276,0 7.7056035,50.1555614,0 7.7082009,50.1530721,0 7.7131167,50.1505792,0 7.718353,50.1492721,0 7.7202583,50.1481932,0 7.7210585,50.1472251,0 7.7214549,50.1461595,0 7.7209346,50.14244,0 7.7211925,50.141094,0 7.7220362,50.1396402,0 7.7235993,50.1383633,0 7.7258776,50.1371263,0 7.7323029,50.1357125,0 7.7340575,50.1349653,0 7.7353847,50.1334765,0 7.7363344,50.13115,0 7.7365635,50.1296551,0 7.7356958,50.1281796,0 7.7277516,50.1221932,0 7.7261218,50.1212861,0 7.7226184,50.1200014,0 7.719761,50.1181781,0 7.718865,50.1165848,0 7.7188454,50.1154062,0 7.7191371,50.1144622,0 7.7203438,50.1130647,0 7.7285577,50.1069571,0 7.7322366,50.10382,0 7.740743,50.0979169,0 7.7456535,50.0940004,0 7.7616788,50.0831112,0 7.7694927,50.0762474,0 7.7704252,50.0747959,0 7.7707792,50.0730068,0 7.7699936,50.0679185,0 7.7689886,50.0646524,0 7.7691688,50.0590256,0 7.7695677,50.0561758,0 7.7710183,50.0539058,0 7.776721,50.0493342,0 7.7853532,50.0442043,0 7.8030949,50.0372837,0 7.8050522,50.0363209,0 7.808975,50.0331341,0 7.8126733,50.0306589,0 7.8178027,50.0258632,0 7.8191448,50.0250388,0 7.8257733,50.022357,0 7.8311304,50.0191407,0 7.8474335,50.0132092,0 7.8500774,50.0116812,0 7.8528056,50.0084139,0 7.8545058,50.0057859,0 7.8561574,49.9997425,0 7.8592131,49.993856,0 7.8602698,49.9841049,0 7.8608036,49.9821422,0 7.8620442,49.9798145,0 7.8648222,49.9762096,0 7.8661045,49.9749107,0 7.8674312,49.9740231,0 7.8737965,49.9714454,0 7.8855468,49.9684852,0 7.8875999,49.9684257,0 7.8949777,49.9693951,0 7.901771,49.9697641,0 7.9173028,49.9697885,0 7.9309583,49.9701654,0 7.9485737,49.9675443,0 7.9990565,49.9580821,0 8.0031631,49.957807,0 8.0074668,49.9582985,0 8.012172,49.9598502,0 8.0569879,49.9775781,0 8.0601327,49.9796424,0 8.0653808,49.9844761,0 8.0690289,49.9874757,0 8.0714936,49.9889724,0 8.0745715,49.9904282,0 8.077991,49.9916028,0 8.0814576,49.99243,0 8.114723,49.9975062,0 8.1208663,49.9990798,0 8.1260313,50.0014017,0 8.1662998,50.0239057,0 8.1694501,50.0252495,0 8.1785804,50.0283712,0 8.1825946,50.0292816,0 8.187164,50.0297592,0 8.191757,50.0296759,0 8.1950594,50.0292589,0 8.2365848,50.0213613,0 8.2384833,50.020788,0 8.2397133,50.0201272,0 8.2408963,50.0190414,0 8.2425397,50.0154882,0 8.2432377,50.0145809,0 8.2566341,50.0034292,0 8.2637656,49.995446,0 8.2650112,49.9946182,0 8.2663762,49.9941411,0 8.2683887,49.9939144,0 8.2726071,49.9943362,0 8.2742728,49.9942059,0 8.2823101,49.9923836,0 8.2866807,49.9907575,0 8.2888837,49.9904805,0 8.290468,49.9906982,0 8.2998353,49.9931876,0 8.3026011,49.9935621,0 8.3191058,49.994537,0 8.3454023,49.9952383,0 8.3492734,49.9950974,0 8.3545462,49.9940586,0 8.3626893,49.9913781,0 8.372637,49.9863072,0 8.3759359,49.9850013,0 8.3786962,49.9844177,0 8.3811052,49.9842161,0 8.3859054,49.9845753,0 8.4247858,49.994531,0 8.4297096,49.9962099,0 8.4350667,49.9987402,0 8.4580112,50.0116751,0 8.4629346,50.0149746,0 8.4961196,50.0429875,0 8.4999213,50.0458351,0 8.5032778,50.0479142,0 8.5300255,50.0627324,0 8.5341369,50.064627,0 8.5376619,50.0655036,0 8.5418704,50.0657874,0 8.5454381,50.0654483,0 8.5482815,50.0644488,0 8.5504233,50.0628593,0 8.551566,50.0609078,0 8.5516542,50.0591206,0 8.5508341,50.056583,0 8.5506797,50.0552423,0 8.5510477,50.0537806,0 8.5519544,50.0524295,0 8.5536499,50.0510757,0 8.5561037,50.0500268,0 8.5587026,50.0495427,0 8.5621905,50.0496393,0 8.5681191,50.0503841,0 8.5774948,50.0526768,0 8.5800026,50.0534436,0 8.5839084,50.0556974,0 8.5884669,50.0566811,0 8.590616,50.0568375,0 8.6037645,50.0561358,0 8.6065735,50.0565052,0 8.6086549,50.0573853,0 8.6100145,50.0585617,0 8.6106638,50.0597649,0 8.6108337,50.062414,0 8.6112991,50.0636011,0 8.6126755,50.0650731,0 8.6143722,50.0660025,0 8.6164119,50.0664646,0 8.6240623,50.0667155,0 8.630761,50.0676219,0 8.642925,50.0709356,0 8.667092,50.0782209,0 8.66838,50.07898,0 8.6692249,50.0799097,0 8.6700774,50.0832078,0 8.6702281,50.0846923,0 8.6700696,50.0860331,0 8.668953,50.0883543,0 8.6669864,50.0903043,0 8.6644546,50.0917074,0 8.6618765,50.0925248,0 8.6576378,50.0932634,0 8.655926,50.0939828,0 8.6508587,50.098388,0 8.6501403,50.099563,0 8.6504071,50.1009062,0 8.6515231,50.1019659,0 8.6626374,50.1066307,0</coordinates>
</LineString>
</Placemark>
<Placemark>
<name>RE7 Frankfurt-Bremen</name>
<description><![CDATA[<div class="kmldesc"><b>Frankfurt (Main) Hbf → Bremen Hauptbahnhof</b><br/><br/>Bahnsteiggleicher Taktanschluss an RE9 in Bremen Hbf Richtung Ruhrgebiet<br/><br/><b>Bahnhöfe (15 Halte)</b> — Beispielzeiten eines Musterzugs, zeigt die reale Fahrzeit:<br/><br/><br/>&#8226;&#160;<b>Frankfurt (Main) Hauptbahnhof</b><br/>Beispielzeit: ab 06:30<br/><i>Start im Taktknoten Rhein-Main</i><br/>&#8226;&#160;<b>Offenbach (Main) Hbf</b><br/>Beispielzeit: an 06:42 / ab 06:43<br/><i>Fester Haltepunkt</i><br/>&#8226;&#160;<b>Hanau Hauptbahnhof</b><br/>Beispielzeit: an 06:54 / ab 06:56<br/><i>Knotenhalt Kinzigtalbahn</i><br/>&#8226;&#160;<b>Gelnhausen</b><br/>Beispielzeit: an 07:12 / ab 07:13<br/><i>Pendlerzustieg, SDO aktiv</i><br/>&#8226;&#160;<b>Wächtersbach</b><br/>Beispielzeit: an 07:23 / ab 07:24<br/><i>Regulärer Haltepunkt, SDO aktiv</i><br/>&#8226;&#160;<b>Schlüchtern</b><br/>Beispielzeit: an 07:42 / ab 07:43<br/><i>Sicherung Mindesthaltzeit</i><br/>&#8226;&#160;<b>Fulda</b><br/>Beispielzeit: an 08:02 / ab 08:05<br/><i>Systemhalt vor Einfahrt SFS</i><br/>&#8226;&#160;<b>Kassel-Wilhelmshöhe</b><br/>Beispielzeit: an 08:36 / ab 08:39<br/><i>SFS-Knotenhalt</i><br/>&#8226;&#160;<b>Göttingen</b><br/>Beispielzeit: an 08:59 / ab 09:01<br/><i>SFS-Zwischenknoten</i><br/>&#8226;&#160;<b>Hannover Messe/Laatzen</b><br/>Beispielzeit: an 09:32 / ab 09:33<br/><i>SFS-Ausfädelung</i><br/>&#8226;&#160;<b>Hannover Hauptbahnhof</b><br/>Beispielzeit: an 09:42 / ab 09:47<br/><i>Großer Netzknoten</i><br/>&#8226;&#160;<b>Wunstorf</b><br/>Beispielzeit: an 09:59 / ab 10:00<br/><i>Fester Abzweigknoten, SDO aktiv</i><br/>&#8226;&#160;<b>Nienburg (Weser)</b><br/>Beispielzeit: an 10:18 / ab 10:19<br/><i>Mittelweser-Zustieg</i><br/>&#8226;&#160;<b>Verden (Aller)</b><br/>Beispielzeit: an 10:34 / ab 10:35<br/><i>Fahrgastwechsel, SDO aktiv</i><br/>&#8226;&#160;<b>Bremen Hauptbahnhof</b><br/>Beispielzeit: an 10:55<br/><i>Endstation, Anschluss RE9</i></div><style>@media (prefers-color-scheme: dark) {html,body,.kmldesc{background:#1b1b1b !important;color:#e8e8e8 !important;}.kmldesc a{color:#8ab4f8 !important;}}</style>]]></description>
<LookAt><longitude>9.325305</longitude><latitude>51.58805725</latitude><altitude>0</altitude><heading>0</heading><tilt>0</tilt><range>310292.87245867023</range><altitudeMode>clampToGround</altitudeMode></LookAt>
<styleUrl>#lineRE7</styleUrl>
<LineString>
<tessellate>1</tessellate>
<coordinates>8.6626374,50.1066307,0 8.6515231,50.1019659,0 8.6507158,50.1013156,0 8.6502443,50.1005834,0 8.6501108,50.0997549,0 8.6503698,50.0989784,0 8.6553651,50.094496,0 8.6567466,50.0936607,0 8.6603989,50.0928962,0 8.665719,50.092772,0 8.6677489,50.0931565,0 8.6726987,50.0951548,0 8.6815445,50.0971678,0 8.6913444,50.1016063,0 8.699826,50.103497,0 8.7026003,50.1038474,0 8.7180183,50.1041002,0 8.7302657,50.1046982,0 8.7347184,50.1039991,0 8.7500386,50.0986975,0 8.7523601,50.0983022,0 8.7545056,50.0983225,0 8.7780141,50.1021291,0 8.784375,50.1026421,0 8.7783321,50.1021708,0 8.7752224,50.1016502,0 8.7788118,50.1023132,0 8.7860079,50.1029889,0 8.7895015,50.1036662,0 8.8090535,50.1116999,0 8.8250573,50.1176743,0 8.8290059,50.118641,0 8.8899771,50.1224255,0 8.8933218,50.1221086,0 8.8996467,50.1204505,0 8.9027232,50.1202577,0 8.906263,50.1210637,0 8.9131447,50.1244389,0 8.9170852,50.1250802,0 8.9205826,50.1249533,0 8.9236476,50.1241238,0 8.9372364,50.1169319,0 8.9388339,50.116298,0 8.9417348,50.115787,0 8.9443859,50.115925,0 8.946283,50.1163765,0 8.9481484,50.1172341,0 8.9518396,50.120342,0 8.9552166,50.1221779,0 9.0158031,50.148557,0 9.1334805,50.1863202,0 9.1381497,50.1875016,0 9.1931753,50.1969937,0 9.2054829,50.1984325,0 9.2129791,50.2005861,0 9.2183895,50.2032003,0 9.2290129,50.2101062,0 9.2311254,50.2118988,0 9.2421681,50.2227854,0 9.2451201,50.224825,0 9.2479656,50.2258525,0 9.2513097,50.2263628,0 9.2538036,50.2263394,0 9.2612161,50.2255583,0 9.265319,50.2258744,0 9.269064,50.2270611,0 9.2745478,50.2303737,0 9.2768159,50.2323087,0 9.2944752,50.2528769,0 9.2964217,50.2545859,0 9.2989795,50.256041,0 9.3030267,50.2573748,0 9.358475,50.2679245,0 9.3610848,50.2686277,0 9.3638642,50.2698292,0 9.3662529,50.2714172,0 9.3680289,50.2732454,0 9.3740245,50.2841814,0 9.3757087,50.2865854,0 9.3784332,50.2894922,0 9.3825643,50.2927285,0 9.4032165,50.3055183,0 9.4066598,50.3064134,0 9.4170792,50.3067383,0 9.4201394,50.3071418,0 9.4234195,50.3081271,0 9.4365553,50.313743,0 9.4385429,50.3140858,0 9.4483211,50.3145616,0 9.4509236,50.3151279,0 9.4532523,50.3163148,0 9.4545311,50.3175926,0 9.45514,50.3188421,0 9.4556387,50.3224756,0 9.4562144,50.324104,0 9.4580557,50.3263807,0 9.460726,50.3280936,0 9.4637094,50.3291633,0 9.4671707,50.3297072,0 9.4841519,50.3291929,0 9.487042,50.329529,0 9.4885913,50.3300419,0 9.4902991,50.331027,0 9.4958675,50.3362383,0 9.4972854,50.3372069,0 9.4992927,50.3379518,0 9.5046325,50.3389617,0 9.5091605,50.3409437,0 9.512568,50.3433954,0 9.5134345,50.3446262,0 9.5139651,50.3462277,0 9.5137618,50.3481222,0 9.512686,50.3501214,0 9.5115804,50.3513722,0 9.5086576,50.3535454,0 9.5078067,50.3547115,0 9.5075159,50.3557031,0 9.5078344,50.3574991,0 9.5114036,50.3661207,0 9.5129693,50.3678824,0 9.5499176,50.4017113,0 9.5516557,50.4030843,0 9.5535791,50.4040978,0 9.5557521,50.404799,0 9.5621986,50.406204,0 9.5641088,50.4070541,0 9.5655932,50.4080239,0 9.5674804,50.4100257,0 9.5712494,50.4167855,0 9.5729624,50.4186162,0 9.5827667,50.4248029,0 9.5915058,50.433637,0 9.5934251,50.43521,0 9.6011025,50.4402277,0 9.6152848,50.4475726,0 9.6176853,50.4499412,0 9.6224182,50.4566786,0 9.6252353,50.459224,0 9.6304438,50.4619526,0 9.6648501,50.4765594,0 9.6682809,50.4786753,0 9.6709885,50.481446,0 9.6718031,50.4827149,0 9.6724709,50.4843702,0 9.672774,50.4856819,0 9.6728564,50.4877083,0 9.6692529,50.4997933,0 9.6690328,50.502003,0 9.6694592,50.5040802,0 9.6702233,50.5056631,0 9.6777426,50.5162592,0 9.6883846,50.5305704,0 9.6890407,50.5318229,0 9.6894398,50.5333368,0 9.69036,50.54695,0 9.6901345,50.5491003,0 9.6887747,50.5512381,0 9.6809005,50.5576436,0 9.6799716,50.5590376,0 9.6797059,50.5604533,0 9.6802781,50.5623175,0 9.6920787,50.5805724,0 9.6929455,50.5822863,0 9.6938323,50.5849211,0 9.6941934,50.5876084,0 9.694034,50.5902174,0 9.6905253,50.6099444,0 9.6896999,50.6135073,0 9.687455,50.6196362,0 9.6842739,50.6255954,0 9.6808165,50.630508,0 9.6781385,50.633677,0 9.6744118,50.6374987,0 9.6702647,50.6411349,0 9.6644982,50.6453654,0 9.6433715,50.6580761,0 9.6370383,50.662541,0 9.6333288,50.6657001,0 9.6292417,50.6698496,0 9.6258246,50.6741342,0 9.6230799,50.678489,0 9.621002,50.6828258,0 9.6195171,50.6872577,0 9.6084872,50.7320882,0 9.6080731,50.735248,0 9.608004,50.7383122,0 9.6088723,50.7476892,0 9.609016,50.7523081,0 9.6087992,50.754992,0 9.6081483,50.7585631,0 9.6070129,50.7620776,0 9.605047,50.7663995,0 9.5894615,50.7924444,0 9.5870602,50.7980339,0 9.5859254,50.8031044,0 9.5856952,50.8084344,0 9.5862596,50.8128907,0 9.5870575,50.8160081,0 9.5924324,50.8303536,0 9.5933068,50.8348055,0 9.5934896,50.8401815,0 9.5924612,50.8464337,0 9.5901259,50.8544322,0 9.5894659,50.8577711,0 9.5830557,50.9071353,0 9.5822742,50.9116962,0 9.5809382,50.9168484,0 9.5774616,50.9266632,0 9.5760861,50.9315962,0 9.5695459,50.9631745,0 9.5691188,50.9676547,0 9.5692152,50.9721467,0 9.5699614,50.9775011,0 9.5708745,50.9810627,0 9.5761564,50.9978139,0 9.5769829,51.0022818,0 9.5771667,51.0045166,0 9.5770673,51.0112593,0 9.5730739,51.0355915,0 9.5730557,51.0398926,0 9.5734048,51.0434884,0 9.5743116,51.0475803,0 9.5753364,51.050708,0 9.5767167,51.0540296,0 9.5824606,51.0652447,0 9.5839094,51.0688022,0 9.5852711,51.0733972,0 9.5861484,51.0784115,0 9.5863447,51.0846976,0 9.5851099,51.097263,0 9.5849748,51.1010928,0 9.58523,51.106011,0 9.5864986,51.1159977,0 9.5864677,51.1191455,0 9.5862599,51.1221116,0 9.5849544,51.1278867,0 9.5811425,51.1370214,0 9.577465,51.1441014,0 9.5732155,51.149952,0 9.5689399,51.1544549,0 9.562007,51.1601616,0 9.5578701,51.1629238,0 9.5438839,51.1714243,0 9.5025411,51.201439,0 9.4985135,51.2046178,0 9.495702,51.2071724,0 9.4864629,51.2167,0 9.4827957,51.2209981,0 9.4810264,51.2235841,0 9.4762539,51.2317088,0 9.4705144,51.2386802,0 9.4688617,51.24103,0 9.4672655,51.244002,0 9.4640482,51.2521365,0 9.4546396,51.2687553,0 9.4536211,51.2718752,0 9.453494,51.2738605,0 9.4536932,51.2751811,0 9.4564105,51.2829302,0 9.4597981,51.2905655,0 9.4600461,51.2917689,0 9.4599424,51.293381,0 9.4591152,51.2956997,0 9.4491218,51.3089479,0 9.4464012,51.3138157,0 9.4463398,51.31556,0 9.4472923,51.3173868,0 9.4497151,51.3191976,0 9.4519724,51.320071,0 9.4580465,51.3215539,0 9.4599612,51.3225319,0 9.4610686,51.3235215,0 9.4670424,51.3301389,0 9.4700159,51.3330649,0 9.4715629,51.3352694,0 9.4722346,51.3377032,0 9.4717534,51.3447687,0 9.4722319,51.3461422,0 9.4745184,51.3487247,0 9.4768541,51.3507395,0 9.4795753,51.3523788,0 9.48187,51.3533134,0 9.485418,51.3542248,0 9.4909295,51.3548662,0 9.4936577,51.3550431,0 9.4972804,51.3548999,0 9.5085028,51.3526193,0 9.5256449,51.3486667,0 9.5296188,51.3484038,0 9.5338209,51.3489113,0 9.5380989,51.3505021,0 9.5475939,51.3559038,0 9.5519031,51.357627,0 9.5557538,51.3585323,0 9.5675164,51.3599742,0 9.5743834,51.3618791,0 9.6137634,51.3814537,0 9.6233124,51.3854456,0 9.6296284,51.3876114,0 9.6374821,51.3897896,0 9.6469916,51.391801,0 9.6553785,51.3930547,0 9.679437,51.3956499,0 9.6877227,51.3971324,0 9.6957574,51.3990478,0 9.70224,51.4009689,0 9.7085631,51.4031639,0 9.7595156,51.4233688,0 9.7678087,51.4269173,0 9.776566,51.4315846,0 9.7844057,51.4368206,0 9.7993146,51.4486652,0 9.8367435,51.4774328,0 9.8429775,51.4829759,0 9.8653214,51.5060211,0 9.8677766,51.5082602,0 9.8717595,51.5113065,0 9.8772185,51.5146763,0 9.8826688,51.5173497,0 9.9026544,51.5247281,0 9.9115036,51.5288131,0 9.9206793,51.5325479,0 9.9231093,51.5341726,0 9.9262329,51.5373949,0 9.9271165,51.5384646,0 9.92782,51.539829,0 9.9281024,51.5411666,0 9.9280043,51.5425089,0 9.925351,51.5500931,0 9.9224596,51.5559903,0 9.9212031,51.5594074,0 9.9206047,51.5626741,0 9.9205999,51.5666669,0 9.9249879,51.5858646,0 9.9269735,51.5971464,0 9.9345884,51.6361806,0 9.9370253,51.6422443,0 9.9384977,51.6447827,0 9.941706,51.6491446,0 9.944284,51.6519918,0 9.9471648,51.6546851,0 9.9565206,51.6620288,0 9.9602634,51.6653268,0 9.9643169,51.6698187,0 9.9671882,51.6739372,0 9.9691339,51.67767,0 9.9703297,51.6807406,0 9.9760106,51.6976298,0 9.9769843,51.7011446,0 9.9774775,51.7050744,0 9.9775699,51.7082949,0 9.9769992,51.7128388,0 9.9763419,51.7153945,0 9.9742708,51.7206315,0 9.9664211,51.7349536,0 9.9645226,51.7403526,0 9.9637975,51.7447156,0 9.9636897,51.747963,0 9.9640147,51.751709,0 9.9650974,51.7560688,0 9.9679614,51.7655053,0 9.9685644,51.7698847,0 9.9684124,51.7745312,0 9.9672228,51.7874057,0 9.9672066,51.7927701,0 9.9681529,51.7978604,0 9.9707321,51.8068784,0 9.9720051,51.8104897,0 9.9739856,51.8148125,0 9.9830707,51.8310421,0 9.9848186,51.8349485,0 9.9862734,51.8394268,0 9.9873291,51.8450272,0 9.9898965,51.8729804,0 9.9906579,51.8790694,0 9.9922546,51.8858789,0 9.9993238,51.9072732,0 9.9999783,51.909955,0 10.0004992,51.9142506,0 10.0003644,51.9187085,0 9.9940985,51.9643772,0 9.9922949,51.9701747,0 9.9897534,51.9750883,0 9.986186,51.9800002,0 9.9564933,52.0142934,0 9.901521,52.0718456,0 9.8983888,52.0753323,0 9.8947689,52.0799014,0 9.8905599,52.0862656,0 9.8828401,52.099426,0 9.8799334,52.1049188,0 9.8764802,52.1136586,0 9.8666619,52.1416262,0 9.8649652,52.1455191,0 9.8632283,52.1487579,0 9.8599703,52.1536294,0 9.8565106,52.1578313,0 9.8328681,52.1829683,0 9.8300792,52.1866667,0 9.8282811,52.1896316,0 9.8260843,52.1947352,0 9.8249685,52.1990723,0 9.8236202,52.2083907,0 9.8237518,52.2139771,0 9.8246148,52.2182031,0 9.826652,52.2235661,0 9.8288138,52.2274048,0 9.8351209,52.2368078,0 9.8376135,52.2420235,0 9.8384431,52.2451408,0 9.8388654,52.2491326,0 9.8386119,52.2528796,0 9.8375581,52.2570734,0 9.8352195,52.2620293,0 9.825235,52.2790059,0 9.7945133,52.3146713,0 9.7920868,52.318011,0 9.7755955,52.3453125,0 9.7642698,52.366804,0 9.7624329,52.3693583,0 9.7602622,52.370885,0 9.7584875,52.3716574,0 9.7525082,52.3734222,0 9.7468447,52.3744916,0 9.7385027,52.3783807,0 9.7351246,52.3809917,0 9.7325793,52.3853663,0 9.7302173,52.3880025,0 9.7280933,52.389534,0 9.7236496,52.3919163,0 9.7203873,52.39307,0 9.705396,52.3967706,0 9.7005959,52.3972987,0 9.6903247,52.3976029,0 9.6550263,52.3951792,0 9.6060862,52.3914337,0 9.601268,52.3913331,0 9.5940095,52.3917463,0 9.587025,52.3928233,0 9.572854,52.3957942,0 9.4655258,52.4191402,0 9.4513095,52.4220351,0 9.4586993,52.4205283,0 9.4545212,52.4217994,0 9.4475804,52.4233469,0 9.4448764,52.4243622,0 9.4428501,52.4255795,0 9.4410625,52.4273328,0 9.4401304,52.4291527,0 9.439916,52.431447,0 9.4405476,52.4334168,0 9.4520801,52.4559423,0 9.4528841,52.4579397,0 9.4535137,52.4604506,0 9.4558239,52.5142976,0 9.4557873,52.5168694,0 9.4554218,52.5191088,0 9.4547034,52.5211367,0 9.453652,52.5231121,0 9.4525646,52.5246848,0 9.4503047,52.5271604,0 9.4311848,52.5424277,0 9.4267208,52.5467328,0 9.4240367,52.5503192,0 9.4128307,52.5690367,0 9.4098796,52.5726565,0 9.4065968,52.575339,0 9.4027294,52.5776716,0 9.3906186,52.5834438,0 9.3873501,52.5846436,0 9.3820997,52.5857217,0 9.3491706,52.5908869,0 9.3434792,52.5922949,0 9.338472,52.5939541,0 9.3336052,52.5961283,0 9.3287288,52.5989365,0 9.2982687,52.6211045,0 9.2949534,52.6232529,0 9.2912085,52.6250725,0 9.2849849,52.6271559,0 9.232028,52.6389961,0 9.2256754,52.6407438,0 9.2228712,52.6418129,0 9.2207236,52.6429963,0 9.216093,52.6467683,0 9.2143322,52.6486967,0 9.2135454,52.6505593,0 9.2136057,52.6528465,0 9.2200154,52.6764554,0 9.2211251,52.6796625,0 9.2235109,52.6839945,0 9.2381316,52.704537,0 9.2396094,52.7080905,0 9.2401536,52.7105697,0 9.2415141,52.7442335,0 9.241322,52.7475569,0 9.2410179,52.7494881,0 9.2303593,52.7870231,0 9.230016,52.7898186,0 9.2299751,52.793282,0 9.2306242,52.796863,0 9.2480867,52.8524518,0 9.2485034,52.854481,0 9.2486894,52.8572744,0 9.248674,52.8590445,0 9.2481347,52.8623148,0 9.2395936,52.8975275,0 9.2393892,52.900332,0 9.2395543,52.9027542,0 9.2414157,52.9085001,0 9.2417433,52.9101698,0 9.2412928,52.9133199,0 9.2362183,52.9239952,0 9.2340395,52.9294016,0 9.2327937,52.934049,0 9.2326031,52.9375389,0 9.2319449,52.9408327,0 9.2312113,52.9440388,0 9.2303508,52.9463262,0 9.2268406,52.9514923,0 9.2140064,52.969058,0 9.2120292,52.9708241,0 9.209214,52.9727163,0 9.2059797,52.9743442,0 9.2032542,52.9753527,0 9.1123502,53.002511,0 9.1055367,53.0039067,0 9.0173546,53.0181235,0 9.0095008,53.0199623,0 8.9076033,53.0510815,0 8.9019518,53.0534701,0 8.8692492,53.0708881,0 8.8613315,53.0739888,0 8.8553638,53.0753939,0 8.8235092,53.0801222,0 8.8164617,53.0821868,0 8.8138025,53.0833425,0</coordinates>
</LineString>
</Placemark>
<Placemark>
<name>RE9 Bremerhaven-Dortmund</name>
<description><![CDATA[<div class="kmldesc"><b>Bremerhaven-Lehe → Dortmund Hauptbahnhof</b><br/><br/>Umgeht das Ruhrgebiets-Nadelöhr via Verbindungsbahn Herne; 6-Minuten-Kurzwende Osnabrück<br/><br/><b>Bahnhöfe (7 Halte)</b> — Beispielzeiten eines Musterzugs, zeigt die reale Fahrzeit:<br/><br/><br/>&#8226;&#160;<b>Bremerhaven-Lehe</b><br/>Beispielzeit: ab 04:30<br/><i>Startbahnhof Wesermündung</i><br/>&#8226;&#160;<b>Bremen Hauptbahnhof</b><br/>Beispielzeit: an 05:20 / ab 05:25<br/><i>Großer Taktknoten Niedersachsen</i><br/>&#8226;&#160;<b>Osnabrück Hauptbahnhof</b><br/>Beispielzeit: an 06:24 / ab 06:30<br/><i>6-Minuten-Kurzwende</i><br/>&#8226;&#160;<b>Münster (Westf) Hauptbahnhof</b><br/>Beispielzeit: an 07:04 / ab 07:08<br/><i>Großer Taktknoten, 30 Min zu RE2</i><br/>&#8226;&#160;<b>Recklinghausen Hauptbahnhof</b><br/>Beispielzeit: an 07:37 / ab 07:39<br/><i>Abzweig Güterbahn-Bypass</i><br/>&#8226;&#160;<b>Bochum Hauptbahnhof</b><br/>Beispielzeit: an 07:54 / ab 07:56<br/><i>Systemhalt mittleres Ruhrgebiet</i><br/>&#8226;&#160;<b>Dortmund Hauptbahnhof</b><br/>Beispielzeit: an 08:04<br/><i>Endstation, Anschluss Fernbahn</i></div><style>@media (prefers-color-scheme: dark) {html,body,.kmldesc{background:#1b1b1b !important;color:#e8e8e8 !important;}.kmldesc a{color:#8ab4f8 !important;}}</style>]]></description>
<LookAt><longitude>8.02328635</longitude><latitude>52.520984850000005</latitude><altitude>0</altitude><heading>0</heading><tilt>0</tilt><range>234243.5620988036</range><altitudeMode>clampToGround</altitudeMode></LookAt>
<styleUrl>#lineRE9</styleUrl>
<LineString>
<tessellate>1</tessellate>
<coordinates>8.6005359,53.5664135,0 8.6006935,53.5620432,0 8.5979783,53.5521021,0 8.5965757,53.5458902,0 8.5967362,53.5442266,0 8.5979943,53.539375,0 8.5996515,53.533817,0 8.6006696,53.5316103,0 8.6027877,53.5237273,0 8.6026168,53.5220127,0 8.6007708,53.518554,0 8.6004759,53.5175036,0 8.6007962,53.515789,0 8.6019956,53.514307,0 8.6098624,53.5099026,0 8.6148321,53.5068024,0 8.6271377,53.5002365,0 8.6304065,53.4981138,0 8.6325538,53.4963467,0 8.6581546,53.4708742,0 8.6614222,53.4684749,0 8.67478,53.4603566,0 8.6793186,53.458299,0 8.7135788,53.4453143,0 8.7382348,53.4378868,0 8.7729899,53.423239,0 8.7751309,53.4221946,0 8.7783913,53.4198686,0 8.7804015,53.4175641,0 8.7815873,53.4149363,0 8.7818276,53.4134302,0 8.7817182,53.411712,0 8.7744902,53.3759847,0 8.7743205,53.3744627,0 8.7745253,53.3726543,0 8.7897914,53.3306567,0 8.8094926,53.2895575,0 8.8101276,53.2879663,0 8.8104765,53.2862437,0 8.8093949,53.2563796,0 8.8035623,53.2307596,0 8.8025057,53.2288562,0 8.7929759,53.2176317,0 8.790984,53.2160934,0 8.7848219,53.2124914,0 8.7815377,53.2101044,0 8.7663762,53.1968142,0 8.755325,53.1849174,0 8.7524912,53.1825943,0 8.749958,53.1812011,0 8.7268711,53.17052,0 8.7234315,53.1695374,0 8.7150291,53.1679319,0 8.7092113,53.1672227,0 8.7070758,53.166568,0 8.7056646,53.165713,0 8.704474,53.1644753,0 8.7041512,53.1628212,0 8.7043933,53.1616664,0 8.7068269,53.1558765,0 8.707842,53.1544843,0 8.7091095,53.1534027,0 8.7340692,53.1373686,0 8.7376274,53.1360123,0 8.7452638,53.1346682,0 8.749503,53.1334926,0 8.7548619,53.1310218,0 8.7634075,53.1263961,0 8.7659859,53.1239516,0 8.7714457,53.1203594,0 8.7741883,53.1180414,0 8.7765803,53.1145036,0 8.7807209,53.1101791,0 8.7841871,53.1056756,0 8.790325,53.0990725,0 8.8001337,53.0911493,0 8.8037881,53.0884389,0 8.8070377,53.0864374,0 8.815745,53.0824399,0 8.8235092,53.0801222,0 8.8553638,53.0753939,0 8.8607812,53.0740922,0 8.8684372,53.071227,0 8.8783083,53.0659151,0 8.8836683,53.0591589,0 8.8944287,53.0426791,0 8.8951435,53.0407774,0 8.8953725,53.0382625,0 8.8948295,53.0358091,0 8.894147,53.0343614,0 8.8923827,53.0320538,0 8.8899142,53.0299382,0 8.8730896,53.0198484,0 8.8709891,53.0182912,0 8.8692606,53.0165089,0 8.8463955,52.9824762,0 8.8176326,52.9455805,0 8.8116346,52.9356356,0 8.809974,52.9312202,0 8.8095855,52.9293415,0 8.8093489,52.9251587,0 8.8099293,52.9128924,0 8.8109517,52.9018069,0 8.8107114,52.8985648,0 8.8100033,52.8957171,0 8.8085113,52.8920726,0 8.8047271,52.8855381,0 8.8011903,52.8813638,0 8.7981372,52.8786526,0 8.7942349,52.8759319,0 8.7907098,52.8739133,0 8.7567779,52.8577504,0 8.7510462,52.8544461,0 8.726268,52.8390868,0 8.6746913,52.8127251,0 8.6713419,52.8106473,0 8.6189446,52.7735933,0 8.615448,52.7706798,0 8.6032995,52.7591515,0 8.5982427,52.7552863,0 8.563144,52.734709,0 8.5207825,52.7137365,0 8.5128264,52.7090704,0 8.504696,52.7031918,0 8.4990886,52.6986217,0 8.4966487,52.6962584,0 8.4804965,52.6788717,0 8.4772277,52.6757892,0 8.4193645,52.6305162,0 8.413703,52.6267821,0 8.3869337,52.6114157,0 8.3843935,52.6095012,0 8.3824051,52.6074942,0 8.3782218,52.6012116,0 8.3773638,52.5990589,0 8.3770149,52.5965785,0 8.3771982,52.593005,0 8.383259,52.5429469,0 8.3832507,52.5384726,0 8.3829236,52.5361724,0 8.3685612,52.4714713,0 8.3671081,52.4678742,0 8.3656859,52.4654253,0 8.3602726,52.4585603,0 8.3568558,52.4553488,0 8.3387244,52.4408795,0 8.3350764,52.4370539,0 8.3320254,52.4324876,0 8.330806,52.4297781,0 8.3263845,52.4170871,0 8.3109679,52.3715961,0 8.3075144,52.3620533,0 8.3016057,52.3440584,0 8.3007325,52.3421947,0 8.2983999,52.3397235,0 8.2962408,52.3384023,0 8.2939032,52.3374584,0 8.2916063,52.3368446,0 8.2880291,52.3363735,0 8.2837452,52.3364979,0 8.2710929,52.3385741,0 8.2680959,52.3392103,0 8.2542432,52.3431381,0 8.2518643,52.3442065,0 8.2443383,52.348455,0 8.2406267,52.3499718,0 8.2374816,52.3509406,0 8.2327757,52.3519392,0 8.2129733,52.3545644,0 8.2112635,52.3544783,0 8.2089397,52.3539414,0 8.2073473,52.3532705,0 8.2057273,52.3521248,0 8.204906,52.3509627,0 8.2045993,52.3499925,0 8.2046627,52.3485404,0 8.2053641,52.3457925,0 8.2050175,52.3441084,0 8.2034021,52.3423598,0 8.2021674,52.3416259,0 8.2002167,52.3409423,0 8.1977515,52.3405999,0 8.1955085,52.3406902,0 8.1886964,52.3421751,0 8.1862765,52.342384,0 8.1680934,52.3417322,0 8.1637864,52.3411438,0 8.1519356,52.3381534,0 8.1498918,52.3373737,0 8.1483384,52.336451,0 8.1472819,52.3355399,0 8.1462698,52.3341329,0 8.145773,52.3321966,0 8.1462466,52.3284517,0 8.1461878,52.3270925,0 8.145226,52.3248009,0 8.1369347,52.3158774,0 8.1342225,52.3134383,0 8.1285228,52.3100181,0 8.1240486,52.3078164,0 8.109503,52.302657,0 8.0981789,52.2999037,0 8.0939451,52.2979055,0 8.0687954,52.282038,0 8.0670939,52.2803101,0 8.0631468,52.2750389,0 8.0613966,52.2720691,0 8.0568629,52.2669839,0 8.0552636,52.2655649,0 8.0535203,52.2645068,0 8.0504324,52.2635219,0 8.0300327,52.2604736,0 8.0256438,52.2593515,0 8.022563,52.2578757,0 8.0077129,52.2478152,0 8.0054301,52.2467147,0 8.0013781,52.2455985,0 7.9689502,52.2422839,0 7.944915,52.2412945,0 7.9402813,52.2404252,0 7.9363174,52.2388782,0 7.9343411,52.2375878,0 7.9309381,52.2346389,0 7.9188483,52.223271,0 7.917807,52.2218987,0 7.9090537,52.2069992,0 7.9065529,52.2041993,0 7.9046445,52.2028491,0 7.9019715,52.201544,0 7.8796267,52.19385,0 7.8774199,52.1925876,0 7.8722141,52.1888911,0 7.870483,52.187052,0 7.8697942,52.1852433,0 7.8698393,52.183638,0 7.8705853,52.1818759,0 7.8720152,52.1800605,0 7.8742206,52.178309,0 7.8847173,52.171949,0 7.8864414,52.1706067,0 7.8877037,52.1692654,0 7.8899795,52.1659477,0 7.8909108,52.1639854,0 7.8914209,52.1615212,0 7.8912066,52.158915,0 7.8904293,52.1567617,0 7.8891156,52.1546422,0 7.851468,52.1007445,0 7.8481894,52.0969545,0 7.8453679,52.0944298,0 7.8416292,52.091671,0 7.8042398,52.0668545,0 7.7300506,52.0229664,0 7.6971885,52.0021351,0 7.656154,51.976601,0 7.6520456,51.9738067,0 7.6484527,51.9708626,0 7.6383827,51.9615934,0 7.6366657,51.9592764,0 7.6354181,51.9554365,0 7.6354782,51.9525785,0 7.6352338,51.9505424,0 7.6336757,51.9454517,0 7.6337038,51.9416006,0 7.6334735,51.9399167,0 7.6329187,51.9384521,0 7.6320179,51.9370183,0 7.6293806,51.9345972,0 7.6241154,51.9321894,0 7.6201849,51.9311607,0 7.5696335,51.9222258,0 7.4455083,51.8990046,0 7.4414959,51.8977864,0 7.4105952,51.8861819,0 7.4067459,51.8839723,0 7.3849824,51.8681122,0 7.3817166,51.8661314,0 7.3784328,51.864931,0 7.3611934,51.8607946,0 7.3569634,51.8593538,0 7.2873919,51.823279,0 7.2838583,51.8205375,0 7.212585,51.7599173,0 7.1976347,51.7441361,0 7.1945297,51.7422322,0 7.1731189,51.7325631,0 7.1698012,51.7304107,0 7.1673574,51.7278907,0 7.1601269,51.7169334,0 7.152262,51.704021,0 7.1515899,51.7022879,0 7.1512002,51.6999767,0 7.1513574,51.6976985,0 7.1519479,51.6957017,0 7.1585795,51.6809282,0 7.1604654,51.6780612,0 7.1629583,51.6757873,0 7.2005209,51.6466656,0 7.2015586,51.6454037,0 7.2023114,51.644021,0 7.2064423,51.634773,0 7.207078,51.6325335,0 7.2076482,51.6274851,0 7.20758,51.6259213,0 7.2071657,51.6241659,0 7.203297,51.6160903,0 7.2028913,51.6147888,0 7.1959713,51.5646536,0 7.1952164,51.5573107,0 7.1942533,51.5544748,0 7.191262,51.5496805,0 7.1909941,51.5484286,0 7.1915526,51.5468226,0 7.1932997,51.5452633,0 7.194968,51.5444197,0 7.199747,51.5427462,0 7.2011371,51.5418679,0 7.2052042,51.537162,0 7.2061538,51.5356043,0 7.2066592,51.5318114,0 7.2069105,51.5267321,0 7.2039863,51.5108589,0 7.2005874,51.5034872,0 7.2005765,51.5017469,0 7.2010336,51.49839,0 7.2005909,51.4926016,0 7.2009733,51.4914018,0 7.2019467,51.4898103,0 7.2123812,51.4803048,0 7.2130249,51.4792326,0 7.2131686,51.4769059,0 7.2137217,51.4760514,0 7.2152105,51.4755562,0 7.2167266,51.4757665,0 7.2255012,51.4797918,0 7.2280649,51.4806975,0 7.2310954,51.4811979,0 7.2361225,51.4811888,0 7.2321877,51.4811596,0 7.2290216,51.4807586,0 7.226531,51.4800227,0 7.2232195,51.478508,0 7.2269086,51.480166,0 7.2298173,51.4809073,0 7.2328554,51.4811913,0 7.2382702,51.4812675,0 7.2410188,51.4817177,0 7.2428513,51.4822538,0 7.24786,51.4843761,0 7.2507387,51.4850517,0 7.2621877,51.4861431,0 7.2791822,51.4869799,0 7.2818896,51.4869589,0 7.2852619,51.4864745,0 7.3077424,51.480048,0 7.310598,51.4794176,0 7.3164136,51.4788773,0 7.3231753,51.4788644,0 7.3261654,51.4791597,0 7.3289049,51.47982,0 7.3320151,51.4810543,0 7.3489454,51.4899369,0 7.3664316,51.4980415,0 7.3822303,51.505719,0 7.3901595,51.5086797,0 7.4054541,51.5127123,0 7.4098666,51.5132316,0 7.4129382,51.5131546,0 7.4156182,51.5127755,0 7.4217581,51.5108763,0 7.4248186,51.510228,0 7.4283025,51.5100401,0 7.4334819,51.5102934,0 7.4380336,51.5114419,0 7.4433305,51.5142039,0 7.4465639,51.5153556,0 7.4546208,51.5170919,0 7.4636632,51.5183427,0 7.459234,51.5179504,0</coordinates>
</LineString>
</Placemark>
<Placemark>
<name>RE11 Frankfurt(Oder)-Leipzig</name>
<description><![CDATA[<div class="kmldesc"><b>Frankfurt (Oder) → Leipzig Hauptbahnhof</b><br/><br/>Verdichtet mit RE1 zum Halbstundentakt zwischen Frankfurt (Oder) und Potsdam Hbf<br/><br/><b>Bahnhöfe (16 Halte)</b> — Beispielzeiten eines Musterzugs, zeigt die reale Fahrzeit:<br/><br/><br/>&#8226;&#160;<b>Frankfurt (Oder)</b><br/>Beispielzeit: ab 07:16<br/><i>Startbahnhof</i><br/>&#8226;&#160;<b>Fürstenwalde (Spree)</b><br/>Beispielzeit: an 07:31 / ab 07:33<br/><i>Regionalhalt</i><br/>&#8226;&#160;<b>Erkner</b><br/>Beispielzeit: an 07:45 / ab 07:46<br/><i>Regionalhalt</i><br/>&#8226;&#160;<b>Berlin-Ostkreuz</b><br/>Beispielzeit: an 07:58 / ab 08:00<br/><i>Berliner Ringbahn-Knoten</i><br/>&#8226;&#160;<b>Berlin Ostbahnhof</b><br/>Beispielzeit: an 08:04 / ab 08:06<br/><i>Stadtbahnhalt</i><br/>&#8226;&#160;<b>Berlin Alexanderplatz</b><br/>Beispielzeit: an 08:10 / ab 08:11<br/><i>Innenstadthalt</i><br/>&#8226;&#160;<b>Berlin Friedrichstraße</b><br/>Beispielzeit: an 08:15 / ab 08:16<br/><i>Zentraler Umstieg</i><br/>&#8226;&#160;<b>Berlin Hauptbahnhof</b><br/>Beispielzeit: an 08:19 / ab 08:22<br/><i>Hauptstadtknoten</i><br/>&#8226;&#160;<b>Berlin Zoologischer Garten</b><br/>Beispielzeit: an 08:27 / ab 08:29<br/><i>City West</i><br/>&#8226;&#160;<b>Berlin-Charlottenburg</b><br/>Beispielzeit: an 08:33 / ab 08:34<br/><i>Stadtbahnhalt</i><br/>&#8226;&#160;<b>Berlin-Wannsee</b><br/>Beispielzeit: an 08:44 / ab 08:45<br/><i>Stadtbahnhalt</i><br/>&#8226;&#160;<b>Potsdam Hauptbahnhof</b><br/>Beispielzeit: an 08:52 / ab 08:55<br/><i>Landeshauptstadt Brandenburg</i><br/>&#8226;&#160;<b>Ludwigsfelde</b><br/>Beispielzeit: an 09:12 / ab 09:13<br/><i>Selektive Türsteuerung (SDO) aktiv</i><br/>&#8226;&#160;<b>Jüterbog</b><br/>Beispielzeit: an 09:31 / ab 09:33<br/><i>Regionalhalt</i><br/>&#8226;&#160;<b>Lutherstadt Wittenberg Hbf</b><br/>Beispielzeit: an 09:51 / ab 09:53<br/><i>Anschlussknoten</i><br/>&#8226;&#160;<b>Leipzig Hauptbahnhof</b><br/>Beispielzeit: an 10:28<br/><i>Endbahnhof</i></div><style>@media (prefers-color-scheme: dark) {html,body,.kmldesc{background:#1b1b1b !important;color:#e8e8e8 !important;}.kmldesc a{color:#8ab4f8 !important;}}</style>]]></description>
<LookAt><longitude>13.3893389</longitude><latitude>51.9358608</latitude><altitude>0</altitude><heading>0</heading><tilt>0</tilt><range>185231.4840067606</range><altitudeMode>clampToGround</altitudeMode></LookAt>
<styleUrl>#lineRE11</styleUrl>
<LineString>
<tessellate>1</tessellate>
<coordinates>14.546824,52.3366199,0 14.5490556,52.3346809,0 14.5497596,52.3337672,0 14.5501082,52.3328286,0 14.5491992,52.3341557,0 14.5454565,52.337339,0 14.5441083,52.3381312,0 14.5395052,52.3396538,0 14.535981,52.3400483,0 14.5295653,52.3395221,0 14.5083837,52.3386766,0 14.479522,52.3390967,0 14.4750466,52.3384588,0 14.4665316,52.3360082,0 14.4620284,52.3355315,0 14.4504587,52.3358693,0 14.4221672,52.3386073,0 14.4169321,52.338689,0 14.3541689,52.3325761,0 14.3509547,52.3324072,0 14.3477153,52.3325662,0 14.3438657,52.3331973,0 14.2674741,52.3494053,0 14.259614,52.3506578,0 14.0806259,52.3629396,0 14.0731489,52.3638232,0 14.0672606,52.3650006,0 13.9166986,52.4012766,0 13.9064789,52.4032545,0 13.8988423,52.4039285,0 13.8107398,52.4072269,0 13.7806726,52.4085844,0 13.7761667,52.4090494,0 13.7727873,52.4098061,0 13.7695784,52.4109173,0 13.7671268,52.4120982,0 13.764791,52.4136266,0 13.7627311,52.4154924,0 13.7519816,52.4277823,0 13.7489022,52.4303101,0 13.746404,52.4315035,0 13.7437292,52.4323226,0 13.7325226,52.4337631,0 13.7296228,52.4344543,0 13.7265285,52.4355957,0 13.7244817,52.4366533,0 13.7221573,52.4383675,0 13.7205799,52.4400034,0 13.7178955,52.44362,0 13.7160511,52.445277,0 13.7125251,52.447432,0 13.708716,52.4489324,0 13.7058234,52.4496669,0 13.702451,52.450183,0 13.6407697,52.4564303,0 13.6255978,52.4571456,0 13.5822666,52.4584292,0 13.5764793,52.4592293,0 13.5730178,52.4602648,0 13.5689866,52.4618447,0 13.4829681,52.4996534,0 13.4769171,52.5014866,0 13.4570932,52.5050979,0 13.4511618,52.5059465,0 13.441947,52.5077908,0 13.433178,52.5111792,0 13.4241111,52.5124148,0 13.4180757,52.5146918,0 13.4156347,52.5173973,0 13.4149182,52.5188263,0 13.4143246,52.5194209,0 13.4100821,52.522173,0 13.4080977,52.5230178,0 13.4068287,52.5232972,0 13.4050021,52.523258,0 13.4013429,52.5224027,0 13.3979032,52.5222111,0 13.3933676,52.5203862,0 13.3892141,52.5200368,0 13.3869435,52.520329,0 13.3828554,52.5213227,0 13.3801859,52.521372,0 13.3788026,52.5216424,0 13.3774499,52.5223126,0 13.3753109,52.5242574,0 13.3733506,52.525028,0 13.3710005,52.525191,0 13.3682106,52.5249302,0 13.3657587,52.5241569,0 13.3583158,52.5202506,0 13.3565913,52.5196912,0 13.3540672,52.5194601,0 13.3448107,52.5200596,0 13.342915,52.5197406,0 13.341505,52.5191675,0 13.3372299,52.5154535,0 13.3345201,52.5102665,0 13.3319041,52.5069038,0 13.330663,52.5057175,0 13.3291396,52.5049867,0 13.326696,52.5046507,0 13.3112093,52.5054889,0 13.3073077,52.5053115,0 13.2983799,52.5033756,0 13.2819015,52.4987702,0 13.2767775,52.4980689,0 13.2721792,52.496801,0 13.2681605,52.4939183,0 13.2639395,52.4897161,0 13.2590858,52.4869581,0 13.2568143,52.4853029,0 13.2530294,52.4804166,0 13.25056,52.4782238,0 13.244015,52.4743048,0 13.1963328,52.4365741,0 13.1942373,52.4341561,0 13.1921917,52.4283102,0 13.1915332,52.4273115,0 13.190435,52.4262988,0 13.1694942,52.4158908,0 13.1650591,52.4141982,0 13.1594794,52.4127396,0 13.1570425,52.411606,0 13.155586,52.4105339,0 13.143369,52.3993541,0 13.1393197,52.3966815,0 13.1356318,52.3952626,0 13.1296904,52.3944611,0 13.0857046,52.3906409,0 13.0825654,52.3905804,0 13.0670506,52.3913826,0 13.0825654,52.3905804,0 13.0857046,52.3906409,0 13.1296904,52.3944611,0 13.1356318,52.3952626,0 13.1393197,52.3966815,0 13.1343211,52.393913,0 13.1306545,52.3911934,0 13.0802004,52.3401086,0 13.0743925,52.3352693,0 13.0722495,52.3337555,0 13.0747518,52.3358,0 13.0756543,52.3370646,0 13.0760193,52.3388636,0 13.0756005,52.3404589,0 13.0747306,52.3416784,0 13.073082,52.3429645,0 13.0673257,52.3455012,0 13.1093086,52.3280993,0 13.1128572,52.3268855,0 13.1172721,52.325865,0 13.1665315,52.3208604,0 13.1954437,52.3194362,0 13.2286455,52.3169005,0 13.2324455,52.3172481,0 13.2362064,52.3182752,0 13.2523706,52.3254198,0 13.2607824,52.3296016,0 13.2636023,52.330752,0 13.2857793,52.3356958,0 13.2819673,52.3345979,0 13.279923,52.3337026,0 13.2779941,52.3322324,0 13.2769856,52.3307801,0 13.2755992,52.3276829,0 13.2743407,52.3236975,0 13.2665575,52.2954289,0 13.2659808,52.2907912,0 13.2666725,52.2580943,0 13.2664651,52.2559979,0 13.2657279,52.2537646,0 13.2643576,52.2514906,0 13.2624847,52.2494278,0 13.2387751,52.2283793,0 13.235478,52.2250044,0 13.2336899,52.2227554,0 13.2265144,52.2119046,0 13.2251435,52.2094893,0 13.2239868,52.2067669,0 13.2231743,52.2038822,0 13.2228072,52.2013956,0 13.2227465,52.1986647,0 13.2232932,52.1936033,0 13.2233088,52.1908156,0 13.2186263,52.1410066,0 13.2181422,52.138554,0 13.2174157,52.1364266,0 13.2164215,52.1343311,0 13.2149378,52.132041,0 13.2118727,52.1285746,0 13.2082379,52.1256044,0 13.1834659,52.1096951,0 13.1670276,52.0962509,0 13.1583695,52.0888623,0 13.1540722,52.0856407,0 13.0973441,52.0538786,0 13.0941227,52.0518589,0 13.0911197,52.0496243,0 13.0884841,52.047282,0 13.0861956,52.0448334,0 13.0842065,52.0422088,0 13.0826,52.0395092,0 13.0814885,52.0370247,0 13.0728874,52.0137428,0 13.0715853,52.0114104,0 13.0699864,52.0094551,0 13.0673697,52.0068863,0 13.0642213,52.0043816,0 13.0476326,51.9928729,0 13.025044,51.9777164,0 13.0214169,51.9758269,0 13.0170547,51.9740293,0 13.01236,51.9725257,0 13.0085623,51.9716416,0 13.0029476,51.970756,0 12.9403871,51.9632818,0 12.8631622,51.9497691,0 12.8565057,51.9484717,0 12.8504851,51.9468765,0 12.7939273,51.9270607,0 12.7875357,51.9240765,0 12.7814511,51.9202261,0 12.7757749,51.9156187,0 12.7501023,51.8926347,0 12.7442358,51.8885553,0 12.7376738,51.8852097,0 12.7329317,51.8833681,0 12.7288145,51.8821276,0 12.7190566,51.880166,0 12.7146351,51.8796545,0 12.6786001,51.8769902,0 12.6747358,51.8764093,0 12.6710697,51.8751632,0 12.668969,51.8740259,0 12.6666503,51.8721204,0 12.6643295,51.8693788,0 12.6598421,51.8651597,0 12.6562366,51.8627837,0 12.6529998,51.8618714,0 12.6495385,51.8620264,0 12.6339599,51.8653209,0 12.6227023,51.8684658,0 12.6168502,51.8696288,0 12.5395079,51.8781904,0 12.5054574,51.8831022,0 12.5011456,51.8833728,0 12.4872708,51.8832556,0 12.4800057,51.8837383,0 12.4736848,51.8846666,0 12.4574888,51.8880044,0 12.4495952,51.888939,0 12.4419904,51.889175,0 12.4195015,51.8886912,0 12.414072,51.8888753,0 12.4080351,51.8894746,0 12.3472002,51.8980286,0 12.3060676,51.9088087,0 12.3022622,51.9095879,0 12.2982272,51.9100819,0 12.2928268,51.9102188,0 12.2871732,51.909814,0 12.2792881,51.9083885,0 12.2711015,51.9075041,0 12.2669107,51.9063908,0 12.2536134,51.902266,0 12.2499584,51.9007985,0 12.2442746,51.8970679,0 12.2401131,51.8928357,0 12.2387464,51.8906434,0 12.2376968,51.8878214,0 12.2360571,51.8783473,0 12.2357557,51.8745452,0 12.2345601,51.8682053,0 12.2349006,51.8628657,0 12.2383092,51.8507549,0 12.2386259,51.8488951,0 12.2385899,51.8475489,0 12.2381951,51.8460575,0 12.2367238,51.8428284,0 12.2293523,51.8308594,0 12.2285696,51.8279914,0 12.2286144,51.8261781,0 12.2289354,51.8246698,0 12.2611115,51.7289432,0 12.2741159,51.7015896,0 12.2756153,51.6979554,0 12.2765216,51.6936783,0 12.2785704,51.6685498,0 12.2793611,51.6620691,0 12.2800239,51.6598923,0 12.2817146,51.6573275,0 12.2838736,51.6553686,0 12.314688,51.6335846,0 12.316766,51.6313977,0 12.3177883,51.6290321,0 12.3172758,51.6245567,0 12.315757,51.6169456,0 12.3152533,51.6150885,0 12.3144272,51.6132351,0 12.3125037,51.610474,0 12.3029997,51.6001913,0 12.2992433,51.5952957,0 12.2955261,51.589868,0 12.2890527,51.5839095,0 12.2871095,51.5816119,0 12.2858349,51.5794543,0 12.2848657,51.5765855,0 12.2846359,51.5736652,0 12.2850455,51.5711093,0 12.2866875,51.5674231,0 12.2884668,51.5651421,0 12.2909713,51.5628242,0 12.2949547,51.5602526,0 12.2988131,51.5585247,0 12.302156,51.5574343,0 12.3152526,51.5546902,0 12.3195997,51.553471,0 12.3242242,51.5514753,0 12.3287984,51.5483965,0 12.3317378,51.545293,0 12.3383909,51.536305,0 12.3533159,51.5118812,0 12.3541469,51.5089909,0 12.3547205,51.502542,0 12.3552231,51.499978,0 12.364603,51.4751011,0 12.3762613,51.4364751,0 12.376671,51.4343316,0 12.3766539,51.4276421,0 12.3774617,51.4241107,0 12.387174,51.4008029,0 12.3966377,51.376741,0 12.3985031,51.3727025,0 12.3992851,51.3697979,0 12.4011157,51.3658009,0 12.4011047,51.364738,0 12.4007501,51.3636718,0 12.3989785,51.3611568,0 12.3922099,51.3552631,0 12.3829826,51.3465306,0</coordinates>
</LineString>
</Placemark>
<Placemark>
<name>RE14 Eindhoven-Saarbrücken</name>
<description><![CDATA[<div class="kmldesc"><b>Eindhoven → Saarbrücken Hauptbahnhof</b><br/><br/>Grenzüberschreitend NL/NRW/RLP/Saarland; Umfahrung Köln Hbf über Erftbahn<br/><br/><b>Bahnhöfe (17 Halte)</b> — Beispielzeiten eines Musterzugs, zeigt die reale Fahrzeit:<br/><br/><br/>&#8226;&#160;<b>Eindhoven</b><br/>Beispielzeit: ab 07:05<br/><i>Bereitstellung aus Depot, 1,5 kV DC</i><br/>&#8226;&#160;<b>Venlo</b><br/>Beispielzeit: an 07:38 / ab 07:43<br/><i>Systemwechsel auf 15 kV AC</i><br/>&#8226;&#160;<b>Viersen</b><br/>Beispielzeit: an 07:57 / ab 07:59<br/><i>Netzknotenhalt</i><br/>&#8226;&#160;<b>Mönchengladbach Hauptbahnhof</b><br/>Beispielzeit: an 08:07 / ab 08:10<br/><i>Taktknoten Niederrhein</i><br/>&#8226;&#160;<b>Grevenbroich</b><br/>Beispielzeit: an 08:25 / ab 08:26<br/><i>Mindesthaltzeit gesichert</i><br/>&#8226;&#160;<b>Rommerskirchen</b><br/>Beispielzeit: an 08:36 / ab 08:37<br/><i>Pendlerzustieg</i><br/>&#8226;&#160;<b>Köln-Ehrenfeld</b><br/>Beispielzeit: an 08:51 / ab 08:53<br/><i>S-Bahn-Verknüpfung</i><br/>&#8226;&#160;<b>Köln Süd</b><br/>Beispielzeit: an 08:59 / ab 09:02<br/><i>Trassenfilterung vor Güterzugbahn</i><br/>&#8226;&#160;<b>Euskirchen</b><br/>Beispielzeit: an 09:27 / ab 09:29<br/><i>Übergang Eifelstrecke</i><br/>&#8226;&#160;<b>Kall</b><br/>Beispielzeit: an 09:44 / ab 09:45<br/><i>SDO-Überwachung aktiv</i><br/>&#8226;&#160;<b>Gerolstein</b><br/>Beispielzeit: an 10:30 / ab 10:33<br/><i>Kreuzungshalt eingleisiger Abschnitt</i><br/>&#8226;&#160;<b>Erdorf</b><br/>Beispielzeit: an 10:58 / ab 10:59<br/><i>Regulärer Haltepunkt</i><br/>&#8226;&#160;<b>Trier Hauptbahnhof</b><br/>Beispielzeit: an 11:29 / ab 11:34<br/><i>Richtungs- und Personalwechsel</i><br/>&#8226;&#160;<b>Merzig (Saar)</b><br/>Beispielzeit: an 12:04 / ab 12:05<br/><i>Einfädelung Saartal</i><br/>&#8226;&#160;<b>Saarlouis Hbf</b><br/>Beispielzeit: an 12:17 / ab 12:19<br/><i>Industrieknoten</i><br/>&#8226;&#160;<b>Völklingen</b><br/>Beispielzeit: an 12:27 / ab 12:28<br/><i>Zubringerstufe</i><br/>&#8226;&#160;<b>Saarbrücken Hauptbahnhof</b><br/>Beispielzeit: an 12:36<br/><i>Endstation</i></div><style>@media (prefers-color-scheme: dark) {html,body,.kmldesc{background:#1b1b1b !important;color:#e8e8e8 !important;}.kmldesc a{color:#8ab4f8 !important;}}</style>]]></description>
<LookAt><longitude>6.2352894</longitude><latitude>50.35857729999999</latitude><altitude>0</altitude><heading>0</heading><tilt>0</tilt><range>243162.86735607352</range><altitudeMode>clampToGround</altitudeMode></LookAt>
<styleUrl>#lineRE14</styleUrl>
<LineString>
<tessellate>1</tessellate>
<coordinates>5.4795483,51.4429141,0 5.4963159,51.4450605,0 5.5063625,51.4452023,0 5.5743044,51.453982,0 5.6576711,51.4744969,0 5.6640381,51.4758071,0 5.6681862,51.476029,0 5.676542,51.4749422,0 5.7024791,51.4704057,0 5.7115378,51.4690411,0 5.8034815,51.4534941,0 6.0284909,51.4306445,0 6.0333448,51.4299634,0 6.0367058,51.4290053,0 6.1318871,51.382877,0 6.1499599,51.3755288,0 6.1572636,51.3711005,0 6.1707336,51.3653138,0 6.1758991,51.3612075,0 6.1767577,51.3600765,0 6.1771181,51.3586067,0 6.1772163,51.3567899,0 6.1761848,51.3538736,0 6.1760374,51.352683,0 6.1763533,51.3512176,0 6.1771282,51.3498962,0 6.1791402,51.3481755,0 6.1908906,51.3421504,0 6.1934296,51.3402381,0 6.1981351,51.3335915,0 6.2016825,51.3293969,0 6.2041772,51.3256691,0 6.2059208,51.3221705,0 6.2123583,51.3128364,0 6.2142572,51.3108621,0 6.2164785,51.3092642,0 6.2278158,51.3024793,0 6.2626791,51.2820291,0 6.2733868,51.2748665,0 6.2778279,51.2730351,0 6.3420163,51.2559937,0 6.3452256,51.2554576,0 6.3498921,51.255424,0 6.366497,51.257047,0 6.3696525,51.2578769,0 6.3721088,51.2588747,0 6.3783016,51.2625818,0 6.3809988,51.2636995,0 6.384257,51.2642751,0 6.3882057,51.2641198,0 6.391287,51.2633039,0 6.3938331,51.2619587,0 6.395182,51.2607378,0 6.3965232,51.2579634,0 6.3982256,51.2567339,0 6.418833,51.2502327,0 6.4314147,51.2475477,0 6.433314,51.2468241,0 6.4348624,51.2458799,0 6.4364436,51.244207,0 6.4371125,51.2423919,0 6.4366481,51.226714,0 6.4373402,51.224142,0 6.4385775,51.2223946,0 6.4402422,51.2209459,0 6.449071,51.2159754,0 6.45298,51.2129939,0 6.4538286,51.2119396,0 6.4550394,51.2092573,0 6.455615,51.206401,0 6.4551842,51.2037928,0 6.4536124,51.2014262,0 6.4520681,51.2001923,0 6.4474804,51.1976841,0 6.4447034,51.1951159,0 6.4409623,51.1877108,0 6.4395798,51.1844526,0 6.4379504,51.1751175,0 6.4393602,51.1643514,0 6.4394001,51.1614029,0 6.4391483,51.1592426,0 6.4397717,51.1581021,0 6.446887,51.151032,0 6.4478638,51.1497619,0 6.448301,51.1476343,0 6.4481492,51.141173,0 6.4475241,51.1394854,0 6.4455804,51.137269,0 6.4360075,51.1302452,0 6.4349167,51.1284347,0 6.4347162,51.1273018,0 6.4348249,51.1262598,0 6.4357108,51.1245192,0 6.4372569,51.1230911,0 6.4547318,51.1112981,0 6.4620867,51.1059364,0 6.4667869,51.1030491,0 6.4707158,51.1001311,0 6.4737196,51.0974139,0 6.4750758,51.0965419,0 6.4781541,51.0953685,0 6.4815654,51.0949685,0 6.4840469,51.0951439,0 6.4927371,51.0966054,0 6.506168,51.0974541,0 6.508601,51.0974283,0 6.5140268,51.0966655,0 6.516518,51.0967512,0 6.5191454,51.0972826,0 6.5282027,51.1001204,0 6.5574584,51.1057799,0 6.5654327,51.1082053,0 6.5681829,51.1085395,0 6.5707553,51.1085443,0 6.5756496,51.1077085,0 6.5783867,51.1066349,0 6.5802861,51.1054938,0 6.5819316,51.1039201,0 6.5827889,51.1023855,0 6.5830881,51.1007325,0 6.5828959,51.0991796,0 6.5790244,51.0907498,0 6.5787795,51.0894326,0 6.5790947,51.0885333,0 6.5798616,51.0876776,0 6.5818326,51.0862475,0 6.5841788,51.0849442,0 6.5875013,51.0836378,0 6.5899424,51.0831829,0 6.5920338,51.0832339,0 6.6051114,51.0850177,0 6.6073445,51.0848396,0 6.6168225,51.0830997,0 6.6184297,51.082295,0 6.6387795,51.0688776,0 6.6580673,51.0588957,0 6.6664866,51.0557761,0 6.6765284,51.0500444,0 6.6896909,51.0416205,0 6.6926123,51.0408207,0 6.7136319,51.0379588,0 6.7362636,51.0299926,0 6.7472181,51.0257951,0 6.7488363,51.0249637,0 6.750065,51.0237696,0 6.7527998,51.0173197,0 6.7534026,51.0164765,0 6.7543839,51.0157066,0 6.7567904,51.0147981,0 6.7814392,51.0074384,0 6.79392,51.0010177,0 6.8001332,50.9950403,0 6.8024368,50.9936058,0 6.8469448,50.9764495,0 6.8510746,50.9756015,0 6.8585363,50.9751434,0 6.8610496,50.974304,0 6.8630997,50.9727969,0 6.8643513,50.9712925,0 6.8713471,50.953079,0 6.8738455,50.9490192,0 6.8751809,50.9479817,0 6.8775553,50.947435,0 6.8820185,50.9477542,0 6.9240973,50.9521871,0 6.9327765,50.9532622,0 6.9374901,50.9541866,0 6.9402072,50.9538836,0 6.9414095,50.9532883,0 6.9422562,50.9524204,0 6.9425289,50.9512433,0 6.9419498,50.9500749,0 6.9379215,50.9475837,0 6.9356763,50.9455542,0 6.9314532,50.9397356,0 6.9311047,50.9374048,0 6.9312411,50.933309,0 6.9321332,50.9312629,0 6.9339776,50.9294818,0 6.9408197,50.9257187,0 6.9416215,50.9246294,0 6.9416185,50.9233288,0 6.9319819,50.9106569,0 6.9248204,50.9004347,0 6.9226777,50.8967115,0 6.9148057,50.8854376,0 6.9117127,50.8801751,0 6.9075525,50.8721621,0 6.9029137,50.86701,0 6.9013841,50.8647779,0 6.8998876,50.861346,0 6.8998022,50.8603977,0 6.9002506,50.8583587,0 6.9002607,50.8571366,0 6.8998465,50.8558549,0 6.8985307,50.8537311,0 6.8980782,50.8525614,0 6.8980146,50.8511089,0 6.8984314,50.8489966,0 6.8978211,50.8475174,0 6.8970343,50.8467951,0 6.8938009,50.8448987,0 6.891339,50.8411626,0 6.8874477,50.8374302,0 6.885796,50.8364829,0 6.8839605,50.8360807,0 6.8819857,50.8360989,0 6.8774932,50.8372637,0 6.87407,50.8385605,0 6.872205,50.8387775,0 6.8702704,50.8385826,0 6.8685517,50.8379881,0 6.8658844,50.8361887,0 6.8601211,50.8335671,0 6.8449916,50.8277424,0 6.8433119,50.8268883,0 6.8415661,50.825395,0 6.8404953,50.8232757,0 6.8404582,50.8219036,0 6.8416707,50.8165147,0 6.8413247,50.8145221,0 6.8399047,50.8127922,0 6.8350102,50.8101462,0 6.8339352,50.8091942,0 6.8333566,50.8082708,0 6.8329362,50.8061983,0 6.8333728,50.8043151,0 6.8349694,50.8020616,0 6.8384739,50.798186,0 6.8400458,50.795627,0 6.8404842,50.79412,0 6.8405302,50.7928686,0 6.8399665,50.7879844,0 6.8395638,50.7870164,0 6.8380383,50.7848103,0 6.8375508,50.7833877,0 6.8374296,50.7818117,0 6.8377546,50.7803838,0 6.8395345,50.7774716,0 6.8492728,50.766784,0 6.8504226,50.7638663,0 6.8504746,50.7607066,0 6.8494459,50.7572824,0 6.838511,50.7399514,0 6.836818,50.7376632,0 6.821603,50.7198882,0 6.8197658,50.7173008,0 6.8181472,50.714065,0 6.8173321,50.7112136,0 6.8169641,50.7085681,0 6.8161227,50.6949924,0 6.8161268,50.684061,0 6.8127649,50.6729553,0 6.8126791,50.6711731,0 6.8131756,50.6654357,0 6.8128758,50.6642317,0 6.812024,50.6629649,0 6.8103921,50.6616902,0 6.8081213,50.660755,0 6.7970426,50.6589539,0 6.7862343,50.6564977,0 6.7251179,50.6417008,0 6.7218212,50.6405166,0 6.7198431,50.6391478,0 6.7178691,50.6367153,0 6.7164822,50.6331977,0 6.7150217,50.6255553,0 6.7143501,50.6244749,0 6.7113555,50.6210081,0 6.7099989,50.6200168,0 6.7001502,50.6147885,0 6.6852698,50.60475,0 6.6781379,50.5992679,0 6.6769318,50.5978461,0 6.6754095,50.5948833,0 6.6738212,50.5933314,0 6.6711903,50.5921753,0 6.6680687,50.5917392,0 6.664678,50.5916542,0 6.6603495,50.5923024,0 6.6585802,50.5923398,0 6.6456945,50.5912685,0 6.6360668,50.5914082,0 6.63329,50.5909012,0 6.632074,50.5904283,0 6.630711,50.5895329,0 6.6202116,50.5797363,0 6.6186684,50.5785936,0 6.6165091,50.5776128,0 6.6087546,50.5751891,0 6.6003122,50.5714883,0 6.5985091,50.570537,0 6.5925496,50.5666249,0 6.5911214,50.5651531,0 6.5905508,50.5634449,0 6.5908638,50.56185,0 6.5925003,50.5591857,0 6.592827,50.558153,0 6.5926202,50.5564228,0 6.5914923,50.5548318,0 6.589376,50.5534863,0 6.5630127,50.5428477,0 6.5610104,50.5418545,0 6.5578571,50.5395448,0 6.551964,50.5305181,0 6.5519688,50.5293743,0 6.5525633,50.5283862,0 6.5559456,50.5262021,0 6.5567692,50.5252898,0 6.5573704,50.5235863,0 6.5576139,50.5210122,0 6.5581551,50.5199426,0 6.5596978,50.5188713,0 6.5624552,50.5181145,0 6.5634955,50.5176064,0 6.5643114,50.5168911,0 6.5659605,50.5146747,0 6.5679791,50.5136647,0 6.5702038,50.5133942,0 6.5773109,50.5135148,0 6.5786057,50.5131696,0 6.5813906,50.5118179,0 6.5859362,50.5109017,0 6.5920014,50.5114906,0 6.597217,50.5111674,0 6.6009029,50.5119683,0 6.6116338,50.5131016,0 6.6147315,50.5128567,0 6.6172694,50.5120409,0 6.6218859,50.5092962,0 6.624561,50.5064607,0 6.6249486,50.505554,0 6.6249318,50.5046827,0 6.6233064,50.5020828,0 6.6233567,50.5006604,0 6.6268871,50.4965183,0 6.6298677,50.4945011,0 6.630302,50.4937806,0 6.6304495,50.492895,0 6.6302062,50.4917947,0 6.6289723,50.4896783,0 6.628451,50.4876287,0 6.6279973,50.4869178,0 6.626829,50.4860342,0 6.62405,50.4849369,0 6.6228991,50.4838396,0 6.6220012,50.4800189,0 6.6212187,50.4779916,0 6.6184283,50.4737995,0 6.6133016,50.4682072,0 6.6127256,50.4670128,0 6.6124175,50.4647517,0 6.6120031,50.4638136,0 6.6109814,50.462896,0 6.6086547,50.4616123,0 6.6077581,50.4606224,0 6.6075116,50.4597782,0 6.6076302,50.4589339,0 6.6091755,50.456713,0 6.6094487,50.4559154,0 6.6093783,50.4549464,0 6.6087103,50.4538357,0 6.6078414,50.4531462,0 6.6029007,50.4504066,0 6.6020954,50.449401,0 6.6011758,50.4469785,0 6.6001251,50.4458506,0 6.5907391,50.4400118,0 6.5898628,50.4389766,0 6.5882287,50.4360454,0 6.5868314,50.4346981,0 6.5808028,50.4313932,0 6.5689952,50.4264773,0 6.5633255,50.4232307,0 6.5619603,50.4219533,0 6.5609967,50.4193206,0 6.5598151,50.4178319,0 6.5580741,50.4166922,0 6.5540637,50.4149204,0 6.550635,50.4119929,0 6.550035,50.4097131,0 6.5505035,50.4068293,0 6.5508563,50.4059081,0 6.5523945,50.4043952,0 6.5560906,50.4025697,0 6.5573026,50.4010144,0 6.557307,50.3993062,0 6.5560265,50.3972405,0 6.5558018,50.3962587,0 6.5560155,50.3951691,0 6.5568858,50.3935118,0 6.5570028,50.3924693,0 6.5564722,50.3910656,0 6.5541297,50.3882218,0 6.5497826,50.3852613,0 6.5483867,50.3836106,0 6.5479254,50.3823877,0 6.5470114,50.3768406,0 6.5472578,50.3752015,0 6.5482301,50.3740133,0 6.5513125,50.3721271,0 6.5528706,50.3705376,0 6.5536231,50.3686826,0 6.5536187,50.3667231,0 6.5538799,50.3654554,0 6.5579408,50.3574207,0 6.5585998,50.3564913,0 6.5602785,50.355511,0 6.563763,50.35468,0 6.5649054,50.3541714,0 6.5658077,50.3534323,0 6.5671095,50.3514315,0 6.5683961,50.3503926,0 6.5818185,50.3443494,0 6.5869599,50.3409004,0 6.591829,50.3372675,0 6.5986527,50.3340607,0 6.5996311,50.3330524,0 6.6019693,50.3292078,0 6.6029886,50.328514,0 6.6072577,50.3267166,0 6.6089382,50.3254941,0 6.6119384,50.3216456,0 6.6345314,50.2980295,0 6.6352881,50.2967534,0 6.6358805,50.291989,0 6.6379517,50.2860278,0 6.6395671,50.274351,0 6.6406235,50.2727416,0 6.6476278,50.2690723,0 6.6483081,50.2683631,0 6.6496584,50.2658137,0 6.6543708,50.2631142,0 6.6569117,50.2605206,0 6.6586894,50.2581687,0 6.6665809,50.2530316,0 6.6704886,50.2511462,0 6.6713211,50.2503081,0 6.6722102,50.2485949,0 6.6730252,50.2478469,0 6.6743662,50.2472239,0 6.6819425,50.2449978,0 6.6861118,50.2447601,0 6.6878775,50.2442292,0 6.6887274,50.2437058,0 6.6894655,50.2428594,0 6.6906825,50.2407571,0 6.6908608,50.2397476,0 6.6907053,50.238998,0 6.6899746,50.2376801,0 6.6870311,50.2348495,0 6.6861295,50.2321273,0 6.6857169,50.2315083,0 6.6844086,50.2306096,0 6.6805734,50.2295414,0 6.6793684,50.2289289,0 6.678464,50.227838,0 6.6778297,50.2257384,0 6.6763038,50.224616,0 6.6740272,50.2241782,0 6.6592317,50.2239091,0 6.6550901,50.2228406,0 6.644332,50.221402,0 6.6431706,50.2209962,0 6.6421295,50.2202527,0 6.6415236,50.2190164,0 6.6420518,50.2162131,0 6.6414717,50.2147427,0 6.6398875,50.2135432,0 6.6363041,50.2122627,0 6.6350363,50.2110568,0 6.6348195,50.2103728,0 6.6349192,50.2095592,0 6.6364181,50.2071173,0 6.6365723,50.2061105,0 6.6359864,50.2049753,0 6.6339682,50.203353,0 6.6335092,50.2021946,0 6.6336335,50.2014011,0 6.6343593,50.2004442,0 6.6375661,50.1989775,0 6.6388121,50.1977108,0 6.6389804,50.1970529,0 6.6388468,50.1962555,0 6.6383426,50.1955354,0 6.6365965,50.1940424,0 6.6362229,50.1926889,0 6.6369702,50.1913458,0 6.6394338,50.189935,0 6.6401053,50.1893091,0 6.6404822,50.1882435,0 6.640273,50.1870629,0 6.6391893,50.1858991,0 6.6330734,50.181729,0 6.6300958,50.1782947,0 6.6286576,50.1761505,0 6.6288244,50.1727397,0 6.6285767,50.1719396,0 6.6280188,50.171225,0 6.6267612,50.170421,0 6.6235006,50.1695044,0 6.6221018,50.1688404,0 6.615977,50.1636714,0 6.6153024,50.1622917,0 6.6149631,50.1598457,0 6.6157419,50.1568791,0 6.6157821,50.1557826,0 6.6154314,50.1546455,0 6.6147543,50.1537692,0 6.6135375,50.1529228,0 6.6118489,50.1524049,0 6.6068052,50.1525576,0 6.6046862,50.1522774,0 6.6030085,50.1515324,0 6.6017841,50.1502606,0 6.6015152,50.1491788,0 6.6019101,50.1477117,0 6.6058516,50.1402928,0 6.6061315,50.138843,0 6.6056216,50.1374997,0 6.6024992,50.1329359,0 6.600789,50.128907,0 6.6004614,50.124529,0 6.599061,50.1187842,0 6.5990415,50.1177607,0 6.5993272,50.1164685,0 6.5999646,50.1154204,0 6.6042033,50.1117699,0 6.6050816,50.1106257,0 6.6059133,50.109222,0 6.6062701,50.107458,0 6.6060186,50.1061278,0 6.6053823,50.1049653,0 6.6041887,50.103718,0 6.6016765,50.1018746,0 6.6009397,50.1006436,0 6.6009255,50.0998003,0 6.6011903,50.0991308,0 6.6029844,50.0973075,0 6.603612,50.0961805,0 6.6036549,50.0951395,0 6.6023219,50.0896623,0 6.6027773,50.0884084,0 6.6045777,50.0863291,0 6.6048492,50.0850598,0 6.6044103,50.0840439,0 6.6021046,50.0814805,0 6.6016942,50.0806802,0 6.6016164,50.0797318,0 6.6022753,50.076703,0 6.6009157,50.0693017,0 6.6008675,50.067399,0 6.6004068,50.0665101,0 6.598261,50.0640013,0 6.5977651,50.0624238,0 6.5980012,50.061383,0 6.5997067,50.0584617,0 6.6005253,50.0562663,0 6.6002277,50.0553011,0 6.5986392,50.0534139,0 6.5985507,50.0520111,0 6.5993638,50.0509109,0 6.602063,50.0488747,0 6.6025361,50.0477374,0 6.6024289,50.0467704,0 6.601254,50.0435476,0 6.5997471,50.0423795,0 6.5979466,50.0419625,0 6.5894319,50.0415959,0 6.5879431,50.0409886,0 6.5857412,50.0391665,0 6.5848365,50.0376723,0 6.5850615,50.0337011,0 6.5848553,50.0327881,0 6.5791201,50.0226695,0 6.5747492,50.0190909,0 6.5708187,50.0180832,0 6.5693206,50.0171632,0 6.5687424,50.0160431,0 6.5686467,50.0140116,0 6.5669596,50.0105591,0 6.5675429,50.0071459,0 6.5672648,50.0040416,0 6.5676005,50.0018747,0 6.5687714,50.0003359,0 6.5720156,49.9979474,0 6.5727083,49.9966122,0 6.5726482,49.9953557,0 6.5714639,49.9926723,0 6.5718251,49.9900287,0 6.5707791,49.9879732,0 6.5709963,49.9820646,0 6.5719163,49.9808193,0 6.5726727,49.9803191,0 6.5779942,49.9781493,0 6.5810467,49.975109,0 6.58157,49.974171,0 6.5815709,49.9736775,0 6.5804201,49.9714304,0 6.5805852,49.969971,0 6.5815524,49.9689487,0 6.5842679,49.9678955,0 6.5864212,49.9662545,0 6.5868984,49.9653454,0 6.5872222,49.9632129,0 6.5882233,49.96172,0 6.590028,49.9602719,0 6.5912667,49.9596433,0 6.5997852,49.9571985,0 6.6032563,49.957066,0 6.6074234,49.9581124,0 6.6090408,49.9582177,0 6.6111058,49.9577753,0 6.6136425,49.9563842,0 6.6147597,49.9560481,0 6.6163257,49.9559761,0 6.6192951,49.9563491,0 6.6211152,49.956188,0 6.623809,49.9548837,0 6.6259462,49.9532628,0 6.6269755,49.9520607,0 6.6272816,49.9510238,0 6.626959,49.94981,0 6.6259648,49.9484257,0 6.6238236,49.9469025,0 6.6230661,49.9458039,0 6.6230097,49.9446923,0 6.6237359,49.9411108,0 6.6239324,49.9385005,0 6.6237152,49.9376236,0 6.622446,49.9363481,0 6.6182344,49.9345791,0 6.6157726,49.9326946,0 6.6150302,49.9317097,0 6.6148853,49.9306849,0 6.6151755,49.9297605,0 6.6177534,49.9269609,0 6.6179752,49.9260402,0 6.6177492,49.924901,0 6.616968,49.9237976,0 6.6156327,49.922531,0 6.6128066,49.9214193,0 6.6112885,49.9203427,0 6.6104358,49.919548,0 6.6098347,49.9184178,0 6.6105575,49.91443,0 6.6110095,49.9131121,0 6.6119885,49.9121492,0 6.6168836,49.9094805,0 6.6175997,49.9083422,0 6.6175796,49.9070691,0 6.6170338,49.9062166,0 6.61518,49.9045784,0 6.6141314,49.9026402,0 6.613614,49.9008642,0 6.6128949,49.8999637,0 6.6113935,49.8991101,0 6.608095,49.8984126,0 6.6068588,49.897703,0 6.6061668,49.8969436,0 6.6058892,49.8959337,0 6.6070573,49.8922577,0 6.6068467,49.8906774,0 6.6064686,49.8897564,0 6.6058195,49.8890859,0 6.6026598,49.8875133,0 6.6015774,49.8863036,0 6.6013659,49.8852921,0 6.6014837,49.8809279,0 6.6023165,49.8795789,0 6.6033706,49.8788607,0 6.6051932,49.8783257,0 6.60719,49.8783995,0 6.608313,49.8787289,0 6.6093053,49.8793349,0 6.6110753,49.8818767,0 6.6122125,49.8827192,0 6.6150107,49.8836721,0 6.6176167,49.8838417,0 6.6200595,49.8830429,0 6.6227466,49.8806795,0 6.627041,49.8785537,0 6.6308912,49.8775838,0 6.6342079,49.8763639,0 6.6380771,49.8763038,0 6.6395771,49.8760507,0 6.6409268,49.8754723,0 6.6419256,49.8746184,0 6.6424207,49.8733468,0 6.6417128,49.8702496,0 6.6420601,49.8684235,0 6.6432458,49.8669295,0 6.6473675,49.8637287,0 6.647879,49.8627973,0 6.6478953,49.8619753,0 6.6473809,49.8609982,0 6.6464522,49.8602203,0 6.6414177,49.8590705,0 6.6390198,49.8575401,0 6.6378263,49.856302,0 6.6375017,49.855159,0 6.6376331,49.8543514,0 6.6401651,49.850852,0 6.6407346,49.8495709,0 6.6409207,49.8482248,0 6.6408,49.8438774,0 6.6403402,49.8427678,0 6.6397005,49.8421445,0 6.6359153,49.8404157,0 6.634919,49.8396755,0 6.6343262,49.8385924,0 6.6345038,49.8371125,0 6.6352105,49.8360405,0 6.6366868,49.8351697,0 6.6383029,49.8348107,0 6.6419702,49.8348615,0 6.6439999,49.8345704,0 6.6476045,49.8330233,0 6.64897,49.8321524,0 6.6502578,49.830472,0 6.6505768,49.8292903,0 6.6503428,49.8282811,0 6.6491546,49.8262619,0 6.6490344,49.8254417,0 6.6495306,49.8242475,0 6.6505394,49.823367,0 6.6525345,49.8226529,0 6.6570403,49.8225995,0 6.6592769,49.8219072,0 6.6601328,49.8212635,0 6.6619421,49.8190071,0 6.6672364,49.8162183,0 6.6696332,49.8136203,0 6.6710266,49.8129479,0 6.6752765,49.8117006,0 6.6776283,49.8106279,0 6.6836367,49.8074904,0 6.6852598,49.806148,0 6.6861174,49.8045787,0 6.6865487,49.8018473,0 6.6862163,49.7982579,0 6.6856887,49.7961794,0 6.6832157,49.7814724,0 6.6841818,49.7757272,0 6.6841217,49.7747693,0 6.6832333,49.77306,0 6.6810663,49.771367,0 6.6740005,49.7683988,0 6.6691586,49.7656159,0 6.6661982,49.7644956,0 6.6607292,49.7631504,0 6.6569747,49.7613946,0 6.6464,49.7508926,0 6.6372031,49.7450438,0 6.6359708,49.7435274,0 6.6354631,49.7424973,0 6.6354995,49.7377401,0 6.6351585,49.7365293,0 6.6344242,49.7352606,0 6.6330976,49.7339046,0 6.6270211,49.7293701,0 6.6218673,49.7245589,0 6.6129359,49.7187392,0 6.6021289,49.7136698,0 6.5977643,49.7106987,0 6.5944386,49.7088465,0 6.5853748,49.7047341,0 6.5822663,49.702219,0 6.5781236,49.6983636,0 6.570476,49.6936597,0 6.568308,49.6916384,0 6.5671192,49.688915,0 6.5671286,49.6836205,0 6.5668621,49.6821487,0 6.5646686,49.6770655,0 6.5620592,49.6737954,0 6.5602333,49.6707349,0 6.5599557,49.6698,0 6.5601575,49.6686859,0 6.5610306,49.6675558,0 6.5625688,49.6666782,0 6.564445,49.6662408,0 6.566387,49.666285,0 6.5683369,49.6668484,0 6.5739039,49.6694766,0 6.5795003,49.6713227,0 6.5826881,49.6736643,0 6.5837462,49.6741373,0 6.5852858,49.6744428,0 6.5870176,49.674364,0 6.5884743,49.6739277,0 6.5894835,49.6733276,0 6.5903661,49.6721758,0 6.5914022,49.6680606,0 6.5912007,49.6654703,0 6.5897431,49.6599737,0 6.5892005,49.6553963,0 6.5894454,49.653869,0 6.5911894,49.6490947,0 6.5913919,49.6443862,0 6.5908706,49.6429304,0 6.5896846,49.6417496,0 6.5782827,49.6348022,0 6.5770746,49.6338066,0 6.5762562,49.6325544,0 6.5759679,49.6312783,0 6.5762222,49.6299284,0 6.5778487,49.6269141,0 6.5778078,49.625903,0 6.5772915,49.6249083,0 6.5765646,49.6242159,0 6.5750304,49.6234114,0 6.567708,49.6210665,0 6.5654735,49.6197669,0 6.5643871,49.618175,0 6.5643046,49.6146653,0 6.5634935,49.6129729,0 6.5620902,49.6113228,0 6.5576926,49.6073129,0 6.5560766,49.6050176,0 6.5556776,49.6034161,0 6.5558937,49.6021041,0 6.5564608,49.601019,0 6.5599675,49.596866,0 6.5637411,49.5933235,0 6.5675522,49.5910171,0 6.5689029,49.5896068,0 6.56941,49.5884854,0 6.570068,49.5849746,0 6.5687715,49.5804635,0 6.5689039,49.5788805,0 6.5702971,49.5766891,0 6.5759377,49.5701173,0 6.5784494,49.5679081,0 6.5814165,49.5665456,0 6.5832225,49.5662065,0 6.5853646,49.5661728,0 6.5919904,49.5677388,0 6.5968239,49.5693545,0 6.6059581,49.5702194,0 6.6085218,49.56992,0 6.6100587,49.5693964,0 6.612448,49.5679918,0 6.6132777,49.566962,0 6.6135164,49.5660214,0 6.6133809,49.5651774,0 6.6123467,49.5638257,0 6.6068789,49.560987,0 6.5993795,49.5586853,0 6.597915,49.5574151,0 6.5974684,49.5555656,0 6.5977393,49.5545677,0 6.5985366,49.5537075,0 6.6038564,49.5515027,0 6.607097,49.5497102,0 6.6082806,49.5484537,0 6.6085018,49.5476246,0 6.608407,49.5468897,0 6.6073014,49.5454744,0 6.6048498,49.5442039,0 6.5994278,49.5425584,0 6.5980826,49.5413227,0 6.5977555,49.5396847,0 6.5983468,49.5380243,0 6.599351,49.5365988,0 6.604815,49.5318213,0 6.609422,49.5268409,0 6.6120006,49.5217495,0 6.6121833,49.5209509,0 6.6120387,49.5199121,0 6.6112944,49.5186931,0 6.6100877,49.5177294,0 6.6010411,49.5133921,0 6.5979579,49.5114521,0 6.5963065,49.5098488,0 6.5944921,49.5074702,0 6.5906529,49.5049652,0 6.590028,49.5039437,0 6.5898974,49.5029458,0 6.5902847,49.5019361,0 6.5910504,49.5011644,0 6.5961208,49.4990906,0 6.5974265,49.4980182,0 6.5980595,49.4969984,0 6.5997262,49.4792776,0 6.6005115,49.4775353,0 6.6025912,49.4758815,0 6.6070757,49.4737775,0 6.609387,49.4722669,0 6.6316336,49.4544475,0 6.6334458,49.4525606,0 6.6346114,49.4508135,0 6.6355727,49.448152,0 6.6357615,49.4459109,0 6.6342333,49.4394192,0 6.6340045,49.4281281,0 6.6344756,49.4248352,0 6.6356119,49.422468,0 6.6444887,49.4121463,0 6.6471221,49.4103911,0 6.6516801,49.4082361,0 6.6595042,49.4028204,0 6.6629507,49.3998906,0 6.6690619,49.3936435,0 6.67123,49.3920331,0 6.6818048,49.3872368,0 6.6842256,49.3868518,0 6.6914876,49.3868227,0 6.6946686,49.3864527,0 6.69886,49.3852309,0 6.7009258,49.3841942,0 6.7026992,49.3829514,0 6.7040491,49.3816342,0 6.705244,49.3798265,0 6.7138829,49.3602614,0 6.7149817,49.3585123,0 6.718777,49.3550289,0 6.741109,49.3383744,0 6.7427305,49.3364316,0 6.7454589,49.3311207,0 6.7467891,49.3296588,0 6.7492482,49.3281503,0 6.7511152,49.3275208,0 6.7576717,49.3261394,0 6.7625078,49.3254013,0 6.7659755,49.3245337,0 6.7702992,49.3226153,0 6.7728845,49.32081,0 6.7742977,49.3190775,0 6.7749707,49.317513,0 6.77636,49.3073328,0 6.7756165,49.2934532,0 6.7756025,49.2889929,0 6.7764608,49.2865249,0 6.7781811,49.2844827,0 6.7924927,49.27609,0 6.7949722,49.2748913,0 6.8002178,49.2729228,0 6.8110208,49.2707766,0 6.8199668,49.2702857,0 6.8226507,49.2696685,0 6.824554,49.2689192,0 6.8270859,49.2672998,0 6.8387898,49.2571266,0 6.8423886,49.2528139,0 6.8473917,49.2494887,0 6.8505214,49.2483019,0 6.8533806,49.2480469,0 6.8561167,49.24826,0 6.8626365,49.2494423,0 6.8713645,49.2518008,0 6.8768755,49.252686,0 6.881372,49.252858,0 6.8851903,49.2525467,0 6.8985336,49.2507321,0 6.9139504,49.2475208,0 6.935887,49.2434913,0 6.9488476,49.243591,0 6.9602573,49.2414361,0 6.963662,49.2411256,0 6.9658528,49.2412849,0 6.9698629,49.2421674,0 6.9787265,49.2425507,0 6.9910305,49.2412499,0</coordinates>
</LineString>
</Placemark>
<Placemark>
<name>RE17 Dortmund-Wilhelmshaven</name>
<description><![CDATA[<div class="kmldesc"><b>Dortmund Hauptbahnhof → Wilhelmshaven</b><br/><br/>Kurzer Bahnsteig Essen (Oldb) ~140m, selektive Türsteuerung aktiv<br/><br/><b>Bahnhöfe (16 Halte)</b> — Beispielzeiten eines Musterzugs, zeigt die reale Fahrzeit:<br/><br/><br/>&#8226;&#160;<b>Dortmund Hauptbahnhof</b><br/>Beispielzeit: ab 07:16<br/><i>Startbahnhof Ruhrgebiet</i><br/>&#8226;&#160;<b>Kamen</b><br/>Beispielzeit: an 07:24 / ab 07:25<br/><i>RRX-Halt</i><br/>&#8226;&#160;<b>Hamm (Westf) Hbf</b><br/>Beispielzeit: an 07:35 / ab 07:38<br/><i>Großer Eisenbahnknoten</i><br/>&#8226;&#160;<b>Rheda-Wiedenbrück</b><br/>Beispielzeit: an 07:54 / ab 07:55<br/><i>Bahnsteiglänge ~295m</i><br/>&#8226;&#160;<b>Gütersloh Hauptbahnhof</b><br/>Beispielzeit: an 08:01 / ab 08:02<br/><i>Systemhalt Ostwestfalen</i><br/>&#8226;&#160;<b>Bielefeld Hauptbahnhof</b><br/>Beispielzeit: an 08:11 / ab 08:14<br/><i>Taktknoten, 30-Min-Takt zu RE6</i><br/>&#8226;&#160;<b>Herford</b><br/>Beispielzeit: an 08:23 / ab 08:25<br/><i>Systemhalt Ostwestfalen</i><br/>&#8226;&#160;<b>Bünde (Westf)</b><br/>Beispielzeit: an 08:35 / ab 08:36<br/><i>Systemhalt Ostwestfalen</i><br/>&#8226;&#160;<b>Osnabrück Hauptbahnhof</b><br/>Beispielzeit: an 08:57 / ab 09:03<br/><i>Großer Taktknoten, Übergang RE9</i><br/>&#8226;&#160;<b>Bramsche</b><br/>Beispielzeit: an 09:15 / ab 09:16<br/><i>Systemhalt Niedersachsen</i><br/>&#8226;&#160;<b>Essen (Oldb)</b><br/>Beispielzeit: an 09:35 / ab 09:36<br/><i>Kurzer Bahnsteig ~140m, SDO aktiv</i><br/>&#8226;&#160;<b>Cloppenburg</b><br/>Beispielzeit: an 09:47 / ab 09:48<br/><i>Systemhalt Niedersachsen</i><br/>&#8226;&#160;<b>Oldenburg (Oldb) Hbf</b><br/>Beispielzeit: an 10:12 / ab 10:16<br/><i>Knotenhalt</i><br/>&#8226;&#160;<b>Varel (Oldb)</b><br/>Beispielzeit: an 10:37 / ab 10:38<br/><i>Systemhalt Küste</i><br/>&#8226;&#160;<b>Sande</b><br/>Beispielzeit: an 10:48 / ab 10:49<br/><i>Systemhalt Küste</i><br/>&#8226;&#160;<b>Wilhelmshaven</b><br/>Beispielzeit: an 10:55<br/><i>Endstation Nordseeküste</i></div><style>@media (prefers-color-scheme: dark) {html,body,.kmldesc{background:#1b1b1b !important;color:#e8e8e8 !important;}.kmldesc a{color:#8ab4f8 !important;}}</style>]]></description>
<LookAt><longitude>8.0637621</longitude><latitude>52.51864095</latitude><altitude>0</altitude><heading>0</heading><tilt>0</tilt><range>213019.09116021355</range><altitudeMode>clampToGround</altitudeMode></LookAt>
<styleUrl>#lineRE17</styleUrl>
<LineString>
<tessellate>1</tessellate>
<coordinates>7.459234,51.5179504,0 7.4707987,51.5192401,0 7.4886597,51.5216865,0 7.4955996,51.5230954,0 7.498348,51.5239122,0 7.5960127,51.5610407,0 7.6849194,51.5940483,0 7.7329767,51.6122231,0 7.7525487,51.6196511,0 7.7565406,51.6215824,0 7.7597425,51.6236691,0 7.7617963,51.6254073,0 7.7814183,51.6444176,0 7.7872133,51.6481558,0 7.8002673,51.6579243,0 7.8075287,51.6645925,0 7.8082267,51.6659308,0 7.8097431,51.671926,0 7.8094396,51.674224,0 7.8068675,51.681332,0 7.8061011,51.6853689,0 7.806157,51.6866787,0 7.8065131,51.6878902,0 7.8081176,51.6901753,0 7.8148254,51.6959023,0 7.8250314,51.7038081,0 7.8614344,51.7329186,0 7.8997856,51.7648156,0 7.9037306,51.7673854,0 7.9077761,51.7692795,0 7.9628784,51.789555,0 7.9704182,51.7920217,0 7.9819075,51.7946782,0 8.0076563,51.7983552,0 8.0119445,51.7992041,0 8.0676194,51.815305,0 8.0932528,51.8209464,0 8.1542192,51.8309823,0 8.2765956,51.855101,0 8.2866389,51.8573262,0 8.3022642,51.8600237,0 8.3072658,51.8611678,0 8.3117423,51.8625015,0 8.3160162,51.864085,0 8.3199129,51.8658396,0 8.3238816,51.868034,0 8.3748907,51.9000308,0 8.3897205,51.9102004,0 8.3956958,51.9140233,0 8.407018,51.9202207,0 8.4889501,51.9715595,0 8.4921732,51.9745116,0 8.4935502,51.9763832,0 8.4945452,51.9783399,0 8.4952226,51.9806993,0 8.4967292,51.9929236,0 8.4977579,51.9956816,0 8.5000952,51.9993197,0 8.5029225,52.0024218,0 8.507845,52.0068038,0 8.5237664,52.0184053,0 8.5255166,52.0204425,0 8.5284828,52.0252997,0 8.5310004,52.0278061,0 8.5348046,52.0308141,0 8.537449,52.0324154,0 8.5402957,52.0335427,0 8.5472157,52.0356342,0 8.5516172,52.0378427,0 8.5552587,52.0408037,0 8.572047,52.0569242,0 8.5751043,52.0590646,0 8.5784143,52.0605606,0 8.6062191,52.0701688,0 8.6084256,52.0711249,0 8.6103375,52.0722706,0 8.6126944,52.0744209,0 8.6262828,52.0933725,0 8.6282575,52.0955701,0 8.631642,52.0979713,0 8.6524071,52.1093769,0 8.654706,52.1108707,0 8.6593263,52.1149693,0 8.6643965,52.1202326,0 8.666484,52.1227685,0 8.667713,52.1250803,0 8.6679716,52.126554,0 8.668097,52.1328299,0 8.6682902,52.1683873,0 8.6673012,52.1704132,0 8.6627895,52.1743306,0 8.6615365,52.1762594,0 8.6613024,52.177946,0 8.6617367,52.1858869,0 8.6614343,52.1875326,0 8.6601622,52.1912755,0 8.659277,52.1925065,0 8.6581968,52.1934682,0 8.6566345,52.1944155,0 8.6548101,52.1951423,0 8.6522599,52.1957054,0 8.63851,52.1974964,0 8.6095901,52.2022578,0 8.5927876,52.2047065,0 8.5864157,52.2048033,0 8.582628,52.2043665,0 8.558918,52.1978765,0 8.5547619,52.1969999,0 8.549466,52.1963033,0 8.5430476,52.1960375,0 8.4961986,52.1963231,0 8.4876762,52.1968104,0 8.479249,52.1979623,0 8.4440136,52.2054657,0 8.4359923,52.206692,0 8.4306563,52.2069411,0 8.3899804,52.2066776,0 8.3506224,52.2089257,0 8.3356221,52.2095406,0 8.3309984,52.2102613,0 8.3273879,52.2113747,0 8.32445,52.2127489,0 8.2948763,52.2302581,0 8.2889633,52.2330762,0 8.2825977,52.2351671,0 8.1961835,52.260802,0 8.1901598,52.2617191,0 8.1095628,52.2664091,0 8.0994496,52.2674236,0 8.0956378,52.2681759,0 8.0930109,52.2693098,0 8.0912268,52.2710391,0 8.0900102,52.2742617,0 8.0886929,52.2758754,0 8.087331,52.2767863,0 8.0859502,52.277363,0 8.0827605,52.2780466,0 8.0714188,52.2780809,0 8.0682421,52.2777424,0 8.0645087,52.2761675,0 8.0631842,52.2749612,0 8.061913,52.2727684,0 8.0611007,52.2730016,0 8.057847,52.2742867,0 8.0399385,52.284248,0 8.006594,52.3005153,0 8.0020633,52.3019227,0 7.9967387,52.302877,0 7.9925938,52.3030777,0 7.9843337,52.302883,0 7.9936047,52.303051,0 7.9995682,52.3024449,0 8.005806,52.300812,0 8.0124214,52.2978327,0 8.0021786,52.3030346,0 7.9982018,52.3047083,0 7.9949487,52.3059191,0 7.9906271,52.307014,0 7.9838377,52.3091666,0 7.9786912,52.3109949,0 7.9757741,52.3127013,0 7.9714424,52.3162003,0 7.9532811,52.327848,0 7.9518624,52.3292775,0 7.9468046,52.3357355,0 7.9366165,52.3558071,0 7.9358373,52.3580996,0 7.9349857,52.363722,0 7.9350445,52.3649431,0 7.9381617,52.3844066,0 7.9388999,52.3861433,0 7.9405337,52.3887825,0 7.9453801,52.394934,0 7.9484427,52.3972397,0 7.9516154,52.3986325,0 7.9539711,52.3992298,0 7.9672896,52.4007895,0 7.9700856,52.4015815,0 7.9724182,52.4028886,0 7.973339,52.4037778,0 7.9752589,52.4064457,0 7.9757228,52.4083023,0 7.9752577,52.4102677,0 7.9674393,52.432969,0 7.9673077,52.4339749,0 7.9677184,52.4453965,0 7.965696,52.5001267,0 7.958355,52.5178364,0 7.9413489,52.5538768,0 7.9408735,52.5556541,0 7.9408684,52.5714766,0 7.9414702,52.5728675,0 7.9461298,52.5799149,0 7.9511744,52.5952591,0 7.9560768,52.6154122,0 7.9565392,52.6165706,0 7.9581124,52.6190149,0 7.9586862,52.6206807,0 7.962262,52.6404879,0 7.9620265,52.6424528,0 7.9614364,52.6437167,0 7.9568492,52.6496955,0 7.9480344,52.6659069,0 7.9476456,52.6679891,0 7.9478992,52.6779913,0 7.9474455,52.679619,0 7.9456855,52.6816027,0 7.9323744,52.69069,0 7.9310151,52.692396,0 7.9304815,52.6940314,0 7.9307958,52.6961595,0 7.9342871,52.7023388,0 7.9367577,52.706222,0 7.9398429,52.7097538,0 7.9424728,52.714561,0 7.9483644,52.7329284,0 7.9491251,52.7346324,0 7.9510831,52.7374576,0 7.9654693,52.7526891,0 7.9783983,52.7675836,0 8.0273839,52.8148738,0 8.0493324,52.8408825,0 8.0509029,52.8421157,0 8.0525316,52.8428825,0 8.0566133,52.8442392,0 8.2032245,52.8920428,0 8.2045331,52.8925068,0 8.2069667,52.8939254,0 8.2080986,52.8950306,0 8.208973,52.8966374,0 8.2105169,52.9068514,0 8.211564,52.9092311,0 8.2631996,52.97168,0 8.2638265,52.9731776,0 8.2669161,52.9862763,0 8.2668685,52.9887054,0 8.266026,52.9942562,0 8.2653125,52.9966648,0 8.2523182,53.0152213,0 8.2516106,53.0168934,0 8.2515749,53.0179921,0 8.2520261,53.0199307,0 8.2569018,53.038923,0 8.2571815,53.0411929,0 8.2571214,53.0429047,0 8.2542,53.0581064,0 8.2517216,53.0639719,0 8.2485118,53.0693257,0 8.2471827,53.0719731,0 8.2456926,53.0763811,0 8.2356426,53.1383559,0 8.2345946,53.1396642,0 8.2319088,53.1417772,0 8.2304446,53.1426354,0 8.2288544,53.1431921,0 8.2227682,53.1443896,0 8.2184804,53.1447774,0 8.210565,53.1460977,0 8.2063995,53.147247,0 8.2039116,53.1487769,0 8.2017868,53.1509852,0 8.2010785,53.1520778,0 8.2005918,53.1539201,0 8.2021558,53.2175292,0 8.2015252,53.2222643,0 8.1995868,53.2273483,0 8.189434,53.2479039,0 8.1800847,53.2708191,0 8.1678801,53.2863736,0 8.1666968,53.2883311,0 8.163944,53.2995178,0 8.163617,53.3017229,0 8.1637045,53.3034415,0 8.1641284,53.3052904,0 8.1650293,53.3073519,0 8.1783187,53.3251627,0 8.1796601,53.327715,0 8.1876267,53.3564494,0 8.187834,53.3581124,0 8.1877312,53.3628936,0 8.1867454,53.3658524,0 8.1788021,53.3786365,0 8.1762877,53.3814397,0 8.1717597,53.3847175,0 8.145223,53.4021279,0 8.1423709,53.4031453,0 8.1004067,53.4135586,0 8.0850748,53.4181516,0 8.0524485,53.4311639,0 8.0502974,53.4323167,0 8.0488081,53.433633,0 8.0479228,53.4349387,0 8.0397987,53.4534036,0 8.0320709,53.4768908,0 8.0316883,53.4792633,0 8.0316766,53.4915156,0 8.0316843,53.4931154,0 8.0320836,53.4947255,0 8.0419816,53.5071499,0 8.045047,53.5096909,0 8.0498739,53.5123825,0 8.0568451,53.5150815,0 8.0630884,53.5161266,0 8.1048761,53.5193315,0 8.1153635,53.5187654,0</coordinates>
</LineString>
</Placemark>
<Placemark>
<name>RE24 Zwickau-Kassel</name>
<description><![CDATA[<div class="kmldesc"><b>Zwickau Hauptbahnhof → Kassel Hauptbahnhof</b><br/><br/>5-teiliger KISS, Bahnsteiglänge City-Tunnel Leipzig max. 140m beachtet<br/><br/><b>Bahnhöfe (15 Halte)</b> — Beispielzeiten eines Musterzugs, zeigt die reale Fahrzeit:<br/><br/><br/>&#8226;&#160;<b>Zwickau Hauptbahnhof</b><br/>Beispielzeit: ab 07:12<br/><i>Startbahnhof</i><br/>&#8226;&#160;<b>Gößnitz</b><br/>Beispielzeit: an 07:27 / ab 07:28<br/><i>Bestandsstrecke</i><br/>&#8226;&#160;<b>Altenburg</b><br/>Beispielzeit: an 07:37 / ab 07:38<br/><i>Regionalhalt</i><br/>&#8226;&#160;<b>Neukieritzsch</b><br/>Beispielzeit: an 07:51 / ab 07:52<br/><i>Regionalhalt</i><br/>&#8226;&#160;<b>Böhlen (b Leipzig)</b><br/>Beispielzeit: an 07:57 / ab 07:58<br/><i>Regionalhalt</i><br/>&#8226;&#160;<b>Leipzig-Connewitz</b><br/>Beispielzeit: an 08:05 / ab 08:06<br/><i>Einlauf City-Tunnel</i><br/>&#8226;&#160;<b>Leipzig MDR</b><br/>Beispielzeit: an 08:09 / ab 08:10<br/><i>Bahnsteiglänge max. 140m</i><br/>&#8226;&#160;<b>Leipzig Hauptbahnhof</b><br/>Beispielzeit: an 08:14 / ab 08:18<br/><i>Knoten RE11 (Ost)</i><br/>&#8226;&#160;<b>Erfurt Hauptbahnhof</b><br/>Beispielzeit: an 08:55 / ab 08:58<br/><i>Thüringer Stammbahn</i><br/>&#8226;&#160;<b>Gotha</b><br/>Beispielzeit: an 09:10 / ab 09:11<br/><i>Regionalhalt</i><br/>&#8226;&#160;<b>Eisenach</b><br/>Beispielzeit: an 09:25 / ab 09:27<br/><i>Werra-Tal</i><br/>&#8226;&#160;<b>Bebra</b><br/>Beispielzeit: an 09:48 / ab 09:50<br/><i>Nordbahn</i><br/>&#8226;&#160;<b>Melsungen</b><br/>Beispielzeit: an 10:08 / ab 10:09<br/><i>Regionalhalt</i><br/>&#8226;&#160;<b>Kassel-Wilhelmshöhe</b><br/>Beispielzeit: an 10:26 / ab 10:30<br/><i>Knoten West: Anschluss RE11/RE7</i><br/>&#8226;&#160;<b>Kassel Hauptbahnhof</b><br/>Beispielzeit: an 10:37<br/><i>Endbahnhof (Kopfbahnhof)</i></div><style>@media (prefers-color-scheme: dark) {html,body,.kmldesc{background:#1b1b1b !important;color:#e8e8e8 !important;}.kmldesc a{color:#8ab4f8 !important;}}</style>]]></description>
<LookAt><longitude>10.973102749999999</longitude><latitude>51.04039175</latitude><altitude>0</altitude><heading>0</heading><tilt>0</tilt><range>202629.16392815925</range><altitudeMode>clampToGround</altitudeMode></LookAt>
<styleUrl>#lineRE24</styleUrl>
<LineString>
<tessellate>1</tessellate>
<coordinates>12.4758012,50.7145527,0 12.4710636,50.7135662,0 12.4746447,50.7149019,0 12.4772869,50.716247,0 12.479388,50.7186919,0 12.4800785,50.7202558,0 12.47999,50.7214159,0 12.4781554,50.7256568,0 12.4779291,50.7271204,0 12.478343,50.7287307,0 12.4802547,50.7318725,0 12.4804857,50.7329776,0 12.4804107,50.7340422,0 12.4743171,50.7569876,0 12.4740825,50.7587773,0 12.4746261,50.7614338,0 12.4772665,50.7674316,0 12.4777193,50.7723942,0 12.4813478,50.7817272,0 12.4810506,50.7947505,0 12.4812718,50.7969242,0 12.4820886,50.7996357,0 12.483109,50.8016696,0 12.4891691,50.811201,0 12.4908389,50.8127564,0 12.494553,50.8152923,0 12.4972816,50.8185918,0 12.4999748,50.8205773,0 12.4961309,50.8183217,0 12.4913411,50.8160398,0 12.4890197,50.8153664,0 12.4765606,50.8137027,0 12.4711459,50.8145929,0 12.4687731,50.8157391,0 12.4676089,50.8171555,0 12.467367,50.8185999,0 12.4702308,50.8283161,0 12.4703684,50.8297092,0 12.4701181,50.830828,0 12.4675127,50.8351386,0 12.4670292,50.8377251,0 12.4654682,50.8403275,0 12.4645387,50.8445344,0 12.4638939,50.8459658,0 12.4628015,50.8470434,0 12.4562444,50.8517047,0 12.4549987,50.8530769,0 12.4538555,50.8565742,0 12.4542124,50.8592303,0 12.4540149,50.86087,0 12.4534525,50.8619813,0 12.4515545,50.8644585,0 12.4495598,50.8684698,0 12.4485286,50.8696555,0 12.4445263,50.8725224,0 12.4380459,50.8747943,0 12.4331312,50.877952,0 12.4268036,50.8810474,0 12.4255206,50.882161,0 12.4248876,50.8834366,0 12.4249369,50.8848319,0 12.4268115,50.8885589,0 12.4416985,50.9165954,0 12.4423528,50.9182253,0 12.4425704,50.9197059,0 12.4424094,50.9214248,0 12.4419733,50.9226779,0 12.4412205,50.9239658,0 12.439618,50.9257864,0 12.4376643,50.9272213,0 12.4308271,50.9310922,0 12.4291228,50.9324719,0 12.427898,50.9339006,0 12.4250132,50.9399061,0 12.4248211,50.9416875,0 12.4253112,50.9435085,0 12.4266747,50.9454787,0 12.4282948,50.9468302,0 12.4300245,50.947805,0 12.4346808,50.9497927,0 12.4387347,50.9526913,0 12.4406255,50.9537706,0 12.4449201,50.955394,0 12.451973,50.9569197,0 12.4555765,50.9584978,0 12.4583467,50.9606385,0 12.4607985,50.9639778,0 12.4622177,50.9653311,0 12.4698432,50.970195,0 12.4716,50.9721859,0 12.4725166,50.9746454,0 12.4723361,50.9846962,0 12.4718802,50.9864181,0 12.4705714,50.9883927,0 12.468213,50.9902133,0 12.465839,50.9913108,0 12.4635031,50.991958,0 12.4610452,50.992296,0 12.4490543,50.9926056,0 12.4470758,50.9931884,0 12.44566,50.9940652,0 12.4448239,50.9951748,0 12.4326215,51.0192648,0 12.4320988,51.0214588,0 12.4323602,51.0237875,0 12.4401129,51.0428597,0 12.4407535,51.0457202,0 12.4407726,51.0484439,0 12.4398996,51.0517079,0 12.4230416,51.0904867,0 12.4220049,51.0933533,0 12.4215161,51.096246,0 12.416978,51.1389303,0 12.4161279,51.1432646,0 12.4141489,51.1484503,0 12.4120985,51.1519417,0 12.3844317,51.1841845,0 12.382633,51.1868308,0 12.3813236,51.1900164,0 12.3808839,51.19255,0 12.3809413,51.1949581,0 12.3846663,51.2206577,0 12.3848161,51.2243631,0 12.384459,51.2267224,0 12.3719042,51.2830241,0 12.3717707,51.285621,0 12.3721156,51.2875304,0 12.372819,51.2893884,0 12.3739388,51.2912222,0 12.3754897,51.293032,0 12.3781067,51.2952147,0 12.3856103,51.3000265,0 12.387545,51.3019407,0 12.3895269,51.3051915,0 12.3904065,51.3073997,0 12.3905829,51.3090484,0 12.3903149,51.3115167,0 12.3897009,51.3134374,0 12.3820439,51.3286595,0 12.3811859,51.330204,0 12.3804194,51.3310538,0 12.3768127,51.3334538,0 12.375875,51.3344484,0 12.3754439,51.3354466,0 12.374596,51.3399343,0 12.3749662,51.3411284,0 12.3759295,51.342284,0 12.3787561,51.3441704,0 12.3828933,51.3478628,0 12.3886795,51.352179,0 12.3911237,51.3543473,0 12.3829826,51.3465306,0 12.3868657,51.35017,0 12.3847524,51.3484113,0 12.3862856,51.3505353,0 12.38581,51.3500723,0 12.38664,51.3512071,0 12.3867809,51.3521092,0 12.3830756,51.3583019,0 12.3816409,51.3596446,0 12.3801045,51.3606331,0 12.3778562,51.3616957,0 12.3732797,51.363306,0 12.3685921,51.3661528,0 12.366049,51.3670428,0 12.3632909,51.3672173,0 12.3599618,51.3666946,0 12.3539411,51.3650314,0 12.3489859,51.3629459,0 12.3462373,51.362077,0 12.3324082,51.3604949,0 12.3086757,51.3555279,0 12.3041479,51.3540518,0 12.3001367,51.3521563,0 12.2943018,51.3488241,0 12.2299736,51.3102191,0 12.2232299,51.3063741,0 12.2208001,51.3054851,0 12.2168115,51.3050729,0 12.1025633,51.3043366,0 12.0980814,51.3046484,0 12.0841407,51.3063061,0 12.0807159,51.3064676,0 12.0768305,51.3061555,0 12.0657384,51.304206,0 12.0625269,51.3036035,0 12.0593945,51.3026209,0 12.0568601,51.3011026,0 12.0537382,51.2967616,0 12.0519308,51.2952458,0 12.023621,51.2812726,0 12.0221007,51.2803841,0 12.0208232,51.2792535,0 12.0197833,51.2775358,0 12.0195715,51.2759551,0 12.0216447,51.2696077,0 12.0226281,51.2658088,0 12.0226756,51.2644253,0 12.0221066,51.2606187,0 12.0215032,51.2591388,0 12.0204759,51.2575168,0 12.0139248,51.2490272,0 12.0126721,51.2469966,0 12.011808,51.2444076,0 12.0110199,51.239159,0 12.0099642,51.2365723,0 12.0089373,51.2348929,0 12.0071008,51.2326211,0 12.0055214,51.2311103,0 12.0012561,51.2280631,0 11.9969408,51.225936,0 11.9895791,51.223449,0 11.9875729,51.2223285,0 11.9845051,51.2195583,0 11.9807986,51.2142249,0 11.977435,51.2112874,0 11.9748682,51.2070631,0 11.9730187,51.2055949,0 11.9685966,51.2040887,0 11.9648143,51.2037155,0 11.9594289,51.2035439,0 11.9519779,51.2037009,0 11.9412654,51.2044366,0 11.9386144,51.2043261,0 11.9355145,51.20378,0 11.9313974,51.2022283,0 11.9283743,51.2002009,0 11.9215683,51.1922905,0 11.9180735,51.1892644,0 11.9142529,51.1870993,0 11.9098234,51.1854534,0 11.8426938,51.1701346,0 11.8355047,51.1690415,0 11.8106488,51.1665765,0 11.804059,51.1653538,0 11.7992004,51.1638649,0 11.7597655,51.1486183,0 11.754794,51.147556,0 11.7381092,51.145442,0 11.7289719,51.1433969,0 11.7260576,51.1424696,0 11.7237241,51.1413367,0 11.7217644,51.1399719,0 11.7202135,51.1384289,0 11.7191122,51.1367575,0 11.718495,51.1349313,0 11.7181883,51.1306516,0 11.7178711,51.1291829,0 11.7171637,51.1278509,0 11.7146469,51.1249319,0 11.7136451,51.1227671,0 11.7134204,51.1209512,0 11.7137332,51.118043,0 11.7134755,51.1168038,0 11.7121615,51.1147581,0 11.7102875,51.1133067,0 11.7080334,51.1122929,0 11.7050105,51.1116124,0 11.6857543,51.108931,0 11.6773933,51.1088487,0 11.6743971,51.1086087,0 11.6498298,51.1049624,0 11.6454124,51.1037027,0 11.6376119,51.0988113,0 11.6365639,51.0976323,0 11.6319295,51.0907675,0 11.6263859,51.0852158,0 11.6238515,51.0835317,0 11.6175674,51.0807711,0 11.6146541,51.0798454,0 11.6109456,51.0792528,0 11.6027255,51.0787716,0 11.5999082,51.078211,0 11.597035,51.0772253,0 11.5946999,51.0759974,0 11.5928746,51.074601,0 11.58948,51.0706091,0 11.5876259,51.069084,0 11.5711843,51.0598842,0 11.5667878,51.0580559,0 11.5541694,51.0541864,0 11.5515059,51.0528829,0 11.5497515,51.051515,0 11.5483382,51.0497116,0 11.5478409,51.04855,0 11.5471328,51.0454478,0 11.546429,51.0440321,0 11.540043,51.0364933,0 11.5385244,51.0349763,0 11.5367393,51.0336963,0 11.5328149,51.0320504,0 11.5289843,51.0312313,0 11.5170497,51.0300066,0 11.5064929,51.0271898,0 11.5039972,51.0269182,0 11.4958203,51.026674,0 11.4878291,51.0249656,0 11.4823681,51.0243851,0 11.4795237,51.024412,0 11.477179,51.024714,0 11.4691998,51.0268515,0 11.4662946,51.0273588,0 11.4624533,51.0274997,0 11.4586889,51.0270706,0 11.4437473,51.0232472,0 11.4298716,51.0209549,0 11.427073,51.0199496,0 11.4184002,51.0157695,0 11.4136986,51.0142366,0 11.4099615,51.0136079,0 11.3996413,51.0128649,0 11.3796788,51.0091032,0 11.3690709,51.0078096,0 11.3594164,51.0056008,0 11.3567287,51.0045204,0 11.3547015,51.0033409,0 11.3457853,50.9949804,0 11.3419137,50.9921571,0 11.3390992,50.9910482,0 11.3369766,50.9907245,0 11.3340719,50.9906874,0 11.3277737,50.9913443,0 11.3025286,50.9920467,0 11.2986844,50.991888,0 11.2957059,50.9913888,0 11.2935256,50.9907225,0 11.2777896,50.9846136,0 11.2728548,50.9836058,0 11.2695365,50.9834898,0 11.2671441,50.983673,0 11.2585792,50.9853691,0 11.2552379,50.9856363,0 11.2410392,50.9846674,0 11.2234328,50.9841707,0 11.2202235,50.9843344,0 11.2150333,50.9855537,0 11.2012188,50.9914403,0 11.1989331,50.9920661,0 11.1953266,50.9925479,0 11.1907555,50.9923828,0 11.1793932,50.9901779,0 11.1660639,50.9895386,0 11.1609846,50.9898382,0 11.1378485,50.9929242,0 11.1330101,50.9929197,0 11.1284252,50.9923044,0 11.1006421,50.9846109,0 11.085295,50.9806676,0 11.0755096,50.9775319,0 11.0694753,50.9765265,0 11.0507829,50.974261,0 11.0417023,50.973456,0 11.0349405,50.9715232,0 11.0259546,50.9683172,0 11.0242878,50.9672383,0 11.0178302,50.9617524,0 11.0153683,50.9606826,0 11.0099554,50.9591628,0 11.0053818,50.956751,0 11.0040401,50.9555654,0 11.0001908,50.9506488,0 10.9915049,50.9435111,0 10.9905118,50.9422141,0 10.9897691,50.9404378,0 10.9888518,50.9363897,0 10.9876877,50.9293792,0 10.9872332,50.9281051,0 10.9863394,50.9267497,0 10.9848858,50.9253611,0 10.983096,50.9242316,0 10.9810248,50.9233637,0 10.9766849,50.9224875,0 10.9610452,50.9217295,0 10.9565893,50.9222755,0 10.9492072,50.9245131,0 10.9458145,50.9250948,0 10.9415636,50.925157,0 10.9353098,50.9243285,0 10.9320246,50.9235095,0 10.9298913,50.9227109,0 10.9207174,50.9178746,0 10.9141254,50.9156593,0 10.8963405,50.9086676,0 10.8810996,50.9039666,0 10.8664689,50.902179,0 10.8621054,50.9025749,0 10.8591076,50.9032115,0 10.8567908,50.9040393,0 10.854576,50.905285,0 10.8369301,50.9172362,0 10.8328846,50.9190762,0 10.8285788,50.9203773,0 10.7962046,50.9284804,0 10.7894398,50.929761,0 10.7815945,50.9301425,0 10.7630041,50.9290851,0 10.7559553,50.9296806,0 10.7520428,50.9305702,0 10.7267241,50.9378897,0 10.7208529,50.938887,0 10.7151464,50.939028,0 10.7078281,50.9388517,0 10.70374,50.9383599,0 10.6969829,50.9369623,0 10.6703614,50.9309845,0 10.6454636,50.9220545,0 10.6416537,50.9209025,0 10.6345496,50.9195964,0 10.627833,50.919241,0 10.622723,50.9195094,0 10.6186137,50.9200765,0 10.5846385,50.926503,0 10.5807992,50.927717,0 10.5429264,50.9415735,0 10.5395381,50.9425408,0 10.5354864,50.9432641,0 10.5314217,50.943571,0 10.514652,50.9440661,0 10.493729,50.9460005,0 10.4868073,50.9462936,0 10.4791976,50.9458234,0 10.4498598,50.942066,0 10.4448319,50.9419137,0 10.4395576,50.9423924,0 10.4336607,50.9438491,0 10.3914509,50.9589828,0 10.3856463,50.9608403,0 10.3764368,50.9630761,0 10.3596316,50.9660055,0 10.3531506,50.967698,0 10.348572,50.9694258,0 10.3356513,50.9754389,0 10.3289818,50.9781616,0 10.3260281,50.9790846,0 10.3220008,50.9797033,0 10.31826,50.9797975,0 10.2938526,50.9782096,0 10.2883386,50.978384,0 10.2828069,50.9795144,0 10.2570221,50.9870825,0 10.253894,50.9882987,0 10.2481011,50.9911168,0 10.2452582,50.9930534,0 10.2439258,50.9946524,0 10.2433384,50.9958794,0 10.2430428,50.9971284,0 10.2429712,51.0005814,0 10.2424499,51.0021225,0 10.2413645,51.0037227,0 10.2395424,51.0053131,0 10.2378501,51.0062834,0 10.2353235,51.0072417,0 10.2280044,51.0089748,0 10.2247878,51.009334,0 10.2200378,51.0093703,0 10.2171,51.0090456,0 10.2054872,51.0067458,0 10.18757,51.0024763,0 10.1843023,51.0019953,0 10.1817852,51.0019327,0 10.166743,51.0029405,0 10.1625342,51.0034494,0 10.1210694,51.0125338,0 10.1168827,51.0126041,0 10.1133332,51.0119623,0 10.1085158,51.0104682,0 10.1060719,51.0091521,0 10.1045718,51.0078867,0 10.09968,51.0028395,0 10.0990393,51.0017171,0 10.0985845,51.000115,0 10.0987482,50.9971582,0 10.0985746,50.9957086,0 10.0962263,50.9901463,0 10.0949354,50.9854634,0 10.0909631,50.9790761,0 10.0889774,50.9767614,0 10.0866172,50.9750001,0 10.0840142,50.9736718,0 10.073867,50.9704612,0 10.0711831,50.9692651,0 10.0596075,50.9601871,0 10.0568962,50.9586256,0 10.0406285,50.9526251,0 10.0370467,50.951605,0 10.0322058,50.9507938,0 10.0286572,50.9505271,0 10.0135972,50.9516487,0 10.0082522,50.951277,0 10.0042507,50.950222,0 9.9888596,50.9441256,0 9.9861041,50.9432702,0 9.9422959,50.9351052,0 9.9393647,50.9349635,0 9.9364414,50.9352664,0 9.9214682,50.9380383,0 9.9144111,50.9403503,0 9.904661,50.9415734,0 9.9017061,50.941764,0 9.8954221,50.941517,0 9.8920844,50.941703,0 9.8785973,50.9430552,0 9.869735,50.9448878,0 9.8587516,50.9451442,0 9.8471525,50.9476546,0 9.8442666,50.9478522,0 9.8348888,50.9478205,0 9.832404,50.9480504,0 9.8293465,50.9486926,0 9.8242731,50.9506197,0 9.8122399,50.9557924,0 9.8098742,50.9570399,0 9.8076093,50.9588786,0 9.7917152,50.9765865,0 9.7895369,50.9785828,0 9.7874608,50.97981,0 9.7653238,50.9909225,0 9.7625798,50.9919237,0 9.7597398,50.9925688,0 9.7383547,50.9955304,0 9.7349702,50.9969337,0 9.7225279,51.0043124,0 9.7178225,51.0063741,0 9.712774,51.0076178,0 9.705591,51.0079423,0 9.7033259,51.0082592,0 9.7010179,51.008908,0 9.6986926,51.0100334,0 9.6903142,51.0157477,0 9.6888805,51.0170981,0 9.6876901,51.018833,0 9.6811601,51.0306676,0 9.6800402,51.0320654,0 9.6636945,51.0462835,0 9.660012,51.0488452,0 9.6558938,51.0501821,0 9.6332324,51.0540913,0 9.6298469,51.0549719,0 9.6270613,51.0563839,0 9.6102557,51.067718,0 9.6079383,51.0688117,0 9.6052581,51.0692394,0 9.5963401,51.0689634,0 9.5928749,51.0692921,0 9.5868423,51.070764,0 9.5750187,51.076338,0 9.5728112,51.0771397,0 9.569073,51.0776697,0 9.5617451,51.0773545,0 9.5598001,51.0776257,0 9.5574647,51.0783588,0 9.5553585,51.0795224,0 9.5538017,51.0810855,0 9.5520212,51.0861903,0 9.5501973,51.0883186,0 9.5357508,51.0967873,0 9.5339243,51.0981967,0 9.5327076,51.0999086,0 9.5322463,51.1009736,0 9.5321677,51.1024257,0 9.5326239,51.1037549,0 9.5341977,51.1056277,0 9.5388642,51.1087103,0 9.5400307,51.110074,0 9.5408238,51.1117438,0 9.5409674,51.1140954,0 9.5395345,51.1187896,0 9.5398697,51.1204601,0 9.5411416,51.1219576,0 9.549413,51.12868,0 9.5501368,51.1297016,0 9.550186,51.1306297,0 9.549695,51.131514,0 9.5467031,51.1334597,0 9.5455676,51.1346788,0 9.5450846,51.1361929,0 9.5454558,51.1378301,0 9.5464437,51.1390588,0 9.548188,51.1401952,0 9.5560748,51.1425167,0 9.5579605,51.1434104,0 9.559687,51.1445927,0 9.5611147,51.1461649,0 9.5618497,51.1477263,0 9.5624608,51.1501261,0 9.5621211,51.1518616,0 9.5612807,51.1530412,0 9.5600876,51.1540355,0 9.5582393,51.1549687,0 9.5565127,51.1554464,0 9.5533698,51.1555386,0 9.5487215,51.1544214,0 9.5468611,51.1542634,0 9.5444683,51.1545446,0 9.542355,51.1552093,0 9.5394514,51.1569655,0 9.5383994,51.1581353,0 9.536402,51.1611242,0 9.533954,51.1630138,0 9.5306142,51.164306,0 9.5249999,51.1651617,0 9.5221511,51.1660665,0 9.520037,51.167142,0 9.5130489,51.1715173,0 9.5115507,51.1726721,0 9.5047173,51.1791882,0 9.5018883,51.1824755,0 9.499889,51.1867029,0 9.4994279,51.1920164,0 9.4984186,51.1943876,0 9.4971086,51.1960798,0 9.4949443,51.197696,0 9.4835889,51.2035096,0 9.4792077,51.2060349,0 9.4728843,51.2099067,0 9.4699853,51.212333,0 9.4686736,51.2144009,0 9.4683972,51.2164802,0 9.4688812,51.2182267,0 9.4711432,51.2215522,0 9.471367,51.2226165,0 9.4712438,51.2235478,0 9.4706011,51.2247383,0 9.4680476,51.227965,0 9.4674372,51.2298333,0 9.463678,51.2363481,0 9.4608371,51.2396696,0 9.4602189,51.2411688,0 9.460073,51.2424461,0 9.4603046,51.2438218,0 9.4611113,51.2454156,0 9.4682388,51.2540358,0 9.4688559,51.2558706,0 9.4687136,51.2579634,0 9.4677449,51.2598092,0 9.4655493,51.2618055,0 9.4635475,51.2629523,0 9.4589353,51.2649874,0 9.4565128,51.2666919,0 9.4547082,51.2690177,0 9.453634,51.2718728,0 9.453513,51.2741878,0 9.4540522,51.2768256,0 9.4572282,51.284917,0 9.4597981,51.2905655,0 9.4600461,51.2917689,0 9.4599671,51.2932191,0 9.4591152,51.2956997,0 9.4496909,51.3080932,0 9.4470015,51.3126838,0 9.4464012,51.3138157,0 9.4462307,51.3147551,0 9.4463792,51.3157139,0 9.4469314,51.3168086,0 9.4485975,51.3183953,0 9.4505012,51.3193738,0 9.4534876,51.3202535,0 9.457791,51.3208264,0 9.4758282,51.3203706,0 9.481002,51.3198418,0 9.489386,51.3184121,0</coordinates>
</LineString>
</Placemark>
<Placemark>
<name>RE25 Cuxhaven-Magdeburg</name>
<description><![CDATA[<div class="kmldesc"><b>Cuxhaven → Magdeburg Hauptbahnhof</b><br/><br/>Akku-Bimodalzug, Oberleitungsinseln Soltau und Walsrode für Static Fast Charging<br/><br/><b>Bahnhöfe (15 Halte)</b> — Beispielzeiten eines Musterzugs, zeigt die reale Fahrzeit:<br/><br/><br/>&#8226;&#160;<b>Cuxhaven</b><br/>Beispielzeit: ab 07:39<br/><i>Startbahnhof, Akkubetrieb aktiv</i><br/>&#8226;&#160;<b>Stade</b><br/>Beispielzeit: an 08:24 / ab 08:26<br/><i>Einlauf Oberleitung</i><br/>&#8226;&#160;<b>Buxtehude</b><br/>Beispielzeit: an 08:39 / ab 08:41<br/><i>Halbstundentakt-Sicherung mit RE5</i><br/>&#8226;&#160;<b>Hamburg-Harburg</b><br/>Beispielzeit: an 08:55 / ab 09:00<br/><i>Kopfmachen, Fahrtrichtungswechsel</i><br/>&#8226;&#160;<b>Buchholz (Nordheide)</b><br/>Beispielzeit: an 09:12 / ab 09:14<br/><i>Umschalten auf Akkubetrieb</i><br/>&#8226;&#160;<b>Soltau (Han) Hbf</b><br/>Beispielzeit: an 09:44 / ab 09:48<br/><i>Static Fast Charging</i><br/>&#8226;&#160;<b>Walsrode</b><br/>Beispielzeit: an 10:04 / ab 10:07<br/><i>Static Fast Charging</i><br/>&#8226;&#160;<b>Langenhagen Mitte</b><br/>Beispielzeit: an 10:33 / ab 10:35<br/><i>Einlauf Oberleitung</i><br/>&#8226;&#160;<b>Hannover Hauptbahnhof</b><br/>Beispielzeit: an 10:42 / ab 10:46<br/><i>Großer Richtungsknoten</i><br/>&#8226;&#160;<b>Hannover Messe/Laatzen</b><br/>Beispielzeit: an 10:53 / ab 10:55<br/><i>Regelhalt SFS</i><br/>&#8226;&#160;<b>Hildesheim Hauptbahnhof</b><br/>Beispielzeit: an 11:08 / ab 11:10<br/><i>Taktknoten</i><br/>&#8226;&#160;<b>Braunschweig Hauptbahnhof</b><br/>Beispielzeit: an 11:32 / ab 11:35<br/><i>Korrespondenzknoten</i><br/>&#8226;&#160;<b>Wolfsburg Hauptbahnhof</b><br/>Beispielzeit: an 11:51 / ab 11:54<br/><i>Vollladung für Ohre-Talbahn</i><br/>&#8226;&#160;<b>Haldensleben</b><br/>Beispielzeit: an 12:20 / ab 12:22<br/><i>Eingleisiger Kreuzungshalt</i><br/>&#8226;&#160;<b>Magdeburg Hauptbahnhof</b><br/>Beispielzeit: an 12:44<br/><i>Endbahnhof</i></div><style>@media (prefers-color-scheme: dark) {html,body,.kmldesc{background:#1b1b1b !important;color:#e8e8e8 !important;}.kmldesc a{color:#8ab4f8 !important;}}</style>]]></description>
<LookAt><longitude>10.1823647</longitude><latitude>52.9955387</latitude><altitude>0</altitude><heading>0</heading><tilt>0</tilt><range>247894.33025357957</range><altitudeMode>clampToGround</altitudeMode></LookAt>
<styleUrl>#lineRE25</styleUrl>
<LineString>
<tessellate>1</tessellate>
<coordinates>8.7043713,53.8604268,0 8.7092603,53.8579837,0 8.7168213,53.8548649,0 8.721354,53.8525515,0 8.7265208,53.8483591,0 8.727967,53.8474844,0 8.7391245,53.8423545,0 8.7415577,53.8415153,0 8.8750933,53.8079704,0 8.8796243,53.8073197,0 8.9528821,53.8003925,0 8.9603963,53.7991068,0 9.0002897,53.7894657,0 9.0420874,53.7721336,0 9.0598766,53.7675536,0 9.079159,53.7618767,0 9.0834047,53.760426,0 9.0873915,53.7584845,0 9.0897212,53.7569671,0 9.0922481,53.7548414,0 9.0936893,53.7532042,0 9.094962,53.7513164,0 9.1035856,53.734443,0 9.1047584,53.7327637,0 9.1067034,53.7306704,0 9.1096903,53.7283475,0 9.123266,53.720451,0 9.1272416,53.7175784,0 9.200961,53.6534611,0 9.2049441,53.6504511,0 9.2094217,53.647889,0 9.2304223,53.6375823,0 9.2351521,53.6358518,0 9.2402026,53.6345455,0 9.2892485,53.627359,0 9.4332505,53.5998502,0 9.4389271,53.5991741,0 9.4699587,53.5972088,0 9.4837204,53.5951705,0 9.4857552,53.5946411,0 9.4886198,53.5931775,0 9.5001498,53.5847898,0 9.5106797,53.5777294,0 9.523743,53.5680855,0 9.527493,53.5658916,0 9.5369894,53.5613716,0 9.5469549,53.5554589,0 9.5489621,53.5539061,0 9.5563594,53.5470623,0 9.55939,53.5436763,0 9.564059,53.5353191,0 9.5648488,53.5328575,0 9.5651524,53.5282104,0 9.5655569,53.526513,0 9.5716636,53.5140661,0 9.5728125,53.5124428,0 9.574478,53.5106683,0 9.5778372,53.507467,0 9.5808507,53.5050825,0 9.5832554,53.5038098,0 9.6559127,53.4748977,0 9.6601686,53.4739677,0 9.6850498,53.470865,0 9.7016706,53.468884,0 9.7069054,53.4686076,0 9.8262992,53.4750795,0 9.8521939,53.474243,0 9.9123104,53.4717971,0 9.9462766,53.4715781,0 9.9625801,53.4703038,0 9.9676628,53.4695081,0 9.9697999,53.4689465,0 9.9797686,53.464455,0 9.9845567,53.463002,0 9.9861168,53.4618546,0 9.9870635,53.4594918,0 9.9898493,53.4579096,0 9.99078,53.456915,0 9.990787,53.4584854,0 9.9929008,53.4622338,0 9.9913532,53.4589302,0 9.9911157,53.4575435,0 9.9915022,53.4556741,0 9.9924105,53.4542541,0 9.9953014,53.4518047,0 10.0079172,53.4433374,0 10.0115246,53.4400316,0 10.0137525,53.4376895,0 10.0149709,53.4360447,0 10.01596,53.4332857,0 10.0184237,53.4184995,0 10.018469,53.4172033,0 10.0180868,53.4152663,0 10.0173831,53.413873,0 10.0158313,53.4120384,0 10.014378,53.4108879,0 10.0125608,53.4097974,0 10.0099427,53.408707,0 10.0050525,53.407586,0 9.9995341,53.4074558,0 9.9893191,53.408895,0 9.9859486,53.4090865,0 9.981497,53.4083937,0 9.9782806,53.4070308,0 9.9752137,53.4045235,0 9.9657914,53.3945448,0 9.9629688,53.3923344,0 9.9580537,53.3902175,0 9.9463391,53.3872958,0 9.9433107,53.3860331,0 9.9407955,53.3843401,0 9.9356077,53.3791101,0 9.9335634,53.3763351,0 9.9274248,53.362916,0 9.9265319,53.3613434,0 9.9249755,53.3594593,0 9.9126915,53.3481455,0 9.8853272,53.3278103,0 9.8820714,53.3260849,0 9.8774968,53.3248141,0 9.8544098,53.3219276,0 9.8526791,53.3211778,0 9.8515386,53.3196366,0 9.8515925,53.3185581,0 9.8523884,53.3173972,0 9.8571569,53.3149924,0 9.8588264,53.3136432,0 9.8596,53.3125766,0 9.8601206,53.3108739,0 9.8608917,53.3041597,0 9.861415,53.3026222,0 9.8624417,53.3005111,0 9.8696037,53.2896919,0 9.8701129,53.2884835,0 9.8702426,53.2866133,0 9.8691677,53.2805517,0 9.868624,53.2791521,0 9.8676582,53.2777018,0 9.8460989,53.2586361,0 9.8446204,53.2566223,0 9.8441261,53.2552785,0 9.8441124,53.2532111,0 9.8451242,53.2461312,0 9.8439118,53.2348563,0 9.8446665,53.2253598,0 9.8444489,53.2229674,0 9.8436373,53.2211195,0 9.8427292,53.2198757,0 9.8282848,53.2030943,0 9.8267923,53.2007945,0 9.8261708,53.1990044,0 9.8259581,53.1968426,0 9.8262688,53.1950404,0 9.8313492,53.175993,0 9.8328702,53.1738518,0 9.8372448,53.1698874,0 9.8382875,53.1683707,0 9.8388424,53.1668139,0 9.8388859,53.1649472,0 9.8357071,53.1481811,0 9.8350296,53.1469582,0 9.8335201,53.1452304,0 9.8318692,53.1440093,0 9.829372,53.1427568,0 9.8252216,53.1416005,0 9.8170874,53.140815,0 9.8146262,53.1403154,0 9.8117181,53.1391746,0 9.8090414,53.1371844,0 9.80814,53.1357457,0 9.8077348,53.1343223,0 9.8083315,53.1267301,0 9.8076859,53.1244137,0 9.8060555,53.1222241,0 9.8000464,53.1171531,0 9.7987133,53.1148139,0 9.7984467,53.1128297,0 9.8004949,53.1035551,0 9.8108959,53.0796269,0 9.8207997,53.0662058,0 9.8215042,53.0648962,0 9.8234141,53.0554924,0 9.8238185,53.0544008,0 9.8249449,53.0527819,0 9.8258494,53.0519171,0 9.8375214,53.0427827,0 9.8388912,53.0414646,0 9.8397758,53.0401679,0 9.8402707,53.0389443,0 9.841122,53.0348843,0 9.8495141,53.0191729,0 9.8516739,53.0171503,0 9.8589756,53.0119168,0 9.8599369,53.0109985,0 9.8611561,53.0089897,0 9.8616577,53.0069453,0 9.8592214,52.9822094,0 9.8587213,52.9804181,0 9.8579625,52.9796516,0 9.8561365,52.978825,0 9.854054,52.9784756,0 9.8525997,52.9785401,0 9.851083,52.9788861,0 9.8472449,52.98037,0 9.8217499,52.984531,0 9.81924,52.9847611,0 9.8176003,52.9847233,0 9.8154181,52.9842372,0 9.813235,52.9833068,0 9.8117982,52.9823504,0 9.8065566,52.976268,0 9.8049447,52.9731626,0 9.8012222,52.9519395,0 9.7881119,52.9276793,0 9.7793749,52.9085484,0 9.7777045,52.9053188,0 9.7599446,52.8885384,0 9.7435858,52.8797677,0 9.7274481,52.8681146,0 9.7246611,52.8670016,0 9.7152505,52.865342,0 9.6877262,52.8607006,0 9.684838,52.8603935,0 9.6821269,52.860433,0 9.6794468,52.8607321,0 9.6585845,52.8662683,0 9.6559674,52.8677151,0 9.6522161,52.8729436,0 9.6503153,52.8743068,0 9.6478103,52.8752137,0 9.636502,52.877489,0 9.6336657,52.8776688,0 9.6319322,52.8775258,0 9.60615,52.8737135,0 9.6033186,52.8724224,0 9.6023025,52.8714545,0 9.6017153,52.870346,0 9.6007339,52.861744,0 9.5993511,52.8579718,0 9.5992838,52.8569701,0 9.6004438,52.8524956,0 9.6012811,52.8501985,0 9.6012676,52.8491651,0 9.5995697,52.8460067,0 9.5947815,52.8388452,0 9.5942835,52.8374687,0 9.5929715,52.7770969,0 9.5931618,52.7727157,0 9.5939172,52.770181,0 9.6041105,52.7417127,0 9.6054501,52.7382473,0 9.6065891,52.7364648,0 9.6098485,52.7330314,0 9.6221841,52.7236676,0 9.6368147,52.7144391,0 9.6382524,52.7131149,0 9.6389762,52.7120893,0 9.6399253,52.7098197,0 9.6399567,52.7080339,0 9.638814,52.7052771,0 9.626135,52.6819252,0 9.6205409,52.6710928,0 9.6202606,52.6700474,0 9.6202448,52.6683547,0 9.6219985,52.6604381,0 9.6228434,52.6584719,0 9.6249073,52.6554587,0 9.6395974,52.6376293,0 9.6489598,52.6275199,0 9.6508002,52.6260597,0 9.654022,52.6245307,0 9.7021756,52.6058114,0 9.7057385,52.6037756,0 9.7246403,52.5836387,0 9.7382052,52.5667204,0 9.7397382,52.5636272,0 9.7470665,52.5395669,0 9.7472158,52.5369366,0 9.7466913,52.5328436,0 9.7481529,52.5250894,0 9.7479345,52.5198789,0 9.7476651,52.518343,0 9.7467214,52.5165244,0 9.7349266,52.499842,0 9.73375,52.497315,0 9.7331767,52.4944917,0 9.7334515,52.4911011,0 9.7396647,52.4672197,0 9.7398319,52.4654576,0 9.7394943,52.4575158,0 9.7390008,52.4554533,0 9.7332507,52.4477234,0 9.7316495,52.4459677,0 9.688387,52.4062544,0 9.6876982,52.405376,0 9.6871815,52.4041671,0 9.6870902,52.4032235,0 9.6874008,52.4019102,0 9.6880942,52.4007918,0 9.6893242,52.3996844,0 9.6924194,52.3982549,0 9.6946255,52.3978378,0 9.6995742,52.3975533,0 9.7063526,52.3967336,0 9.7199064,52.393332,0 9.723052,52.3922837,0 9.7281266,52.3895545,0 9.7302774,52.3880079,0 9.7325793,52.3853663,0 9.7351246,52.3809917,0 9.7385027,52.3783807,0 9.7468447,52.3744916,0 9.7525082,52.3734222,0 9.7584875,52.3716574,0 9.7602622,52.370885,0 9.7624329,52.3693583,0 9.7642698,52.366804,0 9.7755955,52.3453125,0 9.7925879,52.3172814,0 9.7979171,52.3106148,0 9.8140024,52.2919488,0 9.8469647,52.2542639,0 9.848593,52.2520748,0 9.8497949,52.2493683,0 9.8501955,52.2472427,0 9.8500967,52.2447375,0 9.8495808,52.2428085,0 9.8483471,52.240391,0 9.8192509,52.2012056,0 9.8071576,52.184467,0 9.8064492,52.1816948,0 9.8065502,52.1802606,0 9.8071154,52.1784892,0 9.8089426,52.1758958,0 9.8120554,52.1735341,0 9.8161852,52.1717752,0 9.820275,52.1708864,0 9.8238978,52.170633,0 9.8346126,52.1707896,0 9.8392986,52.1701604,0 9.8676073,52.1619186,0 9.8755773,52.1603468,0 9.882678,52.1598405,0 9.9090045,52.159634,0 9.9131376,52.1591168,0 9.9235853,52.1568027,0 9.9284913,52.1565139,0 9.9357747,52.1564748,0 9.9390994,52.1568284,0 9.9559733,52.1611575,0 9.9587111,52.1612242,0 9.9647289,52.1606539,0 9.968692,52.1611404,0 10.0665801,52.1849779,0 10.1563327,52.196961,0 10.2113655,52.2012113,0 10.2758514,52.2008616,0 10.2810547,52.2005771,0 10.2842454,52.2001008,0 10.3069343,52.1951806,0 10.3110141,52.1950257,0 10.3145759,52.1954818,0 10.3853975,52.2138573,0 10.425703,52.2276204,0 10.4355929,52.2296999,0 10.4605314,52.2370907,0 10.4660062,52.2380029,0 10.4723345,52.2383243,0 10.4778041,52.2380826,0 10.4873085,52.2371739,0 10.491525,52.2371177,0 10.4962462,52.2375897,0 10.5040116,52.2390749,0 10.5132601,52.2417849,0 10.5177601,52.2439224,0 10.5198258,52.244613,0 10.5278259,52.245557,0 10.5316673,52.2465911,0 10.5339059,52.2477158,0 10.5477002,52.2564997,0 10.5521161,52.2583908,0 10.5548895,52.2592638,0 10.5603092,52.25999,0 10.5914306,52.2615602,0 10.6249042,52.2693797,0 10.6295041,52.2699801,0 10.6375132,52.2701875,0 10.6410809,52.2706547,0 10.6447277,52.2717005,0 10.6476047,52.2730904,0 10.6722601,52.2909415,0 10.6743256,52.292593,0 10.6767733,52.2950565,0 10.6794401,52.2989734,0 10.6881469,52.3167923,0 10.689252,52.3198369,0 10.6896867,52.3228493,0 10.689445,52.3260662,0 10.6806899,52.3616749,0 10.6745917,52.4013388,0 10.6742924,52.4044632,0 10.6744941,52.406683,0 10.6753266,52.4094803,0 10.676669,52.4119951,0 10.6781389,52.4139365,0 10.6802442,52.4160626,0 10.6826669,52.4179622,0 10.6851807,52.4194958,0 10.6875153,52.4205388,0 10.6912701,52.421596,0 10.6955343,52.4221774,0 10.733115,52.4243416,0 10.7746846,52.4287248,0 10.7959118,52.4301821,0 10.9468602,52.4324506,0 10.9565949,52.433558,0 10.9710323,52.4362051,0 10.9868645,52.4399004,0 10.9964698,52.4418609,0 10.9988539,52.4420969,0 11.002427,52.4415844,0 11.0044245,52.4410121,0 11.0064453,52.4399057,0 11.0095678,52.437207,0 11.0113004,52.4361654,0 11.0236989,52.4312627,0 11.0262903,52.4304404,0 11.1290203,52.4077413,0 11.1953335,52.3936304,0 11.1987838,52.3925723,0 11.2474337,52.3654372,0 11.2493706,52.3635261,0 11.2692488,52.3377802,0 11.299668,52.3159944,0 11.3027135,52.3150242,0 11.3306343,52.3098773,0 11.3325031,52.3091474,0 11.3478365,52.3016167,0 11.3500893,52.300752,0 11.3726702,52.2967949,0 11.3857137,52.2941147,0 11.4236859,52.2772935,0 11.5048182,52.2506402,0 11.5084879,52.2488375,0 11.5118351,52.2466434,0 11.5604573,52.2082162,0 11.5620913,52.2071081,0 11.5638433,52.2062979,0 11.5668853,52.2055555,0 11.5704174,52.2054515,0 11.6281769,52.2093985,0 11.632373,52.2088003,0 11.641572,52.2056732,0 11.6431297,52.2047152,0 11.6441089,52.2037882,0 11.6454113,52.201154,0 11.64605,52.198886,0 11.6478134,52.1874055,0 11.6484187,52.1847999,0 11.6524299,52.1746878,0 11.656297,52.1691568,0 11.6584039,52.1654266,0 11.6603336,52.1581398,0 11.6603581,52.1567578,0 11.6599351,52.1556274,0 11.6592659,52.1547134,0 11.6570318,52.1532247,0 11.6548239,52.1525831,0 11.6471464,52.1513313,0 11.643024,52.1495721,0 11.637261,52.1464683,0 11.629234,52.1375972,0 11.6272472,52.133624,0 11.6263142,52.1306506,0</coordinates>
</LineString>
</Placemark>
<Placemark>
<name>RE28 Leipzig-Würzburg</name>
<description><![CDATA[<div class="kmldesc"><b>Leipzig Hauptbahnhof → Würzburg Hauptbahnhof</b><br/><br/>Kritischer Passhalt Schweinfurt Hbf, Bahnsteiglänge exakt 210m<br/><br/><b>Bahnhöfe (7 Halte)</b> — Beispielzeiten eines Musterzugs, zeigt die reale Fahrzeit:<br/><br/><br/>&#8226;&#160;<b>Leipzig Hauptbahnhof</b><br/>Beispielzeit: ab 07:38<br/><i>Anschluss von RE11</i><br/>&#8226;&#160;<b>Flughafen Leipzig/Halle</b><br/>Beispielzeit: an 07:49 / ab 07:51<br/><i>Trasse via Leipzig-Wahren</i><br/>&#8226;&#160;<b>Halle (Saale) Hauptbahnhof</b><br/>Beispielzeit: an 08:01 / ab 08:04<br/><i>Einlauf SFS VDE 8.2</i><br/>&#8226;&#160;<b>Erfurt Hauptbahnhof</b><br/>Beispielzeit: an 08:36 / ab 08:40<br/><i>Systemhalt Thüringen</i><br/>&#8226;&#160;<b>Bamberg</b><br/>Beispielzeit: an 09:25 / ab 09:28<br/><i>Auslauf SFS</i><br/>&#8226;&#160;<b>Schweinfurt Hauptbahnhof</b><br/>Beispielzeit: an 09:53 / ab 09:55<br/><i>Kritischer Passhalt, 210m voll ausgereizt</i><br/>&#8226;&#160;<b>Würzburg Hauptbahnhof</b><br/>Beispielzeit: an 10:20<br/><i>Endbahnhof</i></div><style>@media (prefers-color-scheme: dark) {html,body,.kmldesc{background:#1b1b1b !important;color:#e8e8e8 !important;}.kmldesc a{color:#8ab4f8 !important;}}</style>]]></description>
<LookAt><longitude>11.16889805</longitude><latitude>50.63066545</latitude><altitude>0</altitude><heading>0</heading><tilt>0</tilt><range>230336.17273111205</range><altitudeMode>clampToGround</altitudeMode></LookAt>
<styleUrl>#lineRE28</styleUrl>
<LineString>
<tessellate>1</tessellate>
<coordinates>12.3829826,51.3465306,0 12.3921968,51.3551677,0 12.3991584,51.3610172,0 12.4011932,51.3637262,0 12.4016326,51.3653296,0 12.3871351,51.4013056,0 12.385857,51.4031011,0 12.3842639,51.4045465,0 12.3820477,51.4059165,0 12.3795081,51.4069704,0 12.3761775,51.4077983,0 12.3555808,51.411304,0 12.346732,51.4124922,0 12.3390909,51.4130599,0 12.2841245,51.4155344,0 12.2241042,51.423257,0 12.1775655,51.4275991,0 12.1346153,51.431266,0 12.123442,51.4325935,0 12.1080564,51.4336494,0 12.1038542,51.4341606,0 12.100135,51.4350497,0 12.0965396,51.4364019,0 12.0933504,51.4381565,0 12.0887826,51.4414715,0 12.0862838,51.4429516,0 12.0821799,51.4448023,0 12.0784383,51.446033,0 12.0739215,51.4470453,0 12.0367902,51.4530483,0 12.0179575,51.4570902,0 12.0143533,51.4581982,0 12.0085955,51.460754,0 12.0039016,51.4638607,0 11.9960479,51.4700696,0 11.9909808,51.4736119,0 11.9874512,51.4777715,0 11.990567,51.4739277,0 11.9943209,51.4705749,0 11.995081,51.4692434,0 11.9952894,51.467145,0 11.9942226,51.4534378,0 11.9939831,51.4522198,0 11.993249,51.4508069,0 11.9894805,51.4472048,0 11.9885307,51.445214,0 11.9877742,51.4297685,0 11.9879622,51.4222688,0 11.9876455,51.4202953,0 11.9868827,51.4185328,0 11.9854452,51.4165991,0 11.9837652,51.4150522,0 11.981516,51.4135566,0 11.9784999,51.4122512,0 11.9753946,51.4114558,0 11.9571503,51.4091576,0 11.9318391,51.4042176,0 11.9249898,51.4024867,0 11.9191337,51.4004509,0 11.9149577,51.3986506,0 11.9098692,51.3959313,0 11.8852499,51.3803607,0 11.8756661,51.3751553,0 11.8687076,51.3721742,0 11.8549449,51.3674557,0 11.845836,51.3639586,0 11.8357046,51.3591976,0 11.8009228,51.3420103,0 11.7932177,51.3386526,0 11.7870961,51.3363794,0 11.7784865,51.3336938,0 11.7393644,51.3244567,0 11.7329371,51.3226416,0 11.7261227,51.3203476,0 11.7184169,51.317179,0 11.6819248,51.3004529,0 11.6733956,51.2971684,0 11.658622,51.2920812,0 11.65545,51.2906998,0 11.6472586,51.2865823,0 11.6311774,51.2772713,0 11.6253939,51.2733687,0 11.6150556,51.265783,0 11.6085378,51.2604364,0 11.6034034,51.2555433,0 11.5971899,51.2474837,0 11.5853257,51.2308814,0 11.5811009,51.2262174,0 11.5761184,51.2218501,0 11.5703247,51.2178084,0 11.5614769,51.2130367,0 11.5571259,51.2109911,0 11.525934,51.1985446,0 11.5194545,51.1953321,0 11.516204,51.1934507,0 11.510519,51.1896585,0 11.5063312,51.1864339,0 11.5026118,51.1830684,0 11.4827161,51.1623098,0 11.4758078,51.1557597,0 11.469247,51.1509038,0 11.460555,51.1458722,0 11.4515865,51.141902,0 11.4439634,51.1392368,0 11.4055948,51.1286145,0 11.3931629,51.1245618,0 11.3838077,51.1209441,0 11.3612227,51.1111431,0 11.3482485,51.1064141,0 11.2592435,51.0767013,0 11.2127954,51.0631928,0 11.2059348,51.0607879,0 11.1983945,51.0577193,0 11.1913352,51.0543859,0 11.1828695,51.0496935,0 11.1662666,51.0394165,0 11.1574471,51.0328543,0 11.1525088,51.0284658,0 11.1471924,51.0229046,0 11.1336771,51.0068617,0 11.1249375,50.9958689,0 11.1220113,50.993008,0 11.1184288,50.9905345,0 11.1158397,50.9892561,0 11.1129823,50.9881919,0 11.085295,50.9806676,0 11.0760731,50.9776643,0 11.0686841,50.976429,0 11.0499297,50.9741585,0 11.0417023,50.973456,0 11.0349405,50.9715232,0 11.026282,50.9685407,0 11.0244289,50.9675257,0 11.0178323,50.9619519,0 11.0156429,50.9609348,0 11.0093279,50.9590796,0 11.0050544,50.956732,0 11.0035525,50.9552846,0 11.0008357,50.9516104,0 10.9994206,50.9502046,0 10.990777,50.9435649,0 10.9560723,50.9274485,0 10.952463,50.9253798,0 10.949078,50.9226807,0 10.9471009,50.920494,0 10.9455061,50.9180364,0 10.9444774,50.9155324,0 10.9439597,50.9128198,0 10.9440354,50.9101213,0 10.9446589,50.9075343,0 10.9457386,50.9051711,0 10.9473384,50.9028263,0 10.9503577,50.8997994,0 10.9542268,50.8971475,0 10.9578913,50.8953171,0 10.9747971,50.8878607,0 10.9794218,50.8851298,0 10.983585,50.8818559,0 10.998882,50.864946,0 11.0044668,50.8583361,0 11.0064757,50.8552504,0 11.007975,50.8522236,0 11.0090126,50.8493309,0 11.0097136,50.8462241,0 11.0099844,50.8435956,0 11.0099336,50.8405252,0 11.0089563,50.8353821,0 11.0074236,50.8314114,0 10.9994035,50.8141323,0 10.9982441,50.8100027,0 10.9978555,50.8059586,0 10.9980646,50.8026989,0 10.9987141,50.7995544,0 11.0027229,50.7895187,0 11.0034404,50.7869385,0 11.0039334,50.783955,0 11.0040053,50.7792193,0 11.0028403,50.7673672,0 11.00279,50.7637965,0 11.0034242,50.7581563,0 11.0068577,50.7445128,0 11.007781,50.7388623,0 11.007885,50.7332484,0 11.0072055,50.7084307,0 11.0063728,50.7040096,0 11.0045425,50.6990171,0 10.9884788,50.6687754,0 10.9854418,50.661939,0 10.983845,50.6559017,0 10.9834252,50.6531798,0 10.9818775,50.6377011,0 10.9818059,50.6327584,0 10.9825801,50.6265848,0 10.9938354,50.5808799,0 10.9951323,50.571505,0 10.9948914,50.5620948,0 10.9914752,50.5340938,0 10.9916443,50.5250574,0 11.0007765,50.4662936,0 11.0023355,50.4596317,0 11.0051513,50.4523494,0 11.0066985,50.4490705,0 11.0165752,50.4340276,0 11.0185681,50.4306238,0 11.0348859,50.3876868,0 11.0358551,50.3842734,0 11.0363272,50.3800336,0 11.0360764,50.3765742,0 11.0353913,50.3737265,0 11.0339823,50.3701043,0 11.0325865,50.3675884,0 11.0308314,50.3650884,0 11.017789,50.3488779,0 11.0146904,50.344313,0 11.0127491,50.340248,0 11.0080549,50.3280391,0 11.0066271,50.32276,0 11.0062496,50.3206645,0 11.0059458,50.3162572,0 11.0064053,50.3098965,0 11.011497,50.2898838,0 11.0127794,50.286397,0 11.0156153,50.2807739,0 11.0168379,50.2777247,0 11.0185524,50.2706493,0 11.0188476,50.2668293,0 11.0187502,50.2633093,0 11.0184288,50.2569566,0 11.0178866,50.254023,0 11.016776,50.2507072,0 11.0151284,50.2473775,0 11.0111792,50.2415543,0 11.0092212,50.2382511,0 11.0072505,50.2333171,0 11.0065087,50.2303115,0 11.0061749,50.2277489,0 11.0059671,50.2198667,0 11.0052663,50.2145056,0 11.0035044,50.2087483,0 11.0011052,50.2022518,0 10.9990959,50.198626,0 10.9962356,50.1949262,0 10.9940606,50.192711,0 10.9877386,50.1873637,0 10.9847366,50.1844952,0 10.9733297,50.1714834,0 10.967487,50.1664484,0 10.9569737,50.1591099,0 10.9538234,50.1563428,0 10.9518295,50.1542498,0 10.949622,50.1515301,0 10.947753,50.1486641,0 10.9460175,50.145137,0 10.9448236,50.1416331,0 10.9441787,50.138096,0 10.9440961,50.1334384,0 10.9446274,50.1299319,0 10.9461046,50.1254058,0 10.9489894,50.1200548,0 10.9566111,50.1103743,0 10.9584146,50.1077661,0 10.9602279,50.1042619,0 10.9614941,50.1007532,0 10.9623197,50.0966648,0 10.9624218,50.0927975,0 10.9618583,50.0886755,0 10.960382,50.0840673,0 10.9447563,50.0426831,0 10.9395946,50.0297144,0 10.9386816,50.0280839,0 10.9359796,50.0247608,0 10.9167841,50.0044413,0 10.9101085,49.997679,0 10.9070235,49.9930512,0 10.9048598,49.9904123,0 10.9018219,49.9878772,0 10.8956994,49.9837865,0 10.8932641,49.9814816,0 10.8915741,49.9793126,0 10.8905303,49.9773438,0 10.8880374,49.9695913,0 10.8870711,49.9658938,0 10.8867466,49.9632668,0 10.8852499,49.9210607,0 10.8853417,49.9179501,0 10.8865101,49.914189,0 10.8887008,49.9106214,0 10.8919258,49.9073303,0 10.8997091,49.9006197,0 10.8901623,49.908735,0 10.8873695,49.9107357,0 10.8615681,49.9253915,0 10.8567967,49.9278089,0 10.8536351,49.9287039,0 10.8503216,49.9291148,0 10.8175591,49.9294902,0 10.8146001,49.9296906,0 10.8109237,49.9304286,0 10.7914549,49.9364237,0 10.7878381,49.9373441,0 10.7547663,49.9420639,0 10.75244,49.9425837,0 10.7505542,49.9433376,0 10.7488781,49.9444085,0 10.7337967,49.9589886,0 10.7284933,49.9632332,0 10.7251997,49.9650583,0 10.5224342,50.0291732,0 10.5105042,50.0331758,0 10.5070348,50.033888,0 10.5048108,50.0339229,0 10.4955632,50.0316899,0 10.4854926,50.0309756,0 10.4823498,50.0304083,0 10.4770467,50.0285138,0 10.4661539,50.02235,0 10.4620777,50.0205286,0 10.4567683,50.0189466,0 10.4472727,50.0167869,0 10.4439814,50.0162556,0 10.418148,50.0148232,0 10.4065009,50.0167162,0 10.3631111,50.0186363,0 10.3420193,50.0217253,0 10.3388294,50.0226334,0 10.328533,50.0264976,0 10.3246911,50.0285329,0 10.3209063,50.0314757,0 10.3076676,50.0468282,0 10.3058019,50.0485186,0 10.3036536,50.0499371,0 10.2935404,50.0545221,0 10.2882459,50.0562216,0 10.2807757,50.0572843,0 10.2738808,50.0570686,0 10.2666509,50.0558076,0 10.260895,50.0540029,0 10.2366157,50.0434904,0 10.2342654,50.0426622,0 10.2312251,50.0410891,0 10.2219436,50.0374908,0 10.2029273,50.0328187,0 10.17996,50.0277288,0 10.1773363,50.0268445,0 10.1751155,50.0257348,0 10.1730327,50.0242408,0 10.171268,50.0223178,0 10.1574546,49.9998354,0 10.1565107,49.9971192,0 10.1540528,49.9828155,0 10.1531078,49.9807798,0 10.1513023,49.9787079,0 10.148197,49.9765665,0 10.1459736,49.975441,0 10.1436052,49.9746576,0 10.1381185,49.9734544,0 10.1327407,49.9712208,0 10.1300789,49.9706039,0 10.1234607,49.9698725,0 10.1190462,49.9686174,0 10.1035702,49.9612296,0 10.1012716,49.9597767,0 10.0996218,49.9583567,0 10.0858429,49.9440604,0 10.0852145,49.9428935,0 10.0850325,49.9417634,0 10.0853196,49.9402521,0 10.0859483,49.9392462,0 10.0876422,49.9378587,0 10.0930681,49.9354932,0 10.0951906,49.9341206,0 10.0967287,49.9321674,0 10.097151,49.9307389,0 10.0971341,49.9295334,0 10.0966762,49.9281738,0 10.0960609,49.9272136,0 10.077128,49.9032252,0 10.0765752,49.9016744,0 10.0766107,49.8977296,0 10.0770085,49.8962032,0 10.0781536,49.8946344,0 10.0956843,49.8784859,0 10.0975091,49.8760919,0 10.0983491,49.8741578,0 10.1032765,49.8499633,0 10.1028339,49.8460712,0 10.1018342,49.8433249,0 10.0993028,49.8395776,0 10.0960411,49.8365617,0 10.0929223,49.8345133,0 10.067759,49.8202006,0 10.065462,49.8187022,0 10.0625801,49.8158106,0 10.0584828,49.8091357,0 10.0572612,49.8079116,0 10.0561171,49.8071561,0 10.0479026,49.8039984,0 10.0342822,49.800291,0 10.0312225,49.7986789,0 10.0297959,49.7973093,0 10.0289136,49.795457,0 10.029167,49.7896753,0 10.0287144,49.787298,0 10.0280225,49.7862695,0 10.026783,49.7851855,0 10.0252523,49.7843802,0 10.0235499,49.7838636,0 10.0211048,49.7835594,0 10.0182772,49.7837711,0 9.9968152,49.7891733,0 9.993322,49.7906359,0 9.987919,49.7940444,0 9.9843668,49.795275,0 9.9800679,49.7957382,0 9.9716657,49.7952506,0 9.9543032,49.7969841,0 9.9524099,49.7975229,0 9.9497421,49.7995005,0 9.9478496,49.8002421,0 9.9361635,49.8021035,0</coordinates>
</LineString>
</Placemark>
<Placemark>
<name>RE32 Kassel-Wilhelmshöhe-Roermond</name>
<description><![CDATA[<div class="kmldesc"><b>Kassel-Wilhelmshöhe → Roermond</b><br/><br/>8-teiliger batterieelektrischer KISS B, Gesamtstrecke 349,8 km<br/><br/><b>Bahnhöfe (23 Halte)</b> — Beispielzeiten eines Musterzugs, zeigt die reale Fahrzeit:<br/><br/><br/>&#8226;&#160;<b>Kassel-Wilhelmshöhe</b><br/>Beispielzeit: ab 07:33<br/><i>Startbahnhof</i><br/>&#8226;&#160;<b>Hofgeismar</b><br/>Beispielzeit: an 07:49 / ab 07:50<br/><i>Regionalhalt</i><br/>&#8226;&#160;<b>Warburg (Westf)</b><br/>Beispielzeit: an 08:04 / ab 08:05<br/><i>Regionalhalt</i><br/>&#8226;&#160;<b>Paderborn Hauptbahnhof</b><br/>Beispielzeit: an 08:41 / ab 08:43<br/><i>Regionalhalt</i><br/>&#8226;&#160;<b>Lippstadt</b><br/>Beispielzeit: an 08:55 / ab 08:56<br/><i>Regionalhalt</i><br/>&#8226;&#160;<b>Soest</b><br/>Beispielzeit: an 09:06 / ab 09:07<br/><i>Regionalhalt</i><br/>&#8226;&#160;<b>Hamm (Westf) Hbf</b><br/>Beispielzeit: an 09:22 / ab 09:27<br/><i>Großer Eisenbahnknoten</i><br/>&#8226;&#160;<b>Kamen</b><br/>Beispielzeit: an 09:36 / ab 09:37<br/><i>Regionalhalt</i><br/>&#8226;&#160;<b>Dortmund Hauptbahnhof</b><br/>Beispielzeit: an 09:49 / ab 09:51<br/><i>Westfalen-Metropole</i><br/>&#8226;&#160;<b>Bochum Hauptbahnhof</b><br/>Beispielzeit: an 10:01 / ab 10:03<br/><i>Systemhalt Ruhrgebiet</i><br/>&#8226;&#160;<b>Wattenscheid</b><br/>Beispielzeit: an 10:07 / ab 10:08<br/><i>Regionalhalt</i><br/>&#8226;&#160;<b>Essen Hauptbahnhof</b><br/>Beispielzeit: an 10:15 / ab 10:17<br/><i>Systemhalt Ruhrgebiet</i><br/>&#8226;&#160;<b>Mülheim (Ruhr) Hbf</b><br/>Beispielzeit: an 10:22 / ab 10:23<br/><i>Regionalhalt</i><br/>&#8226;&#160;<b>Duisburg Hauptbahnhof</b><br/>Beispielzeit: an 10:29 / ab 10:37<br/><i>Systemhalt Ruhrgebiet</i><br/>&#8226;&#160;<b>Düsseldorf Flughafen</b><br/>Beispielzeit: an 10:45 / ab 10:46<br/><i>Regionalhalt</i><br/>&#8226;&#160;<b>Düsseldorf Hauptbahnhof</b><br/>Beispielzeit: an 10:54 / ab 11:06<br/><i>Landeshauptstadt-Knoten</i><br/>&#8226;&#160;<b>Düsseldorf-Bilk</b><br/>Beispielzeit: an 11:10 / ab 11:11<br/><i>S-Bahn-Knoten</i><br/>&#8226;&#160;<b>Neuss Hauptbahnhof</b><br/>Beispielzeit: an 11:19 / ab 11:21<br/><i>Regionalhalt</i><br/>&#8226;&#160;<b>Mönchengladbach Hauptbahnhof</b><br/>Beispielzeit: an 11:34 / ab 11:37<br/><i>Regionalhalt</i><br/>&#8226;&#160;<b>Rheydt Hbf</b><br/>Beispielzeit: an 11:41 / ab 11:43<br/><i>Regionalhalt</i><br/>&#8226;&#160;<b>Wegberg</b><br/>Beispielzeit: an 11:52 / ab 11:53<br/><i>Fiktiver Infrastrukturausbau, 215m</i><br/>&#8226;&#160;<b>Dalheim</b><br/>Beispielzeit: an 12:04 / ab 12:05<br/><i>Grenzbahnhof, Eiserner Rhein</i><br/>&#8226;&#160;<b>Roermond</b><br/>Beispielzeit: an 12:19<br/><i>Endbahnhof Niederlande</i></div><style>@media (prefers-color-scheme: dark) {html,body,.kmldesc{background:#1b1b1b !important;color:#e8e8e8 !important;}.kmldesc a{color:#8ab4f8 !important;}}</style>]]></description>
<LookAt><longitude>7.732910049999999</longitude><latitude>51.4545296</latitude><altitude>0</altitude><heading>0</heading><tilt>0</tilt><range>225280.40528229214</range><altitudeMode>clampToGround</altitudeMode></LookAt>
<styleUrl>#lineRE32</styleUrl>
<LineString>
<tessellate>1</tessellate>
<coordinates>9.4478243,51.3112388,0 9.4464689,51.3136614,0 9.4462394,51.3144783,0 9.4463792,51.3157139,0 9.4472923,51.3173868,0 9.4486474,51.3185789,0 9.4505442,51.3196228,0 9.4580099,51.3215882,0 9.4602754,51.322838,0 9.4701635,51.3336455,0 9.4712493,51.3354679,0 9.4717726,51.3373479,0 9.4716804,51.3397491,0 9.4705452,51.3438704,0 9.4657815,51.3506285,0 9.463425,51.3526886,0 9.4487625,51.3620728,0 9.4470913,51.363863,0 9.446425,51.3658226,0 9.4466965,51.3679726,0 9.4480857,51.3700222,0 9.4593137,51.3782605,0 9.4611037,51.3801983,0 9.4620543,51.3821005,0 9.4623267,51.3834848,0 9.4622372,51.3848787,0 9.4619439,51.3859306,0 9.4611325,51.3873893,0 9.4595275,51.3888836,0 9.4582957,51.3896366,0 9.4540378,51.3915306,0 9.4524011,51.3925598,0 9.45114,51.3940934,0 9.4507726,51.3959556,0 9.4513937,51.3977221,0 9.4546848,51.4027679,0 9.4576108,51.4150823,0 9.4583185,51.4164118,0 9.4637959,51.4241472,0 9.4643106,51.4252063,0 9.4644259,51.4269973,0 9.4635469,51.4289564,0 9.4617847,51.4305603,0 9.454647,51.4340686,0 9.4525238,51.4348253,0 9.4390686,51.4375125,0 9.4366366,51.4375018,0 9.4286111,51.436425,0 9.4265196,51.4364576,0 9.4249057,51.4368147,0 9.42355,51.4374167,0 9.4226388,51.4381112,0 9.4219525,51.4390321,0 9.4216645,51.4401354,0 9.4217261,51.4444536,0 9.4213736,51.4459994,0 9.4179363,51.4503663,0 9.4144567,51.4554838,0 9.4137991,51.4608392,0 9.4134592,51.4620665,0 9.3964424,51.4969785,0 9.3944273,51.5026015,0 9.3904351,51.5164292,0 9.3854017,51.5273934,0 9.3853275,51.5283102,0 9.3856244,51.5295746,0 9.3863872,51.5307179,0 9.3875083,51.5316956,0 9.4011796,51.5387162,0 9.4019733,51.5393525,0 9.4027975,51.5406949,0 9.4027989,51.541906,0 9.4006777,51.5453418,0 9.399589,51.5460599,0 9.3978812,51.5466737,0 9.3961377,51.5468642,0 9.393898,51.5466232,0 9.374576,51.5390506,0 9.3580483,51.5345484,0 9.3536416,51.5342915,0 9.3434684,51.5356112,0 9.3402166,51.5353793,0 9.3367846,51.5344902,0 9.3345566,51.5333515,0 9.3325539,51.5316496,0 9.3284404,51.5246915,0 9.3269366,51.5231347,0 9.3243769,51.5214266,0 9.3202686,51.5196786,0 9.3178497,51.5182053,0 9.3160387,51.5163655,0 9.3144325,51.5137412,0 9.3130311,51.5121163,0 9.2912815,51.496622,0 9.2887278,51.4952631,0 9.2864102,51.4944412,0 9.2771059,51.4927013,0 9.2739244,51.4918909,0 9.2656513,51.4880554,0 9.2614406,51.4868481,0 9.2566518,51.4863428,0 9.2531194,51.4865117,0 9.2501246,51.4871844,0 9.2428141,51.4895847,0 9.2403875,51.4899513,0 9.2376436,51.4900023,0 9.2311112,51.4889759,0 9.2158412,51.4833232,0 9.2127081,51.4829151,0 9.2097545,51.4829391,0 9.2055443,51.4836858,0 9.1998237,51.4859873,0 9.1964523,51.4869135,0 9.1862791,51.4881662,0 9.1540388,51.4950002,0 9.1510741,51.4960113,0 9.147552,51.4982487,0 9.1429905,51.5024377,0 9.1235749,51.5189734,0 9.1187633,51.5212055,0 9.1087891,51.5238989,0 9.1055183,51.5257541,0 9.1034522,51.528036,0 9.1020554,51.5311444,0 9.1012102,51.5324207,0 9.0997337,51.5338372,0 9.0981758,51.5348662,0 9.0960224,51.5358556,0 9.0941191,51.5364217,0 9.0673889,51.5423008,0 9.0640585,51.5435602,0 9.0620008,51.5448868,0 9.0605155,51.546386,0 9.0569479,51.5526444,0 9.0556744,51.5541974,0 9.0538392,51.5555891,0 9.0460628,51.5601375,0 9.0438837,51.5621632,0 9.0425186,51.5640736,0 9.0269562,51.6007112,0 9.0262921,51.6029967,0 9.0259406,51.6076342,0 9.0253171,51.6097848,0 9.024201,51.6119283,0 9.0226265,51.613903,0 9.0179634,51.6182637,0 9.0154079,51.6200161,0 9.0057536,51.6242581,0 9.0020552,51.6263163,0 8.9997489,51.6282125,0 8.9955847,51.6328969,0 8.9926894,51.6351727,0 8.9884673,51.6373108,0 8.9764202,51.6415207,0 8.9700097,51.6444019,0 8.966893,51.6462691,0 8.9642751,51.6482,0 8.9620096,51.6502076,0 8.9596119,51.6528433,0 8.957063,51.6568759,0 8.9557213,51.6603757,0 8.9540974,51.6713047,0 8.954148,51.6757202,0 8.9559378,51.6834345,0 8.9560873,51.6860387,0 8.9501813,51.7302375,0 8.9508465,51.7349023,0 8.9529966,51.738679,0 8.9534841,51.7400466,0 8.9535926,51.7414463,0 8.9531186,51.7495687,0 8.9536503,51.7513697,0 8.9556189,51.7549435,0 8.9558634,51.7562821,0 8.9557445,51.7576976,0 8.9550704,51.7593995,0 8.9539278,51.7608847,0 8.9510465,51.7635404,0 8.9486058,51.76492,0 8.9461998,51.7658232,0 8.9443476,51.7661783,0 8.9358395,51.7663769,0 8.9317175,51.7658277,0 8.9282715,51.764486,0 8.9259935,51.7629141,0 8.9234632,51.7600196,0 8.9220383,51.7588339,0 8.9199776,51.7576716,0 8.9176785,51.7568267,0 8.914361,51.7561756,0 8.9012516,51.7551873,0 8.8980831,51.7547117,0 8.8946691,51.7535657,0 8.8895736,51.7503371,0 8.8861473,51.7490027,0 8.8799155,51.7479122,0 8.8733207,51.7462062,0 8.8703276,51.7460013,0 8.8649144,51.7462246,0 8.8615713,51.7458316,0 8.858544,51.7449741,0 8.8533449,51.7427126,0 8.8505759,51.741996,0 8.8461157,51.7417235,0 8.8417864,51.7423384,0 8.8384422,51.743576,0 8.8332532,51.7466141,0 8.8289765,51.7478173,0 8.8239481,51.7480333,0 8.8192585,51.747136,0 8.8170554,51.7462637,0 8.8150433,51.7450431,0 8.8136329,51.7437652,0 8.8126982,51.742502,0 8.8119672,51.7404983,0 8.8114207,51.7332467,0 8.8105406,51.731392,0 8.8092036,51.7298567,0 8.8074222,51.7285325,0 8.7891434,51.7171129,0 8.7863638,51.7159324,0 8.7836144,51.7152766,0 8.7786088,51.7150542,0 8.775856,51.715432,0 8.7701988,51.716731,0 8.7676641,51.7169569,0 8.7649122,51.7168668,0 8.7558344,51.7150004,0 8.7471874,51.7145885,0 8.7309747,51.7106241,0 8.7286329,51.7102767,0 8.7250218,51.7102106,0 8.7201977,51.7108957,0 8.6810524,51.7210876,0 8.6769043,51.7219163,0 8.6715354,51.7223584,0 8.6672764,51.7222393,0 8.6633185,51.7217408,0 8.6588426,51.720694,0 8.6558164,51.7196527,0 8.6528368,51.7182588,0 8.6499432,51.7164129,0 8.6479012,51.7146716,0 8.6186087,51.6824597,0 8.6165322,51.6805294,0 8.6135013,51.6784773,0 8.6099473,51.6767567,0 8.5344593,51.6456578,0 8.5316314,51.6446381,0 8.5279254,51.6437586,0 8.5242695,51.6433211,0 8.5206608,51.6432691,0 8.5143426,51.6440895,0 8.431158,51.6678353,0 8.4225352,51.6699011,0 8.4139667,51.6713157,0 8.4049868,51.6721232,0 8.3952501,51.6722967,0 8.3422062,51.6704502,0 8.3393713,51.6701962,0 8.3340268,51.6692686,0 8.3288958,51.6677423,0 8.2678519,51.6463846,0 8.2607493,51.6438636,0 8.2579012,51.6425769,0 8.1723797,51.5972845,0 8.1697701,51.5954758,0 8.1680738,51.5939051,0 8.160222,51.5846606,0 8.1576734,51.5827175,0 8.1547463,51.5811851,0 8.1515216,51.5800196,0 8.1484459,51.5792805,0 8.1230543,51.5757724,0 8.1180536,51.5756777,0 8.1133395,51.5762112,0 8.0958516,51.5805276,0 8.062828,51.587777,0 8.058683,51.5890579,0 8.043538,51.594938,0 7.9757188,51.6138254,0 7.9711832,51.6146823,0 7.9525707,51.616751,0 7.9483331,51.6176235,0 7.8651914,51.6477186,0 7.8465225,51.6560117,0 7.8431435,51.6571858,0 7.8399868,51.6577119,0 7.8372841,51.6577979,0 7.8129046,51.6562488,0 7.8095106,51.6566857,0 7.8080264,51.6572797,0 7.8066104,51.6582709,0 7.805892,51.659155,0 7.8054707,51.660331,0 7.8054812,51.6611017,0 7.8058934,51.662237,0 7.8078901,51.6645224,0 7.8084063,51.6654498,0 7.8100775,51.6717346,0 7.8098996,51.6734453,0 7.8078668,51.678457,0 7.8094396,51.674224,0 7.8097362,51.671754,0 7.8082267,51.6659308,0 7.8071896,51.6641637,0 7.8002673,51.6579243,0 7.7872133,51.6481558,0 7.7814183,51.6444176,0 7.7604265,51.624206,0 7.7565406,51.6215824,0 7.7525487,51.6196511,0 7.6849194,51.5940483,0 7.5960127,51.5610407,0 7.4975101,51.5236327,0 7.4886597,51.5216865,0 7.4707987,51.5192401,0 7.459234,51.5179504,0 7.4636632,51.5183427,0 7.4546208,51.5170919,0 7.4456836,51.515099,0 7.4429978,51.5140453,0 7.4380336,51.5114419,0 7.4331757,51.5102556,0 7.4279109,51.5100373,0 7.4248186,51.510228,0 7.4217581,51.5108763,0 7.4163515,51.5126033,0 7.4129382,51.5131546,0 7.4087464,51.5131755,0 7.4046054,51.5125151,0 7.3891032,51.508367,0 7.3831346,51.5061229,0 7.3664316,51.4980415,0 7.3482993,51.4896268,0 7.3320151,51.4810543,0 7.3276221,51.479458,0 7.3245622,51.4789526,0 7.3220354,51.4788441,0 7.3153875,51.4789053,0 7.3113975,51.4792853,0 7.3077424,51.480048,0 7.2858909,51.4863218,0 7.2826244,51.4868976,0 7.2791822,51.4869799,0 7.2621877,51.4861431,0 7.2494782,51.4848209,0 7.2469249,51.4840445,0 7.242515,51.4821368,0 7.239488,51.4814149,0 7.2318189,51.481137,0 7.2284621,51.4806305,0 7.2260464,51.479822,0 7.2119585,51.4733855,0 7.2058456,51.4709561,0 7.1772609,51.4652742,0 7.1729085,51.4652149,0 7.1688191,51.4658846,0 7.1661768,51.4667512,0 7.152307,51.4724311,0 7.1482154,51.4733225,0 7.1440147,51.473499,0 7.1264354,51.4723065,0 7.1054257,51.4693299,0 7.1019782,51.4682756,0 7.067632,51.4554117,0 7.0634604,51.454227,0 7.0597028,51.453605,0 7.055993,51.4533814,0 7.0535122,51.4534924,0 7.0418957,51.4560458,0 7.0324442,51.4564135,0 7.0278742,51.455602,0 7.0216151,51.4527432,0 7.0183036,51.4517666,0 7.0011732,51.4504526,0 6.9987787,51.4506451,0 6.993595,51.4515975,0 6.9865243,51.4532894,0 6.9761608,51.4553013,0 6.9713444,51.4557862,0 6.9671115,51.455614,0 6.9568531,51.4537211,0 6.9529896,51.4526028,0 6.9501756,51.4513318,0 6.9413255,51.44642,0 6.9363835,51.4441321,0 6.9327855,51.4429542,0 6.9228926,51.4412667,0 6.9115834,51.4414459,0 6.9077077,51.4408516,0 6.9057394,51.4400727,0 6.9043881,51.4392376,0 6.901076,51.4358581,0 6.8964369,51.4328363,0 6.8936794,51.4316757,0 6.8903823,51.4310661,0 6.8879467,51.4310237,0 6.8858695,51.4312744,0 6.8805608,51.4330861,0 6.8778215,51.4346049,0 6.8724996,51.4384486,0 6.8674163,51.4433502,0 6.8647466,51.4451147,0 6.8580253,51.4475236,0 6.848481,51.4500976,0 6.8453553,51.4503946,0 6.8428544,51.4503216,0 6.8200927,51.4475389,0 6.8120201,51.4469358,0 6.8010647,51.4446152,0 6.7962713,51.4429379,0 6.7831369,51.4369235,0 6.7807442,51.4354806,0 6.7785898,51.433454,0 6.7762131,51.4296734,0 6.778056,51.4327545,0 6.7792975,51.4341755,0 6.7768263,51.4305096,0 6.7761835,51.4287765,0 6.7760486,51.427164,0 6.7766099,51.4230609,0 6.7763813,51.4208019,0 6.7754119,51.4179354,0 6.7725871,51.4132259,0 6.7720481,51.4113171,0 6.7746434,51.3912563,0 6.7748742,51.3874236,0 6.7771197,51.3715137,0 6.7778323,51.3630892,0 6.785438,51.3030834,0 6.7858161,51.2979877,0 6.7865587,51.2920543,0 6.7872008,51.2888498,0 6.7901441,51.2644847,0 6.7927398,51.2551998,0 6.7939146,51.2488699,0 6.7965333,51.2416465,0 6.7968397,51.2395477,0 6.7967541,51.2353275,0 6.7970871,51.2312495,0 6.7991056,51.2257841,0 6.7988634,51.2243374,0 6.7973996,51.2225184,0 6.7911576,51.216797,0 6.7903312,51.2152453,0 6.790065,51.2133342,0 6.7895036,51.2123824,0 6.7859061,51.2099592,0 6.7837476,51.2092463,0 6.7731243,51.2074059,0 6.7708493,51.2073011,0 6.769127,51.2075891,0 6.7635917,51.2095242,0 6.7505655,51.2119769,0 6.7479077,51.2121306,0 6.7201067,51.2062996,0 6.7166172,51.2061854,0 6.7145084,51.2067424,0 6.7128407,51.2076885,0 6.6994713,51.2193844,0 6.6970924,51.2204148,0 6.6948187,51.2206964,0 6.6930246,51.2204627,0 6.6893082,51.2194184,0 6.6878117,51.2187085,0 6.6869815,51.2178892,0 6.686653,51.2167001,0 6.6875504,51.2124394,0 6.6878335,51.2095022,0 6.6875277,51.2079837,0 6.687037,51.206998,0 6.687934,51.2085992,0 6.6868259,51.2060588,0 6.6857801,51.204928,0 6.6820179,51.2025799,0 6.6807638,51.2011586,0 6.6818664,51.2027196,0 6.6827967,51.2035267,0 6.680643,51.2021947,0 6.6784115,51.2014458,0 6.6697715,51.1994664,0 6.6662258,51.1989517,0 6.5223149,51.1948121,0 6.5184458,51.1950095,0 6.4851382,51.1983124,0 6.464787,51.2005734,0 6.456361,51.2007121,0 6.4544214,51.2005259,0 6.4519626,51.1998307,0 6.4483258,51.1982199,0 6.4449084,51.1953724,0 6.4397543,51.1850329,0 6.4379504,51.1751175,0 6.4388439,51.1682522,0 6.4398804,51.1630425,0 6.4397278,51.1617684,0 6.4384391,51.1585429,0 6.4361459,51.156013,0 6.4230552,51.1437909,0 6.4215024,51.1429654,0 6.4197508,51.1426823,0 6.4178626,51.1428752,0 6.4164565,51.1433905,0 6.4062319,51.1496519,0 6.4042611,51.1500756,0 6.3953521,51.1510704,0 6.3656153,51.1513062,0 6.3031655,51.1458405,0 6.2736329,51.1449477,0 6.2692341,51.1451927,0 6.2045981,51.1521791,0 6.201764,51.1521536,0 6.1988861,51.1518241,0 6.1843861,51.1488489,0 6.1787772,51.1491008,0 6.1816778,51.1488929,0 6.1795021,51.1489514,0 6.1693988,51.1499048,0 6.1656822,51.1507582,0 6.1615817,51.1525422,0 6.1582348,51.1529037,0 6.0128521,51.2119337,0 5.9967608,51.1972368,0 5.9953093,51.1952861,0 5.9940475,51.1925366,0</coordinates>
</LineString>
</Placemark>
<Placemark>
<name>RE35 Zwickau-Warnemünde (Regionaltakt)</name>
<description><![CDATA[<div class="kmldesc"><b>Zwickau Hauptbahnhof → Warnemünde</b><br/><br/>Bedient alle Haltepunkte; überlagert mit RE35X zum Halbstundentakt<br/><br/><b>Bahnhöfe (25 Halte)</b> — Beispielzeiten eines Musterzugs, zeigt die reale Fahrzeit:<br/><br/><br/>&#8226;&#160;<b>Zwickau Hauptbahnhof</b><br/>Beispielzeit: ab 07:02<br/><i>Startbahnhof Sachsen-Franken-Magistrale</i><br/>&#8226;&#160;<b>Glauchau (Sachs)</b><br/>Beispielzeit: an 07:14 / ab 07:16<br/><i>Bestandsstrecke</i><br/>&#8226;&#160;<b>Chemnitz Hauptbahnhof</b><br/>Beispielzeit: an 07:38 / ab 07:42<br/><i>Lokaler Systemknoten</i><br/>&#8226;&#160;<b>Flöha</b><br/>Beispielzeit: an 07:51 / ab 07:52<br/><i>Engpass, Bahnsteiglänge 170m</i><br/>&#8226;&#160;<b>Freiberg (Sachs)</b><br/>Beispielzeit: an 08:12 / ab 08:14<br/><i>Sächsische Magistrale</i><br/>&#8226;&#160;<b>Freital Hbf</b><br/>Beispielzeit: an 08:34 / ab 08:35<br/><i>Talfahrt Tharandter Rampe</i><br/>&#8226;&#160;<b>Dresden Hauptbahnhof</b><br/>Beispielzeit: an 08:44 / ab 08:48<br/><i>Systemknoten Sachsen</i><br/>&#8226;&#160;<b>Dresden-Neustadt</b><br/>Beispielzeit: an 08:54 / ab 08:56<br/><i>Anbindung Nord-Dresden</i><br/>&#8226;&#160;<b>Elsterwerda</b><br/>Beispielzeit: an 09:32 / ab 09:34<br/><i>Übergang Anhalter Bahn</i><br/>&#8226;&#160;<b>Zossen</b><br/>Beispielzeit: an 10:02 / ab 10:03<br/><i>SFS-Abschnitt</i><br/>&#8226;&#160;<b>Berlin Südkreuz</b><br/>Beispielzeit: an 10:20 / ab 10:22<br/><i>Einlauf Nord-Süd-Fernbahntunnel</i><br/>&#8226;&#160;<b>Berlin Hauptbahnhof</b><br/>Beispielzeit: an 10:27 / ab 10:30<br/><i>Hauptbahnhof-Achse</i><br/>&#8226;&#160;<b>Berlin Gesundbrunnen</b><br/>Beispielzeit: an 10:35 / ab 10:37<br/><i>Auslauf Fernbahntunnel</i><br/>&#8226;&#160;<b>Bernau (b Berlin)</b><br/>Beispielzeit: an 10:49 / ab 10:50<br/><i>Kritischer Halt, Bahnsteig 160m</i><br/>&#8226;&#160;<b>Eberswalde Hbf</b><br/>Beispielzeit: an 11:02 / ab 11:04<br/><i>Stettiner Bahn</i><br/>&#8226;&#160;<b>Angermünde</b><br/>Beispielzeit: an 11:18 / ab 11:20<br/><i>Trassentrennung Richtung Ostseeküste</i><br/>&#8226;&#160;<b>Prenzlau</b><br/>Beispielzeit: an 11:38 / ab 11:39<br/><i>Streckentempo 140 km/h</i><br/>&#8226;&#160;<b>Pasewalk</b><br/>Beispielzeit: an 11:58 / ab 12:00<br/><i>Lokaler Knotenpunkt</i><br/>&#8226;&#160;<b>Anklam</b><br/>Beispielzeit: an 12:18 / ab 12:19<br/><i>Vorpommern-Trasse</i><br/>&#8226;&#160;<b>Züssow</b><br/>Beispielzeit: an 12:31 / ab 12:32<br/><i>Anschluss Usedomer Bäderbahn</i><br/>&#8226;&#160;<b>Greifswald</b><br/>Beispielzeit: an 12:44 / ab 12:46<br/><i>Vorpommern-Magistrale</i><br/>&#8226;&#160;<b>Stralsund Hauptbahnhof</b><br/>Beispielzeit: an 13:06 / ab 13:12<br/><i>Richtungswechsel, Lokführerwende</i><br/>&#8226;&#160;<b>Ribnitz-Damgarten West</b><br/>Beispielzeit: an 13:40 / ab 13:42<br/><i>Küsten-Korridor</i><br/>&#8226;&#160;<b>Rostock Hauptbahnhof</b><br/>Beispielzeit: an 14:04 / ab 14:08<br/><i>Ostseeknoten</i><br/>&#8226;&#160;<b>Warnemünde</b><br/>Beispielzeit: an 14:18<br/><i>Endbahnhof, Küstendepot</i></div><style>@media (prefers-color-scheme: dark) {html,body,.kmldesc{background:#1b1b1b !important;color:#e8e8e8 !important;}.kmldesc a{color:#8ab4f8 !important;}}</style>]]></description>
<LookAt><longitude>13.0320313</longitude><latitude>52.511576950000006</latitude><altitude>0</altitude><heading>0</heading><tilt>0</tilt><range>377999.3335319934</range><altitudeMode>clampToGround</altitudeMode></LookAt>
<styleUrl>#lineRE35</styleUrl>
<LineString>
<tessellate>1</tessellate>
<coordinates>12.4758012,50.7145527,0 12.4710636,50.7135662,0 12.4746447,50.7149019,0 12.4771368,50.7161384,0 12.4785815,50.7176059,0 12.4798787,50.7195704,0 12.4800415,50.7212226,0 12.4781554,50.7256568,0 12.4779291,50.7271204,0 12.478343,50.7287307,0 12.4801952,50.7317128,0 12.4804929,50.7331974,0 12.4782437,50.7426015,0 12.474241,50.7572917,0 12.4740989,50.7594001,0 12.4746261,50.7614338,0 12.4772665,50.7674316,0 12.4777193,50.7723942,0 12.4813478,50.7817272,0 12.4811207,50.794854,0 12.4818091,50.7987404,0 12.4831612,50.8016547,0 12.4892222,50.81119,0 12.4905673,50.812505,0 12.4946065,50.8152665,0 12.4976786,50.8188925,0 12.501967,50.8218916,0 12.5051232,50.8249762,0 12.5071429,50.8263378,0 12.5103999,50.8277419,0 12.5179602,50.8299154,0 12.5204884,50.8302981,0 12.5230614,50.83019,0 12.5341426,50.8276263,0 12.5367696,50.8273445,0 12.547534,50.8283902,0 12.5552538,50.8294393,0 12.5583636,50.82919,0 12.5640238,50.8280492,0 12.5667914,50.8268461,0 12.568724,50.825372,0 12.5791512,50.8138215,0 12.5817107,50.8116319,0 12.597167,50.8028921,0 12.6069484,50.7981963,0 12.6132426,50.7928291,0 12.6161906,50.7910617,0 12.6192375,50.7901172,0 12.6338694,50.7878779,0 12.6385494,50.7868238,0 12.645396,50.786971,0 12.650341,50.7865621,0 12.6566576,50.7875781,0 12.6672902,50.7877486,0 12.6702883,50.7882662,0 12.6719467,50.7889705,0 12.6733778,50.7900132,0 12.6741989,50.7910572,0 12.6753396,50.7933143,0 12.6767013,50.7946689,0 12.6787254,50.7957102,0 12.681067,50.7962743,0 12.6846965,50.7962307,0 12.6905129,50.7945593,0 12.6939703,50.7943651,0 12.6969456,50.7950128,0 12.7018216,50.7974156,0 12.7041517,50.7981518,0 12.708904,50.7987505,0 12.7157341,50.7989931,0 12.7191133,50.7985604,0 12.7229781,50.7970187,0 12.7250728,50.7965245,0 12.7299991,50.796443,0 12.7333374,50.7967574,0 12.7363124,50.7974937,0 12.7398102,50.7989302,0 12.7416684,50.7999924,0 12.7463083,50.803504,0 12.7490943,50.8045955,0 12.7562628,50.8054107,0 12.7622314,50.8075132,0 12.7654784,50.8082357,0 12.7750708,50.8083947,0 12.8016016,50.8118305,0 12.805716,50.8129424,0 12.8109367,50.8152573,0 12.8139857,50.8159425,0 12.8185999,50.8160896,0 12.8266853,50.8155128,0 12.8345426,50.8162476,0 12.8422163,50.8155694,0 12.8722079,50.8174768,0 12.8911925,50.8206567,0 12.8987476,50.8221851,0 12.9054017,50.824244,0 12.9105887,50.8262997,0 12.9126557,50.8266716,0 12.9155973,50.8263205,0 12.9227911,50.8237219,0 12.9247131,50.8235866,0 12.9266489,50.8238629,0 12.9304791,50.8252167,0 12.9318067,50.826027,0 12.932775,50.8271969,0 12.9342727,50.8298402,0 12.9343345,50.8309309,0 12.9339601,50.831836,0 12.9332527,50.8325242,0 12.9304563,50.8341929,0 12.9298346,50.8350033,0 12.9296946,50.8358856,0 12.9323331,50.8427923,0 12.9338765,50.8458175,0 12.9347634,50.8481383,0 12.9333464,50.8451269,0 12.9315122,50.8424745,0 12.9304651,50.8398351,0 12.9315813,50.8426271,0 12.9333464,50.8451269,0 12.9354186,50.8492894,0 12.9355684,50.8509563,0 12.9344307,50.8554126,0 12.9343437,50.8566541,0 12.9350222,50.8584132,0 12.9365505,50.8599018,0 12.9389628,50.8610534,0 12.9442229,50.8623508,0 12.946197,50.8623521,0 12.9514343,50.8616674,0 12.9534293,50.8618597,0 12.9566544,50.8627917,0 12.9585702,50.8630689,0 12.9660024,50.8625419,0 12.9686198,50.8627123,0 12.9868253,50.8670397,0 12.9915608,50.8686061,0 12.9939356,50.8690598,0 12.9974039,50.8690294,0 13.0037233,50.8678413,0 13.0169915,50.8632133,0 13.0196873,50.8626775,0 13.0221072,50.8625607,0 13.0290588,50.8628431,0 13.034712,50.8643583,0 13.037219,50.8643569,0 13.0517909,50.8593331,0 13.0576073,50.8584291,0 13.0628149,50.8569923,0 13.0726613,50.8555557,0 13.0745334,50.8548103,0 13.0774313,50.8530057,0 13.0790354,50.8524556,0 13.0816338,50.8523338,0 13.085829,50.8535669,0 13.0876601,50.8536651,0 13.090199,50.852925,0 13.0933152,50.8505664,0 13.0958216,50.8498927,0 13.1034687,50.848872,0 13.1119426,50.8494345,0 13.1163516,50.8491199,0 13.1373176,50.8449389,0 13.1457066,50.8438745,0 13.1476287,50.8430708,0 13.1506919,50.8407251,0 13.1543752,50.8393007,0 13.1567718,50.8388058,0 13.1591854,50.8389021,0 13.1608018,50.8393173,0 13.1624017,50.8401306,0 13.1717422,50.848878,0 13.1720658,50.8497934,0 13.1719357,50.8507446,0 13.170143,50.8528945,0 13.1697756,50.8538354,0 13.1699775,50.8549736,0 13.1707155,50.8558933,0 13.1718089,50.8565627,0 13.1735558,50.8570335,0 13.1802282,50.8575307,0 13.1824748,50.8580531,0 13.1844154,50.8594026,0 13.186987,50.8625479,0 13.1874688,50.8640301,0 13.1869664,50.8652546,0 13.1858056,50.8662017,0 13.1826241,50.8676863,0 13.1818878,50.8684434,0 13.1815195,50.8695355,0 13.1822191,50.8734944,0 13.1826853,50.8748466,0 13.186263,50.8788186,0 13.2031618,50.8893564,0 13.2042119,50.8904718,0 13.2054767,50.8933449,0 13.2070933,50.8946998,0 13.2097913,50.8955831,0 13.2194457,50.8963539,0 13.2227724,50.8971987,0 13.2244381,50.8980646,0 13.2257297,50.8991238,0 13.2295111,50.9042596,0 13.231611,50.9059648,0 13.2448656,50.9110806,0 13.248006,50.9119665,0 13.2508738,50.9123707,0 13.2541313,50.91243,0 13.2594585,50.9115826,0 13.2719084,50.9069694,0 13.2800695,50.9032441,0 13.2829037,50.902471,0 13.2865711,50.9021781,0 13.2988205,50.9027006,0 13.3008452,50.9029362,0 13.3031692,50.9038467,0 13.3164216,50.9143621,0 13.3188115,50.9152417,0 13.32175,50.9153764,0 13.3233266,50.9150741,0 13.3248542,50.9144613,0 13.330027,50.910403,0 13.3327473,50.9093793,0 13.3409067,50.9090712,0 13.3629329,50.9065158,0 13.3690379,50.9062069,0 13.3706736,50.905926,0 13.3727521,50.9049183,0 13.3797838,50.8988958,0 13.3810721,50.8983084,0 13.3826952,50.8980334,0 13.3851024,50.8984702,0 13.3889631,50.9011569,0 13.3893352,50.9020458,0 13.3893622,50.9036176,0 13.3888191,50.9054183,0 13.3888062,50.9062666,0 13.389384,50.907308,0 13.390641,50.908106,0 13.392047,50.9084587,0 13.3934906,50.9084619,0 13.3986056,50.9073939,0 13.4026398,50.90777,0 13.4048822,50.9084902,0 13.4081433,50.9109311,0 13.4100744,50.9117418,0 13.411728,50.9119808,0 13.4182972,50.9120213,0 13.4226375,50.9130884,0 13.4248643,50.9132569,0 13.427687,50.9126036,0 13.4306727,50.9105395,0 13.4311746,50.9098475,0 13.4314215,50.9089854,0 13.4309767,50.9063838,0 13.4312168,50.9053745,0 13.4324617,50.903979,0 13.4342633,50.9031527,0 13.4425949,50.9008768,0 13.445905,50.9004684,0 13.4512898,50.9004996,0 13.4586736,50.9011916,0 13.4612873,50.9017858,0 13.4635099,50.9028209,0 13.4676127,50.9057486,0 13.472902,50.9077767,0 13.4782533,50.910525,0 13.4799618,50.9120664,0 13.4843207,50.9179121,0 13.4859052,50.9192218,0 13.4878525,50.9202751,0 13.5035498,50.9268538,0 13.5061816,50.9271747,0 13.5159858,50.9267914,0 13.5179344,50.9271262,0 13.5196025,50.9278408,0 13.52066,50.9286716,0 13.5213298,50.9296475,0 13.5215704,50.9306285,0 13.5214514,50.9324934,0 13.521934,50.9335192,0 13.5252935,50.9361948,0 13.5287522,50.9416454,0 13.5296833,50.9424897,0 13.5309426,50.9431134,0 13.5350312,50.9439161,0 13.5460761,50.9470082,0 13.5478108,50.947012,0 13.5525542,50.9464499,0 13.5581296,50.9467795,0 13.5599944,50.9463426,0 13.5627681,50.9449913,0 13.5641928,50.9445688,0 13.5661031,50.9443731,0 13.5701421,50.9444758,0 13.5717356,50.9446585,0 13.5727955,50.9450619,0 13.5743924,50.9464002,0 13.5757442,50.9470576,0 13.5773294,50.9473022,0 13.5803766,50.9472409,0 13.5822967,50.9479491,0 13.5832945,50.9489288,0 13.5834922,50.94993,0 13.5832799,50.9510732,0 13.5824362,50.9525226,0 13.5821466,50.9538966,0 13.5813619,50.9553205,0 13.5812278,50.9560434,0 13.5821937,50.9585716,0 13.5820541,50.9612064,0 13.5842666,50.9695621,0 13.5835506,50.9741353,0 13.5822959,50.9770191,0 13.5820155,50.9787248,0 13.5824679,50.9808805,0 13.5834451,50.981761,0 13.5848712,50.9821776,0 13.5966512,50.9834756,0 13.6152315,50.981637,0 13.6244468,50.9809721,0 13.6265553,50.9810144,0 13.6286722,50.9815589,0 13.6300397,50.9823166,0 13.6328957,50.9851329,0 13.636367,50.9874266,0 13.6376416,50.9885773,0 13.6401065,50.9912411,0 13.641121,50.9934604,0 13.6418876,50.9944804,0 13.6572578,51.0105688,0 13.6631637,51.0142569,0 13.6648197,51.0150585,0 13.666463,51.0154511,0 13.6713977,51.015525,0 13.6734114,51.0159319,0 13.6747703,51.0165566,0 13.6791872,51.0193281,0 13.6868205,51.0219236,0 13.6888173,51.0221515,0 13.6970449,51.0220418,0 13.6990123,51.022339,0 13.7003334,51.0229473,0 13.7012905,51.0241709,0 13.7013763,51.0271961,0 13.7020976,51.0287488,0 13.7074794,51.0342167,0 13.7124125,51.0415058,0 13.7134243,51.0422477,0 13.7162987,51.0435309,0 13.7187732,51.0450083,0 13.7196056,51.0459681,0 13.7197347,51.0472271,0 13.7203712,51.0459678,0 13.7212897,51.0449605,0 13.7233918,51.0434706,0 13.7270017,51.04189,0 13.7319128,51.0402926,0 13.7250767,51.0426989,0 13.7232808,51.0435976,0 13.7217156,51.0447216,0 13.7203883,51.0463112,0 13.7196769,51.0479033,0 13.7194955,51.0494231,0 13.7197712,51.0511543,0 13.7210203,51.0531651,0 13.7222609,51.0545269,0 13.7278244,51.0588166,0 13.7294551,51.0603388,0 13.7307184,51.0609879,0 13.7349971,51.0624699,0 13.740512,51.0658265,0 13.7357542,51.0629539,0 13.737451,51.0641583,0 13.7382358,51.0650142,0 13.7386767,51.0661935,0 13.738421,51.0672135,0 13.7369569,51.0688228,0 13.7335742,51.0735765,0 13.725021,51.0812521,0 13.7217871,51.0838781,0 13.7187621,51.0855264,0 13.7161328,51.0865941,0 13.6991593,51.0911658,0 13.6744956,51.1001389,0 13.6683628,51.1013672,0 13.6407517,51.1049504,0 13.6317265,51.106765,0 13.6002136,51.1163581,0 13.5977372,51.1174633,0 13.5960554,51.1188526,0 13.5948993,51.1207612,0 13.5906271,51.132824,0 13.5862335,51.1444192,0 13.5852007,51.1465754,0 13.5753797,51.162196,0 13.5736806,51.1642916,0 13.5678087,51.1704478,0 13.5662647,51.1724799,0 13.5651523,51.1744635,0 13.5640966,51.1774593,0 13.5638758,51.1792956,0 13.5647847,51.1839085,0 13.5648249,51.1855144,0 13.5643605,51.187222,0 13.5635991,51.1885492,0 13.5615007,51.1906241,0 13.5583045,51.1923784,0 13.5553658,51.193282,0 13.5475573,51.194766,0 13.5438166,51.1961706,0 13.5410399,51.1981109,0 13.5392893,51.2004305,0 13.5387687,51.2018889,0 13.5386426,51.2032611,0 13.5391995,51.2056012,0 13.5404528,51.2074981,0 13.5504155,51.2180373,0 13.5513243,51.2198507,0 13.5522737,51.223116,0 13.5524334,51.224887,0 13.5521885,51.2264421,0 13.5515273,51.2280703,0 13.5506817,51.2293988,0 13.5235555,51.2684691,0 13.522399,51.2706491,0 13.518628,51.2805513,0 13.518312,51.2824248,0 13.5183877,51.2842848,0 13.5200407,51.2908265,0 13.5202362,51.2924609,0 13.5192358,51.3288205,0 13.518892,51.3324936,0 13.5128798,51.3623866,0 13.4958096,51.402659,0 13.4950988,51.4049874,0 13.4947377,51.4073419,0 13.4947327,51.4101917,0 13.4951017,51.4125779,0 13.4961757,51.4158553,0 13.5150665,51.4559672,0 13.5197756,51.4690167,0 13.521626,51.4717736,0 13.524215,51.4739012,0 13.5273965,51.4755288,0 13.5438091,51.4806011,0 13.5490796,51.4828232,0 13.5643997,51.4924638,0 13.5718235,51.4964928,0 13.57432,51.4987302,0 13.5758662,51.5013729,0 13.5762866,51.5042749,0 13.5760063,51.5442825,0 13.5737184,51.5748488,0 13.5681218,51.5948159,0 13.5631505,51.6110272,0 13.5628299,51.6133341,0 13.563019,51.6156949,0 13.566066,51.6274899,0 13.5669855,51.6301485,0 13.5681498,51.6320744,0 13.5750595,51.6408757,0 13.5767265,51.6440316,0 13.5950096,51.6970206,0 13.6156619,51.7683815,0 13.6251131,51.7950964,0 13.6254852,51.7985311,0 13.6243101,51.8065164,0 13.6245908,51.809046,0 13.6253597,51.8106105,0 13.6265203,51.8120235,0 13.6324072,51.8170941,0 13.6336426,51.8193905,0 13.6338341,51.8219016,0 13.6330666,51.8240624,0 13.6316133,51.8259023,0 13.6168374,51.8386008,0 13.6142544,51.8415192,0 13.5800639,51.8972288,0 13.5789969,51.8993273,0 13.5781964,51.9026549,0 13.578185,51.9044497,0 13.5784947,51.9063633,0 13.5894917,51.9408816,0 13.5896658,51.9426103,0 13.5894898,51.9448262,0 13.5890437,51.9465485,0 13.5881805,51.9485449,0 13.5636165,51.9953903,0 13.5515614,52.0139306,0 13.5488818,52.0168988,0 13.5308386,52.0325919,0 13.5180558,52.0461807,0 13.5152655,52.0499949,0 13.5130758,52.054856,0 13.5044302,52.0775172,0 13.4820271,52.1275252,0 13.4808013,52.1315931,0 13.4782432,52.1473812,0 13.4776188,52.1497518,0 13.4766992,52.1519891,0 13.4652782,52.1698956,0 13.4410007,52.2067255,0 13.4399002,52.20873,0 13.4393853,52.2104534,0 13.4390459,52.2134305,0 13.4365775,52.2491802,0 13.4366709,52.2751227,0 13.4360723,52.2786292,0 13.41351,52.3448291,0 13.4024104,52.3766672,0 13.3952986,52.3894939,0 13.3920162,52.3947369,0 13.383678,52.4094058,0 13.3636904,52.4431368,0 13.3582705,52.4535598,0 13.3581398,52.4550026,0 13.3583631,52.4561084,0 13.3601855,52.4623166,0 13.3637419,52.4723372,0 13.3651427,52.4751947,0 13.3707006,52.4842508,0 13.37174,52.4864615,0 13.3723576,52.489478,0 13.3727435,52.4953362,0 13.372456,52.500317,0 13.3734668,52.5040654,0 13.3752778,52.5074656,0 13.3756475,52.5097965,0 13.3753091,52.5125576,0 13.3735942,52.5162295,0 13.3729136,52.5192526,0 13.3718184,52.5216375,0 13.367258,52.5281279,0 13.3596786,52.5353373,0 13.359197,52.536177,0 13.3590543,52.5371949,0 13.3596571,52.5386044,0 13.3612087,52.5398229,0 13.3666608,52.5424681,0 13.3777722,52.5472342,0 13.3821645,52.5482424,0 13.3953983,52.5490675,0 13.3970129,52.549488,0 13.3980719,52.5500897,0 13.3988355,52.551004,0 13.3990751,52.5518384,0 13.3981525,52.5571324,0 13.3985805,52.5584656,0 13.3996592,52.5597447,0 13.4284568,52.576875,0 13.4385099,52.586595,0 13.4626288,52.609011,0 13.4672839,52.6129162,0 13.4907635,52.6349141,0 13.4938045,52.6373155,0 13.4974847,52.6397411,0 13.5364294,52.6608783,0 13.5386623,52.6619034,0 13.5414338,52.6627382,0 13.5876767,52.6738645,0 13.5917751,52.6752015,0 13.5944358,52.6768152,0 13.5986009,52.6804728,0 13.7015078,52.7817947,0 13.7039392,52.7833936,0 13.7083842,52.7857922,0 13.7931572,52.831117,0 13.7968573,52.8337708,0 13.7986607,52.8355266,0 13.7999243,52.8375344,0 13.8076788,52.8626799,0 13.8091964,52.8651789,0 13.8107511,52.8666421,0 13.8619562,52.8990833,0 13.878424,52.9085337,0 13.940337,52.9331356,0 13.9445149,52.9353516,0 13.9467452,52.9371775,0 13.9480503,52.9386914,0 13.9581563,52.9558123,0 13.9592973,52.9572946,0 13.961253,52.9592025,0 13.9780062,52.9732419,0 13.9807617,52.9763655,0 13.9983375,53.0062193,0 13.998921,53.0080484,0 13.999097,53.0105218,0 13.9988134,53.0115917,0 13.9980264,53.0130205,0 13.9950155,53.0169415,0 13.9887449,53.0238212,0 13.987657,53.0247483,0 13.9733324,53.0316441,0 13.9457084,53.0495019,0 13.9421525,53.0523626,0 13.9400663,53.0549318,0 13.9388319,53.0574072,0 13.9383021,53.0594428,0 13.9372058,53.0687108,0 13.9362352,53.0711566,0 13.9354774,53.0722819,0 13.9335818,53.0743133,0 13.9306002,53.0764291,0 13.9161028,53.0829294,0 13.9130062,53.084719,0 13.9099822,53.0871573,0 13.9078507,53.0896777,0 13.8959458,53.1069877,0 13.8853397,53.1212892,0 13.8841,53.1238868,0 13.8836361,53.1259293,0 13.8810487,53.149629,0 13.8801368,53.152911,0 13.8749865,53.1647284,0 13.8745616,53.1673545,0 13.8741371,53.1748876,0 13.8743626,53.1766877,0 13.8750532,53.1787059,0 13.8824051,53.1946062,0 13.8878183,53.2014825,0 13.8892397,53.2038944,0 13.8898158,53.2062863,0 13.8896903,53.2132736,0 13.8892483,53.2152355,0 13.888002,53.2173183,0 13.8745345,53.2319113,0 13.8733704,53.2342515,0 13.872318,53.2373918,0 13.8720564,53.2391929,0 13.8729017,53.2462868,0 13.8737477,53.2484016,0 13.8765084,53.2525994,0 13.8771562,53.2540177,0 13.877412,53.2554254,0 13.8774551,53.2589357,0 13.8779271,53.2607039,0 13.8860778,53.2739836,0 13.8870375,53.2775001,0 13.887025,53.2795103,0 13.8865578,53.2817107,0 13.8765189,53.3065698,0 13.8740535,53.309626,0 13.8670521,53.3163349,0 13.8661228,53.3180232,0 13.8659556,53.3196558,0 13.8764666,53.3498153,0 13.8950065,53.387211,0 13.8955942,53.3906594,0 13.8953443,53.3932682,0 13.8898469,53.4107193,0 13.8896163,53.4123856,0 13.8897387,53.4145997,0 13.890868,53.4178865,0 13.9039062,53.4426747,0 13.9236256,53.472451,0 13.925625,53.4749719,0 13.9280957,53.477442,0 13.9296233,53.4786454,0 13.9403727,53.4856318,0 13.9843064,53.5101294,0 13.9855488,53.5109866,0 13.9877603,53.5130855,0 13.9885253,53.5140514,0 13.9889823,53.5151131,0 13.9928015,53.5298363,0 13.992871,53.5322817,0 13.9923211,53.5344129,0 13.9911624,53.5365452,0 13.958545,53.5814079,0 13.8746336,53.6675486,0 13.8082608,53.7478547,0 13.8062231,53.7505473,0 13.7948083,53.7681539,0 13.7894572,53.7757596,0 13.7615195,53.8176326,0 13.7585863,53.8214414,0 13.7559436,53.8239362,0 13.7515962,53.8270689,0 13.7070092,53.8530586,0 13.6967871,53.8592504,0 13.6331832,53.91563,0 13.630158,53.9182528,0 13.6267257,53.920747,0 13.5281363,53.9873194,0 13.4795343,54.0143329,0 13.4722878,54.0186207,0 13.4669229,54.0228902,0 13.4364052,54.0505758,0 13.430641,54.0551203,0 13.3140542,54.1281656,0 13.2201748,54.1900554,0 13.2132102,54.1936977,0 13.1530867,54.2214845,0 13.1479798,54.2241274,0 13.143407,54.2271046,0 13.1394834,54.2302447,0 13.1376139,54.2320488,0 13.1091446,54.2620162,0 13.1065666,54.2657477,0 13.0860899,54.2988268,0 13.0784322,54.3076508,0 13.0771502,54.3086367,0 13.0758618,54.3092443,0 13.074077,54.3095877,0 13.0723833,54.3095158,0 13.0540344,54.3054943,0 13.0495459,54.3047555,0 13.0445891,54.3042759,0 12.9802836,54.3023387,0 12.9704392,54.3022324,0 12.9671482,54.3018978,0 12.9582495,54.3002746,0 12.9550094,54.3000008,0 12.9268153,54.3009777,0 12.8819197,54.2981723,0 12.8522857,54.2927769,0 12.8478843,54.2917882,0 12.8105572,54.2790071,0 12.8069041,54.2779346,0 12.7799904,54.2749583,0 12.757943,54.2713971,0 12.7531268,54.2709688,0 12.7331406,54.270099,0 12.716412,54.2684271,0 12.6962617,54.2676057,0 12.5236874,54.2559994,0 12.4751607,54.2492429,0 12.4711441,54.2480464,0 12.4568094,54.241747,0 12.4530677,54.2407478,0 12.4198725,54.2376834,0 12.4166608,54.2371701,0 12.3951138,54.231288,0 12.360389,54.2188651,0 12.3503364,54.2164472,0 12.3482028,54.2157385,0 12.2550916,54.1792544,0 12.2481511,54.1759342,0 12.2445059,54.1736297,0 12.243003,54.1719911,0 12.2425514,54.1709824,0 12.2419701,54.1657839,0 12.2414502,54.1642226,0 12.2245607,54.1426163,0 12.2139897,54.1237235,0 12.209928,54.1159335,0 12.2084282,54.1140413,0 12.1991929,54.1082413,0 12.1912654,54.1025085,0 12.1825707,54.0966951,0 12.1812994,54.095262,0 12.1807441,54.0942362,0 12.1799179,54.091232,0 12.1791983,54.0896878,0 12.1765919,54.0865412,0 12.1745673,54.0849615,0 12.1612144,54.0786373,0 12.1586788,54.0781153,0 12.1524267,54.0781099,0 12.1496788,54.0776988,0 12.1473596,54.0767777,0 12.1441291,54.0743075,0 12.1418748,54.0735562,0 12.1397036,54.0735527,0 12.1378359,54.0740804,0 12.1285358,54.079647,0 12.1254751,54.0808201,0 12.1236566,54.0812251,0 12.1182375,54.0813726,0 12.1148043,54.0819215,0 12.1119016,54.0828599,0 12.108978,54.0845019,0 12.1026581,54.0901988,0 12.0714705,54.120106,0 12.0675556,54.124912,0 12.0665262,54.1264953,0 12.0659414,54.1280355,0 12.0649656,54.1336027,0 12.0652041,54.1414144,0 12.0659844,54.1436912,0 12.0689803,54.1475233,0 12.0700047,54.1495442,0 12.072086,54.1560657,0 12.0721476,54.1598125,0 12.07262,54.1615546,0 12.074141,54.1637353,0 12.077216,54.1659629,0 12.0830212,54.1681483,0 12.0905782,54.1712968,0 12.0916383,54.171942,0 12.0923182,54.1728668,0 12.092337,54.1740945,0 12.0919206,54.1751027,0 12.0905648,54.1771033,0</coordinates>
</LineString>
</Placemark>
<Placemark>
<name>RE35X Zwickau-Warnemünde (System-Express)</name>
<description><![CDATA[<div class="kmldesc"><b>Zwickau Hauptbahnhof → Warnemünde</b><br/><br/>8-teiliger KISS, bedient nur Bahnhöfe mit Fernverkehrs-Infrastruktur (&gt;215m)<br/><br/><b>Bahnhöfe (14 Halte)</b> — Beispielzeiten eines Musterzugs, zeigt die reale Fahrzeit:<br/><br/><br/>&#8226;&#160;<b>Zwickau Hauptbahnhof</b><br/>Beispielzeit: ab 07:32<br/><i>Startbahnhof (Fernverkehrskante)</i><br/>&#8226;&#160;<b>Chemnitz Hauptbahnhof</b><br/>Beispielzeit: an 07:54 / ab 07:58<br/><i>Bestandsstrecke</i><br/>&#8226;&#160;<b>Freiberg (Sachs)</b><br/>Beispielzeit: an 08:22 / ab 08:24<br/><i>Sächsische Magistrale</i><br/>&#8226;&#160;<b>Dresden Hauptbahnhof</b><br/>Beispielzeit: an 08:46 / ab 08:50<br/><i>Systemknoten Sachsen</i><br/>&#8226;&#160;<b>Dresden-Neustadt</b><br/>Beispielzeit: an 08:56 / ab 08:58<br/><i>Letzter Halt vor High-Speed-Sprint</i><br/>&#8226;&#160;<b>Berlin Südkreuz</b><br/>Beispielzeit: an 10:04 / ab 10:06<br/><i>Anhalter Bahn, 200 km/h ETCS L2</i><br/>&#8226;&#160;<b>Berlin Hauptbahnhof</b><br/>Beispielzeit: an 10:11 / ab 10:14<br/><i>Hauptbahnhof-Achse</i><br/>&#8226;&#160;<b>Berlin Gesundbrunnen</b><br/>Beispielzeit: an 10:19 / ab 10:21<br/><i>Auslauf Fernbahntunnel</i><br/>&#8226;&#160;<b>Eberswalde Hbf</b><br/>Beispielzeit: an 10:41 / ab 10:43<br/><i>Stettiner Bahn</i><br/>&#8226;&#160;<b>Pasewalk</b><br/>Beispielzeit: an 11:28 / ab 11:30<br/><i>Uckermark-Transit, kritischer Passhalt</i><br/>&#8226;&#160;<b>Greifswald</b><br/>Beispielzeit: an 12:06 / ab 12:08<br/><i>Vorpommern-Magistrale</i><br/>&#8226;&#160;<b>Stralsund Hauptbahnhof</b><br/>Beispielzeit: an 12:28 / ab 12:34<br/><i>Richtungswechsel, Lokführerwende</i><br/>&#8226;&#160;<b>Rostock Hauptbahnhof</b><br/>Beispielzeit: an 13:18 / ab 13:22<br/><i>Ostseeknoten</i><br/>&#8226;&#160;<b>Warnemünde</b><br/>Beispielzeit: an 13:32<br/><i>Endbahnhof, Küstendepot</i></div><style>@media (prefers-color-scheme: dark) {html,body,.kmldesc{background:#1b1b1b !important;color:#e8e8e8 !important;}.kmldesc a{color:#8ab4f8 !important;}}</style>]]></description>
<LookAt><longitude>13.03202845</longitude><latitude>52.511576950000006</latitude><altitude>0</altitude><heading>0</heading><tilt>0</tilt><range>377999.22572034586</range><altitudeMode>clampToGround</altitudeMode></LookAt>
<styleUrl>#lineRE35X</styleUrl>
<LineString>
<tessellate>1</tessellate>
<coordinates>12.4758012,50.7145527,0 12.4710636,50.7135662,0 12.4746447,50.7149019,0 12.4771368,50.7161384,0 12.4785815,50.7176059,0 12.4798787,50.7195704,0 12.4800415,50.7212226,0 12.4781554,50.7256568,0 12.4779291,50.7271204,0 12.478343,50.7287307,0 12.4801952,50.7317128,0 12.4804929,50.7331974,0 12.4782437,50.7426015,0 12.474241,50.7572917,0 12.4740989,50.7594001,0 12.4746261,50.7614338,0 12.4772665,50.7674316,0 12.4777193,50.7723942,0 12.4813478,50.7817272,0 12.4811207,50.794854,0 12.4818091,50.7987404,0 12.4831612,50.8016547,0 12.4892222,50.81119,0 12.4905673,50.812505,0 12.4946065,50.8152665,0 12.4976786,50.8188925,0 12.501967,50.8218916,0 12.5051232,50.8249762,0 12.5071429,50.8263378,0 12.5103999,50.8277419,0 12.5179602,50.8299154,0 12.5204884,50.8302981,0 12.5230614,50.83019,0 12.5341426,50.8276263,0 12.5367696,50.8273445,0 12.5475018,50.8283442,0 12.5552571,50.8294021,0 12.5578788,50.8292288,0 12.5640109,50.8280069,0 12.5660307,50.8272034,0 12.5685013,50.8255266,0 12.5790944,50.8137815,0 12.5816318,50.8116122,0 12.5971317,50.8028686,0 12.6024533,50.8004712,0 12.6068875,50.7981636,0 12.6081502,50.7973034,0 12.6131968,50.7928059,0 12.6161529,50.7910288,0 12.6192206,50.7900787,0 12.6338694,50.7878779,0 12.6385494,50.7868238,0 12.645396,50.786971,0 12.650341,50.7865621,0 12.6566576,50.7875781,0 12.6672902,50.7877486,0 12.6702883,50.7882662,0 12.6719467,50.7889705,0 12.6733778,50.7900132,0 12.6741989,50.7910572,0 12.6753396,50.7933143,0 12.6767013,50.7946689,0 12.6787254,50.7957102,0 12.681067,50.7962743,0 12.6846965,50.7962307,0 12.6905129,50.7945593,0 12.6939703,50.7943651,0 12.6969456,50.7950128,0 12.7018216,50.7974156,0 12.7041517,50.7981518,0 12.708904,50.7987505,0 12.7157341,50.7989931,0 12.7191133,50.7985604,0 12.7229781,50.7970187,0 12.7250728,50.7965245,0 12.7299991,50.796443,0 12.7333374,50.7967574,0 12.7363124,50.7974937,0 12.7398102,50.7989302,0 12.7416684,50.7999924,0 12.7463083,50.803504,0 12.7490943,50.8045955,0 12.7562628,50.8054107,0 12.7622314,50.8075132,0 12.7654784,50.8082357,0 12.7750708,50.8083947,0 12.8016016,50.8118305,0 12.805716,50.8129424,0 12.8109367,50.8152573,0 12.8139857,50.8159425,0 12.8185999,50.8160896,0 12.8266853,50.8155128,0 12.8345426,50.8162476,0 12.8422163,50.8155694,0 12.8722079,50.8174768,0 12.8911925,50.8206567,0 12.8987476,50.8221851,0 12.9054017,50.824244,0 12.9105887,50.8262997,0 12.9126557,50.8266716,0 12.9155973,50.8263205,0 12.9227911,50.8237219,0 12.9247131,50.8235866,0 12.9266489,50.8238629,0 12.9304791,50.8252167,0 12.9318067,50.826027,0 12.932775,50.8271969,0 12.9342727,50.8298402,0 12.9343345,50.8309309,0 12.9339601,50.831836,0 12.9332527,50.8325242,0 12.9304563,50.8341929,0 12.9298346,50.8350033,0 12.9296946,50.8358856,0 12.9323331,50.8427923,0 12.9338765,50.8458175,0 12.9347634,50.8481383,0 12.9333464,50.8451269,0 12.9315122,50.8424745,0 12.9304651,50.8398351,0 12.9315813,50.8426271,0 12.9333464,50.8451269,0 12.9354186,50.8492894,0 12.9355684,50.8509563,0 12.9344307,50.8554126,0 12.9343437,50.8566541,0 12.9350222,50.8584132,0 12.9365505,50.8599018,0 12.9389628,50.8610534,0 12.9442229,50.8623508,0 12.946197,50.8623521,0 12.9514343,50.8616674,0 12.9534293,50.8618597,0 12.9566544,50.8627917,0 12.9585702,50.8630689,0 12.9660024,50.8625419,0 12.9686198,50.8627123,0 12.9868253,50.8670397,0 12.9915608,50.8686061,0 12.9939356,50.8690598,0 12.9974039,50.8690294,0 13.0037233,50.8678413,0 13.0169915,50.8632133,0 13.0196873,50.8626775,0 13.0221072,50.8625607,0 13.0290588,50.8628431,0 13.034712,50.8643583,0 13.037219,50.8643569,0 13.0517909,50.8593331,0 13.0576073,50.8584291,0 13.0628149,50.8569923,0 13.0730565,50.8555189,0 13.0748063,50.8548049,0 13.0776681,50.8530059,0 13.0790647,50.8525194,0 13.0818511,50.8524142,0 13.0858019,50.8536015,0 13.0876603,50.8536999,0 13.0902355,50.8529504,0 13.0933465,50.8505995,0 13.0958235,50.8499303,0 13.1034887,50.8489056,0 13.1120066,50.8494728,0 13.1165377,50.8491262,0 13.1373327,50.8449744,0 13.1457278,50.8439064,0 13.1476716,50.8430932,0 13.1507363,50.8407498,0 13.154407,50.8393326,0 13.1567769,50.8388386,0 13.1591822,50.8389395,0 13.1607888,50.8393644,0 13.1623399,50.8401586,0 13.17159,50.8487431,0 13.1720099,50.8498213,0 13.1718421,50.8508358,0 13.1700973,50.8528677,0 13.1697039,50.8539116,0 13.1699607,50.8550701,0 13.170685,50.8559303,0 13.171797,50.8566067,0 13.1735109,50.8571026,0 13.180375,50.8576569,0 13.1823934,50.8581451,0 13.1841242,50.8593073,0 13.1870432,50.862728,0 13.1874036,50.8640237,0 13.1869048,50.8652414,0 13.185915,50.8660895,0 13.1825824,50.8676633,0 13.1818339,50.8684326,0 13.1814616,50.8695335,0 13.1825095,50.8746184,0 13.1831543,50.8755831,0 13.1862177,50.8788515,0 13.2031166,50.8893778,0 13.2041557,50.8904811,0 13.2054281,50.893364,0 13.2070527,50.8947289,0 13.2097806,50.8956194,0 13.21943,50.8963895,0 13.2227352,50.8972297,0 13.2254642,50.8989303,0 13.2295111,50.9042596,0 13.231611,50.9059648,0 13.2448656,50.9110806,0 13.248006,50.9119665,0 13.2508738,50.9123707,0 13.2541313,50.91243,0 13.2594585,50.9115826,0 13.2719084,50.9069694,0 13.2800695,50.9032441,0 13.2829037,50.902471,0 13.2865711,50.9021781,0 13.2988205,50.9027006,0 13.3008452,50.9029362,0 13.3031692,50.9038467,0 13.3164216,50.9143621,0 13.3188115,50.9152417,0 13.32175,50.9153764,0 13.3233266,50.9150741,0 13.3248542,50.9144613,0 13.330027,50.910403,0 13.3327473,50.9093793,0 13.3409067,50.9090712,0 13.3629329,50.9065158,0 13.3690379,50.9062069,0 13.3706736,50.905926,0 13.3727521,50.9049183,0 13.3797838,50.8988958,0 13.3810721,50.8983084,0 13.3826952,50.8980334,0 13.3851024,50.8984702,0 13.3889631,50.9011569,0 13.3893352,50.9020458,0 13.3893622,50.9036176,0 13.3888191,50.9054183,0 13.3888062,50.9062666,0 13.389384,50.907308,0 13.390641,50.908106,0 13.392047,50.9084587,0 13.3934906,50.9084619,0 13.3986056,50.9073939,0 13.4026398,50.90777,0 13.4048822,50.9084902,0 13.4081433,50.9109311,0 13.4100744,50.9117418,0 13.411728,50.9119808,0 13.4182972,50.9120213,0 13.4226375,50.9130884,0 13.4248643,50.9132569,0 13.427687,50.9126036,0 13.4306727,50.9105395,0 13.4311746,50.9098475,0 13.4314215,50.9089854,0 13.4309767,50.9063838,0 13.4312168,50.9053745,0 13.4324617,50.903979,0 13.4342633,50.9031527,0 13.4425949,50.9008768,0 13.445905,50.9004684,0 13.4512898,50.9004996,0 13.4586736,50.9011916,0 13.4612873,50.9017858,0 13.4635099,50.9028209,0 13.4676127,50.9057486,0 13.472902,50.9077767,0 13.4782533,50.910525,0 13.4799618,50.9120664,0 13.4843207,50.9179121,0 13.4859052,50.9192218,0 13.4878525,50.9202751,0 13.5035498,50.9268538,0 13.5061816,50.9271747,0 13.5159925,50.9267534,0 13.5179572,50.927094,0 13.5196492,50.9278152,0 13.5207095,50.9286504,0 13.5213855,50.9296392,0 13.5216288,50.9306301,0 13.5215092,50.9324929,0 13.5219856,50.9335044,0 13.5253505,50.9361841,0 13.5288099,50.9416353,0 13.529726,50.9424666,0 13.530966,50.9430821,0 13.5350348,50.9438788,0 13.5463242,50.9469939,0 13.5525495,50.9464157,0 13.5581121,50.9467486,0 13.5599789,50.9463051,0 13.5624633,50.9450759,0 13.564176,50.9445297,0 13.5659429,50.9443376,0 13.5701359,50.9444399,0 13.5717579,50.9446235,0 13.5728665,50.9450527,0 13.574694,50.9465535,0 13.576005,50.9470893,0 13.5801362,50.9471713,0 13.5823566,50.9479141,0 13.583386,50.9489556,0 13.5836045,50.9502632,0 13.5824982,50.9525284,0 13.5822025,50.9539075,0 13.5814158,50.9553449,0 13.5812847,50.9560357,0 13.5822521,50.9585604,0 13.5821121,50.9612024,0 13.5843236,50.9695582,0 13.5835483,50.9743696,0 13.5823463,50.9770301,0 13.5820756,50.9787155,0 13.5824827,50.9807706,0 13.5834945,50.9817222,0 13.5850735,50.982164,0 13.5894386,50.9824815,0 13.5949603,50.9832473,0 13.5975434,50.9833322,0 13.6243128,50.9810295,0 13.626536,50.9810704,0 13.6286194,50.9816081,0 13.6307466,50.9830388,0 13.6571516,51.0105725,0 13.6633032,51.0144477,0 13.664775,51.0151081,0 13.6664462,51.0155113,0 13.6714336,51.0155828,0 13.6733596,51.0159805,0 13.6791872,51.0193281,0 13.6868205,51.0219236,0 13.6888173,51.0221515,0 13.6970449,51.0220418,0 13.6990123,51.022339,0 13.7003334,51.0229473,0 13.7012905,51.0241709,0 13.7013763,51.0271961,0 13.7020976,51.0287488,0 13.7074794,51.0342167,0 13.7124125,51.0415058,0 13.7134243,51.0422477,0 13.7162987,51.0435309,0 13.7187732,51.0450083,0 13.7196056,51.0459681,0 13.7197347,51.0472271,0 13.7203712,51.0459678,0 13.7212897,51.0449605,0 13.7233918,51.0434706,0 13.7270017,51.04189,0 13.7319128,51.0402926,0 13.7250767,51.0426989,0 13.7232808,51.0435976,0 13.7217156,51.0447216,0 13.7203883,51.0463112,0 13.7196769,51.0479033,0 13.7194955,51.0494231,0 13.7197712,51.0511543,0 13.7210203,51.0531651,0 13.7222609,51.0545269,0 13.7278244,51.0588166,0 13.7294551,51.0603388,0 13.7307184,51.0609879,0 13.7349971,51.0624699,0 13.740512,51.0658265,0 13.7357542,51.0629539,0 13.737451,51.0641583,0 13.7382358,51.0650142,0 13.7386767,51.0661935,0 13.738421,51.0672135,0 13.7369569,51.0688228,0 13.7335742,51.0735765,0 13.725021,51.0812521,0 13.7217871,51.0838781,0 13.7187621,51.0855264,0 13.7161328,51.0865941,0 13.6991593,51.0911658,0 13.6744956,51.1001389,0 13.6683628,51.1013672,0 13.6407517,51.1049504,0 13.6317265,51.106765,0 13.6002136,51.1163581,0 13.5977372,51.1174633,0 13.5960554,51.1188526,0 13.5948993,51.1207612,0 13.5906271,51.132824,0 13.5862335,51.1444192,0 13.5852007,51.1465754,0 13.5753797,51.162196,0 13.5736806,51.1642916,0 13.5678087,51.1704478,0 13.5662647,51.1724799,0 13.5651523,51.1744635,0 13.5640966,51.1774593,0 13.5638758,51.1792956,0 13.5647847,51.1839085,0 13.5648249,51.1855144,0 13.5643605,51.187222,0 13.5635991,51.1885492,0 13.5615007,51.1906241,0 13.5583045,51.1923784,0 13.5553658,51.193282,0 13.5475573,51.194766,0 13.5438166,51.1961706,0 13.5410399,51.1981109,0 13.5392893,51.2004305,0 13.5387687,51.2018889,0 13.5386426,51.2032611,0 13.5391995,51.2056012,0 13.5404528,51.2074981,0 13.5504155,51.2180373,0 13.5513243,51.2198507,0 13.5522737,51.223116,0 13.5524334,51.224887,0 13.5521885,51.2264421,0 13.5515273,51.2280703,0 13.5506817,51.2293988,0 13.5235555,51.2684691,0 13.522399,51.2706491,0 13.518628,51.2805513,0 13.518312,51.2824248,0 13.5183877,51.2842848,0 13.5200407,51.2908265,0 13.5202362,51.2924609,0 13.5192358,51.3288205,0 13.518892,51.3324936,0 13.5128798,51.3623866,0 13.4958096,51.402659,0 13.4950988,51.4049874,0 13.4947377,51.4073419,0 13.4947327,51.4101917,0 13.4951017,51.4125779,0 13.4961757,51.4158553,0 13.5148895,51.4557652,0 13.5197756,51.4690167,0 13.521626,51.4717736,0 13.524215,51.4739012,0 13.5273965,51.4755288,0 13.5438091,51.4806011,0 13.5490796,51.4828232,0 13.5643997,51.4924638,0 13.5718235,51.4964928,0 13.57432,51.4987302,0 13.5758662,51.5013729,0 13.5762866,51.5042749,0 13.5760063,51.5442825,0 13.5737184,51.5748488,0 13.5681218,51.5948159,0 13.5631505,51.6110272,0 13.5628299,51.6133341,0 13.563019,51.6156949,0 13.566066,51.6274899,0 13.5669855,51.6301485,0 13.5681498,51.6320744,0 13.5750595,51.6408757,0 13.5767265,51.6440316,0 13.5950096,51.6970206,0 13.6156619,51.7683815,0 13.6251131,51.7950964,0 13.6254852,51.7985311,0 13.6243101,51.8065164,0 13.6245908,51.809046,0 13.6253597,51.8106105,0 13.6265203,51.8120235,0 13.6324072,51.8170941,0 13.6336426,51.8193905,0 13.6338341,51.8219016,0 13.6330666,51.8240624,0 13.6316133,51.8259023,0 13.6168374,51.8386008,0 13.6142544,51.8415192,0 13.5800639,51.8972288,0 13.5789969,51.8993273,0 13.5781964,51.9026549,0 13.578185,51.9044497,0 13.5784947,51.9063633,0 13.5894917,51.9408816,0 13.5896658,51.9426103,0 13.5894898,51.9448262,0 13.5890437,51.9465485,0 13.5881805,51.9485449,0 13.5636165,51.9953903,0 13.5515614,52.0139306,0 13.5488818,52.0168988,0 13.5308386,52.0325919,0 13.5180558,52.0461807,0 13.5152655,52.0499949,0 13.5130758,52.054856,0 13.5044302,52.0775172,0 13.4820271,52.1275252,0 13.4808013,52.1315931,0 13.4782432,52.1473812,0 13.4776188,52.1497518,0 13.4766992,52.1519891,0 13.4652782,52.1698956,0 13.4410007,52.2067255,0 13.4399002,52.20873,0 13.4393853,52.2104534,0 13.4390459,52.2134305,0 13.4365775,52.2491802,0 13.4366709,52.2751227,0 13.4360723,52.2786292,0 13.41351,52.3448291,0 13.4024104,52.3766672,0 13.3952986,52.3894939,0 13.3920162,52.3947369,0 13.383678,52.4094058,0 13.3636904,52.4431368,0 13.3582705,52.4535598,0 13.3581398,52.4550026,0 13.3583631,52.4561084,0 13.3601855,52.4623166,0 13.3637419,52.4723372,0 13.3651427,52.4751947,0 13.3707006,52.4842508,0 13.37174,52.4864615,0 13.3723576,52.489478,0 13.3727435,52.4953362,0 13.372456,52.500317,0 13.3734668,52.5040654,0 13.3752778,52.5074656,0 13.3756475,52.5097965,0 13.3753091,52.5125576,0 13.3735942,52.5162295,0 13.3729136,52.5192526,0 13.3718184,52.5216375,0 13.367258,52.5281279,0 13.3596786,52.5353373,0 13.359197,52.536177,0 13.3590543,52.5371949,0 13.3596571,52.5386044,0 13.3612087,52.5398229,0 13.3666608,52.5424681,0 13.3777722,52.5472342,0 13.3821645,52.5482424,0 13.3953983,52.5490675,0 13.3970129,52.549488,0 13.3980719,52.5500897,0 13.3988355,52.551004,0 13.3990751,52.5518384,0 13.3981525,52.5571324,0 13.3985805,52.5584656,0 13.3996592,52.5597447,0 13.4284568,52.576875,0 13.4385099,52.586595,0 13.4626288,52.609011,0 13.4672839,52.6129162,0 13.4907635,52.6349141,0 13.4938045,52.6373155,0 13.4974847,52.6397411,0 13.5382148,52.6617779,0 13.5414053,52.6627773,0 13.5876488,52.6739168,0 13.5918129,52.6754345,0 13.595196,52.6774252,0 13.5986009,52.6804728,0 13.7015078,52.7817947,0 13.7039392,52.7833936,0 13.7083842,52.7857922,0 13.7931572,52.831117,0 13.7968573,52.8337708,0 13.7986607,52.8355266,0 13.7999243,52.8375344,0 13.8076788,52.8626799,0 13.8091964,52.8651789,0 13.8107511,52.8666421,0 13.8619562,52.8990833,0 13.878424,52.9085337,0 13.940337,52.9331356,0 13.9445149,52.9353516,0 13.9467452,52.9371775,0 13.9480503,52.9386914,0 13.9581563,52.9558123,0 13.9592973,52.9572946,0 13.961253,52.9592025,0 13.9780062,52.9732419,0 13.9807617,52.9763655,0 13.9983375,53.0062193,0 13.998921,53.0080484,0 13.9990913,53.0097219,0 13.9989317,53.0109387,0 13.9983018,53.0124693,0 13.994846,53.016816,0 13.9889591,53.0234008,0 13.987035,53.0250759,0 13.9733324,53.0316441,0 13.9457084,53.0495019,0 13.9421525,53.0523626,0 13.9400663,53.0549318,0 13.9388319,53.0574072,0 13.9383021,53.0594428,0 13.9372058,53.0687108,0 13.9362352,53.0711566,0 13.9354774,53.0722819,0 13.9335818,53.0743133,0 13.9306002,53.0764291,0 13.9161028,53.0829294,0 13.9130062,53.084719,0 13.9099822,53.0871573,0 13.9078507,53.0896777,0 13.8959458,53.1069877,0 13.8853397,53.1212892,0 13.8841,53.1238868,0 13.8836361,53.1259293,0 13.8810487,53.149629,0 13.8801368,53.152911,0 13.8749865,53.1647284,0 13.8745616,53.1673545,0 13.8741371,53.1748876,0 13.8743626,53.1766877,0 13.8750532,53.1787059,0 13.8824051,53.1946062,0 13.8878183,53.2014825,0 13.8892397,53.2038944,0 13.8898158,53.2062863,0 13.8896903,53.2132736,0 13.8892483,53.2152355,0 13.888002,53.2173183,0 13.8745345,53.2319113,0 13.8733704,53.2342515,0 13.872318,53.2373918,0 13.8720564,53.2391929,0 13.8729017,53.2462868,0 13.8737477,53.2484016,0 13.8765084,53.2525994,0 13.8771562,53.2540177,0 13.877412,53.2554254,0 13.8774551,53.2589357,0 13.8779271,53.2607039,0 13.8860778,53.2739836,0 13.8870375,53.2775001,0 13.887025,53.2795103,0 13.8865578,53.2817107,0 13.8765189,53.3065698,0 13.8740535,53.309626,0 13.8670521,53.3163349,0 13.8661228,53.3180232,0 13.8659556,53.3196558,0 13.8764666,53.3498153,0 13.8950065,53.387211,0 13.8955942,53.3906594,0 13.8953443,53.3932682,0 13.8898469,53.4107193,0 13.8896163,53.4123856,0 13.8897387,53.4145997,0 13.890868,53.4178865,0 13.9039062,53.4426747,0 13.9236256,53.472451,0 13.925625,53.4749719,0 13.9280957,53.477442,0 13.9296233,53.4786454,0 13.9403727,53.4856318,0 13.9843064,53.5101294,0 13.9855488,53.5109866,0 13.9877603,53.5130855,0 13.9885253,53.5140514,0 13.9889823,53.5151131,0 13.9928015,53.5298363,0 13.992871,53.5322817,0 13.9923211,53.5344129,0 13.9911624,53.5365452,0 13.958545,53.5814079,0 13.8746336,53.6675486,0 13.8082608,53.7478547,0 13.8062231,53.7505473,0 13.7948083,53.7681539,0 13.7894572,53.7757596,0 13.7615195,53.8176326,0 13.7585863,53.8214414,0 13.7559436,53.8239362,0 13.7515962,53.8270689,0 13.7070092,53.8530586,0 13.6967871,53.8592504,0 13.6331832,53.91563,0 13.630158,53.9182528,0 13.6267257,53.920747,0 13.5281363,53.9873194,0 13.4795343,54.0143329,0 13.4722878,54.0186207,0 13.4669229,54.0228902,0 13.4364052,54.0505758,0 13.430641,54.0551203,0 13.3140542,54.1281656,0 13.2201748,54.1900554,0 13.2132102,54.1936977,0 13.1530867,54.2214845,0 13.1479798,54.2241274,0 13.143407,54.2271046,0 13.1394834,54.2302447,0 13.1376139,54.2320488,0 13.1091446,54.2620162,0 13.1065666,54.2657477,0 13.0860899,54.2988268,0 13.0784322,54.3076508,0 13.0771502,54.3086367,0 13.0758618,54.3092443,0 13.074077,54.3095877,0 13.0723833,54.3095158,0 13.0540344,54.3054943,0 13.0495459,54.3047555,0 13.0445891,54.3042759,0 12.9802836,54.3023387,0 12.9704392,54.3022324,0 12.9671482,54.3018978,0 12.9582495,54.3002746,0 12.9550094,54.3000008,0 12.9268153,54.3009777,0 12.8819197,54.2981723,0 12.8522857,54.2927769,0 12.8478843,54.2917882,0 12.8105572,54.2790071,0 12.8069041,54.2779346,0 12.7799904,54.2749583,0 12.757943,54.2713971,0 12.7531268,54.2709688,0 12.7331406,54.270099,0 12.716412,54.2684271,0 12.6962617,54.2676057,0 12.5236874,54.2559994,0 12.4751607,54.2492429,0 12.4711441,54.2480464,0 12.4568094,54.241747,0 12.4530677,54.2407478,0 12.4198725,54.2376834,0 12.4166608,54.2371701,0 12.3951138,54.231288,0 12.360389,54.2188651,0 12.3503364,54.2164472,0 12.3482028,54.2157385,0 12.2550916,54.1792544,0 12.2481511,54.1759342,0 12.2445059,54.1736297,0 12.243003,54.1719911,0 12.2425514,54.1709824,0 12.2419701,54.1657839,0 12.2414502,54.1642226,0 12.2245607,54.1426163,0 12.2139897,54.1237235,0 12.209928,54.1159335,0 12.2084282,54.1140413,0 12.1991929,54.1082413,0 12.1912654,54.1025085,0 12.1825707,54.0966951,0 12.1812994,54.095262,0 12.1807441,54.0942362,0 12.1799179,54.091232,0 12.1791983,54.0896878,0 12.1765919,54.0865412,0 12.1745673,54.0849615,0 12.1612144,54.0786373,0 12.1586788,54.0781153,0 12.1524267,54.0781099,0 12.1496788,54.0776988,0 12.1473596,54.0767777,0 12.1441291,54.0743075,0 12.1418748,54.0735562,0 12.1397036,54.0735527,0 12.1378359,54.0740804,0 12.1285358,54.079647,0 12.1254751,54.0808201,0 12.1236566,54.0812251,0 12.1182375,54.0813726,0 12.1148043,54.0819215,0 12.1119016,54.0828599,0 12.108978,54.0845019,0 12.1026581,54.0901988,0 12.0714705,54.120106,0 12.0675556,54.124912,0 12.0665262,54.1264953,0 12.0659414,54.1280355,0 12.0649656,54.1336027,0 12.0652041,54.1414144,0 12.0659844,54.1436912,0 12.0689803,54.1475233,0 12.0700047,54.1495442,0 12.072086,54.1560657,0 12.0721476,54.1598125,0 12.07262,54.1615546,0 12.074141,54.1637353,0 12.077216,54.1659629,0 12.0830212,54.1681483,0 12.0905782,54.1712968,0 12.0916383,54.171942,0 12.0923182,54.1728668,0 12.092337,54.1740945,0 12.0919206,54.1751027,0 12.0905648,54.1771033,0</coordinates>
</LineString>
</Placemark>
<Placemark>
<name>RE40 Essen-Frankfurt</name>
<description><![CDATA[<div class="kmldesc"><b>Essen Hauptbahnhof → Frankfurt (Main) Hbf</b><br/><br/>Mittelgebirgs-Express, Umfahrung Gießen ohne Kopfmach-Halt<br/><br/><b>Bahnhöfe (20 Halte)</b> — Beispielzeiten eines Musterzugs, zeigt die reale Fahrzeit:<br/><br/><br/>&#8226;&#160;<b>Essen Hauptbahnhof</b><br/>Beispielzeit: ab 07:02<br/><i>Startbahnhof Nord-Flügel</i><br/>&#8226;&#160;<b>Essen-Steele</b><br/>Beispielzeit: an 07:07 / ab 07:08<br/><i>S-Bahn-Gleis-Halt</i><br/>&#8226;&#160;<b>Bochum-Höntrop</b><br/>Beispielzeit: an 07:14 / ab 07:15<br/><i>Regionalhalt, 145m Bahnsteig-Check</i><br/>&#8226;&#160;<b>Bochum Hauptbahnhof</b><br/>Beispielzeit: an 07:20 / ab 07:22<br/><i>Metropolen-Systemhalt</i><br/>&#8226;&#160;<b>Witten Hbf</b><br/>Beispielzeit: an 07:31 / ab 07:32<br/><i>Regionaler Knoten</i><br/>&#8226;&#160;<b>Wetter (Ruhr)</b><br/>Beispielzeit: an 07:39 / ab 07:40<br/><i>Nahverkehrshalt</i><br/>&#8226;&#160;<b>Hagen Hauptbahnhof</b><br/>Beispielzeit: an 07:48 / ab 07:51<br/><i>Systemhalt, Übergang Ruhr-Sieg</i><br/>&#8226;&#160;<b>Letmathe</b><br/>Beispielzeit: an 08:03 / ab 08:04<br/><i>Sauerland-Halt</i><br/>&#8226;&#160;<b>Altena (Westf)</b><br/>Beispielzeit: an 08:13 / ab 08:14<br/><i>Sauerland-Halt</i><br/>&#8226;&#160;<b>Werdohl</b><br/>Beispielzeit: an 08:22 / ab 08:23<br/><i>Sauerland-Halt</i><br/>&#8226;&#160;<b>Plettenberg</b><br/>Beispielzeit: an 08:30 / ab 08:31<br/><i>Sauerland-Halt</i><br/>&#8226;&#160;<b>Finnentrop</b><br/>Beispielzeit: an 08:40 / ab 08:41<br/><i>Sauerland-Halt</i><br/>&#8226;&#160;<b>Kreuztal</b><br/>Beispielzeit: an 09:09 / ab 09:10<br/><i>Nordsiegerland</i><br/>&#8226;&#160;<b>Siegen Hauptbahnhof</b><br/>Beispielzeit: an 09:18 / ab 09:23<br/><i>Großer Taktknoten (Ländergrenze)</i><br/>&#8226;&#160;<b>Haiger</b><br/>Beispielzeit: an 09:36 / ab 09:37<br/><i>Erster Halt in Hessen</i><br/>&#8226;&#160;<b>Dillenburg</b><br/>Beispielzeit: an 09:44 / ab 09:46<br/><i>Expresshalt Dillstrecke</i><br/>&#8226;&#160;<b>Herborn (Dillkr)</b><br/>Beispielzeit: an 09:53 / ab 09:54<br/><i>Regionalhalt</i><br/>&#8226;&#160;<b>Wetzlar</b><br/>Beispielzeit: an 10:12 / ab 10:14<br/><i>Letzter Halt vor Güterumgehung</i><br/>&#8226;&#160;<b>Friedberg (Hess)</b><br/>Beispielzeit: an 10:41 / ab 10:43<br/><i>Einmündung Rhein-Main-Takt</i><br/>&#8226;&#160;<b>Frankfurt (Main) Hauptbahnhof</b><br/>Beispielzeit: an 11:05<br/><i>Endbahnhof, Halle Nord</i></div><style>@media (prefers-color-scheme: dark) {html,body,.kmldesc{background:#1b1b1b !important;color:#e8e8e8 !important;}.kmldesc a{color:#8ab4f8 !important;}}</style>]]></description>
<LookAt><longitude>7.9014407</longitude><latitude>50.79351015</latitude><altitude>0</altitude><heading>0</heading><tilt>0</tilt><range>177879.01695910192</range><altitudeMode>clampToGround</altitudeMode></LookAt>
<styleUrl>#lineRE40</styleUrl>
<LineString>
<tessellate>1</tessellate>
<coordinates>7.014421,51.4513502,0 7.0196148,51.4520697,0 7.0216151,51.4527432,0 7.0272288,51.4553889,0 7.029872,51.4560893,0 7.0324442,51.4564135,0 7.0418957,51.4560458,0 7.0518982,51.4537262,0 7.0539644,51.453451,0 7.0584496,51.4534926,0 7.0622342,51.4539817,0 7.0572852,51.4535256,0 7.0538269,51.4536888,0 7.04938,51.454416,0 7.0435213,51.4558758,0 7.0508794,51.4542404,0 7.0662592,51.4529325,0 7.0740748,51.4511467,0 7.0772167,51.4500179,0 7.0825685,51.446933,0 7.0946154,51.4413817,0 7.098219,51.4404546,0 7.1013897,51.4403474,0 7.1088969,51.4417053,0 7.1173178,51.442331,0 7.1200543,51.4428799,0 7.1225284,51.4436917,0 7.1260237,51.4452842,0 7.1308635,51.4481921,0 7.1326351,51.4496067,0 7.1358421,51.4527903,0 7.139173,51.4549217,0 7.1423995,51.4561987,0 7.1568564,51.4609244,0 7.2044518,51.4705776,0 7.210652,51.4728275,0 7.2278645,51.4804725,0 7.2324812,51.4812488,0 7.2382365,51.4810866,0 7.2403045,51.4813181,0 7.2492022,51.4843136,0 7.2515568,51.4848317,0 7.2531981,51.485047,0 7.2565829,51.4849189,0 7.2694153,51.4821583,0 7.2837654,51.4814043,0 7.2876684,51.4806342,0 7.2921291,51.4802954,0 7.306302,51.4779843,0 7.3148491,51.4784197,0 7.3171564,51.4780574,0 7.3217214,51.4781731,0 7.3267089,51.4789775,0 7.3317805,51.4804465,0 7.3334473,51.4804931,0 7.3354396,51.4801314,0 7.3376398,51.4793521,0 7.3393499,51.4780497,0 7.3397364,51.4773109,0 7.3398362,51.4761801,0 7.3393044,51.4749943,0 7.337683,51.4736867,0 7.3320281,51.4711042,0 7.3283103,51.4687791,0 7.3211666,51.4631907,0 7.3201619,51.4619938,0 7.3194086,51.4602655,0 7.3193331,51.4586335,0 7.3198072,51.457075,0 7.3239487,51.4505955,0 7.3250417,51.4464614,0 7.3254288,51.4424594,0 7.3266065,51.4395489,0 7.3279178,51.4373427,0 7.3293512,51.4355791,0 7.3321908,51.433207,0 7.3389673,51.4299587,0 7.3481955,51.4268003,0 7.3504698,51.4254153,0 7.3521055,51.4238151,0 7.3531444,51.4219708,0 7.3534695,51.4203005,0 7.3526629,51.4094652,0 7.3527834,51.4074498,0 7.3532202,51.4059206,0 7.3540486,51.4042792,0 7.3564435,51.4015133,0 7.3602543,51.3985935,0 7.3639166,51.3966038,0 7.3810253,51.3903679,0 7.3831917,51.3889398,0 7.3862841,51.3860175,0 7.389341,51.3843263,0 7.392315,51.3834158,0 7.3961726,51.3830288,0 7.4136539,51.383723,0 7.420503,51.3846365,0 7.4363946,51.3888746,0 7.4397487,51.3894441,0 7.4453393,51.3892379,0 7.4481786,51.3886953,0 7.4515553,51.3869386,0 7.4550897,51.3843685,0 7.4562698,51.3830349,0 7.4575892,51.3805501,0 7.4582347,51.3783451,0 7.4588051,51.3730832,0 7.4602197,51.3698377,0 7.4604117,51.3668109,0 7.4609614,51.3636163,0 7.4606409,51.3618417,0 7.4594451,51.3590442,0 7.4605358,51.3629125,0 7.4594451,51.3590442,0 7.4605751,51.3613305,0 7.4610686,51.363606,0 7.4603464,51.369849,0 7.4588705,51.3734154,0 7.4583558,51.378954,0 7.4572588,51.3820925,0 7.4564559,51.383457,0 7.4527439,51.3864175,0 7.4518572,51.3874851,0 7.4514797,51.3886169,0 7.4516018,51.389847,0 7.4521931,51.3909056,0 7.454985,51.3937306,0 7.4561109,51.3954625,0 7.4566258,51.3970885,0 7.456815,51.4022975,0 7.457106,51.4035883,0 7.458757,51.406637,0 7.4606548,51.4086069,0 7.4653219,51.4113185,0 7.4687368,51.4125593,0 7.4727741,51.4129302,0 7.4754462,51.4127196,0 7.4780147,51.4122067,0 7.4798518,51.4115189,0 7.4819839,51.4102682,0 7.4952155,51.3972917,0 7.5104769,51.3862529,0 7.5135782,51.3844281,0 7.5186476,51.3820055,0 7.5233251,51.3802619,0 7.5312823,51.3778556,0 7.5335494,51.3769215,0 7.5361417,51.375458,0 7.5424824,51.3703084,0 7.5450981,51.3672296,0 7.5517595,51.3613359,0 7.5602875,51.3528574,0 7.5625321,51.350979,0 7.5640881,51.3502451,0 7.5668834,51.3496418,0 7.5880652,51.3464517,0 7.5926649,51.3459658,0 7.5952356,51.3461924,0 7.6006705,51.3477135,0 7.6026457,51.3488903,0 7.6035601,51.3501012,0 7.6047388,51.3540367,0 7.6073896,51.3581569,0 7.6087537,51.3596,0 7.6109089,51.3608703,0 7.6134477,51.3617069,0 7.6195163,51.363027,0 7.6236375,51.3635068,0 7.6262209,51.3633662,0 7.6290733,51.3628189,0 7.631299,51.362058,0 7.6331145,51.3610971,0 7.6344895,51.3599504,0 7.6355353,51.3584069,0 7.6373617,51.3536323,0 7.6375955,51.3524628,0 7.6374745,51.3504052,0 7.6364317,51.3468404,0 7.634255,51.3437264,0 7.6336111,51.3422686,0 7.6336486,51.336192,0 7.6341044,51.3353196,0 7.6352281,51.3343271,0 7.6431016,51.3311181,0 7.6442311,51.3303944,0 7.6450172,51.3293136,0 7.6452009,51.3281703,0 7.6444479,51.3239498,0 7.6440711,51.318761,0 7.6444972,51.3168601,0 7.6452638,51.3160236,0 7.6464212,51.3153168,0 7.6502023,51.3142065,0 7.6516879,51.3134077,0 7.652412,51.312664,0 7.6544448,51.3091084,0 7.6556186,51.3080933,0 7.6574098,51.3073974,0 7.6613392,51.3067914,0 7.6627964,51.3063362,0 7.6641517,51.3054906,0 7.6668398,51.3029369,0 7.6701411,51.3013699,0 7.6712865,51.3005737,0 7.672067,51.2996279,0 7.6724441,51.2984237,0 7.6723032,51.2974146,0 7.6709221,51.2939565,0 7.6709388,51.2929583,0 7.6714921,51.2916403,0 7.6723563,51.2906916,0 7.6735358,51.2899049,0 7.6881313,51.2832651,0 7.6892832,51.2825192,0 7.6899729,51.2813968,0 7.6923663,51.2718246,0 7.6939133,51.2695327,0 7.6954729,51.2684627,0 7.6973418,51.2679364,0 7.6996551,51.2679174,0 7.7118025,51.2707767,0 7.7148344,51.2707407,0 7.7166471,51.270109,0 7.7203148,51.2678677,0 7.7291941,51.2648399,0 7.7329624,51.2639668,0 7.7393936,51.2633046,0 7.7413159,51.2628349,0 7.7428939,51.2621216,0 7.7476029,51.2591215,0 7.7500108,51.2585113,0 7.7519494,51.2585393,0 7.7766708,51.2623998,0 7.7799826,51.2624998,0 7.7833832,51.2620544,0 7.7863947,51.2611228,0 7.8027293,51.2545679,0 7.8138522,51.247773,0 7.82136,51.2447884,0 7.8300197,51.238513,0 7.8319506,51.2377188,0 7.836887,51.2362612,0 7.8411944,51.235359,0 7.8712139,51.2316685,0 7.8741347,51.2320207,0 7.8813764,51.2346446,0 7.8828465,51.2348725,0 7.8843645,51.2347981,0 7.8864085,51.2341561,0 7.8884534,51.2328814,0 7.8939759,51.2267053,0 7.8949104,51.2259553,0 7.8964643,51.2253751,0 7.9210586,51.2241578,0 7.9240961,51.2236636,0 7.9300231,51.2219983,0 7.9323233,51.2216899,0 7.9366371,51.2217913,0 7.9414275,51.2231255,0 7.9441607,51.2229628,0 7.9455936,51.2224626,0 7.946693,51.2217833,0 7.95868,51.2130067,0 7.9606275,51.2120287,0 7.9665772,51.2097392,0 7.9682437,51.2087418,0 7.9690683,51.2078604,0 7.9695543,51.2068865,0 7.9696905,51.2060773,0 7.9695083,51.2049985,0 7.9684776,51.2035089,0 7.9644773,51.2001798,0 7.9637857,51.1986343,0 7.9637983,51.1970186,0 7.9644101,51.1956959,0 7.9654455,51.194646,0 7.9693733,51.1924466,0 7.9713251,51.1909689,0 7.9734145,51.1877574,0 7.9738416,51.1855864,0 7.9735719,51.1842194,0 7.9728317,51.182975,0 7.9673245,51.1781033,0 7.965582,51.1760281,0 7.964499,51.1731473,0 7.965919,51.1765298,0 7.9673245,51.1781033,0 7.9715396,51.1818102,0 7.9672118,51.1779154,0 7.9656458,51.1760159,0 7.9644587,51.1719902,0 7.9647245,51.1708051,0 7.9656392,51.1693873,0 7.9670814,51.1682273,0 7.9687503,51.1673467,0 7.9785539,51.1644044,0 7.9821901,51.1626092,0 7.9981839,51.1475463,0 8.0002955,51.1459996,0 8.0038822,51.1447321,0 8.0112508,51.1439688,0 8.0145988,51.1431986,0 8.023583,51.1388512,0 8.0249785,51.1375922,0 8.0263379,51.134513,0 8.0276887,51.132825,0 8.030271,51.1310283,0 8.0345263,51.1294564,0 8.0364289,51.1283823,0 8.0375783,51.1271645,0 8.0392996,51.1238785,0 8.0411178,51.1225481,0 8.0437725,51.1218794,0 8.0462287,51.1219922,0 8.0478431,51.1224602,0 8.0529544,51.1248512,0 8.0573925,51.125704,0 8.0607883,51.1254941,0 8.0621152,51.1250158,0 8.0632713,51.1242369,0 8.0660019,51.1220658,0 8.0668051,51.120745,0 8.0667664,51.118689,0 8.0657265,51.1146981,0 8.0660609,51.1130691,0 8.0673904,51.111613,0 8.0716802,51.1090108,0 8.0723137,51.1082262,0 8.0725774,51.1074738,0 8.072401,51.1062285,0 8.0696809,51.1001665,0 8.0666844,51.0956954,0 8.0665308,51.094957,0 8.0666957,51.0942171,0 8.0677468,51.0929221,0 8.0693264,51.0920229,0 8.0762365,51.0906378,0 8.0780508,51.0896789,0 8.0787726,51.0883008,0 8.0780083,51.0856101,0 8.0782575,51.0837545,0 8.0791667,51.0822063,0 8.0810399,51.0803519,0 8.0814118,51.0795127,0 8.0813483,51.0786622,0 8.08097,51.0779678,0 8.0796207,51.0769818,0 8.0776996,51.0764828,0 8.0749742,51.0764606,0 8.0733215,51.0761738,0 8.0720537,51.0755773,0 8.0701425,51.0739313,0 8.0684045,51.0732483,0 8.0662166,51.073169,0 8.0595794,51.0741536,0 8.0560175,51.073654,0 8.0542834,51.0727936,0 8.0520495,51.0700664,0 8.0500548,51.0688748,0 8.0451619,51.0675814,0 8.0409434,51.0655961,0 8.0328081,51.0644089,0 8.023545,51.0614423,0 8.021996,51.060647,0 8.0211551,51.059777,0 8.0194777,51.056415,0 8.0188327,51.0555715,0 8.0172019,51.0546012,0 8.0129291,51.0531386,0 8.0115489,51.0522219,0 8.0108402,51.0512891,0 8.0083012,51.0465158,0 8.0070041,51.0448215,0 8.0053086,51.0431724,0 7.9988046,51.038219,0 7.9976506,51.0370951,0 7.9967544,51.0345787,0 7.9961318,51.0286421,0 7.9951167,51.0267513,0 7.9932357,51.025374,0 7.9873809,51.0229297,0 7.9862769,51.0220865,0 7.9852737,51.0207746,0 7.9842097,51.0188214,0 7.9839022,51.0173412,0 7.9842135,51.0160523,0 7.9860882,51.0129847,0 7.9866325,51.0115487,0 7.987262,51.0054889,0 7.9869271,51.0043212,0 7.98627,51.0033439,0 7.984981,51.0022537,0 7.9830802,51.0013418,0 7.9738352,50.99821,0 7.9678908,50.9965049,0 7.9658448,50.9950797,0 7.9648741,50.9935023,0 7.964043,50.9893663,0 7.9644054,50.987963,0 7.9651431,50.9867224,0 7.9664258,50.9854379,0 7.969976,50.9828677,0 7.9743917,50.9771309,0 7.9786236,50.9731685,0 7.9872813,50.9596826,0 7.9952708,50.9533698,0 7.9967705,50.9518631,0 8.0148641,50.9258567,0 8.0154048,50.9244709,0 8.0154766,50.9232024,0 8.0137954,50.9120187,0 8.0139875,50.9107901,0 8.0146252,50.909477,0 8.0163619,50.9077128,0 8.0255512,50.9014295,0 8.0287349,50.8980371,0 8.0294287,50.8969984,0 8.0300494,50.894407,0 8.0301026,50.887604,0 8.0299464,50.886111,0 8.0294357,50.8848334,0 8.0276202,50.8828601,0 8.0165472,50.875967,0 8.0277468,50.8827732,0 8.0302047,50.8834604,0 8.032587,50.8833729,0 8.0350151,50.8825206,0 8.0397509,50.879462,0 8.044785,50.8776868,0 8.0612152,50.8672437,0 8.0629114,50.8667481,0 8.0651561,50.8665526,0 8.0702397,50.8672356,0 8.0725037,50.8672733,0 8.074302,50.8669653,0 8.0763528,50.8661355,0 8.0776127,50.8651713,0 8.0784388,50.8639256,0 8.0795311,50.8577983,0 8.0802284,50.8564884,0 8.0819048,50.8551652,0 8.0862392,50.8529597,0 8.0886977,50.8524354,0 8.091248,50.8525083,0 8.1012489,50.8548993,0 8.1040742,50.8553296,0 8.1107226,50.8547412,0 8.1165534,50.8550321,0 8.1193974,50.8544392,0 8.1212933,50.8534177,0 8.1225007,50.85201,0 8.123716,50.8455025,0 8.1244331,50.8443938,0 8.1258175,50.8433148,0 8.1271323,50.8427143,0 8.1291673,50.8422419,0 8.1375948,50.8417202,0 8.1418692,50.8403458,0 8.1452725,50.8382835,0 8.1531035,50.8321842,0 8.1559212,50.8288472,0 8.1574127,50.8277027,0 8.1901866,50.8115017,0 8.1944101,50.808683,0 8.2008073,50.8057076,0 8.2025381,50.8039427,0 8.2058346,50.7977957,0 8.2083644,50.7937951,0 8.2087866,50.7924448,0 8.2071104,50.7840675,0 8.2051838,50.7810041,0 8.2047443,50.7798386,0 8.205752,50.7663587,0 8.2056039,50.765056,0 8.2035876,50.7571005,0 8.2038171,50.7556924,0 8.2064667,50.74932,0 8.2075153,50.7479809,0 8.2092787,50.7467816,0 8.2217907,50.7412772,0 8.225692,50.7401904,0 8.2286579,50.7400468,0 8.2307884,50.7402994,0 8.2335729,50.7410677,0 8.2392693,50.7445462,0 8.2411599,50.7452692,0 8.2455521,50.7464178,0 8.2500598,50.7484345,0 8.2523284,50.7488936,0 8.2546785,50.7488762,0 8.2806179,50.7433051,0 8.2866768,50.7423146,0 8.2892207,50.7414487,0 8.2914932,50.7400634,0 8.2923603,50.7392335,0 8.2931801,50.7379571,0 8.2945913,50.7348406,0 8.295191,50.7327131,0 8.2959892,50.7258224,0 8.296532,50.7242674,0 8.2974678,50.7230469,0 8.3029699,50.7179183,0 8.3050813,50.7154014,0 8.3058767,50.7137837,0 8.3060528,50.7124939,0 8.3054093,50.7059349,0 8.3057672,50.704452,0 8.3078326,50.6993195,0 8.3080352,50.6978297,0 8.3077772,50.6964896,0 8.3061189,50.6927509,0 8.306009,50.6910027,0 8.3070277,50.6872708,0 8.3086036,50.6829593,0 8.3091475,50.6790565,0 8.3117242,50.6738021,0 8.3213177,50.6623184,0 8.3220435,50.6603751,0 8.3218431,50.6571062,0 8.3220094,50.6557554,0 8.3267113,50.646249,0 8.3268839,50.643866,0 8.3265022,50.6426858,0 8.3256081,50.6415872,0 8.3227325,50.6394446,0 8.3213456,50.6375661,0 8.3210357,50.6356972,0 8.3214675,50.6342278,0 8.3225174,50.6328058,0 8.3278892,50.627715,0 8.330526,50.6242793,0 8.3318621,50.6230062,0 8.3409649,50.6168184,0 8.343973,50.6155441,0 8.3470436,50.6147527,0 8.3586935,50.6134076,0 8.3607615,50.6127231,0 8.3626846,50.6115989,0 8.3638604,50.6104158,0 8.3645426,50.6092427,0 8.3650949,50.6041473,0 8.3658486,50.6023816,0 8.3675653,50.6003676,0 8.3700763,50.5987477,0 8.3751294,50.5971311,0 8.4011109,50.5909661,0 8.4061933,50.5907881,0 8.4201626,50.5933368,0 8.425855,50.5936532,0 8.4297044,50.5933122,0 8.4447996,50.5903043,0 8.4580372,50.5895953,0 8.4616458,50.5889796,0 8.4817282,50.5820745,0 8.4849175,50.5806108,0 8.4870466,50.5791161,0 8.4880433,50.5781165,0 8.4962696,50.5676916,0 8.4982415,50.5663159,0 8.5004622,50.5656405,0 8.5102349,50.5656957,0 8.5130226,50.5658703,0 8.5155494,50.5663338,0 8.5181532,50.5670729,0 8.5259178,50.5704813,0 8.5328901,50.5728498,0 8.5355543,50.5734654,0 8.5381099,50.5736104,0 8.5500514,50.5717348,0 8.5562544,50.5715867,0 8.5597961,50.5712368,0 8.5993799,50.5641788,0 8.6066562,50.5639404,0 8.6444947,50.5641871,0 8.6479948,50.5639647,0 8.6495287,50.5635921,0 8.6511513,50.5627347,0 8.6521753,50.5615714,0 8.6534733,50.5586529,0 8.6551391,50.5525436,0 8.6560622,50.5503765,0 8.6670621,50.5091673,0 8.6672446,50.5063431,0 8.6664254,50.4758526,0 8.6668175,50.4733239,0 8.6680678,50.4709595,0 8.6698183,50.4690827,0 8.6867313,50.4558066,0 8.6881876,50.4538061,0 8.6888154,50.4517951,0 8.6887935,50.4501667,0 8.6883448,50.4486588,0 8.6873633,50.447039,0 8.6857718,50.4454597,0 8.6834339,50.4439831,0 8.6709052,50.4375052,0 8.6698188,50.43661,0 8.6690211,50.4352255,0 8.6689963,50.4337472,0 8.6703992,50.4268583,0 8.6740922,50.409339,0 8.6749197,50.4069443,0 8.6758375,50.4056379,0 8.6774014,50.4042148,0 8.6807933,50.4023631,0 8.7374033,50.3850667,0 8.7407711,50.3836025,0 8.7436634,50.3815315,0 8.7451728,50.3798208,0 8.7462573,50.3777754,0 8.7509539,50.3619252,0 8.7597193,50.3492865,0 8.7604733,50.3477175,0 8.7606179,50.3464692,0 8.7603951,50.3452466,0 8.7578579,50.3413558,0 8.757446,50.3403707,0 8.7573697,50.339249,0 8.7578204,50.3379077,0 8.7643257,50.3282148,0 8.7657681,50.3270416,0 8.7707182,50.3243159,0 8.7853374,50.3099313,0 8.7866179,50.3082432,0 8.7876895,50.3061919,0 8.7884604,50.3027663,0 8.7882946,50.3003548,0 8.7878,50.2986103,0 8.7865798,50.2962157,0 8.7850266,50.2942261,0 8.7833125,50.2926313,0 8.7647591,50.2780899,0 8.7633864,50.2764819,0 8.7620062,50.2737371,0 8.7522985,50.2500135,0 8.7517533,50.2478153,0 8.7518174,50.2459877,0 8.7556221,50.2162461,0 8.7554749,50.2137629,0 8.7549802,50.212408,0 8.7540352,50.2108947,0 8.7449285,50.200225,0 8.7361855,50.1813787,0 8.7354465,50.1802373,0 8.7341181,50.179215,0 8.7324049,50.1784283,0 8.7306401,50.1778077,0 8.7288127,50.1775318,0 8.7075663,50.1789327,0 8.7030717,50.1786677,0 8.7002323,50.1778858,0 8.6983037,50.1769871,0 8.6967125,50.1758585,0 8.6932653,50.1725435,0 8.6916804,50.1716444,0 8.6892601,50.1707717,0 8.6850999,50.170177,0 8.6712724,50.1702842,0 8.6686199,50.1699202,0 8.666021,50.169111,0 8.6637329,50.1678771,0 8.6621328,50.166499,0 8.6440223,50.1449306,0 8.6336772,50.1261223,0 8.6333262,50.1248386,0 8.6335822,50.1235135,0 8.6348744,50.1219324,0 8.6416904,50.1177113,0 8.6428459,50.116634,0 8.6432702,50.1151662,0 8.6434858,50.1058443,0 8.6441984,50.104464,0 8.6461098,50.1026518,0 8.6481301,50.1019733,0 8.6505184,50.1021089,0 8.6626374,50.1066307,0</coordinates>
</LineString>
</Placemark>
<Placemark>
<name>RE45 Cottbus-Travemünde</name>
<description><![CDATA[<div class="kmldesc"><b>Cottbus Hauptbahnhof → Travemünde Strand</b><br/><br/>6-teiliger KISS Akku-Hybrid, Umfahrung Hamburg Hbf über Güterumgehungsbahn<br/><br/><b>Bahnhöfe (18 Halte)</b> — Beispielzeiten eines Musterzugs, zeigt die reale Fahrzeit:<br/><br/><br/>&#8226;&#160;<b>Cottbus Hauptbahnhof</b><br/>Beispielzeit: ab 07:15<br/><i>Startbahnhof Knoten Lausitz</i><br/>&#8226;&#160;<b>Lübben (Spreewald)</b><br/>Beispielzeit: an 07:43 / ab 07:45<br/><i>Bestandsachse</i><br/>&#8226;&#160;<b>Königs Wusterhausen</b><br/>Beispielzeit: an 08:03 / ab 08:05<br/><i>Regionaler Systemknoten</i><br/>&#8226;&#160;<b>Flughafen BER</b><br/>Beispielzeit: an 08:17 / ab 08:21<br/><i>Systemknoten Luftverkehr</i><br/>&#8226;&#160;<b>Berlin Südkreuz</b><br/>Beispielzeit: an 08:36 / ab 08:38<br/><i>Einlauf Nord-Süd-Fernbahntunnel</i><br/>&#8226;&#160;<b>Berlin Potsdamer Platz</b><br/>Beispielzeit: an 08:42 / ab 08:43<br/><i>Tunnelstation</i><br/>&#8226;&#160;<b>Berlin Hauptbahnhof</b><br/>Beispielzeit: an 08:47 / ab 08:50<br/><i>Hauptbahnhof-Achse Berlin</i><br/>&#8226;&#160;<b>Berlin-Spandau</b><br/>Beispielzeit: an 09:01 / ab 09:03<br/><i>Auslauf Berliner Stadtgebiet</i><br/>&#8226;&#160;<b>Stendal Hauptbahnhof</b><br/>Beispielzeit: an 09:33 / ab 09:37<br/><i>Ende High-Speed-Sprint</i><br/>&#8226;&#160;<b>Salzwedel</b><br/>Beispielzeit: an 10:03 / ab 10:05<br/><i>Amerikalinie, Laden unter OL-Insel</i><br/>&#8226;&#160;<b>Uelzen</b><br/>Beispielzeit: an 10:30 / ab 10:34<br/><i>Hundertwasser-Knoten Heide</i><br/>&#8226;&#160;<b>Lüneburg</b><br/>Beispielzeit: an 10:50 / ab 10:52<br/><i>Osthannoversche Achse</i><br/>&#8226;&#160;<b>Hamburg-Harburg</b><br/>Beispielzeit: an 11:10 / ab 11:12<br/><i>Einlauf Großraum Hamburg</i><br/>&#8226;&#160;<b>Hamburg-Elbbrücken</b><br/>Beispielzeit: an 11:19 / ab 11:23<br/><i>Umsteigeknoten, Einfädelung GUB</i><br/>&#8226;&#160;<b>Bad Oldesloe</b><br/>Beispielzeit: an 11:51 / ab 11:53<br/><i>Ausfädelung GUB</i><br/>&#8226;&#160;<b>Lübeck Hauptbahnhof</b><br/>Beispielzeit: an 12:09 / ab 12:13<br/><i>Systemknoten Ostsee-Süd</i><br/>&#8226;&#160;<b>Lübeck-Travemünde Hafen</b><br/>Beispielzeit: an 12:29 / ab 12:30<br/><i>SDO aktiv</i><br/>&#8226;&#160;<b>Travemünde Strand</b><br/>Beispielzeit: an 12:35<br/><i>Endbahnhof, Küstendepot</i></div><style>@media (prefers-color-scheme: dark) {html,body,.kmldesc{background:#1b1b1b !important;color:#e8e8e8 !important;}.kmldesc a{color:#8ab4f8 !important;}}</style>]]></description>
<LookAt><longitude>12.15692065</longitude><latitude>52.8575518</latitude><altitude>0</altitude><heading>0</heading><tilt>0</tilt><range>342374.33824515296</range><altitudeMode>clampToGround</altitudeMode></LookAt>
<styleUrl>#lineRE45</styleUrl>
<LineString>
<tessellate>1</tessellate>
<coordinates>14.3226586,51.7514753,0 14.3127289,51.7511741,0 14.3072017,51.7513533,0 14.2953789,51.750134,0 14.2930212,51.750168,0 14.2570774,51.7562112,0 14.249324,51.7578972,0 14.235481,51.7598618,0 14.2186119,51.76427,0 14.2039005,51.7653315,0 14.1444003,51.7781632,0 14.0980931,51.7843279,0 14.0555972,51.7980151,0 14.051959,51.800099,0 14.0171807,51.8281809,0 13.9798778,51.8541536,0 13.9775032,51.8553033,0 13.9490595,51.8669653,0 13.9268519,51.8728889,0 13.9238258,51.8741242,0 13.9211609,51.8758678,0 13.9197325,51.8772981,0 13.9188597,51.8785629,0 13.8886487,51.9312754,0 13.887146,51.9330927,0 13.8854521,51.934437,0 13.864971,51.9475515,0 13.8618883,51.9491667,0 13.8578161,51.9505738,0 13.8317008,51.9570228,0 13.8290198,51.9579497,0 13.8261973,51.9593047,0 13.7257169,52.0249558,0 13.7231057,52.0276308,0 13.7197645,52.0327695,0 13.718863,52.0346248,0 13.7185889,52.0363126,0 13.7210186,52.0528893,0 13.7269979,52.0706269,0 13.7267523,52.0780049,0 13.7264647,52.0792498,0 13.7257378,52.0807832,0 13.7159477,52.0957667,0 13.7146507,52.0974374,0 13.7039126,52.1063077,0 13.6619537,52.1460786,0 13.6533446,52.1551649,0 13.6497041,52.1616249,0 13.6482558,52.1666732,0 13.6469286,52.1689908,0 13.6406211,52.1762194,0 13.6365204,52.1816042,0 13.6279261,52.1889962,0 13.6259431,52.1912894,0 13.6241125,52.195753,0 13.623038,52.2038443,0 13.6222252,52.2054106,0 13.6187956,52.2101249,0 13.6181041,52.211553,0 13.6177872,52.2132149,0 13.6179704,52.2149942,0 13.6183188,52.2160084,0 13.6195307,52.2179931,0 13.6247248,52.2255135,0 13.6336884,52.234123,0 13.6350134,52.2362229,0 13.6355031,52.2378802,0 13.6354665,52.2397933,0 13.6327921,52.2505866,0 13.6353873,52.2672878,0 13.6314541,52.2857829,0 13.6316203,52.2964448,0 13.6312526,52.30102,0 13.6312466,52.3075502,0 13.63198,52.315123,0 13.6336073,52.31958,0 13.6370111,52.3274612,0 13.6375509,52.3297096,0 13.6375718,52.3307236,0 13.637288,52.3327796,0 13.6358841,52.3356598,0 13.629019,52.346297,0 13.6246762,52.3521114,0 13.617714,52.3670854,0 13.6040425,52.388404,0 13.6026008,52.3901064,0 13.6010559,52.3910338,0 13.5989836,52.3916277,0 13.596492,52.3917449,0 13.5657767,52.3852996,0 13.5634271,52.384482,0 13.5599768,52.3825094,0 13.5579003,52.3817057,0 13.541473,52.3784035,0 13.5384061,52.3774464,0 13.5366942,52.3765053,0 13.5353735,52.3753915,0 13.5331769,52.3722063,0 13.5316527,52.3707208,0 13.529958,52.3696522,0 13.5278537,52.3687535,0 13.5168143,52.3659992,0 13.5070756,52.3638767,0 13.4933896,52.3603425,0 13.4897012,52.3598994,0 13.4848802,52.3599978,0 13.4820581,52.3604451,0 13.4736085,52.3624315,0 13.4660489,52.3632853,0 13.4596091,52.3646666,0 13.4562664,52.3647971,0 13.4515723,52.3638331,0 13.4476807,52.3623312,0 13.4364318,52.3573365,0 13.4299792,52.3551247,0 13.4168842,52.3521276,0 13.4138853,52.3523204,0 13.4117418,52.3531654,0 13.4105585,52.354228,0 13.409822,52.3556757,0 13.4031232,52.374778,0 13.4016483,52.3782494,0 13.3952986,52.3894939,0 13.3872568,52.4028355,0 13.383678,52.4094058,0 13.3677109,52.4361523,0 13.3631185,52.4441763,0 13.3583153,52.4533898,0 13.3581315,52.4547402,0 13.3583631,52.4561084,0 13.3601855,52.4623166,0 13.3637419,52.4723372,0 13.3651427,52.4751947,0 13.3713375,52.4849388,0 13.3722342,52.4869247,0 13.372569,52.4887944,0 13.3730194,52.4966274,0 13.3728574,52.5003167,0 13.3739812,52.503355,0 13.3758945,52.5070748,0 13.376253,52.5117961,0 13.3756697,52.5144063,0 13.3721867,52.5210017,0 13.3674843,52.5278535,0 13.3592666,52.5355062,0 13.357311,52.5365458,0 13.3553041,52.5369519,0 13.3536686,52.5369547,0 13.3401172,52.5355618,0 13.2912957,52.5292015,0 13.2500219,52.5266096,0 13.2451381,52.5266124,0 13.2424964,52.5270012,0 13.2349809,52.5287856,0 13.2241997,52.5298168,0 13.2075623,52.5319762,0 13.1987984,52.5342805,0 13.1690847,52.538903,0 13.1649895,52.5388616,0 13.1572099,52.5372202,0 13.1525635,52.5370758,0 12.9982238,52.5478641,0 12.9783192,52.5499157,0 12.9615845,52.550599,0 12.9468405,52.5515288,0 12.8807823,52.5562339,0 12.874915,52.5571281,0 12.8683299,52.5585532,0 12.7551101,52.5864611,0 12.7486508,52.5877897,0 12.7411242,52.5887906,0 12.7323637,52.5892858,0 12.6361959,52.5917948,0 12.5159436,52.5991494,0 12.4665572,52.6018797,0 12.4310003,52.6019569,0 12.3674086,52.6015518,0 12.362712,52.6011515,0 12.3581623,52.6004595,0 12.3295104,52.594185,0 12.3156613,52.5917539,0 12.3095611,52.5913604,0 12.2667851,52.5905754,0 12.0521246,52.5902035,0 12.0358208,52.5911468,0 12.0308659,52.5916541,0 11.9910367,52.5992966,0 11.9870107,52.599809,0 11.9826747,52.5999755,0 11.9783904,52.5997776,0 11.9426238,52.5962063,0 11.8685839,52.5957133,0 11.8578759,52.5951576,0 11.8459401,52.5938306,0 11.8502971,52.594161,0 11.8547244,52.5946398,0 11.8226637,52.5915226,0 11.8180879,52.5913578,0 11.8142943,52.5915844,0 11.8102227,52.5924105,0 11.6724174,52.6301985,0 11.6666721,52.632116,0 11.5999083,52.6647104,0 11.5956458,52.6671827,0 11.5931958,52.6690969,0 11.5188456,52.7342895,0 11.5166306,52.7359353,0 11.5144281,52.7371663,0 11.491117,52.7482524,0 11.4822918,52.7520897,0 11.4702678,52.7554745,0 11.4388075,52.7637619,0 11.4345863,52.7651601,0 11.431646,52.7666104,0 11.4149671,52.776072,0 11.4118818,52.7774969,0 11.2440408,52.844602,0 11.2400696,52.8459596,0 11.234569,52.8470764,0 11.1489865,52.8600236,0 11.1454697,52.8601564,0 11.1423809,52.8599801,0 11.1106363,52.8565941,0 11.1048684,52.8564094,0 11.1001563,52.8568599,0 11.0638084,52.8630229,0 11.057229,52.8636464,0 10.9501122,52.8662493,0 10.9455,52.8658061,0 10.9409027,52.8647456,0 10.9286458,52.8594614,0 10.925489,52.858407,0 10.920903,52.8576914,0 10.9168697,52.8577349,0 10.907461,52.8593874,0 10.903843,52.8605683,0 10.9008858,52.862209,0 10.8942695,52.8669701,0 10.8919326,52.868333,0 10.8788603,52.8736868,0 10.8727708,52.8752885,0 10.8656737,52.876709,0 10.8619718,52.8771482,0 10.8573694,52.8769868,0 10.852786,52.8759855,0 10.8495444,52.8746157,0 10.8440497,52.8712379,0 10.8405152,52.8699593,0 10.8287819,52.8679575,0 10.8227838,52.8659385,0 10.8201286,52.8652753,0 10.8170868,52.8649549,0 10.8133821,52.8651187,0 10.809137,52.8659045,0 10.8056782,52.8673265,0 10.8033374,52.869064,0 10.800433,52.8722358,0 10.7987458,52.8736486,0 10.7962179,52.8750016,0 10.7929381,52.8759976,0 10.7897694,52.8764358,0 10.7866867,52.8764224,0 10.7635113,52.8743489,0 10.7591818,52.8741884,0 10.728453,52.8770548,0 10.7252302,52.8777151,0 10.7223869,52.8786017,0 10.7041723,52.8871536,0 10.7015319,52.8881274,0 10.698108,52.8889761,0 10.6927157,52.8896184,0 10.6388191,52.8939255,0 10.6316467,52.8950596,0 10.5887914,52.9086443,0 10.5854152,52.9099416,0 10.582686,52.9114406,0 10.5799463,52.9136234,0 10.5632411,52.932543,0 10.5606303,52.9351036,0 10.5520987,52.9415979,0 10.5334587,52.9513326,0 10.5318198,52.9530805,0 10.5313782,52.9547683,0 10.5314626,52.9558059,0 10.5319019,52.9569037,0 10.5328081,52.9580097,0 10.5337929,52.9587403,0 10.5359809,52.9597026,0 10.5418153,52.9614403,0 10.5486372,52.9655803,0 10.5519566,52.9688614,0 10.555541,52.9735226,0 10.5558149,52.9749929,0 10.5552498,52.9773781,0 10.5473693,52.9967869,0 10.5470333,52.9995712,0 10.5473518,53.0018405,0 10.5486258,53.0048332,0 10.5506906,53.0075297,0 10.5610336,53.0159911,0 10.5636529,53.0190245,0 10.5730485,53.0390988,0 10.5781586,53.0467202,0 10.5797273,53.0509281,0 10.5821818,53.0595222,0 10.5821014,53.0661896,0 10.581103,53.0696838,0 10.5789922,53.0728736,0 10.5637735,53.0896359,0 10.5613835,53.0919966,0 10.524259,53.1203154,0 10.5178381,53.1250565,0 10.5137737,53.1275247,0 10.5062728,53.1308498,0 10.4974313,53.1341989,0 10.4935249,53.1361693,0 10.4896662,53.1384898,0 10.4692863,53.1535359,0 10.4662406,53.1560166,0 10.4632128,53.1591418,0 10.4434889,53.1884864,0 10.4371633,53.1955691,0 10.4352033,53.1984637,0 10.4339261,53.2009625,0 10.4235218,53.229791,0 10.4228556,53.2389475,0 10.4220335,53.2415833,0 10.4202568,53.245551,0 10.4198282,53.2476137,0 10.4198311,53.2514235,0 10.4207907,53.2554655,0 10.4207614,53.2579237,0 10.4197889,53.2606286,0 10.4179779,53.2632224,0 10.4167337,53.2643723,0 10.4138044,53.2663242,0 10.3844763,53.2847508,0 10.3812191,53.2866118,0 10.3775675,53.2883308,0 10.3732401,53.2900075,0 10.359584,53.294614,0 10.2700824,53.3244263,0 10.2645749,53.3266921,0 10.2192105,53.3492183,0 10.2148501,53.351123,0 10.2030697,53.3554664,0 10.1980457,53.3567859,0 10.1888463,53.3586488,0 10.1501801,53.3675347,0 10.1443096,53.3691067,0 10.1375932,53.3713781,0 10.1312624,53.3741356,0 10.1270216,53.3763601,0 10.1229538,53.3788562,0 10.1158198,53.3840106,0 10.1119298,53.3862785,0 10.1076484,53.3883613,0 10.1010221,53.3908475,0 10.0813979,53.3963785,0 10.0764995,53.3982402,0 10.071785,53.4004089,0 10.0672837,53.4028804,0 10.0516394,53.4128415,0 10.0477492,53.414878,0 10.037241,53.4196255,0 10.0344599,53.4211909,0 10.0294936,53.424505,0 10.013437,53.437856,0 10.0079964,53.443151,0 9.993527,53.4531824,0 9.9919603,53.4548421,0 9.9911901,53.4566729,0 9.9911827,53.4582833,0 9.9915112,53.4593453,0 10.0002589,53.4772211,0 10.0029454,53.4839617,0 10.003918,53.4874517,0 10.0054464,53.4956739,0 10.0081329,53.5049468,0 10.0083952,53.5071568,0 10.0083424,53.5107035,0 10.0089485,53.5131359,0 10.0125895,53.5211534,0 10.0167139,53.5265434,0 10.0241364,53.5346653,0 10.0247991,53.5360527,0 10.0246884,53.5368581,0 10.0242357,53.5375727,0 10.0224886,53.5386379,0 10.0111904,53.5405377,0 10.0091022,53.5412756,0 10.0073369,53.54249,0 10.0068628,53.5430873,0 10.0066353,53.5440312,0 10.0074959,53.5468756,0 10.0074661,53.5484476,0 10.006333,53.5520756,0 10.0053921,53.553956,0 10.0045403,53.5549668,0 10.0033055,53.5558942,0 10.0062197,53.5537663,0 10.0076138,53.5513145,0 10.0091269,53.5503661,0 10.0124433,53.5495538,0 10.0158373,53.5497321,0 10.0202429,53.5508642,0 10.0238266,53.5521723,0 10.0251284,53.553147,0 10.0262553,53.5557475,0 10.0274669,53.5568791,0 10.04182,53.5625369,0 10.0455628,53.5633058,0 10.0537006,53.5641092,0 10.0801101,53.5707112,0 10.0875182,53.5730373,0 10.099901,53.5750635,0 10.1037795,53.5760677,0 10.107588,53.5775064,0 10.1097839,53.5786498,0 10.152855,53.6038655,0 10.1566565,53.6064461,0 10.1601407,53.6092422,0 10.1742552,53.6221444,0 10.1777498,53.6239256,0 10.1887152,53.6278033,0 10.190733,53.6288753,0 10.192568,53.6303057,0 10.2054374,53.6447746,0 10.2111345,53.6541251,0 10.2145394,53.6582503,0 10.2172199,53.6607016,0 10.2196938,53.6623597,0 10.2227934,53.6639268,0 10.2406849,53.6710865,0 10.2434015,53.6726223,0 10.245056,53.6740969,0 10.24666,53.6765095,0 10.2663884,53.7237137,0 10.2707661,53.7306197,0 10.2725985,53.7326872,0 10.2758728,53.7347662,0 10.3523151,53.7763219,0 10.354991,53.7783785,0 10.3579207,53.7811478,0 10.3823848,53.8051653,0 10.3803517,53.8030628,0 10.3849856,53.8074447,0 10.388447,53.8095506,0 10.3932036,53.8110428,0 10.3999204,53.8119048,0 10.4203973,53.8160413,0 10.4243677,53.8172853,0 10.4290612,53.8192682,0 10.4340397,53.8205877,0 10.4858886,53.8270619,0 10.4905162,53.8286299,0 10.4982386,53.8322069,0 10.50708,53.8368598,0 10.5125339,53.8385026,0 10.5162123,53.8391506,0 10.5215517,53.8392656,0 10.5295369,53.8383355,0 10.5338026,53.8374224,0 10.5548864,53.8318036,0 10.5600222,53.8309963,0 10.5663355,53.8306818,0 10.571031,53.830902,0 10.5872197,53.8325032,0 10.6481731,53.8386234,0 10.6523654,53.8392805,0 10.6541015,53.8399992,0 10.6552616,53.8407999,0 10.6560864,53.8417748,0 10.6565332,53.8429434,0 10.6559382,53.8502824,0 10.6549278,53.8569339,0 10.6549499,53.8590035,0 10.655376,53.859911,0 10.6568306,53.8619527,0 10.6579196,53.8627267,0 10.6702087,53.867541,0 10.6724463,53.8686915,0 10.6806464,53.8766362,0 10.6830017,53.8797676,0 10.687965,53.8875681,0 10.6912017,53.8950071,0 10.692512,53.8974324,0 10.6929974,53.8996945,0 10.6921092,53.9035472,0 10.6921813,53.905526,0 10.6932211,53.9074635,0 10.6948248,53.9087385,0 10.701078,53.9117754,0 10.7034856,53.9123338,0 10.7050338,53.9122736,0 10.7074115,53.9116949,0 10.7109582,53.9097872,0 10.7126762,53.9091618,0 10.7182221,53.9088741,0 10.7226579,53.9091069,0 10.7328092,53.9108824,0 10.742911,53.9118513,0 10.7791659,53.9124303,0 10.7819492,53.9128676,0 10.7913354,53.9154178,0 10.7986964,53.9163609,0 10.8050167,53.9179514,0 10.8112336,53.9206193,0 10.8149594,53.9229913,0 10.8204841,53.9255935,0 10.8243976,53.9279161,0 10.8329808,53.9321854,0 10.8379323,53.9340137,0 10.8428828,53.9352042,0 10.8447245,53.9360351,0 10.8456814,53.9368088,0 10.8464817,53.9378701,0 10.847305,53.9403427,0 10.8485457,53.9425699,0 10.8502772,53.9445541,0 10.8532902,53.947002,0 10.8540758,53.9481281,0 10.8543531,53.9497495,0 10.8532878,53.9524193,0 10.8532208,53.9532095,0 10.8534914,53.9540561,0 10.854328,53.9550357,0 10.8597383,53.9579476,0 10.8680355,53.9590246,0 10.8700027,53.9595689,0 10.8711149,53.9603543,0 10.8731992,53.9633473,0 10.8760342,53.9649696,0</coordinates>
</LineString>
</Placemark>
<Placemark>
<name>RE46 Esbjerg-Berlin Südkreuz</name>
<description><![CDATA[<div class="kmldesc"><b>Esbjerg → Berlin Südkreuz</b><br/><br/>Flügelzugkonzept, Doppeltraktion ab Lübeck Hbf; Express Lübeck-Büchen ohne Halt<br/><br/><b>Bahnhöfe (22 Halte)</b> — Beispielzeiten eines Musterzugs, zeigt die reale Fahrzeit:<br/><br/><br/>&#8226;&#160;<b>Esbjerg</b><br/>Beispielzeit: ab 07:02<br/><i>Startbahnhof, 1x 4-teiliger KISS</i><br/>&#8226;&#160;<b>Bramming</b><br/>Beispielzeit: an 07:12 / ab 07:14<br/><i>Systemwechsel auf Akkubetrieb</i><br/>&#8226;&#160;<b>Ribe</b><br/>Beispielzeit: an 07:30 / ab 07:32<br/><i>Grenzwertige Bahnsteiglänge 90m</i><br/>&#8226;&#160;<b>Tønder</b><br/>Beispielzeit: an 08:02 / ab 08:04<br/><i>Letzter dänischer Halt</i><br/>&#8226;&#160;<b>Niebüll</b><br/>Beispielzeit: an 08:20 / ab 08:22<br/><i>Halbstundentakt RE6</i><br/>&#8226;&#160;<b>Bredstedt</b><br/>Beispielzeit: an 08:39 / ab 08:41<br/><i>Regelhalt Marschbahn</i><br/>&#8226;&#160;<b>Husum</b><br/>Beispielzeit: an 08:52 / ab 08:55<br/><i>Netzknoten Nordfriesland</i><br/>&#8226;&#160;<b>Jübek</b><br/>Beispielzeit: an 09:12 / ab 09:14<br/><i>Einlauf Hauptachse Flensburg-Hamburg</i><br/>&#8226;&#160;<b>Schleswig</b><br/>Beispielzeit: an 09:21 / ab 09:23<br/><i>Halbstundentakt RE7/Fredericia</i><br/>&#8226;&#160;<b>Rendsburg</b><br/>Beispielzeit: an 09:40 / ab 09:42<br/><i>Wechsel auf Akku</i><br/>&#8226;&#160;<b>Kiel Hauptbahnhof</b><br/>Beispielzeit: an 10:10 / ab 10:17<br/><i>Kopfmachen, 7 Min Wendezeit</i><br/>&#8226;&#160;<b>Plön</b><br/>Beispielzeit: an 10:44 / ab 10:46<br/><i>Halbstundentakt RE83</i><br/>&#8226;&#160;<b>Eutin</b><br/>Beispielzeit: an 11:01 / ab 11:03<br/><i>Regionaler Systemhalt</i><br/>&#8226;&#160;<b>Lübeck Hauptbahnhof</b><br/>Beispielzeit: an 11:27 / ab 11:34<br/><i>Zugstärkung, Beistellen 2. Teiler</i><br/>&#8226;&#160;<b>Büchen</b><br/>Beispielzeit: an 12:01 / ab 12:03<br/><i>Express-Trasse, keine Halte ab Lübeck</i><br/>&#8226;&#160;<b>Hagenow Land</b><br/>Beispielzeit: an 12:22 / ab 12:24<br/><i>Trassenfilterung vor Mecklenburg</i><br/>&#8226;&#160;<b>Wittenberge</b><br/>Beispielzeit: an 12:55 / ab 12:58<br/><i>Systemhalt Brandenburg</i><br/>&#8226;&#160;<b>Neustadt (Dosse)</b><br/>Beispielzeit: an 13:22 / ab 13:24<br/><i>Letzter Systemhalt vor Berlin</i><br/>&#8226;&#160;<b>Berlin-Spandau</b><br/>Beispielzeit: an 13:51 / ab 13:54<br/><i>Einlauf Berliner Bahnen</i><br/>&#8226;&#160;<b>Berlin Hauptbahnhof</b><br/>Beispielzeit: an 14:04 / ab 14:07<br/><i>Nord-Süd-Fernbahntunnel</i><br/>&#8226;&#160;<b>Berlin Potsdamer Platz</b><br/>Beispielzeit: an 14:10 / ab 14:12<br/><i>Unterirdischer Metropolenhalt</i><br/>&#8226;&#160;<b>Berlin Südkreuz</b><br/>Beispielzeit: an 14:17<br/><i>Endbahnhof</i></div><style>@media (prefers-color-scheme: dark) {html,body,.kmldesc{background:#1b1b1b !important;color:#e8e8e8 !important;}.kmldesc a{color:#8ab4f8 !important;}}</style>]]></description>
<LookAt><longitude>10.9173391</longitude><latitude>53.9764095</latitude><altitude>0</altitude><heading>0</heading><tilt>0</tilt><range>400000</range><altitudeMode>clampToGround</altitudeMode></LookAt>
<styleUrl>#lineRE46</styleUrl>
<LineString>
<tessellate>1</tessellate>
<coordinates>8.4584547,55.4677222,0 8.4591846,55.4695644,0 8.4597694,55.470398,0 8.4621987,55.4728988,0 8.4639792,55.4741138,0 8.4658325,55.4749453,0 8.4681459,55.4756072,0 8.4726637,55.4760486,0 8.4932326,55.4736727,0 8.5628754,55.469297,0 8.5697106,55.4683821,0 8.5875204,55.4648836,0 8.5961355,55.4639882,0 8.6014275,55.4639806,0 8.6511065,55.4659483,0 8.6594524,55.4656682,0 8.6824555,55.4638325,0 8.68992,55.4635871,0 8.7177773,55.4652809,0 8.7139289,55.464911,0 8.7163302,55.4647562,0 8.7186149,55.4642611,0 8.7208264,55.4633341,0 8.7222657,55.4623208,0 8.7231064,55.4613927,0 8.7305102,55.4506311,0 8.731498,55.4463248,0 8.7334211,55.4352736,0 8.7382252,55.4048331,0 8.7509001,55.3731143,0 8.7521946,55.3710356,0 8.7746846,55.3433896,0 8.7754865,55.3418752,0 8.7758664,55.3401637,0 8.7757502,55.3385899,0 8.7750778,55.3368109,0 8.7579982,55.3045267,0 8.7566875,55.3029805,0 8.736696,55.2860996,0 8.7338434,55.2812836,0 8.7315655,55.2766271,0 8.7253808,55.2661606,0 8.7245826,55.2641418,0 8.7243627,55.2620094,0 8.7245745,55.2604263,0 8.7429496,55.1862067,0 8.744062,55.1834295,0 8.7464779,55.1802331,0 8.7560453,55.1714728,0 8.7649087,55.163886,0 8.7694572,55.1603055,0 8.7768477,55.1548252,0 8.7931274,55.147483,0 8.7959024,55.1456696,0 8.79712,55.144107,0 8.8267475,55.0704758,0 8.8272411,55.0682949,0 8.8271851,55.0665595,0 8.8265521,55.0643623,0 8.8167248,55.0426837,0 8.8031535,55.0177246,0 8.8027216,55.0160538,0 8.8020214,55.009126,0 8.8020657,55.0064073,0 8.8024145,55.0049479,0 8.8035079,55.0027318,0 8.8050499,55.0008498,0 8.8171265,54.9885498,0 8.8535466,54.9528589,0 8.8562005,54.9499868,0 8.8571435,54.9484113,0 8.8615747,54.9376383,0 8.8614598,54.9358627,0 8.8591677,54.9295294,0 8.8592623,54.9282938,0 8.8597776,54.9267196,0 8.8722592,54.9002638,0 8.8743295,54.8978068,0 8.88604,54.8863293,0 8.8876299,54.884074,0 8.8882202,54.8827071,0 8.8886384,54.8807436,0 8.8896812,54.8663179,0 8.8895073,54.8643808,0 8.888887,54.8626268,0 8.8863071,54.8593151,0 8.8600615,54.8360663,0 8.8582516,54.8339947,0 8.8352957,54.7939117,0 8.8349187,54.7929707,0 8.8348579,54.7913397,0 8.8344649,54.7933945,0 8.8349511,54.7859495,0 8.8358916,54.7841414,0 8.8369124,54.7830778,0 8.856354,54.7682692,0 8.8642032,54.7610227,0 8.8664124,54.7594412,0 8.8686428,54.7583843,0 8.9131272,54.7411726,0 8.915503,54.7399706,0 8.9183192,54.7373086,0 8.9351113,54.7176598,0 8.9362755,54.7155111,0 8.9371378,54.7131506,0 8.9524712,54.668137,0 8.9528515,54.6659185,0 8.9526308,54.6481047,0 8.9527513,54.646732,0 8.9532196,54.6455017,0 8.9666104,54.6250052,0 8.9831712,54.6075389,0 8.9925361,54.5983124,0 8.9941155,54.5961822,0 8.9971227,54.5892842,0 9.0167728,54.5397327,0 9.0190217,54.5346046,0 9.0208855,54.5328357,0 9.0234444,54.5315179,0 9.032044,54.5291615,0 9.0348672,54.5279796,0 9.0377062,54.5259045,0 9.039154,54.5238142,0 9.0409224,54.5158638,0 9.041077,54.5062505,0 9.0413547,54.5035544,0 9.0422103,54.5009325,0 9.0446228,54.4952597,0 9.044968,54.4933654,0 9.0446359,54.4912369,0 9.0438283,54.4893301,0 9.039476,54.484448,0 9.0390139,54.4823913,0 9.0393025,54.4809806,0 9.0435834,54.4754848,0 9.0469629,54.4733875,0 9.0503409,54.4724572,0 9.0627054,54.4711616,0 9.0642555,54.4706669,0 9.065777,54.4698576,0 9.0668752,54.4688903,0 9.067518,54.4679055,0 9.0678068,54.4663265,0 9.0671378,54.4477736,0 9.0628019,54.4309397,0 9.0626402,54.4280465,0 9.0628613,54.4265398,0 9.0717525,54.3919648,0 9.072293,54.3905341,0 9.0776157,54.3815129,0 9.0791991,54.3776506,0 9.0792477,54.3755998,0 9.0785784,54.3741729,0 9.073972,54.3682163,0 9.0695736,54.3600777,0 9.067816,54.3581979,0 9.0654399,54.3566452,0 9.0346261,54.3390322,0 9.0329151,54.3377866,0 9.0315371,54.3362045,0 9.0307097,54.3340733,0 9.0310929,54.328229,0 9.0318851,54.3255,0 9.0608702,54.2510851,0 9.0628579,54.2485391,0 9.0653315,54.2467193,0 9.0837728,54.238373,0 9.0855815,54.2370963,0 9.0864435,54.236036,0 9.0877459,54.2315097,0 9.0907192,54.2233941,0 9.0920569,54.218886,0 9.1021788,54.1909345,0 9.1039762,54.1867284,0 9.105451,54.184988,0 9.1072627,54.1836394,0 9.110366,54.1821921,0 9.1131766,54.1814159,0 9.2058037,54.1642181,0 9.216109,54.1610456,0 9.2331199,54.1580719,0 9.2612723,54.1523677,0 9.2844492,54.1497961,0 9.2875167,54.148551,0 9.3118252,54.1369327,0 9.3198455,54.1282383,0 9.3221573,54.1265792,0 9.3253434,54.1255853,0 9.3399634,54.1227518,0 9.3425761,54.1225667,0 9.3452411,54.1227889,0 9.3554213,54.1251213,0 9.3600483,54.1255205,0 9.3632814,54.1253022,0 9.3676261,54.1245175,0 9.3705304,54.1242536,0 9.4214211,54.1225917,0 9.4534771,54.1221197,0 9.4571272,54.1216787,0 9.5009307,54.1116622,0 9.504382,54.111094,0 9.5085053,54.1110479,0 9.5350036,54.113736,0 9.5376367,54.113674,0 9.5404442,54.1130401,0 9.5540859,54.1070145,0 9.5582708,54.1057843,0 9.6319277,54.0905234,0 9.6551907,54.0864224,0 9.6639043,54.0846195,0 9.6692089,54.0850308,0 9.7059791,54.090941,0 9.7107085,54.0911556,0 9.8651967,54.0731766,0 9.8716482,54.0725985,0 9.8747696,54.0727893,0 9.9752927,54.0847745,0 9.9773205,54.0844961,0 9.9792742,54.0837935,0 9.9805598,54.0828964,0 9.9815688,54.081558,0 9.9816236,54.0801917,0 9.9807547,54.0776422,0 9.9797909,54.076035,0 9.978515,54.0729601,0 9.9764294,54.0704157,0 9.9738962,54.0680272,0 9.9711221,54.0660034,0 9.9675396,54.0638978,0 9.8240086,53.9901798,0 9.9692535,54.0648487,0 9.9723965,54.0668779,0 9.9749423,54.068915,0 9.978515,54.0729601,0 9.9797909,54.076035,0 9.9807547,54.0776422,0 9.9815847,54.0800287,0 9.9814831,54.0817727,0 9.9802599,54.0831605,0 9.978815,54.084003,0 9.9766468,54.0846292,0 9.9739584,54.0847511,0 9.8747696,54.0727893,0 9.8716482,54.0725985,0 9.8651967,54.0731766,0 9.7107085,54.0911556,0 9.7059791,54.090941,0 9.6692089,54.0850308,0 9.66618,54.0846528,0 9.663395,54.0846676,0 9.6551907,54.0864224,0 9.6319277,54.0905234,0 9.5582708,54.1057843,0 9.5540859,54.1070145,0 9.5404442,54.1130401,0 9.5376367,54.113674,0 9.5350036,54.113736,0 9.5085053,54.1110479,0 9.504382,54.111094,0 9.5009307,54.1116622,0 9.4571272,54.1216787,0 9.4534771,54.1221197,0 9.4214211,54.1225917,0 9.3705304,54.1242536,0 9.3676261,54.1245175,0 9.3632814,54.1253022,0 9.3600483,54.1255205,0 9.3554213,54.1251213,0 9.3446738,54.1227142,0 9.3420161,54.1225767,0 9.3392669,54.1228578,0 9.3253434,54.1255853,0 9.3221573,54.1265792,0 9.3198455,54.1282383,0 9.3118252,54.1369327,0 9.2875167,54.148551,0 9.2844492,54.1497961,0 9.2820733,54.1502097,0 9.2622795,54.1521827,0 9.2331199,54.1580719,0 9.216109,54.1610456,0 9.2058037,54.1642181,0 9.1131766,54.1814159,0 9.1086991,54.1828747,0 9.1056558,54.1848052,0 9.1039762,54.1867284,0 9.1021668,54.1909655,0 9.0920569,54.218886,0 9.0907192,54.2233941,0 9.0877459,54.2315097,0 9.0864435,54.236036,0 9.0855815,54.2370963,0 9.0837728,54.238373,0 9.0653315,54.2467193,0 9.0628579,54.2485391,0 9.0608702,54.2510851,0 9.0312539,54.3272281,0 9.0306733,54.3337587,0 9.0309919,54.3351718,0 9.0322534,54.337131,0 9.0346261,54.3390322,0 9.0654399,54.3566452,0 9.067816,54.3581979,0 9.0695736,54.3600777,0 9.073972,54.3682163,0 9.0785784,54.3741729,0 9.0793025,54.375864,0 9.0791991,54.3776506,0 9.0776157,54.3815129,0 9.072293,54.3905341,0 9.0717525,54.3919648,0 9.0628613,54.4265398,0 9.0626402,54.4280465,0 9.0628019,54.4309397,0 9.0671378,54.4477736,0 9.067794,54.465739,0 9.0676614,54.4675589,0 9.0671206,54.4685875,0 9.0660385,54.4696707,0 9.0631695,54.4710542,0 9.0599072,54.4716622,0 9.0525212,54.4722568,0 9.0603559,54.4719667,0 9.0638284,54.4724539,0 9.0665186,54.4731309,0 9.0692314,54.4741434,0 9.0715354,54.475369,0 9.0736338,54.4768667,0 9.0750146,54.4774899,0 9.0807525,54.4785306,0 9.0848336,54.4790031,0 9.0901201,54.4792573,0 9.0955572,54.4791819,0 9.103183,54.4778491,0 9.106627,54.4776266,0 9.122881,54.477804,0 9.1270907,54.478076,0 9.1334119,54.4789125,0 9.1403826,54.4804537,0 9.1638459,54.4875896,0 9.1734147,54.4892521,0 9.1776606,54.4903878,0 9.1805243,54.4914589,0 9.1840079,54.4932196,0 9.1893841,54.4972286,0 9.1913081,54.4983466,0 9.1958823,54.4999966,0 9.1996708,54.5006348,0 9.2277746,54.5025433,0 9.2316863,54.5032529,0 9.2340303,54.5040665,0 9.2366529,54.5055491,0 9.2624321,54.5255136,0 9.2681765,54.5294949,0 9.2731628,54.5319863,0 9.3193428,54.5521027,0 9.3224605,54.5531408,0 9.3269876,54.554238,0 9.38664,54.5643716,0 9.3902917,54.5646636,0 9.3937759,54.5642367,0 9.3969291,54.5632264,0 9.4958888,54.511208,0 9.5019248,54.509071,0 9.5138133,54.5069112,0 9.532826,54.501912,0 9.5349801,54.5010605,0 9.5432314,54.4969629,0 9.5464704,54.4947255,0 9.548109,54.4927664,0 9.5488477,54.4911966,0 9.5498954,54.4826534,0 9.5494225,54.4791526,0 9.547325,54.4741668,0 9.5468169,54.4723153,0 9.5467367,54.4698298,0 9.5471845,54.4677871,0 9.5484958,54.4651683,0 9.5504475,54.4628547,0 9.5675858,54.44936,0 9.5686715,54.448272,0 9.5695246,54.4469492,0 9.5699113,54.4458706,0 9.57003,54.4444178,0 9.5685495,54.4384305,0 9.5684521,54.4358399,0 9.5688446,54.4327179,0 9.5768824,54.4067152,0 9.5785379,54.4035139,0 9.5811147,54.4007425,0 9.5866093,54.3965257,0 9.5887908,54.3945103,0 9.5952647,54.3868051,0 9.6004316,54.3820126,0 9.6060143,54.3780847,0 9.6272937,54.3652299,0 9.6289735,54.363957,0 9.6308589,54.3620467,0 9.6332658,54.3589925,0 9.6350057,54.3560108,0 9.637686,54.3489014,0 9.6542271,54.315977,0 9.6568599,54.3126236,0 9.66112,54.3096828,0 9.6635988,54.3072197,0 9.6673762,54.3050743,0 9.6730968,54.3004572,0 9.6753331,54.2989715,0 9.6790315,54.2974401,0 9.6827122,54.2968727,0 9.6863485,54.297215,0 9.7003983,54.300742,0 9.7020034,54.3017679,0 9.7029968,54.3031602,0 9.7030808,54.3047384,0 9.7022643,54.3060928,0 9.7007613,54.3072175,0 9.698522,54.3080328,0 9.6961003,54.3083282,0 9.6936004,54.3081054,0 9.6914724,54.3074843,0 9.6830952,54.3041443,0 9.6813995,54.3031007,0 9.6801117,54.3016798,0 9.6796496,54.3001948,0 9.6798893,54.2987286,0 9.6857008,54.2879604,0 9.6874623,54.2862487,0 9.6898816,54.2850984,0 9.6922698,54.2845523,0 9.6949339,54.2844118,0 9.7094207,54.2858261,0 9.712655,54.2857526,0 9.7161213,54.2848981,0 9.7301702,54.2791875,0 9.7328946,54.2787612,0 9.7353401,54.2789697,0 9.7374652,54.2797286,0 9.7389665,54.2810479,0 9.7444186,54.2963357,0 9.7456022,54.2977422,0 9.7475961,54.2988227,0 9.810006,54.3154382,0 9.8136041,54.3158824,0 9.8393572,54.3169206,0 9.8434472,54.3168531,0 9.8902873,54.3132554,0 9.9026464,54.3133906,0 9.9204296,54.3111428,0 9.9498159,54.309801,0 9.9539402,54.3100801,0 9.957457,54.3110256,0 9.9596828,54.312055,0 9.9678399,54.3171706,0 9.9732974,54.3193063,0 9.9766276,54.3198313,0 9.9917804,54.3192412,0 10.0007488,54.3170974,0 10.012072,54.3149591,0 10.0609339,54.3094738,0 10.0653514,54.3095634,0 10.0752718,54.3106282,0 10.0779235,54.3112475,0 10.0845193,54.3134839,0 10.0909711,54.3147206,0 10.0928376,54.3148558,0 10.0947491,54.3145088,0 10.0962614,54.3137034,0 10.0970857,54.3128859,0 10.1004889,54.308104,0 10.1017912,54.307097,0 10.1031488,54.3064911,0 10.1049654,54.3060312,0 10.1071851,54.305853,0 10.112797,54.3065903,0 10.1204736,54.3070997,0 10.1267544,54.3065953,0 10.1300407,54.3057276,0 10.1312938,54.3051096,0 10.1342372,54.3020495,0 10.1353646,54.3003983,0 10.1358135,54.2991372,0 10.1359396,54.2977339,0 10.1356319,54.2960065,0 10.1349665,54.2944173,0 10.1338193,54.2928762,0 10.1322088,54.2913264,0 10.1304244,54.2898051,0 10.1285905,54.2887003,0 10.1261006,54.2876575,0 10.1223607,54.2867051,0 10.1154968,54.2861929,0 10.1084528,54.2853066,0 10.1031485,54.2838969,0 10.1001967,54.2828519,0 10.0989649,54.2821842,0 10.0976081,54.2810473,0 10.1002351,54.282818,0 10.1031879,54.2838624,0 10.1079166,54.2851089,0 10.1155229,54.2860963,0 10.1215893,54.286498,0 10.1254824,54.2873681,0 10.1290706,54.2888411,0 10.132241,54.2911563,0 10.1343834,54.2924037,0 10.1360484,54.2954221,0 10.1364399,54.2972029,0 10.136425,54.2985625,0 10.1355291,54.3014729,0 10.1309559,54.3061571,0 10.130184,54.3073884,0 10.1298054,54.3093392,0 10.1300688,54.3113703,0 10.1308627,54.3133371,0 10.1300688,54.3113703,0 10.1297131,54.3089485,0 10.130041,54.3072764,0 10.1309801,54.3058534,0 10.1346642,54.302118,0 10.1371297,54.2990832,0 10.1382812,54.2981535,0 10.140866,54.2969032,0 10.1473727,54.2948977,0 10.1502875,54.2942189,0 10.1535637,54.2938326,0 10.1566456,54.2938171,0 10.1620718,54.2942517,0 10.1657791,54.2938238,0 10.1710876,54.2918939,0 10.1795531,54.2874244,0 10.1826594,54.2864743,0 10.1861912,54.2858335,0 10.2022104,54.2839137,0 10.2112177,54.2833172,0 10.215436,54.2834071,0 10.2310008,54.284502,0 10.233774,54.2844763,0 10.2364305,54.2841017,0 10.2392318,54.2833302,0 10.2413606,54.2825172,0 10.243234,54.2813814,0 10.2446337,54.2798424,0 10.2503158,54.2698636,0 10.2518424,54.2678117,0 10.2548796,54.2653705,0 10.2662503,54.2591334,0 10.2689057,54.2572696,0 10.2712818,54.2545398,0 10.2755047,54.2471544,0 10.2760286,54.2446288,0 10.2757967,54.2367531,0 10.276102,54.2308336,0 10.2765315,54.2295033,0 10.2783389,54.2264396,0 10.2788704,54.2238113,0 10.2786488,54.2218764,0 10.2779464,54.2200861,0 10.2730957,54.2129789,0 10.2722617,54.2108491,0 10.2721555,54.209263,0 10.2724773,54.2076645,0 10.2752795,54.2023307,0 10.2770676,54.2002856,0 10.2799033,54.1982139,0 10.3023844,54.1867294,0 10.3050472,54.1849242,0 10.3065996,54.1829688,0 10.3078317,54.1793314,0 10.3088564,54.177654,0 10.316724,54.1709269,0 10.331199,54.1507942,0 10.3322232,54.1497766,0 10.3340201,54.1488646,0 10.3371889,54.1483261,0 10.3418437,54.1488717,0 10.3438281,54.1494566,0 10.3501116,54.152127,0 10.3551614,54.1532344,0 10.3594949,54.1532278,0 10.3653326,54.152265,0 10.3688787,54.152402,0 10.3719224,54.1531421,0 10.3773658,54.1554886,0 10.3816145,54.1560617,0 10.384533,54.1558448,0 10.387451,54.1550552,0 10.3896138,54.1539209,0 10.392829,54.1514572,0 10.3959257,54.1502077,0 10.3997786,54.1496492,0 10.403794,54.1500017,0 10.4076392,54.1513549,0 10.4107219,54.1540259,0 10.412406,54.1550929,0 10.4168891,54.1567013,0 10.4208064,54.1588167,0 10.4257198,54.1604852,0 10.4278498,54.1615442,0 10.4293237,54.1625543,0 10.4309347,54.164837,0 10.432013,54.165764,0 10.4340889,54.1669926,0 10.4384251,54.1688065,0 10.4427085,54.1719066,0 10.4449902,54.173064,0 10.4490152,54.174181,0 10.4623839,54.1765704,0 10.4652505,54.176893,0 10.4681515,54.1768636,0 10.4710489,54.1764628,0 10.4793961,54.1739025,0 10.4828185,54.173304,0 10.4865162,54.1732454,0 10.4998153,54.1743355,0 10.5029195,54.1743558,0 10.511116,54.1731899,0 10.5348179,54.1704394,0 10.537258,54.1699383,0 10.5417122,54.1684333,0 10.5489887,54.1678438,0 10.5557678,54.1653068,0 10.5614683,54.1645146,0 10.5652398,54.1634886,0 10.5685848,54.1616425,0 10.5768069,54.1545697,0 10.590775,54.1475264,0 10.6129094,54.1335779,0 10.6148222,54.132787,0 10.6175337,54.1321417,0 10.629547,54.1306681,0 10.6339316,54.1293899,0 10.6416347,54.1243483,0 10.646456,54.1200404,0 10.6478858,54.1183279,0 10.6486921,54.1168101,0 10.6498093,54.1128328,0 10.6504177,54.1114445,0 10.6561436,54.1021287,0 10.6644444,54.0798971,0 10.6655047,54.0751819,0 10.665524,54.0684116,0 10.6657367,54.0674469,0 10.6668886,54.0656772,0 10.6692618,54.0636664,0 10.6702428,54.0624143,0 10.6706008,54.0614544,0 10.6714951,54.028419,0 10.6725586,54.0251447,0 10.6762164,54.0199546,0 10.6782888,54.0146861,0 10.6817456,54.0100068,0 10.6837687,54.0048174,0 10.6844565,54.0035968,0 10.6989333,53.9868634,0 10.7054676,53.9776204,0 10.7197852,53.9541045,0 10.7210612,53.9509349,0 10.7210191,53.948491,0 10.7207002,53.9470685,0 10.7180044,53.94026,0 10.7184948,53.9361646,0 10.7170456,53.9326305,0 10.7167627,53.9299269,0 10.716428,53.9289547,0 10.715275,53.9274081,0 10.6951575,53.9096582,0 10.6928914,53.9071574,0 10.692119,53.9055259,0 10.6920099,53.9047116,0 10.6921071,53.9032055,0 10.6928971,53.9001437,0 10.6926509,53.8979048,0 10.6911408,53.8950193,0 10.687912,53.8875779,0 10.6829481,53.879778,0 10.6801069,53.8760857,0 10.6726632,53.8688352,0 10.6702087,53.867541,0 10.658478,53.8629951,0 10.6572118,53.8622776,0 10.6565385,53.8616282,0 10.6550531,53.8592791,0 10.6549278,53.8569339,0 10.6565636,53.8447603,0 10.6570951,53.8435256,0 10.6584209,53.8422511,0 10.6606564,53.8412002,0 10.6635852,53.8406877,0 10.6660219,53.8406684,0 10.6721528,53.8412041,0 10.679245,53.8404721,0 10.6849047,53.8384165,0 10.6865103,53.8372185,0 10.6871807,53.8361976,0 10.7067444,53.7754126,0 10.7085344,53.7722471,0 10.7097006,53.7708977,0 10.7121127,53.7687548,0 10.7195949,53.7644252,0 10.723763,53.7611789,0 10.7259451,53.7585325,0 10.7272254,53.7560127,0 10.727781,53.7526501,0 10.727391,53.7456916,0 10.7278877,53.7425136,0 10.7291347,53.7391878,0 10.7298974,53.7379126,0 10.7336631,53.732991,0 10.7354782,53.729919,0 10.736147,53.7270949,0 10.7359971,53.7238276,0 10.7344772,53.7174472,0 10.7345717,53.7121077,0 10.7351519,53.7064881,0 10.7356778,53.704861,0 10.7368344,53.7028056,0 10.7404299,53.6984671,0 10.7412876,53.6970685,0 10.7418196,53.6952966,0 10.7416854,53.6939397,0 10.740963,53.6922944,0 10.7368652,53.6863868,0 10.7351634,53.683546,0 10.7318639,53.6797359,0 10.7270028,53.6760493,0 10.7195385,53.6717593,0 10.7172916,53.6698877,0 10.7158779,53.6683215,0 10.7149121,53.6669688,0 10.7074106,53.6533055,0 10.7057845,53.6510625,0 10.6874006,53.6349995,0 10.6856446,53.6320796,0 10.6851457,53.6303428,0 10.6849128,53.6272699,0 10.6841394,53.6255449,0 10.6761465,53.6176165,0 10.6744649,53.6152469,0 10.6734033,53.6131369,0 10.6716701,53.6086697,0 10.6710967,53.6053629,0 10.6703857,53.5518427,0 10.6698641,53.5489462,0 10.6682822,53.5459083,0 10.6657561,53.5431629,0 10.6618817,53.5403961,0 10.6288491,53.5244092,0 10.6228169,53.5204606,0 10.6191895,53.5169626,0 10.6167432,53.5137169,0 10.6158365,53.5120742,0 10.6143693,53.5081872,0 10.6139064,53.5043936,0 10.6140039,53.5025032,0 10.6180507,53.4806736,0 10.6181487,53.4791289,0 10.6187413,53.478084,0 10.6219125,53.4759743,0 10.6231363,53.4746442,0 10.622129,53.4757879,0 10.6209656,53.4766058,0 10.6528495,53.4584822,0 10.6586962,53.4546879,0 10.6968439,53.4222256,0 10.7403107,53.3847385,0 10.7435598,53.3823529,0 10.7481119,53.3801117,0 10.75556,53.3777036,0 10.7603822,53.3766297,0 10.7659784,53.3760958,0 10.8884916,53.3762994,0 10.8961621,53.3759689,0 10.9037336,53.3748233,0 10.9790512,53.3586326,0 10.9868076,53.3579962,0 11.0197542,53.3577355,0 11.0243547,53.3578918,0 11.1441733,53.3723075,0 11.1503841,53.373571,0 11.1542717,53.3749401,0 11.1575625,53.3765693,0 11.2062609,53.4086606,0 11.2153045,53.4136438,0 11.2103798,53.4108803,0 11.2157997,53.4133031,0 11.2210245,53.4150085,0 11.2256237,53.4159408,0 11.2307388,53.4162896,0 11.2359846,53.4159282,0 11.2419822,53.4147404,0 11.3879707,53.3833102,0 11.3941801,53.3815189,0 11.3989354,53.3796778,0 11.4124938,53.373378,0 11.4996826,53.3320289,0 11.5026463,53.3299417,0 11.5044988,53.3279847,0 11.5058206,53.3257737,0 11.5070815,53.3214627,0 11.5085633,53.3185413,0 11.5109986,53.3155244,0 11.5144301,53.3125177,0 11.5179487,53.3102061,0 11.5700535,53.2794087,0 11.7129841,53.2139598,0 11.7172395,53.2116838,0 11.7203926,53.209654,0 11.7241002,53.206733,0 11.7267806,53.2042012,0 11.7286945,53.2020122,0 11.7315755,53.1976154,0 11.7328745,53.194795,0 11.7338219,53.1914042,0 11.7618201,53.0065705,0 11.7629693,53.0031083,0 11.7654643,52.9985929,0 11.7673842,52.9965017,0 11.7701599,52.9947874,0 11.773909,52.9934806,0 11.7778149,52.9929103,0 11.7883288,52.9928084,0 11.8497592,52.9892516,0 11.8554237,52.9886852,0 11.8613986,52.9873809,0 11.9292413,52.9677338,0 11.9430288,52.9628523,0 12.0710766,52.9076866,0 12.0761813,52.9057074,0 12.085258,52.9031986,0 12.1370433,52.89216,0 12.1427969,52.8912554,0 12.1471959,52.890831,0 12.2223093,52.8861598,0 12.2285192,52.8859408,0 12.2376314,52.8864047,0 12.2833381,52.891273,0 12.3355996,52.8935538,0 12.3411161,52.8934135,0 12.3451489,52.8928726,0 12.3497494,52.8917351,0 12.4281888,52.8665015,0 12.4320077,52.8650106,0 12.4340542,52.8638775,0 12.4467386,52.8556129,0 12.5913166,52.7581643,0 12.7087818,52.678582,0 12.7137207,52.6756488,0 12.7186009,52.6733503,0 12.8703241,52.617167,0 12.8766354,52.6150193,0 13.1170461,52.5524636,0 13.1674037,52.5395856,0 13.1987984,52.5342805,0 13.2075623,52.5319762,0 13.2241997,52.5298168,0 13.2349809,52.5287856,0 13.2431877,52.5268631,0 13.2465551,52.5265603,0 13.2506298,52.5266448,0 13.2912957,52.5292015,0 13.3401172,52.5355618,0 13.3536686,52.5369547,0 13.3553041,52.5369519,0 13.357311,52.5365458,0 13.3592666,52.5355062,0 13.3674843,52.5278535,0 13.3721867,52.5210017,0 13.3756697,52.5144063,0 13.3762235,52.5122159,0 13.3758945,52.5070748,0 13.3739812,52.503355,0 13.3728574,52.5003167,0 13.3730194,52.4966274,0 13.3723222,52.4872282,0 13.3713375,52.4849388,0 13.36607,52.4767704,0</coordinates>
</LineString>
</Placemark>
<Placemark>
<name>RE77 Fredericia-Berlin Ostbahnhof</name>
<description><![CDATA[<div class="kmldesc"><b>Fredericia → Berlin Ostbahnhof</b><br/><br/>Halbstundentakt versetzt zu RE7 auf dem schleswig-holsteinischen Kernabschnitt<br/><br/><b>Bahnhöfe (22 Halte)</b> — Beispielzeiten eines Musterzugs, zeigt die reale Fahrzeit:<br/><br/><br/>&#8226;&#160;<b>Fredericia</b><br/>Beispielzeit: ab 05:39<br/><i>Start im DSB-Netz</i><br/>&#8226;&#160;<b>Kolding</b><br/>Beispielzeit: an 05:53 / ab 05:55<br/><i>Fester Knotenhalt</i><br/>&#8226;&#160;<b>Lunderskov</b><br/>Beispielzeit: an 06:04 / ab 06:05<br/><i>Mindesthaltzeit gesichert</i><br/>&#8226;&#160;<b>Vamdrup</b><br/>Beispielzeit: an 06:10 / ab 06:11<br/><i>Regionalhalt</i><br/>&#8226;&#160;<b>Vojens</b><br/>Beispielzeit: an 06:25 / ab 06:26<br/><i>Nordschleswig-Achse</i><br/>&#8226;&#160;<b>Padborg</b><br/>Beispielzeit: an 06:50 / ab 06:52<br/><i>Grenzstation</i><br/>&#8226;&#160;<b>Flensburg</b><br/>Beispielzeit: an 07:05 / ab 07:15<br/><i>Systemwechsel, Versatz zu RE7</i><br/>&#8226;&#160;<b>Jübek</b><br/>Beispielzeit: an 07:31 / ab 07:32<br/><i>Fester Haltepunkt</i><br/>&#8226;&#160;<b>Schleswig</b><br/>Beispielzeit: an 07:41 / ab 07:43<br/><i>Taktknoten</i><br/>&#8226;&#160;<b>Rendsburg</b><br/>Beispielzeit: an 08:01 / ab 08:03<br/><i>Kanalquerung</i><br/>&#8226;&#160;<b>Neumünster</b><br/>Beispielzeit: an 08:26 / ab 08:29<br/><i>Großer Taktknoten</i><br/>&#8226;&#160;<b>Elmshorn</b><br/>Beispielzeit: an 08:52 / ab 08:54<br/><i>Umlandzustieg</i><br/>&#8226;&#160;<b>Hamburg Dammtor</b><br/>Beispielzeit: an 09:12 / ab 09:14<br/><i>Messeknoten</i><br/>&#8226;&#160;<b>Hamburg Hauptbahnhof</b><br/>Beispielzeit: an 09:19 / ab 09:24<br/><i>Fahrtrichtungswechsel</i><br/>&#8226;&#160;<b>Büchen</b><br/>Beispielzeit: an 09:49 / ab 09:51<br/><i>Landesgrenze SH/MV</i><br/>&#8226;&#160;<b>Hagenow Land</b><br/>Beispielzeit: an 10:10 / ab 10:11<br/><i>Fester Regionalhalt</i><br/>&#8226;&#160;<b>Wittenberge</b><br/>Beispielzeit: an 10:49 / ab 10:51<br/><i>Prignitz-Knoten</i><br/>&#8226;&#160;<b>Berlin-Spandau</b><br/>Beispielzeit: an 11:25 / ab 11:27<br/><i>Einfädelung Berlin</i><br/>&#8226;&#160;<b>Berlin Hauptbahnhof</b><br/>Beispielzeit: an 11:39 / ab 11:42<br/><i>Stadtbahn regional</i><br/>&#8226;&#160;<b>Berlin Friedrichstraße</b><br/>Beispielzeit: an 11:45 / ab 11:46<br/><i>Zentraler Umstieg</i><br/>&#8226;&#160;<b>Berlin Alexanderplatz</b><br/>Beispielzeit: an 11:50 / ab 11:51<br/><i>Innenstadthalt</i><br/>&#8226;&#160;<b>Berlin Ostbahnhof</b><br/>Beispielzeit: an 11:55<br/><i>Endstation</i></div><style>@media (prefers-color-scheme: dark) {html,body,.kmldesc{background:#1b1b1b !important;color:#e8e8e8 !important;}.kmldesc a{color:#8ab4f8 !important;}}</style>]]></description>
<LookAt><longitude>11.34518195</longitude><latitude>54.039442449999996</latitude><altitude>0</altitude><heading>0</heading><tilt>0</tilt><range>391728.71201463183</range><altitudeMode>clampToGround</altitudeMode></LookAt>
<styleUrl>#lineRE77</styleUrl>
<LineString>
<tessellate>1</tessellate>
<coordinates>9.7394212,55.5684525,0 9.7385058,55.5666265,0 9.7359454,55.5630052,0 9.733953,55.5611379,0 9.7311321,55.5596341,0 9.7253332,55.5580436,0 9.7211167,55.5575658,0 9.7080824,55.5576827,0 9.7049816,55.5574623,0 9.625154,55.5453723,0 9.620688,55.544942,0 9.6133193,55.5448011,0 9.6101858,55.544495,0 9.607063,55.5438143,0 9.6034934,55.542607,0 9.5925785,55.536645,0 9.589892,55.5355623,0 9.5867223,55.5347002,0 9.5796039,55.5338171,0 9.5679269,55.5334572,0 9.5545664,55.5320898,0 9.542009,55.5293398,0 9.5356083,55.5266805,0 9.5267885,55.521712,0 9.5242192,55.5197431,0 9.5227219,55.5179195,0 9.5196171,55.5128707,0 9.5167983,55.5046596,0 9.5156408,55.5031569,0 9.5136446,55.5015804,0 9.5111615,55.5003496,0 9.5086038,55.4995519,0 9.4994617,55.4982102,0 9.4960488,55.4973234,0 9.4846356,55.4924156,0 9.4779466,55.4887325,0 9.4754867,55.4879608,0 9.4708106,55.4875764,0 9.4677836,55.4878302,0 9.4571392,55.4901527,0 9.445962,55.491603,0 9.4353682,55.4944797,0 9.4315303,55.4950764,0 9.4263775,55.4950913,0 9.4158605,55.4938091,0 9.4106306,55.4940059,0 9.4054589,55.495185,0 9.3925894,55.5005118,0 9.3889604,55.5015007,0 9.384516,55.5019462,0 9.3672395,55.5023971,0 9.3376253,55.5003492,0 9.3327283,55.4994106,0 9.3261734,55.4969037,0 9.3202973,55.4933404,0 9.3122392,55.4892144,0 9.3098404,55.4875149,0 9.3060867,55.4837177,0 9.3041778,55.4803903,0 9.30135,55.4732654,0 9.300061,55.4612396,0 9.3007545,55.4504695,0 9.2978484,55.4393583,0 9.2966472,55.4370927,0 9.2950961,55.4352588,0 9.2815681,55.4240325,0 9.2799852,55.4224369,0 9.278826,55.4208185,0 9.2781747,55.4195233,0 9.2769148,55.4155389,0 9.2701529,55.3926615,0 9.269775,55.390625,0 9.2698096,55.3886991,0 9.2751928,55.344912,0 9.2757882,55.3419881,0 9.2771964,55.3380114,0 9.2955287,55.2936152,0 9.3029526,55.2600183,0 9.304813,55.2504191,0 9.3052109,55.2448486,0 9.3049676,55.2430636,0 9.3041279,55.2409636,0 9.3014493,55.2363436,0 9.3008425,55.2345386,0 9.300499,55.2323038,0 9.3006751,55.22943,0 9.3031168,55.2147543,0 9.3028888,55.2121685,0 9.3013617,55.2057135,0 9.3013671,55.2032997,0 9.3018418,55.2009776,0 9.3093565,55.1767676,0 9.3107941,55.1741676,0 9.3328689,55.1392673,0 9.3381682,55.1263947,0 9.3387498,55.1239647,0 9.338819,55.1215159,0 9.3337601,55.0731611,0 9.3312326,55.0647765,0 9.3237109,55.042982,0 9.3225232,55.0406653,0 9.3210025,55.0385959,0 9.2827487,54.9927967,0 9.2813372,54.9907093,0 9.2798627,54.987661,0 9.2600719,54.9408093,0 9.2558533,54.9304583,0 9.2553105,54.9284433,0 9.2555936,54.9261703,0 9.2567357,54.923877,0 9.2657714,54.9121894,0 9.2676324,54.9101063,0 9.3531568,54.8342389,0 9.357004,54.8286686,0 9.3613766,54.8181901,0 9.3841982,54.7779258,0 9.3865846,54.7753923,0 9.3980338,54.7656178,0 9.4002701,54.7642297,0 9.403718,54.7634316,0 9.4066344,54.7634552,0 9.4125618,54.7643838,0 9.4199914,54.764835,0 9.4382711,54.7624729,0 9.4409569,54.7624013,0 9.4441324,54.7629751,0 9.4468611,54.7643325,0 9.447929,54.7654216,0 9.44846,54.7664602,0 9.4485764,54.7675928,0 9.4483383,54.7685164,0 9.4472819,54.7699522,0 9.4453374,54.7712035,0 9.4413424,54.7727578,0 9.4351019,54.7746728,0 9.4291835,54.7754895,0 9.4262613,54.7753061,0 9.4238594,54.7746463,0 9.4221373,54.7736726,0 9.4179237,54.7695313,0 9.4102979,54.7637515,0 9.4066431,54.7617449,0 9.3992952,54.7586767,0 9.3903196,54.7531435,0 9.3887952,54.7515631,0 9.3874006,54.749093,0 9.3831952,54.743363,0 9.3823279,54.7418216,0 9.3821054,54.7403271,0 9.3823934,54.7381673,0 9.3836238,54.7348961,0 9.3939275,54.7200556,0 9.3953765,54.7173452,0 9.4020412,54.7001232,0 9.4030093,54.69634,0 9.4033523,54.692775,0 9.403178,54.6893555,0 9.401017,54.6719675,0 9.4005854,54.669736,0 9.3997053,54.6671408,0 9.3970187,54.6625364,0 9.3766597,54.6356192,0 9.3751295,54.6328509,0 9.3742716,54.6298462,0 9.3742372,54.6263486,0 9.3813033,54.5799345,0 9.3820182,54.5774948,0 9.3829653,54.5754402,0 9.3858391,54.571348,0 9.3901275,54.5674152,0 9.395524,54.5639684,0 9.4958888,54.511208,0 9.5019248,54.509071,0 9.5138133,54.5069112,0 9.532826,54.501912,0 9.5349801,54.5010605,0 9.5432314,54.4969629,0 9.5458505,54.4952709,0 9.5476426,54.4934282,0 9.5488477,54.4911966,0 9.549869,54.4833396,0 9.5498228,54.4811975,0 9.5494225,54.4791526,0 9.547325,54.4741668,0 9.5468169,54.4723153,0 9.5467367,54.4698298,0 9.5471845,54.4677871,0 9.5484958,54.4651683,0 9.5504475,54.4628547,0 9.5675858,54.44936,0 9.5686715,54.448272,0 9.5695246,54.4469492,0 9.5699113,54.4458706,0 9.57003,54.4444178,0 9.5685495,54.4384305,0 9.5684521,54.4358399,0 9.5688446,54.4327179,0 9.5768824,54.4067152,0 9.5780472,54.4042438,0 9.5807419,54.4010741,0 9.5866093,54.3965257,0 9.5887908,54.3945103,0 9.5952647,54.3868051,0 9.6004316,54.3820126,0 9.6060143,54.3780847,0 9.6272937,54.3652299,0 9.6293571,54.363603,0 9.6313508,54.3614757,0 9.6332658,54.3589925,0 9.6350057,54.3560108,0 9.637686,54.3489014,0 9.6535706,54.3172076,0 9.6550707,54.3146957,0 9.6568599,54.3126236,0 9.66112,54.3096828,0 9.6635988,54.3072197,0 9.6673762,54.3050743,0 9.6744885,54.2994752,0 9.6781738,54.2977309,0 9.6813976,54.2969661,0 9.6839643,54.296885,0 9.6863485,54.297215,0 9.6986516,54.3001613,0 9.700976,54.3010313,0 9.7026066,54.3024324,0 9.7030763,54.3034022,0 9.7031412,54.3044174,0 9.7028572,54.3052978,0 9.7022643,54.3060928,0 9.7003001,54.3074444,0 9.698522,54.3080328,0 9.6965635,54.3083135,0 9.692828,54.3079217,0 9.6828204,54.3040113,0 9.6812347,54.3029627,0 9.6801117,54.3016798,0 9.6796415,54.3000847,0 9.6799771,54.2985254,0 9.6857008,54.2879604,0 9.6863407,54.2871426,0 9.6876603,54.2861199,0 9.6904702,54.2849197,0 9.6938962,54.2844123,0 9.7100872,54.2858634,0 9.7131799,54.2856799,0 9.7155633,54.2851008,0 9.7479749,54.271521,0 9.7866241,54.2538173,0 9.7907561,54.2515337,0 9.7930612,54.2497499,0 9.795169,54.2474326,0 9.8413508,54.1766998,0 9.8436047,54.173837,0 9.8465006,54.1711479,0 9.8559607,54.1643632,0 9.8867513,54.1480734,0 9.9634237,54.09951,0 9.9654688,54.0987064,0 9.967923,54.0983309,0 9.9783049,54.0983597,0 9.9806289,54.0981001,0 9.9824401,54.0975388,0 9.9838627,54.096763,0 9.9847997,54.09593,0 9.9854442,54.0948859,0 9.9856441,54.0937093,0 9.9853095,54.0920134,0 9.981253,54.0786643,0 9.9790192,54.0735426,0 9.9769976,54.0710468,0 9.9749752,54.0690159,0 9.9703964,54.0655903,0 9.9666812,54.0634985,0 9.7814675,53.9682178,0 9.778503,53.966611,0 9.7757515,53.9646637,0 9.7722853,53.9610349,0 9.6803376,53.8520446,0 9.6789108,53.8506338,0 9.6480593,53.8247446,0 9.645825,53.822581,0 9.6443884,53.8206634,0 9.6432999,53.8184337,0 9.6427963,53.8164596,0 9.6426751,53.8142757,0 9.6429262,53.8126272,0 9.6608141,53.7489146,0 9.6622682,53.7442222,0 9.663263,53.7421404,0 9.6645557,53.7403211,0 9.6674691,53.737496,0 9.7174989,53.6952166,0 9.7211485,53.6927653,0 9.7264301,53.6902143,0 9.781239,53.6660005,0 9.7835348,53.6647744,0 9.8198278,53.6403051,0 9.8813761,53.6085343,0 9.9161399,53.5909411,0 9.9175526,53.5899101,0 9.919806,53.5877033,0 9.9283985,53.576483,0 9.9331215,53.571437,0 9.933602,53.5703045,0 9.9337619,53.5683159,0 9.9346226,53.5644146,0 9.9350606,53.56356,0 9.9358467,53.5630045,0 9.937671,53.5626308,0 9.9405715,53.562986,0 9.9423421,53.5629186,0 9.9464559,53.5623518,0 9.9516297,53.5612765,0 9.9535772,53.5611339,0 9.9567031,53.561571,0 9.9606131,53.5630554,0 9.9625618,53.5634639,0 9.9778034,53.563919,0 9.9828873,53.5639235,0 9.9846662,53.5636403,0 9.9883393,53.5617432,0 9.9912655,53.5593973,0 9.9936293,53.5581717,0 9.9981893,53.5568476,0 10.0022673,53.5562827,0 10.0033403,53.5557837,0 10.005378,53.5543182,0 10.0062922,53.5531736,0 10.0070108,53.5517121,0 10.0076015,53.548166,0 10.007512,53.5466817,0 10.0067259,53.5444271,0 10.0067804,53.5434533,0 10.0073934,53.5425077,0 10.0091542,53.5413001,0 10.0119996,53.540586,0 10.0240091,53.5389314,0 10.0259935,53.5390178,0 10.0291792,53.5398208,0 10.0316762,53.539787,0 10.0491167,53.5354241,0 10.0562013,53.5343262,0 10.0591797,53.5334656,0 10.0684004,53.5297039,0 10.1037777,53.5120134,0 10.1322572,53.4973958,0 10.1382845,53.4946393,0 10.1418167,53.4933618,0 10.1474444,53.4919269,0 10.1536431,53.4908542,0 10.1889816,53.4869143,0 10.1941106,53.4866915,0 10.1992786,53.487305,0 10.2041029,53.4887596,0 10.2126737,53.4928818,0 10.2175642,53.4946158,0 10.2217902,53.4955851,0 10.2298794,53.4966525,0 10.2329534,53.4974003,0 10.2359437,53.4984745,0 10.2396551,53.5004363,0 10.2447933,53.5045342,0 10.2486832,53.5066877,0 10.2537421,53.5083608,0 10.2634473,53.5105835,0 10.2689645,53.5128578,0 10.2726314,53.515353,0 10.2781322,53.5204854,0 10.2813813,53.522436,0 10.2847181,53.5238612,0 10.288292,53.5249213,0 10.3035043,53.5285194,0 10.310396,53.5294829,0 10.3177861,53.5299102,0 10.3239712,53.5299512,0 10.3287785,53.5296811,0 10.334794,53.5289901,0 10.3430958,53.527557,0 10.3486219,53.526138,0 10.3554819,53.5232406,0 10.358459,53.5222465,0 10.3628609,53.5213044,0 10.3658978,53.5209612,0 10.3725675,53.5209568,0 10.4107514,53.5232529,0 10.4159005,53.5231782,0 10.4196688,53.522756,0 10.4233532,53.5220243,0 10.4275841,53.520719,0 10.4554767,53.5083942,0 10.4605699,53.506685,0 10.4673688,53.5055121,0 10.4814022,53.5044121,0 10.4955213,53.5017018,0 10.5022814,53.5012851,0 10.508343,53.5017498,0 10.5135454,53.5028369,0 10.5225364,53.50532,0 10.5279306,53.5061686,0 10.5343875,53.5063255,0 10.5404703,53.5056368,0 10.5462986,53.5041405,0 10.5990073,53.4875356,0 10.6039656,53.4856834,0 10.611703,53.4818206,0 10.6211775,53.4764809,0 10.6231363,53.4746442,0 10.622129,53.4757879,0 10.6209656,53.4766058,0 10.6528495,53.4584822,0 10.6577235,53.4554125,0 10.6621929,53.4518374,0 10.7414149,53.3838304,0 10.7449838,53.3815403,0 10.7481119,53.3801117,0 10.75556,53.3777036,0 10.7597223,53.3767432,0 10.7633655,53.3762582,0 10.7672681,53.376071,0 10.8884916,53.3762994,0 10.8946738,53.3760955,0 10.8986571,53.3756909,0 10.9037336,53.3748233,0 10.9790512,53.3586326,0 10.9868076,53.3579962,0 11.0197542,53.3577355,0 11.0243547,53.3578918,0 11.1441733,53.3723075,0 11.1503841,53.373571,0 11.1542717,53.3749401,0 11.1575625,53.3765693,0 11.2062609,53.4086606,0 11.2153045,53.4136438,0 11.2103798,53.4108803,0 11.2157997,53.4133031,0 11.2210245,53.4150085,0 11.2256237,53.4159408,0 11.2307388,53.4162896,0 11.2359846,53.4159282,0 11.2419822,53.4147404,0 11.365328,53.3882422,0 11.3916447,53.3823486,0 11.3989354,53.3796778,0 11.4103356,53.3743898,0 11.4996826,53.3320289,0 11.5026463,53.3299417,0 11.5044988,53.3279847,0 11.5058206,53.3257737,0 11.5070815,53.3214627,0 11.5085633,53.3185413,0 11.5109986,53.3155244,0 11.5144301,53.3125177,0 11.5179487,53.3102061,0 11.5700535,53.2794087,0 11.7129841,53.2139598,0 11.7172395,53.2116838,0 11.7203926,53.209654,0 11.7224353,53.208148,0 11.7264036,53.2045885,0 11.7286945,53.2020122,0 11.7315755,53.1976154,0 11.7328745,53.194795,0 11.7338219,53.1914042,0 11.7618548,53.006404,0 11.7629693,53.0031083,0 11.7659243,52.99796,0 11.7681902,52.9959013,0 11.771219,52.9943156,0 11.773909,52.9934806,0 11.7778149,52.9929103,0 11.7883288,52.9928084,0 11.8518564,52.9891055,0 11.8572104,52.9883783,0 11.8613986,52.9873809,0 11.9292413,52.9677338,0 11.9430288,52.9628523,0 12.0710766,52.9076866,0 12.0761813,52.9057074,0 12.085258,52.9031986,0 12.138837,52.8918368,0 12.1471959,52.890831,0 12.2223093,52.8861598,0 12.2285192,52.8859408,0 12.2376314,52.8864047,0 12.2852741,52.8913857,0 12.3374929,52.8935866,0 12.3437501,52.8930979,0 12.3497494,52.8917351,0 12.4281888,52.8665015,0 12.4320077,52.8650106,0 12.4340542,52.8638775,0 12.5814678,52.7648162,0 12.7087818,52.678582,0 12.7137207,52.6756488,0 12.7186009,52.6733503,0 12.7221503,52.6719969,0 12.8727771,52.6162676,0 12.8770478,52.6148964,0 12.8947882,52.6102074,0 13.1597959,52.5414104,0 13.1694667,52.5391729,0 13.1987984,52.5342805,0 13.2071767,52.5320466,0 13.2241997,52.5298168,0 13.2349809,52.5287856,0 13.2439308,52.5267403,0 13.2494155,52.5265821,0 13.2912957,52.5292015,0 13.3401172,52.5355618,0 13.3533188,52.5369267,0 13.3553041,52.5369519,0 13.357311,52.5365458,0 13.3592666,52.5355062,0 13.366739,52.5286881,0 13.369613,52.5248455,0 13.369404,52.5251032,0 13.3721406,52.5251909,0 13.374279,52.5247497,0 13.3754588,52.5241589,0 13.3774499,52.5223126,0 13.3786057,52.5217078,0 13.3801859,52.521372,0 13.3828554,52.5213227,0 13.3880832,52.5201292,0 13.3905258,52.5200861,0 13.3935656,52.5204413,0 13.3979032,52.5222111,0 13.4016451,52.5224395,0 13.4052694,52.5232963,0 13.4073145,52.5232228,0 13.4100821,52.522173,0 13.4143246,52.5194209,0 13.4173253,52.5153014,0 13.4184377,52.5144964,0 13.424657,52.5122578,0 13.4327205,52.5112764,0 13.4350534,52.5104324,0</coordinates>
</LineString>
</Placemark>
<Placemark>
<name>RE80 Chur-Saarbrücken</name>
<description><![CDATA[<div class="kmldesc"><b>Chur → Saarbrücken Hauptbahnhof</b><br/><br/>8-teiliger KISS B Doppelstock; Systemwechsel Fahrleitung CH/AT/DE, Akkubetrieb Illertalbahn<br/><br/><b>Bahnhöfe (24 Halte)</b> — Beispielzeiten eines Musterzugs, zeigt die reale Fahrzeit:<br/><br/><br/>&#8226;&#160;<b>Chur</b><br/>Beispielzeit: ab 06:37<br/><i>Startbahnhof (SBB)</i><br/>&#8226;&#160;<b>Landquart</b><br/>Beispielzeit: an 06:46 / ab 06:48<br/><i>SBB-Hauptbahn</i><br/>&#8226;&#160;<b>Sargans</b><br/>Beispielzeit: an 06:57 / ab 06:59<br/><i>Rheintal-Zulauf</i><br/>&#8226;&#160;<b>Buchs SG</b><br/>Beispielzeit: an 07:13 / ab 07:19<br/><i>Kopfmachen, Panto-Wechsel auf AT</i><br/>&#8226;&#160;<b>Feldkirch</b><br/>Beispielzeit: an 07:34 / ab 07:40<br/><i>Kopfmachen, Richtungswechsel Nordkurs</i><br/>&#8226;&#160;<b>Dornbirn</b><br/>Beispielzeit: an 07:56 / ab 07:58<br/><i>Vorarlbergbahn der ÖBB</i><br/>&#8226;&#160;<b>Bregenz</b><br/>Beispielzeit: an 08:09 / ab 08:11<br/><i>Letzter AT-Halt, Grenzübergang DE</i><br/>&#8226;&#160;<b>Lindau-Reutin</b><br/>Beispielzeit: an 08:18 / ab 08:21<br/><i>Erster DE-Halt, Panto-Wechsel</i><br/>&#8226;&#160;<b>Kißlegg</b><br/>Beispielzeit: an 08:47 / ab 08:49<br/><i>Allgäubahn-Abschnitt</i><br/>&#8226;&#160;<b>Memmingen</b><br/>Beispielzeit: an 09:10 / ab 09:12<br/><i>Systemwechsel, Akku-Betrieb</i><br/>&#8226;&#160;<b>Neu-Ulm</b><br/>Beispielzeit: an 09:39 / ab 09:41<br/><i>Ende Illertalbahn-Akkustrecke</i><br/>&#8226;&#160;<b>Ulm Hauptbahnhof</b><br/>Beispielzeit: an 09:45 / ab 09:50<br/><i>Systemwechsel, ETCS L2</i><br/>&#8226;&#160;<b>Merklingen</b><br/>Beispielzeit: an 10:01 / ab 10:03<br/><i>Neubaustrecke, 200 km/h</i><br/>&#8226;&#160;<b>Stuttgart Flughafen</b><br/>Beispielzeit: an 10:22 / ab 10:24<br/><i>Digitaler Knoten Stuttgart</i><br/>&#8226;&#160;<b>Stuttgart Hauptbahnhof (tief)</b><br/>Beispielzeit: an 10:32 / ab 10:37<br/><i>Unterirdischer Durchgangsbahnhof</i><br/>&#8226;&#160;<b>Heidelberg Hauptbahnhof</b><br/>Beispielzeit: an 11:14 / ab 11:16<br/><i>Anbindung Rheintal</i><br/>&#8226;&#160;<b>Mannheim Hauptbahnhof</b><br/>Beispielzeit: an 11:28 / ab 11:31<br/><i>Metropolen-Zubringer</i><br/>&#8226;&#160;<b>Ludwigshafen (Rhein) Hbf</b><br/>Beispielzeit: an 11:36 / ab 11:38<br/><i>Pfälzische Ludwigsbahn</i><br/>&#8226;&#160;<b>Neustadt (Weinstraße) Hbf</b><br/>Beispielzeit: an 11:56 / ab 11:58<br/><i>Zulauf Pfälzerwald</i><br/>&#8226;&#160;<b>Kaiserslautern Hauptbahnhof</b><br/>Beispielzeit: an 12:16 / ab 12:19<br/><i>Großer Pfalzknoten</i><br/>&#8226;&#160;<b>Landstuhl</b><br/>Beispielzeit: an 12:29 / ab 12:31<br/><i>Regionaler Systemhalt</i><br/>&#8226;&#160;<b>Homburg (Saar) Hbf</b><br/>Beispielzeit: an 12:44 / ab 12:47<br/><i>Saarländischer Systemknoten</i><br/>&#8226;&#160;<b>Neunkirchen (Saar) Hbf</b><br/>Beispielzeit: an 12:59 / ab 13:01<br/><i>Umfahrung Saarbrücker Hauptachse</i><br/>&#8226;&#160;<b>Saarbrücken Hauptbahnhof</b><br/>Beispielzeit: an 13:10<br/><i>Taktknoten, Anschluss RE14</i></div><style>@media (prefers-color-scheme: dark) {html,body,.kmldesc{background:#1b1b1b !important;color:#e8e8e8 !important;}.kmldesc a{color:#8ab4f8 !important;}}</style>]]></description>
<LookAt><longitude>8.5892833</longitude><latitude>48.16784175</latitude><altitude>0</altitude><heading>0</heading><tilt>0</tilt><range>338077.42651418375</range><altitudeMode>clampToGround</altitudeMode></LookAt>
<styleUrl>#lineRE80</styleUrl>
<LineString>
<tessellate>1</tessellate>
<coordinates>9.529394,46.8537375,0 9.5312472,46.8549599,0 9.5319968,46.8563618,0 9.531697,46.8631875,0 9.5334726,46.8781373,0 9.5338735,46.8800372,0 9.5345955,46.8819505,0 9.5380208,46.8872029,0 9.5407522,46.8935285,0 9.5481375,46.9047591,0 9.5511179,46.9076204,0 9.5577559,46.912025,0 9.5597431,46.9141403,0 9.5607682,46.9162756,0 9.5616567,46.9208323,0 9.5618308,46.922489,0 9.5615625,46.9252692,0 9.5612869,46.9265762,0 9.5598061,46.9305478,0 9.5580917,46.9460769,0 9.5535232,46.969316,0 9.5521753,46.9757783,0 9.5515565,46.9776202,0 9.549704,46.9806362,0 9.5343687,46.9992629,0 9.5321592,47.0015561,0 9.5295879,47.0035209,0 9.5259154,47.005533,0 9.5146751,47.0100632,0 9.5121012,47.0104813,0 9.5055443,47.0105163,0 9.5027814,47.0110497,0 9.5004829,47.0119396,0 9.4469078,47.0445439,0 9.4455006,47.0460375,0 9.4452791,47.0469072,0 9.445337,47.0480582,0 9.4458926,47.0493842,0 9.4470409,47.0505622,0 9.4660386,47.0638718,0 9.4699056,47.0662259,0 9.480068,47.0713404,0 9.4828398,47.0730606,0 9.5019264,47.0917014,0 9.5030028,47.093071,0 9.5037315,47.0947546,0 9.5039129,47.0965385,0 9.5035256,47.0983137,0 9.4805218,47.1634531,0 9.4788483,47.1687233,0 9.4795703,47.166429,0 9.4801945,47.1655689,0 9.4817256,47.1645919,0 9.4836939,47.1641295,0 9.5026706,47.1653871,0 9.5042961,47.1656723,0 9.5055723,47.166234,0 9.5244151,47.184614,0 9.5354881,47.192146,0 9.5386488,47.1971325,0 9.5426661,47.2012401,0 9.547698,47.207216,0 9.549321,47.2082895,0 9.5512635,47.2090911,0 9.5593023,47.2106866,0 9.5610535,47.211314,0 9.5622072,47.212175,0 9.5655665,47.2157621,0 9.5719353,47.2205322,0 9.5757525,47.2256043,0 9.5757783,47.2270297,0 9.5746006,47.2293277,0 9.5750161,47.2307319,0 9.5913742,47.2451819,0 9.5921543,47.2463974,0 9.5931188,47.2494393,0 9.5937716,47.2507704,0 9.5966513,47.254304,0 9.5979172,47.2554981,0 9.5999856,47.2567551,0 9.6026162,47.2576717,0 9.6047666,47.258026,0 9.6104672,47.2583187,0 9.612893,47.2578184,0 9.6143869,47.2570833,0 9.616598,47.2550483,0 9.6172066,47.2540164,0 9.6174472,47.2529292,0 9.6172113,47.2515708,0 9.6153582,47.2491283,0 9.6068078,47.243126,0 9.6043297,47.2409014,0 9.606763,47.243156,0 9.61489,47.2487839,0 9.624098,47.2579865,0 9.6261346,47.2592025,0 9.6327992,47.2621923,0 9.6354706,47.2641405,0 9.6365186,47.265405,0 9.6372617,47.266778,0 9.6377803,47.2685452,0 9.6378765,47.2699593,0 9.6375377,47.2720653,0 9.6340765,47.2841162,0 9.6340807,47.286156,0 9.6351107,47.2908076,0 9.6347917,47.2937043,0 9.6332945,47.2968125,0 9.6234337,47.3100797,0 9.6224601,47.3125797,0 9.6224006,47.3140642,0 9.6227154,47.3156255,0 9.6248341,47.3217857,0 9.6258244,47.3236464,0 9.63796,47.338119,0 9.6402064,47.3402094,0 9.6421802,47.3414284,0 9.6469664,47.3436287,0 9.6520679,47.3473774,0 9.6586001,47.3504729,0 9.6771879,47.3618115,0 9.684411,47.367233,0 9.7216769,47.3916776,0 9.7229055,47.3929242,0 9.7239462,47.3944504,0 9.7248711,47.3973162,0 9.7248231,47.3997695,0 9.7230792,47.4080684,0 9.7232424,47.4093877,0 9.7238857,47.4107665,0 9.7250386,47.4120469,0 9.7268001,47.4132012,0 9.7421507,47.4188746,0 9.7441134,47.4198725,0 9.7456253,47.4210881,0 9.7467805,47.4224627,0 9.7475243,47.4240586,0 9.7479938,47.4297866,0 9.7485934,47.4316841,0 9.7500338,47.4338664,0 9.7539376,47.4383492,0 9.7548643,47.4400184,0 9.7552965,47.4421335,0 9.7549721,47.444305,0 9.7534492,47.4487353,0 9.7517033,47.4512031,0 9.748845,47.4532614,0 9.7313663,47.4619442,0 9.7289924,47.4637226,0 9.7271953,47.4658935,0 9.7261646,47.4684046,0 9.7211243,47.4949288,0 9.7214801,47.4966907,0 9.7222738,47.4979692,0 9.7233886,47.4990251,0 9.7252938,47.5001102,0 9.7279687,47.5008864,0 9.7361884,47.5021402,0 9.7389491,47.502796,0 9.7461084,47.5050115,0 9.7480079,47.5059667,0 9.7502094,47.5075175,0 9.7518614,47.5095749,0 9.7531495,47.5123899,0 9.7540821,47.5153225,0 9.7538377,47.5167734,0 9.7516121,47.5216595,0 9.7400109,47.5315575,0 9.7326308,47.5369181,0 9.7240407,47.5473806,0 9.7224612,47.5488778,0 9.7205981,47.5501237,0 9.7170237,47.5514842,0 9.7100886,47.5523974,0 9.7012214,47.5524723,0 9.6964277,47.5521338,0 9.6914562,47.5521309,0 9.6890558,47.5524581,0 9.6865842,47.5533519,0 9.6849687,47.5543853,0 9.6842439,47.5554588,0 9.684302,47.556283,0 9.685135,47.5585186,0 9.6849043,47.5596274,0 9.6815269,47.5633746,0 9.6804623,47.5640546,0 9.6789271,47.5644404,0 9.6777,47.5644133,0 9.6752945,47.5638242,0 9.6738825,47.5638212,0 9.6724378,47.5642054,0 9.6686273,47.5658037,0 9.6674248,47.5671038,0 9.6665553,47.5698774,0 9.6658374,47.5710913,0 9.6648607,47.571923,0 9.6624138,47.5733177,0 9.661878,47.5738982,0 9.6615502,47.5749707,0 9.6618604,47.5760222,0 9.6633661,47.5772094,0 9.665006,47.5775826,0 9.6668109,47.5774155,0 9.6697661,47.5762072,0 9.6710695,47.5760714,0 9.6723781,47.5762563,0 9.6737989,47.5768384,0 9.6836803,47.5824004,0 9.6845348,47.583385,0 9.6848581,47.5845264,0 9.6843213,47.5892569,0 9.6844821,47.5961699,0 9.6854415,47.5973952,0 9.6876605,47.5984342,0 9.6930631,47.5990653,0 9.6945421,47.59889,0 9.695762,47.5983865,0 9.6987723,47.5964574,0 9.7005309,47.5950189,0 9.7013192,47.594044,0 9.7039267,47.5894354,0 9.7060879,47.5872157,0 9.7082959,47.5857877,0 9.717136,47.5811822,0 9.7193404,47.5805964,0 9.7212226,47.5805741,0 9.7234413,47.5811203,0 9.7516309,47.5918593,0 9.7535602,47.5931985,0 9.7570629,47.5975443,0 9.7634725,47.6029086,0 9.7666332,47.6068795,0 9.7683863,47.6084229,0 9.7764765,47.6137816,0 9.7879766,47.6208107,0 9.7984012,47.6282936,0 9.8238272,47.644928,0 9.8261616,47.6462713,0 9.8317328,47.6484748,0 9.8331371,47.6493506,0 9.8339238,47.6505549,0 9.8340392,47.6517777,0 9.8319562,47.6575001,0 9.8315974,47.659346,0 9.8315593,47.6612016,0 9.8331204,47.6726184,0 9.8329425,47.6756871,0 9.832366,47.6774864,0 9.8316671,47.6786478,0 9.8264958,47.6836413,0 9.8261205,47.6847402,0 9.8262999,47.6858745,0 9.8275399,47.6873687,0 9.8333872,47.6907539,0 9.834424,47.6918468,0 9.8346151,47.692679,0 9.8341254,47.7006474,0 9.8344866,47.7018256,0 9.835689,47.7033783,0 9.8374362,47.7044155,0 9.8474742,47.7088131,0 9.8512852,47.7107773,0 9.8604882,47.7176774,0 9.8642191,47.7208012,0 9.8650761,47.7220177,0 9.86529,47.7231843,0 9.8657032,47.7340194,0 9.8665696,47.7361756,0 9.8689312,47.7398987,0 9.8693695,47.7413931,0 9.8701827,47.7751892,0 9.8736773,47.7909786,0 9.8740774,47.7918736,0 9.8749123,47.7927015,0 9.8760926,47.7933093,0 9.8778844,47.7937032,0 9.8862362,47.7933981,0 9.8897495,47.7940506,0 9.8912964,47.7948854,0 9.896051,47.799098,0 9.9007486,47.802081,0 9.9203756,47.8084133,0 9.9251365,47.8091007,0 9.9413556,47.8087375,0 9.9461633,47.8092511,0 10.0105914,47.8245509,0 10.0148491,47.8257204,0 10.0170342,47.8269556,0 10.0177326,47.827796,0 10.0185194,47.8297218,0 10.0184044,47.832426,0 10.0063016,47.8543519,0 10.005908,47.855936,0 10.0059719,47.8570572,0 10.0065645,47.858829,0 10.0073627,47.8599073,0 10.0089465,47.8612886,0 10.0144337,47.8649395,0 10.0164695,47.8658086,0 10.0224151,47.867557,0 10.0261257,47.8695076,0 10.0368194,47.8777207,0 10.0422923,47.8809619,0 10.047476,47.8829806,0 10.0584283,47.8860669,0 10.060511,47.8862786,0 10.0682939,47.8863515,0 10.0715455,47.8868995,0 10.0746553,47.8877856,0 10.078556,47.8895887,0 10.0810116,47.891329,0 10.0833417,47.8938766,0 10.0845414,47.8959779,0 10.0853088,47.8992959,0 10.0871602,47.9288516,0 10.0869204,47.9305173,0 10.0862648,47.9321065,0 10.0806494,47.9400225,0 10.080077,47.9413002,0 10.0806267,47.9502841,0 10.0796774,47.9656874,0 10.0803405,47.9678491,0 10.0838326,47.9738535,0 10.083638,47.9887675,0 10.0841658,47.9906376,0 10.0859146,47.9926546,0 10.0882782,47.9939865,0 10.0920549,47.994801,0 10.135002,47.9959345,0 10.1384074,47.99572,0 10.1425153,47.9947677,0 10.1455904,47.9934114,0 10.1767482,47.9757846,0 10.1799325,47.9753139,0 10.1826149,47.9757525,0 10.1846949,47.9767817,0 10.1857422,47.9777602,0 10.1862762,47.9786545,0 10.1869779,47.9840228,0 10.1875361,47.9991916,0 10.1872853,48.0019668,0 10.1862895,48.0052309,0 10.1837636,48.0092722,0 10.1620497,48.0350643,0 10.1605497,48.0373224,0 10.1596562,48.0396214,0 10.1593187,48.0429502,0 10.158635,48.0941379,0 10.1580848,48.0964296,0 10.1566648,48.0987659,0 10.15457,48.1007084,0 10.1471806,48.1046402,0 10.1452888,48.106171,0 10.1429397,48.1087749,0 10.1415318,48.1099022,0 10.1228824,48.1214127,0 10.1202195,48.1239825,0 10.1191629,48.125752,0 10.1143636,48.1433496,0 10.1110995,48.1569144,0 10.1032184,48.1875154,0 10.0991469,48.2302322,0 10.0984815,48.2325771,0 10.0915677,48.2504578,0 10.0816031,48.2860816,0 10.0796475,48.2901959,0 10.0767284,48.2940429,0 10.0452634,48.3298431,0 10.0423412,48.3343576,0 10.0411657,48.3375016,0 10.0254878,48.3927489,0 10.0248664,48.3940797,0 10.0239526,48.3951638,0 10.021965,48.3965533,0 10.0193884,48.3975595,0 10.0168821,48.3979143,0 10.0138349,48.3977711,0 10.0104086,48.396621,0 10.0070572,48.3942677,0 10.0017186,48.3912847,0 9.9995746,48.3905216,0 9.9971743,48.3901751,0 9.9953465,48.3902846,0 9.9929575,48.3908499,0 9.9860277,48.3943144,0 9.9852696,48.3948268,0 9.9927313,48.3909984,0 9.995966,48.3902648,0 9.9981338,48.3903034,0 10.0001199,48.3907297,0 10.0025213,48.3917218,0 10.0056381,48.3934764,0 10.0025213,48.3917218,0 10.0001199,48.3907297,0 9.997697,48.3902649,0 9.9953574,48.3903241,0 9.9921475,48.3912668,0 9.9863031,48.3942046,0 9.9838343,48.3959449,0 9.9826762,48.3979033,0 9.9824571,48.4028309,0 9.9829613,48.4053037,0 9.9819884,48.4076412,0 9.9731039,48.4177173,0 9.965812,48.4269665,0 9.9612721,48.433478,0 9.9515778,48.4486083,0 9.9489602,48.4515036,0 9.9462779,48.4537635,0 9.9414104,48.4568051,0 9.9357958,48.4592145,0 9.9234672,48.4627728,0 9.9090981,48.467876,0 9.8871479,48.4743177,0 9.8810259,48.4763507,0 9.8747313,48.4788879,0 9.8543093,48.4881816,0 9.8494864,48.4910596,0 9.8453511,48.4947469,0 9.8430252,48.4978617,0 9.8389075,48.5051813,0 9.8363185,48.5080582,0 9.8318833,48.5114098,0 9.8270099,48.5138503,0 9.8229273,48.5152844,0 9.811328,48.5187223,0 9.8071881,48.5195217,0 9.8028252,48.519951,0 9.7954461,48.5198009,0 9.7843203,48.5181696,0 9.7781552,48.51768,0 9.7595052,48.5177343,0 9.7526834,48.518257,0 9.7470765,48.5194138,0 9.7220058,48.5264835,0 9.6943208,48.530859,0 9.6884766,48.5323647,0 9.6831657,48.5346104,0 9.6796942,48.5367214,0 9.6715674,48.5426629,0 9.6675056,48.5460417,0 9.6634937,48.5498315,0 9.6587535,48.5551397,0 9.6426777,48.5751003,0 9.6407022,48.5772445,0 9.6374927,48.5801439,0 9.5776912,48.624334,0 9.5737892,48.6267868,0 9.5687163,48.6291691,0 9.5647405,48.6304459,0 9.5611151,48.631238,0 9.5574218,48.6317328,0 9.5521466,48.6319922,0 9.5464701,48.6319691,0 9.539922,48.6314593,0 9.5342847,48.6307052,0 9.5208952,48.6283422,0 9.5143713,48.6279063,0 9.4689901,48.6297558,0 9.4564046,48.6311653,0 9.4469767,48.6332432,0 9.4189618,48.6403511,0 9.4099462,48.6431054,0 9.4027931,48.6457472,0 9.3945003,48.6493652,0 9.3865039,48.6534889,0 9.3808849,48.6568518,0 9.3687907,48.6647533,0 9.3667574,48.6654114,0 9.3123516,48.6894512,0 9.304415,48.6920953,0 9.2970043,48.6937563,0 9.2909582,48.6946283,0 9.2838575,48.6952069,0 9.267986,48.6958371,0 9.2636524,48.6963246,0 9.2553732,48.6977002,0 9.2514374,48.6980452,0 9.247062,48.6980417,0 9.2429726,48.6976675,0 9.22761,48.69484,0 9.2218141,48.6939932,0 9.2159976,48.6934895,0 9.210337,48.6933119,0 9.2038262,48.6935685,0 9.1990921,48.6943529,0 9.1944719,48.6954645,0 9.1893443,48.6975155,0 9.176275,48.7037824,0 9.1733947,48.7054584,0 9.170812,48.7073556,0 9.1684616,48.7096414,0 9.1663075,48.7125171,0 9.1649535,48.7152818,0 9.1642501,48.7178134,0 9.1640114,48.720459,0 9.164271,48.7230093,0 9.1650204,48.725588,0 9.1665047,48.7284876,0 9.1705746,48.7335997,0 9.1921598,48.7589229,0 9.1943904,48.7626268,0 9.1954968,48.7665489,0 9.1955697,48.7695561,0 9.1951909,48.7717407,0 9.193016,48.7780439,0 9.1920788,48.7794986,0 9.1896845,48.7812965,0 9.1803221,48.7848585,0 9.1762514,48.7870376,0 9.1750796,48.7880024,0 9.1741515,48.7892236,0 9.1736515,48.790503,0 9.173629,48.791358,0 9.1652991,48.7898123,0 9.1631113,48.7891123,0 9.1532539,48.7826022,0 9.1507368,48.7798062,0 9.1497397,48.7790102,0 9.1472067,48.7779959,0 9.1425143,48.7770902,0 9.1406428,48.7761459,0 9.1398086,48.7753102,0 9.1393199,48.7744158,0 9.1393329,48.7733121,0 9.1396165,48.772462,0 9.1407983,48.7712992,0 9.1465238,48.7677166,0 9.1474154,48.7669373,0 9.1480676,48.765463,0 9.1479448,48.7643425,0 9.1474632,48.7634689,0 9.1465456,48.7626457,0 9.1451356,48.7620024,0 9.1399284,48.7607618,0 9.1373283,48.7590065,0 9.1358464,48.7583994,0 9.1335132,48.7582083,0 9.1303369,48.7590575,0 9.1287835,48.7592102,0 9.1271352,48.7590345,0 9.1254907,48.7583837,0 9.1242523,48.7572422,0 9.1239543,48.7557222,0 9.1243791,48.7547379,0 9.1267083,48.7522549,0 9.126848,48.7509554,0 9.126205,48.749749,0 9.1245715,48.7487157,0 9.1142185,48.7447776,0 9.1127869,48.7437605,0 9.1121609,48.7422979,0 9.1125069,48.7409265,0 9.1131056,48.7401981,0 9.1189007,48.7355959,0 9.119468,48.7344295,0 9.1197315,48.7325732,0 9.1190348,48.7306969,0 9.1173493,48.7290598,0 9.1146337,48.7270018,0 9.1086143,48.7237193,0 9.1075705,48.7228056,0 9.1070806,48.7219779,0 9.1068874,48.7211016,0 9.1073579,48.7188773,0 9.109456,48.7163331,0 9.1101419,48.71499,0 9.1105887,48.713373,0 9.1115869,48.7123094,0 9.1129005,48.7116691,0 9.1170765,48.710971,0 9.1190187,48.7102951,0 9.1225071,48.7080827,0 9.1256728,48.7065762,0 9.1284301,48.7042503,0 9.1299719,48.7034399,0 9.1326048,48.7028363,0 9.1397309,48.7019408,0 9.1409236,48.7011708,0 9.1413861,48.7004553,0 9.1436149,48.6947895,0 9.1443906,48.6940665,0 9.1455636,48.6934779,0 9.1523565,48.692396,0 9.1677893,48.6924108,0 9.1795044,48.690955,0 9.1855557,48.6898716,0 9.1887262,48.6899567,0 9.192697,48.6904639,0 9.193358,48.6922041,0 9.1892204,48.6928419,0 9.1878213,48.6935785,0 9.1869923,48.6943837,0 9.1864149,48.6958773,0 9.1865298,48.6979312,0 9.1855392,48.6993187,0 9.1748847,48.7045329,0 9.1720013,48.7064323,0 9.1695118,48.7085502,0 9.1676407,48.710602,0 9.165781,48.7134344,0 9.1646433,48.7161762,0 9.1641636,48.7183416,0 9.1640468,48.7211777,0 9.1644285,48.7237146,0 9.1653205,48.7263091,0 9.1665047,48.7284876,0 9.1685852,48.7312366,0 9.1925209,48.759399,0 9.1935132,48.760903,0 9.194712,48.7634411,0 9.1953787,48.7658348,0 9.1956222,48.7681027,0 9.1954898,48.7702589,0 9.1948606,48.7728667,0 9.193016,48.7780439,0 9.1917303,48.7798621,0 9.1891471,48.7815491,0 9.1818448,48.7844218,0 9.1797381,48.7829707,0 9.1863434,48.7894565,0 9.1922784,48.7925803,0 9.1938177,48.7939192,0 9.1948238,48.7956522,0 9.1951523,48.7969432,0 9.1953322,48.7988607,0 9.1948548,48.8003204,0 9.1939125,48.8013541,0 9.1930093,48.8019487,0 9.1860823,48.8044535,0 9.1712156,48.8125159,0 9.1694759,48.813894,0 9.1685776,48.8154364,0 9.1684206,48.8164541,0 9.1687546,48.8177945,0 9.171274,48.8213391,0 9.1715884,48.8231643,0 9.1709397,48.82482,0 9.1682818,48.8281445,0 9.1660626,48.8314613,0 9.1656188,48.8327472,0 9.1656683,48.8341145,0 9.1663521,48.8356536,0 9.1678559,48.8376307,0 9.1719535,48.8410316,0 9.173498,48.8426385,0 9.1741368,48.8436655,0 9.1744305,48.8450453,0 9.1742144,48.8461929,0 9.1737328,48.8470953,0 9.1706464,48.8503604,0 9.1684955,48.8551053,0 9.1671163,48.8571465,0 9.1647549,48.8593514,0 9.161967,48.8613307,0 9.1534264,48.8658202,0 9.1500209,48.8673334,0 9.1463125,48.8684797,0 9.1342945,48.8714165,0 9.1266837,48.8738252,0 9.1199505,48.8764406,0 9.1044473,48.8833995,0 9.0933113,48.8873023,0 9.0849777,48.889556,0 9.0602142,48.8950375,0 9.0486184,48.8984637,0 9.0376313,48.9028036,0 9.0209044,48.9108914,0 8.9570976,48.9484335,0 8.9525001,48.9513739,0 8.930007,48.9668443,0 8.9243236,48.9700225,0 8.9123029,48.9759184,0 8.905208,48.9800581,0 8.898389,48.9849261,0 8.8686074,49.0084582,0 8.8475408,49.0225092,0 8.8370077,49.0282444,0 8.7931805,49.049274,0 8.7854993,49.0533613,0 8.7805706,49.0564835,0 8.7758294,49.0599586,0 8.7619169,49.0718302,0 8.75802,49.0748919,0 8.7526463,49.0785444,0 8.7464344,49.0821139,0 8.7278771,49.0913101,0 8.7084162,49.0992725,0 8.6705088,49.114234,0 8.6639363,49.1171683,0 8.6584662,49.1200096,0 8.6494844,49.1256252,0 8.623071,49.1451913,0 8.6190027,49.148445,0 8.6167509,49.1509642,0 8.6155858,49.1533077,0 8.6153701,49.1552746,0 8.6159818,49.1574503,0 8.6200005,49.1629568,0 8.6361354,49.1824381,0 8.6377522,49.1851509,0 8.6387663,49.1879423,0 8.6460218,49.215922,0 8.6608882,49.2822915,0 8.6660645,49.2957995,0 8.6668145,49.2985016,0 8.6686395,49.3409058,0 8.6764746,49.3855672,0 8.6767735,49.386542,0 8.6778625,49.3880112,0 8.6821357,49.3912226,0 8.6831765,49.3923815,0 8.6840004,49.3945296,0 8.6839346,49.3957672,0 8.6835752,49.3967638,0 8.6822185,49.3990105,0 8.6811301,49.4001457,0 8.6776306,49.4024788,0 8.6719448,49.4050297,0 8.6585757,49.4085352,0 8.6490772,49.4096724,0 8.6440945,49.4109889,0 8.6234638,49.4190649,0 8.6163658,49.4214952,0 8.5493027,49.4468831,0 8.5250681,49.4567739,0 8.4960162,49.4670286,0 8.4840341,49.4718471,0 8.4795868,49.4745782,0 8.4652077,49.4812172,0 8.4621691,49.4818937,0 8.459385,49.481946,0 8.4580275,49.4815557,0 8.4487148,49.4774041,0 8.4464098,49.476667,0 8.4428362,49.4764542,0 8.4357485,49.4768505,0 8.4344314,49.4766163,0 8.4331446,49.4760058,0 8.4323499,49.475252,0 8.4287435,49.4698326,0 8.4251338,49.4663509,0 8.4214611,49.4620556,0 8.3776062,49.4082908,0 8.3746645,49.4050678,0 8.3701504,49.4013525,0 8.3649473,49.3981703,0 8.3404752,49.3872097,0 8.3334007,49.3847579,0 8.3258109,49.3831141,0 8.167605,49.3588969,0 8.1652273,49.3582964,0 8.1629921,49.3573486,0 8.1532657,49.351146,0 8.1507423,49.3502133,0 8.1473785,49.3495143,0 8.1377547,49.3496164,0 8.1250535,49.3506881,0 8.1223708,49.351106,0 8.1182622,49.3522884,0 8.117195,49.3529131,0 8.1154904,49.3545791,0 8.1142796,49.3553573,0 8.1126039,49.3559692,0 8.1089499,49.3567611,0 8.1077357,49.3574084,0 8.1067232,49.3583706,0 8.1062651,49.3594055,0 8.1062587,49.3607932,0 8.1076693,49.3651628,0 8.1073492,49.3662843,0 8.1063431,49.3674079,0 8.1044767,49.3683223,0 8.0956931,49.3706351,0 8.0940661,49.3715258,0 8.0916281,49.3734465,0 8.0897787,49.3742638,0 8.0863694,49.3746678,0 8.0781078,49.3734955,0 8.0724108,49.3733269,0 8.0601661,49.3748523,0 8.0567631,49.375744,0 8.0550787,49.3764399,0 8.04629,49.3835687,0 8.0454954,49.3848498,0 8.0449071,49.3878024,0 8.0441288,49.3888461,0 8.0430124,49.3897052,0 8.0402587,49.3913492,0 8.0388143,49.3919268,0 8.0340084,49.3924561,0 8.0318169,49.3930904,0 8.0285439,49.395466,0 8.0218797,49.3986904,0 8.0137405,49.4048876,0 8.0126447,49.4059967,0 8.0107923,49.4089765,0 8.0073691,49.4113629,0 7.9991966,49.4165664,0 7.9974924,49.4171184,0 7.9941743,49.4175885,0 7.9925357,49.4181539,0 7.9820076,49.4245989,0 7.9811869,49.4254182,0 7.9806266,49.426397,0 7.9797065,49.430687,0 7.9798349,49.4317852,0 7.9809198,49.4337094,0 7.9810635,49.4349751,0 7.9802573,49.4364523,0 7.9795746,49.4371794,0 7.9775565,49.4383325,0 7.9743489,49.4390897,0 7.9704573,49.4388864,0 7.9660619,49.4391999,0 7.9640799,49.4389894,0 7.9591817,49.4375177,0 7.9565346,49.4370961,0 7.9535337,49.4372378,0 7.9477097,49.4384761,0 7.9458159,49.4386763,0 7.9440352,49.4385617,0 7.9400287,49.4377004,0 7.9377306,49.4376754,0 7.9351927,49.438246,0 7.9250108,49.4423383,0 7.9141219,49.4443466,0 7.911109,49.4446671,0 7.8925717,49.4428773,0 7.8848117,49.4430986,0 7.8797811,49.4425058,0 7.8769602,49.4416385,0 7.8510578,49.4312398,0 7.8474431,49.430277,0 7.8434376,49.4299059,0 7.8302602,49.4300436,0 7.8268018,49.4303938,0 7.8237553,49.4311936,0 7.819127,49.4332219,0 7.8158738,49.4342666,0 7.7948881,49.4389323,0 7.7912638,49.4395515,0 7.787803,49.4396638,0 7.785174,49.4394163,0 7.7617633,49.4344472,0 7.7592665,49.4341477,0 7.7557676,49.4341066,0 7.7521211,49.4344975,0 7.7484245,49.4354042,0 7.7458505,49.4363863,0 7.7406751,49.4389696,0 7.7359658,49.4404308,0 7.7311691,49.4411312,0 7.7272343,49.4413388,0 7.7249513,49.4412198,0 7.7180943,49.4404024,0 7.6947938,49.4368461,0 7.6885813,49.4361487,0 7.678679,49.4345461,0 7.6695525,49.4321574,0 7.6494395,49.4288832,0 7.6054117,49.4173329,0 7.6013026,49.4164683,0 7.597408,49.4159442,0 7.592865,49.4156743,0 7.5678622,49.4163594,0 7.5619532,49.4159268,0 7.5582618,49.4152327,0 7.5160404,49.4051205,0 7.4713113,49.3993341,0 7.4678724,49.3982956,0 7.4651971,49.3969577,0 7.4630253,49.395309,0 7.4582417,49.3906967,0 7.4561292,49.3893062,0 7.4531425,49.3879002,0 7.4023926,49.3735867,0 7.3984855,49.372207,0 7.395791,49.37095,0 7.3916015,49.3683202,0 7.3434128,49.3326912,0 7.3375298,49.3286272,0 7.3287149,49.3216919,0 7.3271202,49.3206701,0 7.3253386,49.3201837,0 7.3233063,49.3201959,0 7.3214885,49.3207368,0 7.3203914,49.3214572,0 7.3185875,49.323219,0 7.3172653,49.3239225,0 7.3117628,49.3249642,0 7.3088227,49.3259969,0 7.2891567,49.3365844,0 7.2814511,49.3425655,0 7.2797232,49.3436171,0 7.2770797,49.3446848,0 7.267942,49.3472627,0 7.2651341,49.3475148,0 7.2625191,49.3474038,0 7.2433043,49.3434939,0 7.2397866,49.3434267,0 7.2372526,49.3440343,0 7.2306757,49.3469536,0 7.2252095,49.3506749,0 7.2216642,49.3524364,0 7.2169248,49.3538128,0 7.2119709,49.3543726,0 7.2071403,49.3541511,0 7.1949565,49.3523851,0 7.1914568,49.3524957,0 7.1845334,49.3535407,0 7.1794777,49.3533466,0 7.1755348,49.352825,0 7.1680306,49.35083,0 7.1578244,49.3493276,0 7.1516506,49.3494945,0 7.1488023,49.3497939,0 7.1358799,49.3530323,0 7.1324344,49.3535573,0 7.1295676,49.3535829,0 7.1181528,49.352289,0 7.1144286,49.3515099,0 7.1085943,49.3496624,0 7.1051867,49.3479793,0 7.1025484,49.34579,0 7.0992972,49.3414285,0 7.0958716,49.3388499,0 7.0938738,49.3368463,0 7.092041,49.3347102,0 7.0914235,49.3337001,0 7.091259,49.3329303,0 7.0917124,49.3308426,0 7.0934033,49.3284974,0 7.0939995,49.3270949,0 7.0940722,49.3256351,0 7.0932821,49.3235141,0 7.0914633,49.321615,0 7.0806692,49.314415,0 7.0792221,49.3127914,0 7.0771493,49.3088928,0 7.0753983,49.3071029,0 7.0733093,49.3057724,0 7.0713955,49.3049482,0 7.0582199,49.3010711,0 7.0480302,49.2962867,0 7.0444703,49.2937414,0 7.042715,49.2921738,0 7.0355394,49.2822283,0 7.033397,49.2803747,0 7.0314527,49.2791994,0 7.0121675,49.2703777,0 7.0038571,49.2647924,0 7.0028444,49.2634574,0 7.0019533,49.2607375,0 7.0026663,49.2566398,0 7.0026279,49.253982,0 7.0037207,49.2509551,0 7.0040552,49.2485097,0 7.0039092,49.2473642,0 7.002862,49.2447753,0 7.001853,49.2436338,0 7.0004428,49.2429929,0 6.9981197,49.2425684,0 6.9938263,49.2412359,0 6.9910305,49.2412499,0</coordinates>
</LineString>
</Placemark>
<Placemark>
<name>RE90 Saarbrücken-Düsseldorf</name>
<description><![CDATA[<div class="kmldesc"><b>Saarbrücken Hauptbahnhof → Düsseldorf Hauptbahnhof</b><br/><br/>Via-Regia-Express über Frankreich, Luxemburg, Belgien; Halbstundentakt mit RE4<br/><br/><b>Bahnhöfe (20 Halte)</b> — Beispielzeiten eines Musterzugs, zeigt die reale Fahrzeit:<br/><br/><br/>&#8226;&#160;<b>Saarbrücken Hauptbahnhof</b><br/>Beispielzeit: ab 06:45<br/><i>Startbahnhof</i><br/>&#8226;&#160;<b>Forbach</b><br/>Beispielzeit: an 06:54 / ab 06:56<br/><i>Grenzbahnhof, Systemwechsel DE/FR</i><br/>&#8226;&#160;<b>Béning</b><br/>Beispielzeit: an 07:06 / ab 07:08<br/><i>Regionaler Bahnknoten</i><br/>&#8226;&#160;<b>Saint-Avold</b><br/>Beispielzeit: an 07:18 / ab 07:20<br/><i>Express-Halt</i><br/>&#8226;&#160;<b>Metz-Ville</b><br/>Beispielzeit: an 07:38 / ab 07:40<br/><i>Durchgangshalt, kein Kopfmachen</i><br/>&#8226;&#160;<b>Hagondange</b><br/>Beispielzeit: an 07:51 / ab 07:53<br/><i>Pendlerachse Lothringen</i><br/>&#8226;&#160;<b>Thionville</b><br/>Beispielzeit: an 08:04 / ab 08:06<br/><i>Letzter französischer Netzknoten</i><br/>&#8226;&#160;<b>Bettembourg</b><br/>Beispielzeit: an 08:19 / ab 08:21<br/><i>Grenz- und Umsteigebahnhof CFL</i><br/>&#8226;&#160;<b>Luxembourg</b><br/>Beispielzeit: an 08:31 / ab 08:36<br/><i>Hauptbahnhof Luxemburg</i><br/>&#8226;&#160;<b>Ettelbruck</b><br/>Beispielzeit: an 08:58 / ab 09:00<br/><i>Knotenpunkt vor den Ardennen</i><br/>&#8226;&#160;<b>Liège-Guillemins</b><br/>Beispielzeit: an 10:19 / ab 10:23<br/><i>Kopfmachen, Fahrtrichtungswechsel</i><br/>&#8226;&#160;<b>Aachen Hbf</b><br/>Beispielzeit: an 10:46 / ab 10:51<br/><i>5 Min Systemhalt, Einstieg RE4-Takt</i><br/>&#8226;&#160;<b>Herzogenrath</b><br/>Beispielzeit: an 11:04 / ab 11:06<br/><i>Beginn Halbstundentakt RE4</i><br/>&#8226;&#160;<b>Geilenkirchen</b><br/>Beispielzeit: an 11:13 / ab 11:15<br/><i>Taktverstärker Rheinland</i><br/>&#8226;&#160;<b>Erkelenz</b><br/>Beispielzeit: an 11:27 / ab 11:29<br/><i>Express-Halt</i><br/>&#8226;&#160;<b>Rheydt Hbf</b><br/>Beispielzeit: an 11:35 / ab 11:37<br/><i>Verknüpfungsknoten</i><br/>&#8226;&#160;<b>Mönchengladbach Hauptbahnhof</b><br/>Beispielzeit: an 11:40 / ab 11:42<br/><i>Großknoten Niederrhein</i><br/>&#8226;&#160;<b>Neuss Hauptbahnhof</b><br/>Beispielzeit: an 11:55 / ab 11:57<br/><i>Pendlerknoten Linker Niederrhein</i><br/>&#8226;&#160;<b>Düsseldorf-Bilk</b><br/>Beispielzeit: an 12:03 / ab 12:05<br/><i>S-Bahn-Zentralumstieg</i><br/>&#8226;&#160;<b>Düsseldorf Hauptbahnhof</b><br/>Beispielzeit: an 12:09<br/><i>Endstation Nord</i></div><style>@media (prefers-color-scheme: dark) {html,body,.kmldesc{background:#1b1b1b !important;color:#e8e8e8 !important;}.kmldesc a{color:#8ab4f8 !important;}}</style>]]></description>
<LookAt><longitude>6.2765016</longitude><latitude>50.1079966</latitude><altitude>0</altitude><heading>0</heading><tilt>0</tilt><range>240418.02165454702</range><altitudeMode>clampToGround</altitudeMode></LookAt>
<styleUrl>#lineRE90</styleUrl>
<LineString>
<tessellate>1</tessellate>
<coordinates>6.9910305,49.2412499,0 6.9846038,49.2419652,0 6.9771993,49.2422602,0 6.9695076,49.2418812,0 6.967122,49.24135,0 6.9655786,49.2406793,0 6.9631202,49.2387201,0 6.9623399,49.2375019,0 6.9616681,49.2355881,0 6.961643,49.2322038,0 6.9605726,49.2290121,0 6.96062,49.226889,0 6.9603846,49.2253642,0 6.9592541,49.2230017,0 6.9573064,49.2209257,0 6.9522319,49.2179116,0 6.9441998,49.2140279,0 6.9385514,49.2089759,0 6.9360529,49.2072096,0 6.9213497,49.1996722,0 6.9161251,49.1962677,0 6.8737161,49.1773542,0 6.8700092,49.1754469,0 6.8672265,49.1736542,0 6.8644454,49.1714763,0 6.8623231,49.1694422,0 6.8604317,49.1671866,0 6.8588275,49.1647365,0 6.8568777,49.1602307,0 6.854875,49.1519203,0 6.8530417,49.1488757,0 6.8514923,49.1472821,0 6.8494611,49.145747,0 6.8387774,49.1397981,0 6.8364023,49.1390511,0 6.8311954,49.1383812,0 6.7968389,49.1368655,0 6.7930839,49.1364247,0 6.7893722,49.1351845,0 6.7847366,49.1326835,0 6.7802132,49.128697,0 6.7777273,49.1271956,0 6.7741925,49.126159,0 6.7674877,49.1253283,0 6.7639491,49.1238141,0 6.7624502,49.1226464,0 6.7613676,49.1212785,0 6.7608105,49.1199866,0 6.7601609,49.1163821,0 6.7594149,49.1150749,0 6.758356,49.1139483,0 6.7554658,49.1121683,0 6.751136,49.1109218,0 6.749015,49.1100727,0 6.7474994,49.1091201,0 6.7460847,49.1077333,0 6.7453314,49.1065879,0 6.7448841,49.1051379,0 6.7450488,49.1014012,0 6.7448261,49.0998899,0 6.744047,49.0983168,0 6.7429662,49.0971126,0 6.7414759,49.0960019,0 6.7393181,49.0950051,0 6.7318321,49.0933632,0 6.7283786,49.0919801,0 6.7265316,49.0907389,0 6.7197016,49.0849004,0 6.7149346,49.0819313,0 6.712683,49.0798412,0 6.7092314,49.0749685,0 6.7082621,49.0730021,0 6.7063956,49.0674478,0 6.7047865,49.0650908,0 6.7032236,49.0637888,0 6.6909275,49.0557455,0 6.6878028,49.0540223,0 6.6835213,49.0525653,0 6.6791048,49.0518154,0 6.6647022,49.0517419,0 6.6613045,49.0514103,0 6.658267,49.0505708,0 6.6510276,49.0474966,0 6.6480322,49.0466962,0 6.6451908,49.0462495,0 6.6279168,49.0458634,0 6.6178613,49.0468652,0 6.6138433,49.0469426,0 6.6099266,49.0465209,0 6.5968577,49.0442529,0 6.5688381,49.0367607,0 6.5482933,49.0294392,0 6.535749,49.0237667,0 6.5319072,49.0226832,0 6.520263,49.0203671,0 6.5178619,49.0196666,0 6.4840451,49.0061499,0 6.4634078,48.99928,0 6.4475751,48.9956535,0 6.4447924,48.9953804,0 6.4423869,48.9954504,0 6.4398729,48.9958371,0 6.4375341,48.9965203,0 6.4213509,49.0049953,0 6.3889968,49.0166249,0 6.3866585,49.0180448,0 6.3851224,49.019549,0 6.3750115,49.0347994,0 6.3737989,49.0361347,0 6.372379,49.0372188,0 6.3700628,49.0384246,0 6.3674579,49.0392593,0 6.3443356,49.0432552,0 6.3413101,49.044024,0 6.3385933,49.0450528,0 6.3331585,49.0481487,0 6.3306635,49.0500206,0 6.3292592,49.0518266,0 6.3274149,49.0558254,0 6.3253081,49.0579666,0 6.3225797,49.059539,0 6.3159219,49.062226,0 6.3105449,49.0634751,0 6.3052028,49.0637236,0 6.3006098,49.0632103,0 6.2846159,49.0599107,0 6.2817336,49.0598832,0 6.2770163,49.0604482,0 6.2717216,49.0605176,0 6.2694473,49.0609413,0 6.2671848,49.0617546,0 6.261138,49.0654589,0 6.2588415,49.0665198,0 6.2437208,49.0709548,0 6.2254105,49.0730675,0 6.223368,49.0734774,0 6.2191586,49.0749161,0 6.2171743,49.0752929,0 6.2057814,49.0753094,0 6.2018579,49.0758355,0 6.1990373,49.0767658,0 6.1968784,49.0779229,0 6.1696009,49.0966287,0 6.1687173,49.0977908,0 6.1682345,49.0994309,0 6.1683206,49.1007725,0 6.168941,49.1020375,0 6.1718228,49.1055111,0 6.1737252,49.1071168,0 6.1832342,49.1120107,0 6.1864749,49.1145767,0 6.1871038,49.1154442,0 6.1874043,49.1164246,0 6.1872738,49.1210266,0 6.1858209,49.1275856,0 6.1851988,49.1287442,0 6.1843605,49.1295932,0 6.1830078,49.1304535,0 6.1709658,49.1362104,0 6.1687843,49.136764,0 6.1628825,49.1373962,0 6.1603308,49.1383733,0 6.1590231,49.1394432,0 6.1581343,49.1408131,0 6.1562832,49.147207,0 6.1560641,49.14902,0 6.1560599,49.158498,0 6.1554562,49.1773495,0 6.1552003,49.1920419,0 6.1553682,49.196173,0 6.1597737,49.223906,0 6.1607614,49.2316586,0 6.1680742,49.2800272,0 6.1673308,49.282209,0 6.1642691,49.2856287,0 6.1631044,49.2877338,0 6.1578097,49.2998821,0 6.1485581,49.3227775,0 6.1481575,49.3240526,0 6.1480304,49.3255231,0 6.1482154,49.3267396,0 6.1486755,49.3277819,0 6.1603864,49.3475717,0 6.1644791,49.3508087,0 6.1790179,49.3591759,0 6.1796909,49.3602726,0 6.1797908,49.3638196,0 6.17922,49.3651867,0 6.1735483,49.3733137,0 6.1729907,49.3746095,0 6.1715583,49.3855501,0 6.1728879,49.3958512,0 6.1726494,49.3975191,0 6.1719406,49.3989505,0 6.1706101,49.4004314,0 6.169121,49.4014714,0 6.1549632,49.4086999,0 6.1530975,49.4098636,0 6.1517587,49.4111716,0 6.1508797,49.4125875,0 6.1504539,49.4141039,0 6.1503199,49.4178742,0 6.1496041,49.4193884,0 6.1484006,49.4207702,0 6.1467122,49.421974,0 6.1320047,49.4303265,0 6.1290945,49.4327226,0 6.1280255,49.4341486,0 6.1272909,49.4356206,0 6.1268344,49.4373243,0 6.1267698,49.4389714,0 6.1275428,49.4417688,0 6.1305259,49.4465045,0 6.1312908,49.4484364,0 6.1312965,49.451014,0 6.1301825,49.4539706,0 6.1285473,49.4560282,0 6.1263362,49.4576581,0 6.1235836,49.4588875,0 6.1161259,49.461029,0 6.1141153,49.4618097,0 6.1114161,49.4635803,0 6.109734,49.4656873,0 6.1080399,49.4710515,0 6.1079058,49.4729801,0 6.1117476,49.4887088,0 6.1117327,49.4909336,0 6.1109383,49.4926792,0 6.1061268,49.4993354,0 6.1005698,49.504553,0 6.0998689,49.5058219,0 6.0995439,49.507254,0 6.0996805,49.5087506,0 6.1025818,49.5211896,0 6.1031852,49.5225706,0 6.10462,49.5247389,0 6.1057574,49.5257857,0 6.1070932,49.5264988,0 6.1143297,49.5283639,0 6.1204389,49.531352,0 6.1223001,49.5325672,0 6.1314017,49.5398117,0 6.1326339,49.5411401,0 6.1360483,49.5462771,0 6.142252,49.5531444,0 6.1462099,49.5624382,0 6.1463073,49.5634174,0 6.1459321,49.5648547,0 6.1450149,49.5661378,0 6.1439687,49.5669838,0 6.1426502,49.5677056,0 6.1406544,49.5683474,0 6.134767,49.5689304,0 6.1322688,49.5696418,0 6.1309666,49.5703153,0 6.129611,49.5714564,0 6.1288856,49.5725001,0 6.1284707,49.5739378,0 6.1288932,49.5756734,0 6.1344796,49.5840772,0 6.1350697,49.5855092,0 6.1350804,49.5867304,0 6.1348028,49.5876233,0 6.1322484,49.5918241,0 6.1318915,49.5939976,0 6.1320955,49.595682,0 6.1378974,49.6061109,0 6.1401532,49.6089208,0 6.1406484,49.6102396,0 6.1403851,49.6115416,0 6.1394168,49.6127082,0 6.1346455,49.615181,0 6.1333031,49.6164927,0 6.1328202,49.6181805,0 6.1335173,49.6214982,0 6.1322938,49.6243413,0 6.1321581,49.6252792,0 6.1327115,49.6268099,0 6.1355582,49.6298694,0 6.1366605,49.6313909,0 6.136947,49.6322584,0 6.1362807,49.6358625,0 6.1366192,49.6472978,0 6.1362489,49.6491886,0 6.1345208,49.6532595,0 6.1343576,49.6544983,0 6.1345734,49.6558916,0 6.1394997,49.6729876,0 6.1394325,49.674922,0 6.1366272,49.684031,0 6.1363337,49.6867588,0 6.136787,49.6897181,0 6.137368,49.6906505,0 6.1393983,49.6928542,0 6.1401249,49.6945689,0 6.1401326,49.6991969,0 6.1391824,49.7028174,0 6.1381437,49.7043187,0 6.1363804,49.7054614,0 6.1320418,49.7071333,0 6.1295968,49.7087484,0 6.1284919,49.7100405,0 6.1273827,49.7151611,0 6.1235846,49.7199363,0 6.1228663,49.721236,0 6.1209376,49.7304156,0 6.1199453,49.7318973,0 6.1123332,49.7394008,0 6.1118768,49.7405666,0 6.1106291,49.7461753,0 6.1101926,49.7562955,0 6.1098167,49.7572901,0 6.1085288,49.7591967,0 6.1083362,49.7600634,0 6.1086628,49.7611848,0 6.11059,49.7643475,0 6.1107421,49.7676433,0 6.1099818,49.7694615,0 6.1073016,49.7720616,0 6.1069874,49.7728597,0 6.1069973,49.7738718,0 6.1075635,49.7750473,0 6.1088805,49.7761666,0 6.1103614,49.7767731,0 6.1145088,49.7776185,0 6.1157868,49.7783772,0 6.1164222,49.7791089,0 6.1170431,49.780714,0 6.117042,49.7818186,0 6.1166739,49.7826293,0 6.1150795,49.784638,0 6.1149803,49.7860458,0 6.1155901,49.7871058,0 6.1182483,49.7889784,0 6.1190566,49.7900717,0 6.1192475,49.7911909,0 6.1185432,49.7934044,0 6.1186232,49.7945426,0 6.1192509,49.7956118,0 6.1215224,49.797956,0 6.1217719,49.7988978,0 6.1215621,49.80003,0 6.1208744,49.8010321,0 6.1195583,49.8019283,0 6.1148488,49.803356,0 6.1131984,49.8043974,0 6.1124204,49.8055672,0 6.1110668,49.8098231,0 6.1085288,49.8127713,0 6.1060753,49.8140531,0 6.1001658,49.815228,0 6.0981099,49.8162523,0 6.0972636,49.8174466,0 6.0952606,49.8231271,0 6.0953676,49.8317619,0 6.0971591,49.8366572,0 6.1010097,49.8420351,0 6.1030986,49.8443694,0 6.1091369,49.8489289,0 6.1102962,49.8502445,0 6.1108361,49.8515692,0 6.1105269,49.8527728,0 6.1089294,49.8549714,0 6.1071799,49.8567547,0 6.1065826,49.8579193,0 6.1066219,49.8589778,0 6.1096871,49.8685499,0 6.1098837,49.8699223,0 6.1096491,49.8713265,0 6.1086473,49.8731555,0 6.106707,49.8754064,0 6.1047765,49.8770691,0 6.1039712,49.8782443,0 6.103842,49.8795568,0 6.1046266,49.8820975,0 6.1042815,49.8836497,0 6.0943424,49.8950023,0 6.0922668,49.8966727,0 6.0858498,49.9006798,0 6.0821254,49.9057933,0 6.0785945,49.9076112,0 6.0773855,49.9086035,0 6.0768868,49.9095153,0 6.0768495,49.9106729,0 6.0782555,49.9130016,0 6.0784474,49.9140116,0 6.0780244,49.9152163,0 6.0771073,49.9161309,0 6.0681266,49.9197761,0 6.0630275,49.9202865,0 6.0576668,49.9199506,0 6.0521546,49.9215505,0 6.0509768,49.9222305,0 6.0500177,49.9231667,0 6.0485731,49.9272455,0 6.048004,49.9282623,0 6.0450232,49.9304519,0 6.044405,49.9311865,0 6.0433106,49.934611,0 6.042459,49.9363141,0 6.0415129,49.9373567,0 6.0399354,49.9381944,0 6.0380951,49.9386015,0 6.0337928,49.9382157,0 6.0317087,49.9383469,0 6.0270739,49.9397003,0 6.0251561,49.9410277,0 6.0245242,49.9425646,0 6.024878,49.9450561,0 6.0246201,49.9461989,0 6.0219139,49.9490434,0 6.0214583,49.9498239,0 6.0213016,49.9506949,0 6.0217644,49.9521356,0 6.0254659,49.9562307,0 6.0262752,49.9594742,0 6.0262974,49.9606115,0 6.0258781,49.961629,0 6.0247534,49.9630586,0 6.0207901,49.9657494,0 6.0197083,49.9670302,0 6.0194468,49.9683481,0 6.0198989,49.9711001,0 6.0188039,49.9737314,0 6.0183721,49.9772299,0 6.0173995,49.9783633,0 6.0129769,49.9812877,0 6.0054057,49.9849443,0 6.0002575,49.988595,0 5.9967998,49.9926195,0 5.9922832,49.9959199,0 5.9916917,49.9968241,0 5.9905866,49.9997389,0 5.9906029,50.0007844,0 5.9909997,50.0016138,0 5.9944217,50.004998,0 5.9951124,50.0085163,0 5.9958221,50.0095524,0 5.9976032,50.0106536,0 6.0044156,50.0124604,0 6.005858,50.0136422,0 6.0072378,50.0157848,0 6.0071806,50.0173898,0 6.0062137,50.0187577,0 6.0047511,50.0196237,0 6.0014777,50.020799,0 6.0000312,50.0220863,0 5.9989049,50.02538,0 5.9989214,50.0264276,0 5.9993384,50.027339,0 6.0018868,50.0301618,0 6.0029766,50.0310062,0 6.0085125,50.034,0 6.0128196,50.0355163,0 6.0142211,50.0362377,0 6.0189132,50.0416474,0 6.0195771,50.042683,0 6.0197357,50.0436613,0 6.0195681,50.0444185,0 6.0179071,50.0474411,0 6.0180067,50.0489437,0 6.0245225,50.0564574,0 6.0251673,50.0578618,0 6.0246496,50.0636228,0 6.0238668,50.0668293,0 6.0235717,50.0716161,0 6.0252089,50.0744849,0 6.0256378,50.0765141,0 6.0260765,50.0774828,0 6.0292619,50.0805941,0 6.0301832,50.0833104,0 6.0299533,50.084776,0 6.0280992,50.0868843,0 6.0275883,50.087858,0 6.0275987,50.0891579,0 6.0284137,50.0912327,0 6.0282252,50.0924947,0 6.0275667,50.0933897,0 6.0263244,50.0942271,0 6.0220843,50.0956361,0 6.0199284,50.0961674,0 6.0109786,50.0974318,0 6.0083427,50.0985209,0 6.00717,50.0998296,0 6.0067486,50.1014333,0 6.0070151,50.1024912,0 6.0086899,50.1050605,0 6.008568,50.1065529,0 6.0081106,50.1073388,0 6.0071501,50.1081835,0 6.0036812,50.1096664,0 6.0023522,50.1106996,0 6.0016998,50.1123377,0 6.0020863,50.115146,0 6.0012988,50.1166863,0 6.0000322,50.1176243,0 5.9983861,50.1182146,0 5.9936376,50.11844,0 5.9919172,50.1188594,0 5.9876877,50.1206317,0 5.9861727,50.1218885,0 5.9857122,50.1230403,0 5.9858751,50.1242963,0 5.988503,50.1290102,0 5.9887253,50.1298068,0 5.9884286,50.1311797,0 5.9878244,50.1319527,0 5.9862023,50.1329866,0 5.9843053,50.133481,0 5.9782598,50.133196,0 5.9759604,50.1334813,0 5.9740886,50.1342313,0 5.9727411,50.1353434,0 5.9721791,50.1363014,0 5.9720135,50.1373557,0 5.9731311,50.141426,0 5.9731859,50.1427295,0 5.9728057,50.1453297,0 5.9731199,50.1468957,0 5.9738777,50.1481658,0 5.9751781,50.1494268,0 5.9813905,50.1530543,0 5.9832281,50.154687,0 5.984032,50.1560358,0 5.9843287,50.1573016,0 5.9842424,50.1584576,0 5.9835583,50.1599977,0 5.9774477,50.1663889,0 5.9761187,50.1674781,0 5.9742988,50.1685424,0 5.9671979,50.1718236,0 5.9647119,50.1736663,0 5.963826,50.1748186,0 5.9630639,50.176524,0 5.9626705,50.1811435,0 5.9619575,50.1829022,0 5.9610647,50.1838346,0 5.9512405,50.1915484,0 5.9486288,50.1938878,0 5.9473236,50.1957546,0 5.9458216,50.1993311,0 5.9441575,50.2013588,0 5.9202777,50.2162833,0 5.9188365,50.2174212,0 5.9180154,50.2185581,0 5.9177711,50.2193955,0 5.917857,50.2204996,0 5.9198012,50.223829,0 5.9203728,50.2257136,0 5.9196561,50.2321123,0 5.9210199,50.2376193,0 5.9209709,50.2396235,0 5.9203776,50.2426247,0 5.9207021,50.2460141,0 5.9202671,50.246952,0 5.9194836,50.2477506,0 5.9149331,50.2500204,0 5.912511,50.252558,0 5.9076939,50.2561668,0 5.9060848,50.2581575,0 5.9054147,50.2601216,0 5.9056562,50.2625639,0 5.9080289,50.2682554,0 5.9079278,50.2692639,0 5.9069468,50.2713119,0 5.9069019,50.2725607,0 5.9073612,50.2735165,0 5.9092699,50.2759714,0 5.9092849,50.2818729,0 5.9116397,50.28679,0 5.9119111,50.288048,0 5.9114284,50.2893713,0 5.9101301,50.2905099,0 5.9052677,50.2921335,0 5.9036636,50.2930507,0 5.9028094,50.2940562,0 5.9016173,50.2963747,0 5.90172,50.2977409,0 5.9025095,50.2988768,0 5.9038072,50.2997363,0 5.9075659,50.3010735,0 5.9087458,50.3017317,0 5.9098716,50.303043,0 5.9101174,50.3044178,0 5.9100217,50.3065348,0 5.9094858,50.307687,0 5.9082716,50.3086735,0 5.9045693,50.3105731,0 5.9036554,50.3115246,0 5.9032458,50.3123729,0 5.9032058,50.3137842,0 5.904809,50.3204981,0 5.9047811,50.3225404,0 5.9041818,50.324121,0 5.9025063,50.3268815,0 5.8999179,50.3298926,0 5.8993886,50.3317118,0 5.8997448,50.3332684,0 5.9017386,50.3371171,0 5.901809,50.3383614,0 5.901319,50.3393368,0 5.8994701,50.3414294,0 5.8982758,50.3434806,0 5.89743,50.3443237,0 5.8958916,50.3450906,0 5.8912441,50.3462949,0 5.8900679,50.3469479,0 5.8892055,50.3478216,0 5.8887177,50.3492941,0 5.8892495,50.3519834,0 5.8892177,50.3528412,0 5.8887954,50.3539235,0 5.8871101,50.3559469,0 5.8866483,50.3569064,0 5.886625,50.3579236,0 5.8872842,50.360367,0 5.8870178,50.3613604,0 5.8865159,50.362047,0 5.8845491,50.3632811,0 5.8777472,50.3651378,0 5.875439,50.3662761,0 5.8737297,50.3680686,0 5.8727185,50.3713006,0 5.8726721,50.3729516,0 5.8731845,50.3744144,0 5.8785522,50.3804007,0 5.8796321,50.3822273,0 5.8799539,50.383301,0 5.8809277,50.3887327,0 5.8810182,50.3906492,0 5.8795177,50.3967689,0 5.87863,50.398146,0 5.877576,50.3988878,0 5.8758818,50.3995074,0 5.8708788,50.3999035,0 5.8690016,50.4002793,0 5.8673301,50.4009464,0 5.8640834,50.4030073,0 5.8610647,50.4036633,0 5.8575266,50.4033079,0 5.852389,50.4009332,0 5.8507573,50.4007132,0 5.8487934,50.4008618,0 5.8464894,50.40173,0 5.8429612,50.4043701,0 5.8414806,50.4051884,0 5.8392809,50.4058656,0 5.8368653,50.4061091,0 5.8329309,50.4056892,0 5.8306542,50.4051061,0 5.8284237,50.4038764,0 5.8259331,50.4019084,0 5.8243032,50.4011233,0 5.8222047,50.4006719,0 5.8169407,50.4002898,0 5.8109112,50.3979831,0 5.8020792,50.3971542,0 5.7990048,50.397565,0 5.7972029,50.3985373,0 5.7962794,50.3996395,0 5.7960175,50.4009726,0 5.7968485,50.4044024,0 5.7965954,50.4066243,0 5.7956726,50.4082543,0 5.7935623,50.4096791,0 5.7910122,50.4103643,0 5.7854333,50.4108711,0 5.7831211,50.4115233,0 5.7810592,50.4129168,0 5.7786288,50.4161557,0 5.7775488,50.4168891,0 5.7762067,50.4174,0 5.773918,50.4176919,0 5.7663387,50.4168775,0 5.7631986,50.4171247,0 5.7546549,50.4206207,0 5.7495271,50.4224356,0 5.7449029,50.4233334,0 5.7399687,50.4237607,0 5.7378951,50.4242391,0 5.7361595,50.425109,0 5.7331967,50.4274605,0 5.7325835,50.4285269,0 5.7324199,50.4298126,0 5.733176,50.4324356,0 5.7348435,50.435291,0 5.7346606,50.437759,0 5.7348206,50.4387629,0 5.7357825,50.4405693,0 5.7375667,50.442706,0 5.7380692,50.4437103,0 5.7383877,50.4451229,0 5.738177,50.4480753,0 5.7383837,50.4492201,0 5.739043,50.4502458,0 5.7408122,50.452088,0 5.7414183,50.4534226,0 5.7413975,50.4545653,0 5.7403183,50.4571041,0 5.7401004,50.4586066,0 5.7406117,50.4609688,0 5.7419145,50.4633387,0 5.7421393,50.4646908,0 5.7414314,50.466292,0 5.7395339,50.4676808,0 5.7379565,50.4682513,0 5.736022,50.4685757,0 5.7300016,50.4679898,0 5.7268783,50.4684791,0 5.7180315,50.4726281,0 5.7152805,50.4752293,0 5.7120192,50.4772469,0 5.7079983,50.478769,0 5.7042216,50.4793637,0 5.7018812,50.4793929,0 5.6998351,50.479051,0 5.6941016,50.4765318,0 5.6908527,50.4756109,0 5.6799448,50.4739745,0 5.6763856,50.473058,0 5.6678689,50.4726156,0 5.6651074,50.4728523,0 5.6624179,50.4736123,0 5.6510721,50.4783987,0 5.6489663,50.4787571,0 5.6424621,50.4790789,0 5.6384704,50.4800988,0 5.6366566,50.481331,0 5.6338546,50.4850257,0 5.6316575,50.4871936,0 5.6298658,50.4882743,0 5.6276392,50.4888132,0 5.625695,50.4888009,0 5.6241534,50.4884677,0 5.6228784,50.4879033,0 5.6212751,50.4867796,0 5.6203759,50.4859396,0 5.6197314,50.484876,0 5.6195313,50.4816193,0 5.6191376,50.480654,0 5.6178145,50.4794341,0 5.6154576,50.4785908,0 5.6131196,50.4785111,0 5.6112679,50.4789261,0 5.6097739,50.4797305,0 5.6071347,50.4819899,0 5.6047044,50.4827771,0 5.6008583,50.4828773,0 5.5949387,50.4821833,0 5.5892255,50.4827533,0 5.5874478,50.483538,0 5.5862365,50.4846674,0 5.5853431,50.4867936,0 5.5852385,50.4879365,0 5.5855098,50.4889143,0 5.5863158,50.490048,0 5.5919858,50.494411,0 5.5929062,50.4957939,0 5.5929763,50.4998859,0 5.5939745,50.5037619,0 5.5933558,50.5064892,0 5.5924841,50.5079657,0 5.5911949,50.5090793,0 5.5892597,50.5100382,0 5.5864931,50.5106878,0 5.5840567,50.5108339,0 5.5808521,50.5102292,0 5.5764874,50.5081098,0 5.5745246,50.5074091,0 5.5726164,50.5071261,0 5.5706627,50.5072129,0 5.5671881,50.5081496,0 5.5641085,50.5094976,0 5.562534,50.5109837,0 5.5619727,50.5124963,0 5.5621122,50.5136853,0 5.5628397,50.5149442,0 5.5702172,50.5210909,0 5.5712776,50.5225157,0 5.572788,50.5281617,0 5.5729196,50.5379981,0 5.5735754,50.5397573,0 5.5746522,50.5407947,0 5.5765642,50.5417609,0 5.5783807,50.5421956,0 5.582383,50.5425728,0 5.5845548,50.5432847,0 5.5864181,50.5446265,0 5.5873527,50.5464273,0 5.5872982,50.5476631,0 5.5866996,50.5488606,0 5.5831769,50.5520241,0 5.5815341,50.5531607,0 5.5773119,50.5552218,0 5.5734224,50.5582974,0 5.5727386,50.5592657,0 5.5723631,50.5603635,0 5.5723539,50.5614939,0 5.5727014,50.5626003,0 5.5741391,50.5646593,0 5.5757399,50.566334,0 5.5780255,50.5681424,0 5.5800971,50.5692876,0 5.5827736,50.5702939,0 5.5917255,50.57248,0 5.5973008,50.5731968,0 5.5993163,50.5740583,0 5.6007608,50.5753126,0 5.601377,50.5765049,0 5.6014717,50.5777403,0 5.6011042,50.5788046,0 5.6002532,50.5798743,0 5.5982631,50.5811043,0 5.5926168,50.5831488,0 5.5909384,50.5842117,0 5.5896414,50.5854779,0 5.5885173,50.587818,0 5.5884453,50.5916535,0 5.5888421,50.5930818,0 5.5897691,50.5950142,0 5.5915672,50.5978016,0 5.5926934,50.5988967,0 5.5951423,50.6001636,0 5.6006009,50.6010021,0 5.6030996,50.6019808,0 5.6056955,50.6042486,0 5.606418,50.6054042,0 5.6066336,50.6063319,0 5.6063583,50.6078817,0 5.6051713,50.6098072,0 5.6039861,50.6110122,0 5.6026713,50.6118099,0 5.5986234,50.6130525,0 5.5872107,50.6153915,0 5.5760298,50.6181143,0 5.5739329,50.6191964,0 5.5667995,50.624689,0 5.5739329,50.6191964,0 5.5765061,50.6179505,0 5.587608,50.6153042,0 5.5990498,50.6130673,0 5.6271797,50.6047097,0 5.6306208,50.6038921,0 5.6360167,50.6033361,0 5.6832323,50.6012064,0 5.6915397,50.6012238,0 5.6985591,50.6018558,0 5.7042493,50.6028037,0 5.7104433,50.604318,0 5.7170065,50.6065487,0 5.7236984,50.6096549,0 5.7376402,50.6178702,0 5.7433819,50.6207638,0 5.7652416,50.6309821,0 5.769479,50.6324353,0 5.7740783,50.6334177,0 5.7796816,50.6339054,0 5.8105364,50.6341356,0 5.8227481,50.634993,0 5.9057902,50.6458898,0 5.9247234,50.6487674,0 5.9300959,50.6493066,0 5.936354,50.6494944,0 5.9417099,50.6492972,0 5.9750347,50.6463299,0 5.980362,50.6460378,0 5.9843905,50.6460972,0 5.9896521,50.6465584,0 5.9972002,50.6480329,0 6.0040692,50.6503423,0 6.0073844,50.6518818,0 6.0109538,50.6539441,0 6.0452809,50.6790692,0 6.0468104,50.6803525,0 6.0490015,50.6827491,0 6.0503917,50.6849549,0 6.0514578,50.6877683,0 6.0517968,50.6905897,0 6.0513868,50.693579,0 6.0505337,50.6958872,0 6.0463888,50.7049046,0 6.045169,50.7068046,0 6.0418865,50.7107639,0 6.041062,50.7126218,0 6.0407697,50.7142788,0 6.0416919,50.7208366,0 6.0461862,50.7339721,0 6.0479567,50.7363996,0 6.050722,50.738396,0 6.0639086,50.7438643,0 6.0674116,50.7458594,0 6.0722923,50.7503819,0 6.0885389,50.7664787,0 6.0904478,50.7673586,0 6.0929972,50.767742,0 6.1035772,50.7653454,0 6.1062692,50.7653459,0 6.1086161,50.7658247,0 6.1106446,50.7667053,0 6.1148061,50.7693686,0 6.1195544,50.7719094,0 6.1244996,50.7752791,0 6.1293544,50.7778682,0 6.1440487,50.7832986,0 6.148557,50.784667,0 6.2122869,50.7931507,0 6.2174176,50.7944872,0 6.2115298,50.7928997,0 6.2041983,50.79187,0 6.2013897,50.7908882,0 6.1999428,50.7907359,0 6.1985699,50.7910783,0 6.1970178,50.7919636,0 6.1922666,50.7953077,0 6.1912723,50.7966684,0 6.1905206,50.8139497,0 6.1930731,50.825237,0 6.1944344,50.8275328,0 6.2051905,50.8384689,0 6.206276,50.8402789,0 6.2066914,50.8423433,0 6.2063083,50.8443601,0 6.2047895,50.8474273,0 6.2039357,50.8486444,0 6.1946399,50.8581424,0 6.1930227,50.8594315,0 6.1837566,50.8645533,0 6.1814943,50.8654567,0 6.1636156,50.8681482,0 6.1525368,50.8719242,0 6.1460566,50.8735865,0 6.1432945,50.8755823,0 6.1416361,50.8762972,0 6.1384586,50.8769685,0 6.1325218,50.8773686,0 6.1303832,50.8778651,0 6.1289321,50.878655,0 6.1190139,50.887379,0 6.1173006,50.8881737,0 6.115874,50.8884857,0 6.1132972,50.8884129,0 6.1057466,50.8869721,0 6.0997692,50.885021,0 6.0971399,50.8831414,0 6.0921118,50.8810754,0 6.0913224,50.8800667,0 6.0912463,50.8790295,0 6.091725,50.8780848,0 6.0935864,50.8759685,0 6.0943994,50.8746152,0 6.0947476,50.8729963,0 6.0945978,50.8715464,0 6.0947476,50.8729963,0 6.0945523,50.8741904,0 6.093215,50.8764037,0 6.091628,50.8779191,0 6.0814985,50.8854844,0 6.0801404,50.886764,0 6.0782406,50.8891264,0 6.0773858,50.890524,0 6.0768719,50.8922321,0 6.0768563,50.8940967,0 6.0773907,50.8959737,0 6.0802232,50.9010674,0 6.0826993,50.9045475,0 6.085654,50.9078199,0 6.0931026,50.9150962,0 6.0949357,50.9175735,0 6.0959763,50.9201739,0 6.1029253,50.942981,0 6.1037074,50.9448162,0 6.1051833,50.9469033,0 6.1075018,50.949034,0 6.1311962,50.9660208,0 6.1708244,50.9869319,0 6.1738008,50.98822,0 6.1768364,50.9891809,0 6.2131896,50.9983621,0 6.2191515,51.000429,0 6.2229979,51.0024845,0 6.2668889,51.0304001,0 6.2712837,51.0323495,0 6.3056414,51.045394,0 6.3092049,51.0469894,0 6.3127388,51.0492034,0 6.3158621,51.0521775,0 6.3170668,51.0538407,0 6.3182176,51.056148,0 6.3186904,51.0577504,0 6.3189343,51.0599107,0 6.3181585,51.0679576,0 6.3185781,51.0714921,0 6.319204,51.0733106,0 6.3200644,51.074779,0 6.3237222,51.0786767,0 6.3281287,51.0815623,0 6.4031729,51.125103,0 6.4061267,51.1275847,0 6.437784,51.1576528,0 6.4388347,51.159306,0 6.439869,51.1624434,0 6.4379519,51.1746303,0 6.4380375,51.1760734,0 6.4395798,51.1844526,0 6.4409623,51.1877108,0 6.4445374,51.194865,0 6.4452022,51.1956696,0 6.4481333,51.1981102,0 6.4519626,51.1998307,0 6.4547528,51.2005831,0 6.4642615,51.2006132,0 6.4851382,51.1983124,0 6.5184458,51.1950095,0 6.5225864,51.1948128,0 6.6652297,51.1988804,0 6.6693331,51.19938,0 6.6778464,51.2012939,0 6.680643,51.2021947,0 6.6827967,51.2035267,0 6.6818664,51.2027196,0 6.6807638,51.2011586,0 6.6820179,51.2025799,0 6.6857801,51.204928,0 6.6868259,51.2060588,0 6.687934,51.2085992,0 6.687037,51.206998,0 6.6875724,51.208133,0 6.6878292,51.2098186,0 6.6875504,51.2124394,0 6.686653,51.2167001,0 6.6868353,51.2176311,0 6.6874615,51.218439,0 6.6887403,51.2191944,0 6.6935844,51.2205773,0 6.6962368,51.2206128,0 6.6991371,51.2195959,0 6.7130516,51.20753,0 6.7155276,51.2064053,0 6.7179381,51.2060894,0 6.7201363,51.2063055,0 6.7479077,51.2121306,0 6.7505655,51.2119769,0 6.7635917,51.2095242,0 6.769127,51.2075891,0 6.7708493,51.2073011,0 6.7731243,51.2074059,0 6.7837476,51.2092463,0 6.7859061,51.2099592,0 6.7893367,51.21221,0 6.7900142,51.2131788,0 6.7902343,51.2149593,0 6.7911576,51.216797,0 6.7944534,51.2198303,0</coordinates>
</LineString>
</Placemark>
<Placemark>
<name>RE90b Kiel/Schönberger Strand-Groningen/Norddeich Mole</name>
<description><![CDATA[<div class="kmldesc"><b>Kiel Hauptbahnhof → Leer → Groningen / Norddeich Mole (Flügelzug)</b><br/><br/>Flügelzugkonzept: Akkuast Schönberger Strand kuppelt in Kiel an; Trennung in Leer nach Groningen (NL) und Norddeich Mole<br/><br/><b>Bahnhöfe (27 Halte)</b> — Beispielzeiten eines Musterzugs, zeigt die reale Fahrzeit:<br/><br/><u>Ast 1: Schönberger Strand → Kiel Hauptbahnhof</u><br/><br/><br/>&#8226;&#160;<b>Schönberger Strand</b><br/>Beispielzeit: ab 06:38<br/><i>Zugstart Flügelzug, Solo Akku-KISS B</i><br/>&#8226;&#160;<b>Schönberg (Holstein)</b><br/>Beispielzeit: an 06:45 / ab 06:46<br/><i>Regionaler Halt</i><br/>&#8226;&#160;<b>Probsteierhagen</b><br/>Beispielzeit: an 06:53 / ab 06:54<br/><i>Regionaler Halt</i><br/>&#8226;&#160;<b>Schönkirchen</b><br/>Beispielzeit: an 07:01 / ab 07:02<br/><i>Letzter Halt auf dem Akku-Ast</i><br/>&#8226;&#160;<b>Kiel Hauptbahnhof</b><br/>Beispielzeit: an 07:10 / ab 07:21<br/><i>Flügelungsknoten: Ankupplung Stamm-KISS</i><br/><br/><u>Ast 2: Kiel Hauptbahnhof → Leer (Ostfriesl)</u><br/><br/><br/>&#8226;&#160;<b>Kiel Hauptbahnhof</b><br/><i>Flügelungsknoten: Ankupplung Stamm-KISS</i><br/>&#8226;&#160;<b>Neumünster</b><br/>Beispielzeit: an 07:40 / ab 07:42<br/><i>Taktknoten Mittelholstein</i><br/>&#8226;&#160;<b>Elmshorn</b><br/>Beispielzeit: an 08:04 / ab 08:06<br/><i>SDO aktiv, Zugüberlänge</i><br/>&#8226;&#160;<b>Hamburg-Elbbrücken</b><br/>Beispielzeit: an 08:28 / ab 08:31<br/><i>Fiktiver Großknoten</i><br/>&#8226;&#160;<b>Hamburg-Harburg</b><br/>Beispielzeit: an 08:39 / ab 08:42<br/><i>Einfahrt Rollbahn</i><br/>&#8226;&#160;<b>Buchholz (Nordheide)</b><br/>Beispielzeit: an 08:54 / ab 08:55<br/><i>Regionalhalt</i><br/>&#8226;&#160;<b>Rotenburg (Wümme)</b><br/>Beispielzeit: an 09:10 / ab 09:12<br/><i>SDO aktiv</i><br/>&#8226;&#160;<b>Bremen Hauptbahnhof</b><br/>Beispielzeit: an 09:31 / ab 09:34<br/><i>Großer Taktknoten</i><br/>&#8226;&#160;<b>Oldenburg (Oldb) Hbf</b><br/>Beispielzeit: an 10:01 / ab 10:03<br/><i>Taktknoten Ostfriesland-Zulauf</i><br/>&#8226;&#160;<b>Leer (Ostfriesl)</b><br/>Beispielzeit: an 10:39<br/><i>Zugankunft, sofortige Flügelung</i><br/><br/><u>Ast 3: Leer (Ostfriesl) → Groningen</u><br/><br/><br/>&#8226;&#160;<b>Leer (Ostfriesl)</b><br/>Beispielzeit: ab 10:45<br/><i>Flügelast A: Weiterfahrt unter 1,5 kV DC</i><br/>&#8226;&#160;<b>Weener</b><br/>Beispielzeit: an 10:54 / ab 10:55<br/><i>Grenzhalt Wunderline</i><br/>&#8226;&#160;<b>Bad Nieuweschans</b><br/>Beispielzeit: an 11:00 / ab 11:01<br/><i>Grenzübergang, ProRail-Netz</i><br/>&#8226;&#160;<b>Winschoten</b><br/>Beispielzeit: an 11:10 / ab 11:11<br/><i>Regionaler Systemknoten</i><br/>&#8226;&#160;<b>Scheemda</b><br/>Beispielzeit: an 11:16 / ab 11:17<br/><i>Regionalhalt</i><br/>&#8226;&#160;<b>Hoogezand-Sappemeer</b><br/>Beispielzeit: an 11:28 / ab 11:29<br/><i>Letzter Pendlerhalt vor Groningen</i><br/>&#8226;&#160;<b>Groningen</b><br/>Beispielzeit: an 11:40<br/><i>Zugende Flügel A</i><br/><br/><u>Ast 4: Leer (Ostfriesl) → Norddeich Mole</u><br/><br/><br/>&#8226;&#160;<b>Leer (Ostfriesl)</b><br/>Beispielzeit: ab 10:47<br/><i>Flügelast B: Weiterfahrt Richtung Küste</i><br/>&#8226;&#160;<b>Emden Hbf</b><br/>Beispielzeit: an 11:04 / ab 11:07<br/><i>Fahrtrichtungswechsel Stammzug</i><br/>&#8226;&#160;<b>Norden</b><br/>Beispielzeit: an 11:25 / ab 11:26<br/><i>Küstenknoten</i><br/>&#8226;&#160;<b>Norddeich</b><br/>Beispielzeit: an 11:31 / ab 11:32<br/><i>Zweigleisiger Bahnhof</i><br/>&#8226;&#160;<b>Norddeich Mole</b><br/>Beispielzeit: an 11:35<br/><i>Zugende Flügel B, Fähranleger</i></div><style>@media (prefers-color-scheme: dark) {html,body,.kmldesc{background:#1b1b1b !important;color:#e8e8e8 !important;}.kmldesc a{color:#8ab4f8 !important;}}</style>]]></description>
<LookAt><longitude>8.4883983</longitude><latitude>53.73148605</latitude><altitude>0</altitude><heading>0</heading><tilt>0</tilt><range>264858.54204235843</range><altitudeMode>clampToGround</altitudeMode></LookAt>
<styleUrl>#lineRE90b</styleUrl>
<MultiGeometry>
<LineString>
<tessellate>1</tessellate>
<coordinates>10.4126588,54.4107923,0 10.4066804,54.4061746,0 10.4062121,54.4052756,0 10.405173,54.4008458,0 10.4043577,54.3996401,0 10.3931314,54.3919193,0 10.3906026,54.3907217,0 10.3807867,54.3886058,0 10.2926334,54.3651002,0 10.2352674,54.3369968,0 10.233681,54.3346376,0 10.2322588,54.3337285,0 10.2237832,54.331145,0 10.2136213,54.3288256,0 10.2046988,54.3237841,0 10.2007663,54.3218576,0 10.1980151,54.321668,0 10.1896544,54.3232655,0 10.1875517,54.3233031,0 10.1857998,54.3228771,0 10.1788448,54.3197222,0 10.1725457,54.3151136,0 10.1679418,54.3132989,0 10.1586513,54.3089467,0 10.1545177,54.304416,0 10.1520567,54.3000939,0 10.1511226,54.2979465,0 10.1503401,54.2971958,0 10.14906,54.2965867,0 10.1471666,54.296264,0 10.142562,54.2964325,0 10.1395012,54.2974643,0 10.1372301,54.2989814,0 10.1346642,54.302118,0 10.1309801,54.3058534,0 10.1301472,54.3070321,0 10.1297304,54.3094389,0 10.1303616,54.3123967,0 10.1308627,54.3133371,0</coordinates>
</LineString>
<LineString>
<tessellate>1</tessellate>
<coordinates>10.1308627,54.3133371,0 10.1303616,54.3123967,0 10.1295854,54.3095531,0 10.1298214,54.3074825,0 10.1305742,54.3061476,0 10.1351291,54.301253,0 10.135871,54.2998353,0 10.1362122,54.2981515,0 10.1360004,54.2962462,0 10.1352731,54.2943809,0 10.1343666,54.2930896,0 10.1321613,54.2907506,0 10.1289208,54.2884716,0 10.1241075,54.286612,0 10.1186104,54.2854928,0 10.1084298,54.2846498,0 10.1046554,54.2840678,0 10.1009768,54.2829118,0 10.0979203,54.2812031,0 10.0958077,54.2796038,0 10.0944638,54.2781299,0 10.0934524,54.2762762,0 10.0919645,54.2721677,0 10.0880413,54.2666921,0 10.0854219,54.264692,0 10.0784509,54.2618295,0 10.0767646,54.2608743,0 10.0750178,54.2595163,0 10.0733806,54.2575836,0 10.0662718,54.247084,0 10.057752,54.2380008,0 10.0543807,54.2356502,0 10.0442259,54.23049,0 10.0419371,54.2286973,0 10.040711,54.2272106,0 10.0398927,54.225486,0 10.039591,54.2233734,0 10.0413875,54.2143079,0 10.041087,54.2092353,0 10.0413813,54.2071198,0 10.0421458,54.2054795,0 10.0432503,54.2040488,0 10.0502103,54.1976554,0 10.0516341,54.1959298,0 10.0526672,54.1941995,0 10.0539438,54.1906582,0 10.0544592,54.1883321,0 10.0544147,54.1862271,0 10.0537533,54.1837609,0 10.052904,54.18208,0 10.0516764,54.1803643,0 10.0485433,54.1774255,0 10.0342337,54.1686297,0 10.0311496,54.1661464,0 10.0291218,54.1637507,0 10.0124955,54.1402031,0 10.0091775,54.1373021,0 10.0003834,54.131658,0 9.9982144,54.1296219,0 9.9969791,54.1280741,0 9.9959248,54.1262353,0 9.9951257,54.1240143,0 9.9823295,54.0818079,0 9.9808019,54.0773703,0 9.9789518,54.0734219,0 9.9768833,54.0709231,0 9.9727734,54.0672227,0 9.9672549,54.0637962,0 9.8124437,53.9842716,0 9.7795892,53.9672361,0 9.7764798,53.9652391,0 9.7733174,53.9622507,0 9.6803376,53.8520446,0 9.6789108,53.8506338,0 9.6468687,53.8236502,0 9.6453902,53.8220709,0 9.6439743,53.8199426,0 9.6430786,53.8177574,0 9.6427061,53.8157665,0 9.6427186,53.8137334,0 9.6430678,53.8120789,0 9.6608141,53.7489146,0 9.6622682,53.7442222,0 9.663263,53.7421404,0 9.6645557,53.7403211,0 9.6674691,53.737496,0 9.7182884,53.6946041,0 9.7211485,53.6927653,0 9.7273935,53.6897749,0 9.781239,53.6660005,0 9.7835348,53.6647744,0 9.8198278,53.6403051,0 9.8813761,53.6085343,0 9.9161399,53.5909411,0 9.9175526,53.5899101,0 9.919806,53.5877033,0 9.9283985,53.576483,0 9.9331215,53.571437,0 9.933602,53.5703045,0 9.9337619,53.5683159,0 9.9346226,53.5644146,0 9.9350606,53.56356,0 9.9358467,53.5630045,0 9.937671,53.5626308,0 9.9405715,53.562986,0 9.9423421,53.5629186,0 9.9464559,53.5623518,0 9.9516297,53.5612765,0 9.9535772,53.5611339,0 9.9567031,53.561571,0 9.9606131,53.5630554,0 9.9625618,53.5634639,0 9.9750737,53.5638953,0 9.9828858,53.5638789,0 9.9845934,53.5635857,0 9.9881544,53.5617034,0 9.9912851,53.5593362,0 9.9938267,53.5580406,0 9.9980422,53.5568394,0 10.0021866,53.5562612,0 10.004727,53.5547053,0 10.0053921,53.553956,0 10.006333,53.5520756,0 10.0075304,53.5481665,0 10.0074959,53.5468756,0 10.0067096,53.5446151,0 10.0066956,53.5435329,0 10.0071328,53.5427004,0 10.0084574,53.5416468,0 10.0113475,53.5404983,0 10.0220486,53.5387681,0 10.0233355,53.5382633,0 10.0242357,53.5375727,0 10.0248027,53.5363818,0 10.024442,53.5350583,0 10.0167139,53.5265434,0 10.0133289,53.5222126,0 10.0121732,53.5205102,0 10.0089485,53.5131359,0 10.0083424,53.5107035,0 10.0083952,53.5071568,0 10.0081329,53.5049468,0 10.0054464,53.4956739,0 10.003918,53.4874517,0 10.0027638,53.4833933,0 9.9999678,53.4765972,0 9.9915112,53.4593453,0 9.9911157,53.4575435,0 9.9915022,53.4556741,0 9.9929212,53.453717,0 9.9953014,53.4518047,0 10.0079172,53.4433374,0 10.0115246,53.4400316,0 10.0137525,53.4376895,0 10.0149709,53.4360447,0 10.0158989,53.4336108,0 10.0184237,53.4184995,0 10.0182459,53.4157731,0 10.0173831,53.413873,0 10.0154491,53.4117002,0 10.0127812,53.4099078,0 10.0086816,53.4083233,0 10.0050525,53.407586,0 9.9995341,53.4074558,0 9.9872137,53.4090867,0 9.9836551,53.4088737,0 9.9805486,53.4080924,0 9.9782806,53.4070308,0 9.9762383,53.4055054,0 9.9657914,53.3945448,0 9.9629688,53.3923344,0 9.9584694,53.3903526,0 9.9473548,53.3876069,0 9.9443753,53.386543,0 9.9423683,53.3854935,0 9.9403466,53.3839227,0 9.9356077,53.3791101,0 9.9335634,53.3763351,0 9.9274248,53.362916,0 9.9265319,53.3613434,0 9.9249755,53.3594593,0 9.9126915,53.3481455,0 9.8857073,53.3280772,0 9.8827072,53.3263705,0 9.8800008,53.3254249,0 9.8769647,53.324735,0 9.8344569,53.3195927,0 9.8307841,53.3188123,0 9.8276997,53.317766,0 9.8250301,53.3164869,0 9.8122639,53.3093259,0 9.78924,53.2984468,0 9.5825557,53.2028283,0 9.5775546,53.2009144,0 9.5708291,53.1989032,0 9.5359169,53.1896475,0 9.530781,53.1879544,0 9.5268499,53.1863477,0 9.5222032,53.1840175,0 9.5179691,53.1813738,0 9.4690768,53.1451982,0 9.4640888,53.142024,0 9.410079,53.117789,0 9.3995133,53.1143553,0 9.391196,53.1124879,0 9.3142488,53.1029398,0 9.3059092,53.1024855,0 9.1853136,53.0998859,0 9.1036106,53.0951213,0 9.095565,53.0942567,0 9.0174117,53.0834241,0 9.0068232,53.0823126,0 9.0003099,53.0823391,0 8.947513,53.0853199,0 8.9414658,53.086336,0 8.9240646,53.0904248,0 8.8841787,53.0969055,0 8.8208649,53.1032938,0 8.8163319,53.1031784,0 8.8031435,53.1020554,0 8.8005856,53.1015066,0 8.7983538,53.1004785,0 8.796868,53.0992205,0 8.7961249,53.0979582,0 8.7959283,53.0964543,0 8.7962173,53.0953836,0 8.7970491,53.0941671,0 8.8040948,53.0882835,0 8.8079484,53.0859955,0 8.8153653,53.0825978,0 8.8176128,53.0818689,0 8.8154507,53.082387,0 8.8108051,53.0843045,0 8.8069466,53.0850969,0 8.8026126,53.0869986,0 8.8008682,53.0872804,0 8.7989073,53.0870608,0 8.7978956,53.0866737,0 8.7901217,53.0819035,0 8.7849529,53.0749299,0 8.7830839,53.0733036,0 8.7807189,53.0718306,0 8.7762664,53.0702133,0 8.7523891,53.0637682,0 8.7495116,53.0631683,0 8.7446097,53.0626097,0 8.6466895,53.0541795,0 8.6307509,53.053004,0 8.6239501,53.0522344,0 8.6211439,53.0521798,0 8.6163451,53.0529316,0 8.6139974,53.0537906,0 8.6116186,53.05517,0 8.6101449,53.0565595,0 8.5964609,53.0724,0 8.5932739,53.0754797,0 8.5897902,53.0780302,0 8.5727561,53.0885917,0 8.5685134,53.091039,0 8.5621305,53.0937765,0 8.5578949,53.0951066,0 8.5469849,53.09772,0 8.5388731,53.0987407,0 8.4884573,53.1014238,0 8.4818184,53.1020642,0 8.4776106,53.1030255,0 8.4747125,53.1040132,0 8.456319,53.111088,0 8.4536828,53.1117449,0 8.4503248,53.112209,0 8.409748,53.1122453,0 8.388851,53.113145,0 8.3231984,53.1196611,0 8.2568918,53.1309358,0 8.2515836,53.1320057,0 8.2463156,53.1335919,0 8.2419205,53.1353997,0 8.2371052,53.1380329,0 8.2309854,53.1423671,0 8.2288544,53.1431921,0 8.2262233,53.1438227,0 8.2216696,53.1445529,0 8.21722,53.1449636,0 8.1553228,53.1558521,0 8.1398504,53.158208,0 8.0150756,53.1808543,0 7.9945344,53.1838198,0 7.9638118,53.1870182,0 7.956759,53.1880826,0 7.9058378,53.1987752,0 7.8164155,53.2148765,0 7.8043486,53.2174504,0 7.7915635,53.2186803,0 7.755451,53.2209994,0 7.7136173,53.2128536,0 7.7029049,53.2102368,0 7.6993546,53.2101225,0 7.6823506,53.2107257,0 7.6793727,53.2114249,0 7.6738274,53.2134795,0 7.6506192,53.2173963,0 7.646569,53.2187334,0 7.6445785,53.2199985,0 7.6433019,53.2212702,0 7.6380064,53.2293707,0 7.6361372,53.231561,0 7.6287493,53.2375437,0 7.6257117,53.2390555,0 7.623398,53.2397012,0 7.6112057,53.241991,0 7.5963635,53.2433042,0 7.571867,53.2487481,0 7.5671562,53.2493571,0 7.5637459,53.2493071,0 7.5600824,53.2487087,0 7.5412448,53.2427636,0 7.5367808,53.2420057,0 7.4770792,53.244017,0 7.4735063,53.2437718,0 7.47104,53.2431547,0 7.4689552,53.2422489,0 7.4671994,53.2409513,0 7.4660803,53.2395789,0 7.4652697,53.2372731,0 7.4651334,53.2314086,0</coordinates>
</LineString>
<LineString>
<tessellate>1</tessellate>
<coordinates>7.4651334,53.2314086,0 7.4653105,53.1973622,0 7.4650648,53.1948489,0 7.4643182,53.1921765,0 7.4621807,53.1880456,0 7.4421563,53.1572892,0 7.440754,53.1558231,0 7.4397027,53.1551296,0 7.435844,53.1536017,0 7.4319889,53.1530646,0 7.428108,53.1533043,0 7.3840659,53.1624479,0 7.3805008,53.1624704,0 7.3621907,53.1602484,0 7.3591982,53.1603045,0 7.3539002,53.1609935,0 7.2971242,53.1737849,0 7.2654421,53.1822781,0 7.248528,53.189021,0 7.2460289,53.1895281,0 7.2433415,53.1896476,0 7.2134491,53.1880337,0 7.2076677,53.1869413,0 7.0542011,53.1394123,0 7.0503973,53.1385543,0 7.0463904,53.1381981,0 7.0427826,53.1383284,0 7.0292125,53.1399489,0 7.0261414,53.1404858,0 7.0230379,53.1414662,0 6.9742757,53.1674299,0 6.971269,53.1685588,0 6.9678221,53.169122,0 6.9640676,53.1690305,0 6.9118678,53.1638265,0 6.9081482,53.1632702,0 6.9004815,53.1616311,0 6.8913331,53.1606456,0 6.8774969,53.1603798,0 6.8458082,53.1572807,0 6.7265685,53.1612939,0 6.7228581,53.1616193,0 6.7192749,53.1624205,0 6.6003942,53.1980588,0 6.5973674,53.199212,0 6.5800825,53.2074923,0 6.5740303,53.2101452,0 6.5704564,53.2108702,0 6.5641378,53.2105852,0</coordinates>
</LineString>
<LineString>
<tessellate>1</tessellate>
<coordinates>7.4651334,53.2314086,0 7.4649296,53.2597437,0 7.4644725,53.2625267,0 7.4635626,53.2649515,0 7.4326992,53.3125605,0 7.4312026,53.3143708,0 7.4292585,53.3161354,0 7.4246159,53.319026,0 7.4188435,53.3212114,0 7.4128478,53.3224302,0 7.2618691,53.3418553,0 7.257513,53.3429461,0 7.2537694,53.3442531,0 7.2194513,53.3582984,0 7.2157927,53.3592618,0 7.2086394,53.359664,0 7.2068897,53.3599796,0 7.1980425,53.3634515,0 7.1957468,53.3650591,0 7.1951651,53.3661473,0 7.1948631,53.367982,0 7.1950405,53.3710509,0 7.1956758,53.3762787,0 7.1968094,53.3790834,0 7.2015112,53.3898415,0 7.2024906,53.391642,0 7.2044461,53.3939176,0 7.2087574,53.3975175,0 7.21006,53.3992544,0 7.2182861,53.4181825,0 7.2195991,53.4201613,0 7.2210341,53.4214791,0 7.2365758,53.4328286,0 7.3002757,53.4749003,0 7.3025318,53.4768823,0 7.3043513,53.4794165,0 7.3052753,53.4821164,0 7.3053171,53.4844261,0 7.304894,53.4861518,0 7.3042315,53.4876209,0 7.2996321,53.4948378,0 7.277586,53.5167335,0 7.2759587,53.5181636,0 7.2740639,53.5193515,0 7.2642451,53.5236928,0 7.2619328,53.5250559,0 7.2603346,53.5264893,0 7.2540036,53.534273,0 7.2526392,53.5367512,0 7.2466252,53.5567517,0 7.2459298,53.5583156,0 7.2403797,53.5662764,0 7.2361978,53.5708804,0 7.2300609,53.5810263,0 7.2288385,53.5820415,0 7.2235646,53.5851274,0 7.2179104,53.589065,0 7.217407,53.5902583,0 7.2175914,53.5925326,0 7.2169949,53.5936212,0 7.2112995,53.5986868,0 7.2090592,53.6001785,0 7.1844166,53.6104386,0 7.1745994,53.6139064,0 7.1605809,53.6217317,0 7.1592302,53.6227996,0 7.1587306,53.6243124,0</coordinates>
</LineString>
</MultiGeometry>
</Placemark>
<Placemark>
<name>RE91 Sassnitz/Ostseebad Binz-Bremerhaven</name>
<description><![CDATA[<div class="kmldesc"><b>Sassnitz / Ostseebad Binz → Bremerhaven-Lehe (Flügelzug)</b><br/><br/>Flügeläste Rügen vereinigen sich in Bergen; SFS-Expresskeil über Büchen; EVB-Akkubetrieb ab Buxtehude<br/><br/><b>Bahnhöfe (19 Halte)</b> — Beispielzeiten eines Musterzugs, zeigt die reale Fahrzeit:<br/><br/><u>Ast 1: Sassnitz → Bergen auf Rügen</u><br/><br/><br/>&#8226;&#160;<b>Sassnitz</b><br/>Beispielzeit: ab 06:46<br/><i>Zugstart Flügel A, Solo 3-Teiler KISS B</i><br/>&#8226;&#160;<b>Bergen auf Rügen</b><br/>Beispielzeit: an 07:06 / ab 07:16<br/><i>Flügelungsknoten 1: Kuppeln</i><br/><br/><u>Ast 2: Ostseebad Binz → Bergen auf Rügen</u><br/><br/><br/>&#8226;&#160;<b>Ostseebad Binz</b><br/>Beispielzeit: ab 06:51<br/><i>Zugstart Flügel B, Solo 3-Teiler KISS B</i><br/>&#8226;&#160;<b>Bergen auf Rügen</b><br/>Beispielzeit: an 07:06 / ab 07:16<br/><i>Flügelungsknoten 1: Kuppeln</i><br/><br/><u>Ast 3: Bergen auf Rügen → Bremerhaven-Lehe</u><br/><br/><br/>&#8226;&#160;<b>Bergen auf Rügen</b><br/><i>Flügelungsknoten 1: Kuppeln</i><br/>&#8226;&#160;<b>Stralsund Hauptbahnhof</b><br/>Beispielzeit: an 07:36 / ab 07:39<br/><i>Großer Festlandsknoten</i><br/>&#8226;&#160;<b>Velgast</b><br/>Beispielzeit: an 07:55 / ab 07:56<br/><i>Regionaler Systemhalt</i><br/>&#8226;&#160;<b>Rövershagen</b><br/>Beispielzeit: an 08:21 / ab 08:22<br/><i>SDO aktiv, Bahnsteigunterlänge</i><br/>&#8226;&#160;<b>Rostock Hauptbahnhof</b><br/>Beispielzeit: an 08:32 / ab 08:38<br/><i>Richtungswechsel, Kopfmachen</i><br/>&#8226;&#160;<b>Bad Kleinen</b><br/>Beispielzeit: an 09:09 / ab 09:11<br/><i>Netzknoten Richtung Wismar</i><br/>&#8226;&#160;<b>Schwerin Hauptbahnhof</b><br/>Beispielzeit: an 09:24 / ab 09:27<br/><i>Landeshauptstadt-Halt</i><br/>&#8226;&#160;<b>Hagenow Land</b><br/>Beispielzeit: an 09:42 / ab 09:45<br/><i>Einfahrt auf die SFS</i><br/>&#8226;&#160;<b>Büchen</b><br/>Beispielzeit: an 10:04 / ab 10:11<br/><i>Rendezvous mit RE46/RE77</i><br/>&#8226;&#160;<b>Hamburg-Elbbrücken</b><br/>Beispielzeit: an 10:31 / ab 10:34<br/><i>Fiktiver GUB-Großknoten</i><br/>&#8226;&#160;<b>Hamburg-Harburg</b><br/>Beispielzeit: an 10:42 / ab 10:45<br/><i>Systemhalt Südelbe</i><br/>&#8226;&#160;<b>Buxtehude</b><br/>Beispielzeit: an 10:59 / ab 11:05<br/><i>Flügelungsknoten 2: Trennen, Akkubetrieb</i><br/>&#8226;&#160;<b>Bremervörde</b><br/>Beispielzeit: an 11:36 / ab 11:38<br/><i>EVB-Netzknoten, Akkubetrieb</i><br/>&#8226;&#160;<b>Bremerhaven Hbf</b><br/>Beispielzeit: an 12:08 / ab 12:10<br/><i>Wieder unter Oberleitung</i><br/>&#8226;&#160;<b>Bremerhaven-Lehe</b><br/>Beispielzeit: an 12:15<br/><i>Zugende, Abstellanlage</i></div><style>@media (prefers-color-scheme: dark) {html,body,.kmldesc{background:#1b1b1b !important;color:#e8e8e8 !important;}.kmldesc a{color:#8ab4f8 !important;}}</style>]]></description>
<LookAt><longitude>11.1172434</longitude><latitude>53.9425734</latitude><altitude>0</altitude><heading>0</heading><tilt>0</tilt><range>318633.45590950595</range><altitudeMode>clampToGround</altitudeMode></LookAt>
<styleUrl>#lineRE91</styleUrl>
<MultiGeometry>
<LineString>
<tessellate>1</tessellate>
<coordinates>13.6379111,54.5164141,0 13.6347351,54.5156605,0 13.6238504,54.5138765,0 13.6217412,54.5138659,0 13.6166719,54.5144262,0 13.6141232,54.5150696,0 13.6060232,54.5187186,0 13.6020143,54.519933,0 13.5993414,54.5214838,0 13.5897181,54.5250184,0 13.5872785,54.5254663,0 13.5779369,54.5262258,0 13.5718134,54.5274113,0 13.5703622,54.5273716,0 13.5685138,54.5268894,0 13.5525101,54.515033,0 13.5504958,54.5140194,0 13.535897,54.5083443,0 13.5350475,54.5078815,0 13.5340227,54.5069031,0 13.523415,54.4954876,0 13.5233941,54.4941898,0 13.5273019,54.4859292,0 13.5273782,54.4851044,0 13.5269987,54.483892,0 13.5256261,54.4824254,0 13.5236368,54.4813455,0 13.5214991,54.4808747,0 13.5103306,54.4809528,0 13.4927308,54.4784503,0 13.4889341,54.4774826,0 13.486242,54.4762454,0 13.4839213,54.4746629,0 13.482072,54.472906,0 13.4809282,54.4713758,0 13.4781202,54.4659397,0 13.47303,54.461447,0 13.4681818,54.4554796,0 13.4657541,54.4542287,0 13.4586062,54.4524858,0 13.4524713,54.4488034,0 13.4426069,54.4439424,0 13.4417626,54.4432684,0 13.4409946,54.4421983,0 13.4396831,54.4379563,0 13.4388071,54.4365888,0 13.4369633,54.4353752,0 13.4280122,54.4317088,0 13.4264938,54.4307764,0 13.4254745,54.4295414,0 13.4236632,54.4245872,0 13.4231867,54.423844,0 13.4218781,54.4227331,0 13.4185123,54.4209482,0</coordinates>
</LineString>
<LineString>
<tessellate>1</tessellate>
<coordinates>13.5974135,54.4076951,0 13.5756713,54.4286266,0 13.5658575,54.4416005,0 13.5608783,54.4510794,0 13.5605806,54.4530404,0 13.5608817,54.4545667,0 13.5646872,54.4627142,0 13.5649087,54.4636107,0 13.5655387,54.4718994,0 13.5653853,54.4728035,0 13.5646215,54.473965,0 13.5626128,54.4753889,0 13.5594555,54.4762821,0 13.5528492,54.4771938,0 13.5400078,54.4780422,0 13.5282468,54.4803431,0 13.5255117,54.4806621,0 13.5149185,54.4809833,0 13.5098134,54.4809082,0 13.4919741,54.4783151,0 13.4889341,54.4774826,0 13.486242,54.4762454,0 13.4839213,54.4746629,0 13.482072,54.472906,0 13.4809282,54.4713758,0 13.4781202,54.4659397,0 13.47303,54.461447,0 13.4681818,54.4554796,0 13.4657541,54.4542287,0 13.4586062,54.4524858,0 13.4524713,54.4488034,0 13.4426069,54.4439424,0 13.4417626,54.4432684,0 13.4409946,54.4421983,0 13.4396831,54.4379563,0 13.4388071,54.4365888,0 13.4369633,54.4353752,0 13.4280122,54.4317088,0 13.4264938,54.4307764,0 13.4254745,54.4295414,0 13.4236632,54.4245872,0 13.4231974,54.4238413,0 13.4218741,54.4227378,0 13.4185123,54.4209482,0</coordinates>
</LineString>
<LineString>
<tessellate>1</tessellate>
<coordinates>13.4185123,54.4209482,0 13.4121409,54.4174483,0 13.4090053,54.415402,0 13.3958791,54.4012565,0 13.3942349,54.3999677,0 13.3593052,54.381575,0 13.3499969,54.3784073,0 13.3480897,54.3768798,0 13.3456594,54.3732928,0 13.3427241,54.3712398,0 13.3398063,54.3700692,0 13.3369282,54.369456,0 13.3251963,54.3683199,0 13.3226679,54.3677496,0 13.2937079,54.3547768,0 13.2912972,54.3542354,0 13.2892801,54.3541317,0 13.279734,54.3545082,0 13.2149351,54.3544907,0 13.2039919,54.3529294,0 13.1970198,54.3526008,0 13.1940834,54.3522269,0 13.1761704,54.3476353,0 13.1741677,54.3465323,0 13.1603609,54.3344341,0 13.1517304,54.3305837,0 13.1493266,54.3290173,0 13.1440818,54.324878,0 13.1395553,54.3221799,0 13.1153793,54.3091679,0 13.1096093,54.3065683,0 13.107539,54.3053472,0 13.1036306,54.3016582,0 13.0989903,54.2948737,0 13.0978163,54.294069,0 13.0961927,54.2934966,0 13.0944273,54.2932673,0 13.0926688,54.2933463,0 13.0907165,54.2938606,0 13.0894413,54.2945718,0 13.0886006,54.295454,0 13.0861754,54.2992807,0 13.0839498,54.3013552,0 13.0784322,54.3076508,0 13.0763559,54.3090537,0 13.0738512,54.3095999,0 13.072121,54.3094688,0 13.0524417,54.3051998,0 13.0445891,54.3042759,0 12.9802836,54.3023387,0 12.9704392,54.3022324,0 12.9671482,54.3018978,0 12.9582495,54.3002746,0 12.9550094,54.3000008,0 12.9268153,54.3009777,0 12.8837454,54.2983356,0 12.8794126,54.2978038,0 12.8490953,54.2921135,0 12.8069041,54.2779346,0 12.7799904,54.2749583,0 12.7560515,54.2711718,0 12.7331406,54.270099,0 12.716412,54.2684271,0 12.6962617,54.2676057,0 12.5253597,54.2561255,0 12.5175864,54.2552094,0 12.47596,54.2494051,0 12.4711441,54.2480464,0 12.4573402,54.2419552,0 12.4541392,54.2409601,0 12.450927,54.2404687,0 12.4180593,54.2374452,0 12.3951138,54.231288,0 12.360389,54.2188651,0 12.3503364,54.2164472,0 12.3482028,54.2157385,0 12.2529966,54.1783942,0 12.2479457,54.1758095,0 12.2445059,54.1736297,0 12.2433972,54.172518,0 12.2451009,54.1741562,0 12.2472723,54.1755117,0 12.2442288,54.1735151,0 12.243003,54.1719911,0 12.2425514,54.1709824,0 12.2419701,54.1657839,0 12.2414502,54.1642226,0 12.2245607,54.1426163,0 12.209151,54.1148141,0 12.2074554,54.113305,0 12.1998927,54.1087089,0 12.1912654,54.1025085,0 12.1825707,54.0966951,0 12.1812994,54.095262,0 12.1807441,54.0942362,0 12.1799179,54.091232,0 12.1791983,54.0896878,0 12.1776844,54.0877257,0 12.1757122,54.0857513,0 12.1731272,54.0841762,0 12.1612144,54.0786373,0 12.1586788,54.0781153,0 12.1524267,54.0781099,0 12.1496788,54.0776988,0 12.1473596,54.0767777,0 12.1441291,54.0743075,0 12.1420183,54.0735792,0 12.1399391,54.0735226,0 12.1380272,54.0739987,0 12.130829,54.0782229,0 12.1392915,54.0725569,0 12.1405172,54.0705809,0 12.1419586,54.0656123,0 12.1429389,54.0644035,0 12.1451705,54.0625542,0 12.1456493,54.0618419,0 12.145852,54.0603206,0 12.1446982,54.0478245,0 12.14352,54.0442338,0 12.1418284,54.0414961,0 12.1313653,54.0303422,0 12.1286053,54.0264945,0 12.1163204,54.0006958,0 12.1151944,53.9975366,0 12.1146665,53.9946079,0 12.1145422,53.9915598,0 12.1153136,53.9866726,0 12.1250403,53.9625555,0 12.1255844,53.9602298,0 12.1256839,53.9578484,0 12.1252631,53.954468,0 12.1244759,53.9519216,0 12.1234028,53.9498864,0 12.1204493,53.9454858,0 12.1187444,53.9418563,0 12.1155293,53.9307399,0 12.1115792,53.9105736,0 12.110785,53.9079951,0 12.1097185,53.9059106,0 12.1083174,53.90396,0 12.1063764,53.9019174,0 12.1037571,53.8998273,0 12.0896254,53.8918446,0 12.0821603,53.8866692,0 12.0726112,53.882469,0 12.0197674,53.8532145,0 12.0120599,53.8476987,0 11.9815688,53.8246686,0 11.9779398,53.8222978,0 11.9739461,53.8201725,0 11.9187212,53.7977922,0 11.9111772,53.7947975,0 11.9056616,53.79305,0 11.8999673,53.7918058,0 11.8947306,53.7910673,0 11.863133,53.7881268,0 11.8576905,53.7869759,0 11.8537595,53.7857113,0 11.8497363,53.7840237,0 11.8453165,53.7813087,0 11.8208984,53.7611387,0 11.8166332,53.7583531,0 11.8136166,53.7569273,0 11.8090265,53.7553006,0 11.7876498,53.7503293,0 11.7830414,53.7495955,0 11.7786046,53.7494363,0 11.7736234,53.7498833,0 11.7690412,53.7508903,0 11.7294655,53.7680883,0 11.720316,53.7710488,0 11.7070721,53.7740094,0 11.7034725,53.7752926,0 11.6999064,53.7772795,0 11.6972389,53.7784313,0 11.6928679,53.7796949,0 11.68957,53.7803584,0 11.6860832,53.7807971,0 11.6795189,53.7811874,0 11.6014855,53.7850684,0 11.550557,53.7899771,0 11.5454507,53.7899563,0 11.5418587,53.7896451,0 11.5261692,53.7871332,0 11.523397,53.7864988,0 11.5079355,53.7815692,0 11.5035967,53.7809277,0 11.4964575,53.7803916,0 11.4920667,53.7795171,0 11.4899325,53.7788502,0 11.4865449,53.7772443,0 11.4819591,53.7737056,0 11.4747544,53.7691868,0 11.4696289,53.7674915,0 11.459644,53.7650215,0 11.4531456,53.7621772,0 11.4197013,53.7414588,0 11.4169397,53.7391228,0 11.4152006,53.7372773,0 11.4135863,53.735053,0 11.412298,53.7326304,0 11.4117405,53.7311248,0 11.4112144,53.7285221,0 11.4096153,53.7174347,0 11.4095686,53.7155465,0 11.4102719,53.710866,0 11.4126475,53.7028397,0 11.4135426,53.6960117,0 11.4134197,53.6936937,0 11.4123721,53.6904523,0 11.4091809,53.6844938,0 11.4077138,53.6812129,0 11.401212,53.6599431,0 11.4006837,53.6562191,0 11.4009588,53.6530334,0 11.4018912,53.6497351,0 11.4032215,53.6469845,0 11.4059694,53.6426481,0 11.4070878,53.6399898,0 11.4075054,53.636433,0 11.4075532,53.6332964,0 11.4069857,53.6306878,0 11.4053016,53.626672,0 11.4031711,53.624,0 11.3883653,53.6133209,0 11.3866642,53.6117012,0 11.385211,53.6097345,0 11.3842484,53.6078221,0 11.3837558,53.6052645,0 11.3839328,53.6026096,0 11.3855033,53.5921981,0 11.385306,53.5901583,0 11.3843736,53.5872032,0 11.3440991,53.520974,0 11.3416888,53.5180336,0 11.3390967,53.5154948,0 11.238615,53.4269174,0 11.2122393,53.4118673,0 11.2067085,53.4089413,0 11.1575625,53.3765693,0 11.1528327,53.3743613,0 11.1465824,53.3726923,0 11.0256011,53.3579998,0 11.0197542,53.3577355,0 10.9868076,53.3579962,0 10.9823128,53.3582475,0 10.9774412,53.3589252,0 10.9037336,53.3748233,0 10.8986571,53.3756909,0 10.8946738,53.3760955,0 10.8884916,53.3762994,0 10.7672681,53.376071,0 10.7626246,53.3763287,0 10.7586219,53.3769532,0 10.7548952,53.377902,0 10.7481119,53.3801117,0 10.7449838,53.3815403,0 10.7414149,53.3838304,0 10.6968439,53.4222256,0 10.6621929,53.4518374,0 10.6577235,53.4554125,0 10.6528495,53.4584822,0 10.6209656,53.4766058,0 10.622129,53.4757879,0 10.6231363,53.4746442,0 10.6214964,53.4762754,0 10.6161869,53.4793101,0 10.6081692,53.4837339,0 10.6039656,53.4856834,0 10.5990073,53.4875356,0 10.5462986,53.5041405,0 10.5428685,53.5051237,0 10.5392492,53.5058382,0 10.5332722,53.50636,0 10.5269443,53.5060644,0 10.5225364,53.50532,0 10.509777,53.5019918,0 10.5056851,53.5014335,0 10.5022814,53.5012851,0 10.4987578,53.5014041,0 10.4937505,53.5019395,0 10.4799296,53.5046122,0 10.4673688,53.5055121,0 10.4638366,53.5059753,0 10.4595414,53.5069706,0 10.4554767,53.5083942,0 10.4275841,53.520719,0 10.4224862,53.5222262,0 10.4159005,53.5231782,0 10.4090417,53.5231751,0 10.3725675,53.5209568,0 10.3668867,53.5208962,0 10.3628609,53.5213044,0 10.358459,53.5222465,0 10.3554819,53.5232406,0 10.3489742,53.5260124,0 10.3455082,53.5270423,0 10.3332167,53.5292146,0 10.3260319,53.5298763,0 10.3197503,53.5299455,0 10.3124988,53.5296551,0 10.3051543,53.5287963,0 10.3005082,53.527894,0 10.2880069,53.5248494,0 10.2827585,53.5230817,0 10.2803077,53.5218638,0 10.2777556,53.5202102,0 10.2726314,53.515353,0 10.2689645,53.5128578,0 10.2634473,53.5105835,0 10.2537421,53.5083608,0 10.2486832,53.5066877,0 10.2447933,53.5045342,0 10.2388538,53.4999363,0 10.2347001,53.4979795,0 10.2298794,53.4966525,0 10.2217902,53.4955851,0 10.2175642,53.4946158,0 10.2126737,53.4928818,0 10.2045513,53.4889542,0 10.2006332,53.4876076,0 10.1960545,53.4868282,0 10.1914269,53.4867164,0 10.1536431,53.4908542,0 10.1474444,53.4919269,0 10.1408942,53.4936563,0 10.1322572,53.4973958,0 10.1037777,53.5120134,0 10.0656663,53.530916,0 10.0591797,53.5334656,0 10.0567362,53.5342054,0 10.0491167,53.5354241,0 10.0319698,53.5396426,0 10.0295236,53.5397622,0 10.0273795,53.5392417,0 10.0259826,53.5382637,0 10.0255089,53.5374667,0 10.0251633,53.5358765,0 10.0246042,53.5349426,0 10.0176462,53.5275204,0 10.024248,53.5348024,0 10.0167139,53.5265434,0 10.0133289,53.5222126,0 10.0116006,53.5192744,0 10.0084822,53.5116765,0 10.0081329,53.5049468,0 10.0054464,53.4956739,0 10.003918,53.4874517,0 10.0029454,53.4839617,0 10.0002589,53.4772211,0 9.9915112,53.4593453,0 9.9911157,53.4575435,0 9.9915022,53.4556741,0 9.9911397,53.4569637,0 9.9911827,53.4582833,0 9.9929008,53.4622338,0 9.990787,53.4584854,0 9.99078,53.456915,0 9.9898493,53.4579096,0 9.9870635,53.4594918,0 9.9866939,53.460083,0 9.9863487,53.4615195,0 9.9850821,53.4627248,0 9.9795019,53.4645628,0 9.9702106,53.4688083,0 9.9676628,53.4695081,0 9.9625801,53.4703038,0 9.9484358,53.4714926,0 9.9123104,53.4717971,0 9.8521939,53.474243,0 9.8257548,53.4750753,0 9.7069054,53.4686076,0 9.7016706,53.468884,0 9.6690565,53.472518,0 9.6657477,53.4721018,0 9.6618774,53.4708869,0 9.6591334,53.4696988,0 9.6568741,53.4681418,0 9.6554989,53.4667484,0 9.6548127,53.4654755,0 9.6543764,53.4640339,0 9.6537988,53.4599473,0 9.6531615,53.4584756,0 9.6523943,53.4573769,0 9.6509014,53.4559464,0 9.6484988,53.4544688,0 9.6245863,53.4445144,0 9.6094409,53.4410645,0 9.6065452,53.4406663,0 9.603176,53.4405862,0 9.5442072,53.4483803,0 9.5378026,53.448405,0 9.529812,53.44726,0 9.5211228,53.4481522,0 9.5128052,53.4477868,0 9.5103392,53.4479291,0 9.4792881,53.4539113,0 9.4416078,53.4580476,0 9.4250098,53.4571957,0 9.3746317,53.4611991,0 9.360718,53.4634962,0 9.322875,53.4691752,0 9.3059287,53.4707442,0 9.3027847,53.4708274,0 9.2810843,53.4699713,0 9.2678902,53.4687399,0 9.2370975,53.4695816,0 9.233477,53.4700928,0 9.2224809,53.4727286,0 9.2188815,53.4732048,0 9.1768533,53.4722967,0 9.1737129,53.4725131,0 9.1701768,53.4732825,0 9.1291548,53.4865699,0 9.1076133,53.4965086,0 9.1044025,53.497571,0 9.1007855,53.4981225,0 9.0971793,53.4981633,0 9.0362561,53.4942244,0 9.0204508,53.494174,0 8.9812659,53.498414,0 8.8989287,53.5014748,0 8.8299542,53.5103442,0 8.7452104,53.5174965,0 8.6993586,53.5135011,0 8.6692919,53.5141162,0 8.6400808,53.5121968,0 8.6342108,53.5111464,0 8.6205333,53.5068481,0 8.6171701,53.5066466,0 8.6154564,53.50698,0 8.6133157,53.5077541,0 8.6093116,53.5102212,0 8.6030258,53.5135944,0 8.6014827,53.5147941,0 8.6005951,53.5162807,0 8.6005888,53.5180547,0 8.6026168,53.5220127,0 8.6027877,53.5237273,0 8.6006696,53.5316103,0 8.5996515,53.533817,0 8.5979943,53.539375,0 8.5967362,53.5442266,0 8.5965757,53.5458902,0 8.5979783,53.5521021,0 8.6006935,53.5620432,0 8.6005359,53.5664135,0</coordinates>
</LineString>
</MultiGeometry>
</Placemark>
<Placemark>
<name>RE94 Plzeň-Zürich</name>
<description><![CDATA[<div class="kmldesc"><b>Plzeň hlavní nádraží → Zürich HB</b><br/><br/>Trinationale Linie CZ/DE/CH, dreifacher Systemwechsel Oberleitung, Akkubetrieb Paartalbahn und Bodenseegürtelbahn<br/><br/><b>Bahnhöfe (30 Halte)</b> — Beispielzeiten eines Musterzugs, zeigt die reale Fahrzeit:<br/><br/><br/>&#8226;&#160;<b>Plzeň hlavní nádraží</b><br/>Beispielzeit: ab 06:34<br/><i>Startbahnhof SZ-Trassenkorridor</i><br/>&#8226;&#160;<b>Stříbro</b><br/>Beispielzeit: an 06:59 / ab 07:00<br/><i>Regelmäßiger tschechischer Zwischenhalt</i><br/>&#8226;&#160;<b>Mariánské Lázně</b><br/>Beispielzeit: an 07:34 / ab 07:35<br/><i>Halt im böhmischen Bäderdreieck</i><br/>&#8226;&#160;<b>Cheb</b><br/>Beispielzeit: an 07:54 / ab 08:01<br/><i>Grenzbahnhof, Systemübergang CZ/DE</i><br/>&#8226;&#160;<b>Marktredwitz</b><br/>Beispielzeit: an 08:21 / ab 08:28<br/><i>HPC-Ladestopp 1</i><br/>&#8226;&#160;<b>Pegnitz</b><br/>Beispielzeit: an 09:03 / ab 09:10<br/><i>HPC-Ladestopp 2</i><br/>&#8226;&#160;<b>Nürnberg Hauptbahnhof</b><br/>Beispielzeit: an 09:46 / ab 09:52<br/><i>Einfädelung SFS, 13 Min vor RE1</i><br/>&#8226;&#160;<b>Allersberg (Rothsee)</b><br/>Beispielzeit: an 10:05 / ab 10:06<br/><i>SFS-Zwischenhalt, 200 km/h</i><br/>&#8226;&#160;<b>Ingolstadt Hauptbahnhof</b><br/>Beispielzeit: an 10:39 / ab 10:49<br/><i>Umschaltung auf Akkubetrieb</i><br/>&#8226;&#160;<b>Augsburg Hbf</b><br/>Beispielzeit: an 11:31 / ab 11:48<br/><i>Umschaltung auf Oberleitung</i><br/>&#8226;&#160;<b>Dinkelscherben</b><br/>Beispielzeit: an 12:04 / ab 12:05<br/><i>Regionaler Expresshalt</i><br/>&#8226;&#160;<b>Günzburg</b><br/>Beispielzeit: an 12:24 / ab 12:26<br/><i>Systemhalt Mittelschwaben</i><br/>&#8226;&#160;<b>Neu-Ulm</b><br/>Beispielzeit: an 12:42 / ab 12:43<br/><i>Tunnelbahnhof Landesgrenze</i><br/>&#8226;&#160;<b>Ulm Hauptbahnhof</b><br/>Beispielzeit: an 12:47 / ab 12:50<br/><i>Übernahme Südbahn-Trasse</i><br/>&#8226;&#160;<b>Laupheim West</b><br/>Beispielzeit: an 13:01 / ab 13:02<br/><i>Standardisierter Südbahn-Bahnsteig</i><br/>&#8226;&#160;<b>Biberach (Riß)</b><br/>Beispielzeit: an 13:10 / ab 13:11<br/><i>Expresshalt, 212m Bahnsteig</i><br/>&#8226;&#160;<b>Aulendorf</b><br/>Beispielzeit: an 13:26 / ab 13:27<br/><i>Oberschwäbischer Eisenbahnknoten</i><br/>&#8226;&#160;<b>Ravensburg</b><br/>Beispielzeit: an 13:39 / ab 13:40<br/><i>Fahrgaststarker Systemhalt</i><br/>&#8226;&#160;<b>Meckenbeuren</b><br/>Beispielzeit: an/ab 13:47<br/><i>Taktmäßiger RE-Halt</i><br/>&#8226;&#160;<b>Friedrichshafen Stadt</b><br/>Beispielzeit: an 13:55 / ab 14:00<br/><i>Umschaltung auf Akkubetrieb</i><br/>&#8226;&#160;<b>Radolfzell</b><br/>Beispielzeit: an 14:42 / ab 14:46<br/><i>Umschaltung auf Oberleitung</i><br/>&#8226;&#160;<b>Allensbach</b><br/>Beispielzeit: an 14:51 / ab 14:52<br/><i>Halt am Gnadensee</i><br/>&#8226;&#160;<b>Konstanz-Petershausen</b><br/>Beispielzeit: an 14:56 / ab 14:57<br/><i>Wichtiger regionaler Pendlerknoten</i><br/>&#8226;&#160;<b>Konstanz</b><br/>Beispielzeit: an 14:59 / ab 15:09<br/><i>Grenzbahnhof, Bügelwechsel SBB</i><br/>&#8226;&#160;<b>Kreuzlingen</b><br/>Beispielzeit: an 15:11 / ab 15:12<br/><i>Erster SBB-Systemhalt</i><br/>&#8226;&#160;<b>Weinfelden</b><br/>Beispielzeit: an 15:33 / ab 15:35<br/><i>SBB-Fernverkehrsknoten</i><br/>&#8226;&#160;<b>Frauenfeld</b><br/>Beispielzeit: an 15:46 / ab 15:48<br/><i>Thurgauer Kantonshauptstadt</i><br/>&#8226;&#160;<b>Winterthur</b><br/>Beispielzeit: an 15:59 / ab 16:01<br/><i>Großknoten Ostschweiz</i><br/>&#8226;&#160;<b>Zürich Flughafen</b><br/>Beispielzeit: an 16:14 / ab 16:15<br/><i>Flughafen-Bahnhof im SFS-Tunnel</i><br/>&#8226;&#160;<b>Zürich HB</b><br/>Beispielzeit: an 16:26<br/><i>Endbahnhof, unterirdischer Durchgangsbahnhof</i></div><style>@media (prefers-color-scheme: dark) {html,body,.kmldesc{background:#1b1b1b !important;color:#e8e8e8 !important;}.kmldesc a{color:#8ab4f8 !important;}}</style>]]></description>
<LookAt><longitude>10.9530216</longitude><latitude>48.7329905</latitude><altitude>0</altitude><heading>0</heading><tilt>0</tilt><range>400000</range><altitudeMode>clampToGround</altitudeMode></LookAt>
<styleUrl>#lineRE94</styleUrl>
<LineString>
<tessellate>1</tessellate>
<coordinates>13.3882398,49.7435946,0 13.3824845,49.7417203,0 13.3774512,49.7404106,0 13.3673174,49.7401396,0 13.3629953,49.7410854,0 13.3544104,49.7424235,0 13.3486958,49.7428829,0 13.3425029,49.745071,0 13.330634,49.7464714,0 13.3102706,49.7512658,0 13.3024339,49.7517333,0 13.293317,49.7537809,0 13.2858893,49.7549825,0 13.2832376,49.7559484,0 13.2786328,49.7590769,0 13.2765093,49.7598897,0 13.2742213,49.7604325,0 13.2705169,49.7606716,0 13.2653132,49.7599151,0 13.262868,49.7599151,0 13.2606813,49.7603664,0 13.2545109,49.7625793,0 13.2513626,49.7629867,0 13.2488333,49.7628707,0 13.2378481,49.7614321,0 13.2344582,49.7615433,0 13.231682,49.7623868,0 13.2209025,49.7676374,0 13.2191508,49.7681711,0 13.2109927,49.7697382,0 13.2031641,49.7729211,0 13.1895605,49.7749562,0 13.1833704,49.7745369,0 13.1810485,49.7746813,0 13.1744113,49.776565,0 13.1723884,49.7769215,0 13.164035,49.7770642,0 13.1622321,49.7772823,0 13.1594717,49.7781551,0 13.1541383,49.7812422,0 13.1511306,49.7822206,0 13.1470805,49.7827796,0 13.1374298,49.7828554,0 13.1345128,49.7833696,0 13.1321101,49.7844238,0 13.1281206,49.7871315,0 13.1249637,49.7881867,0 13.118386,49.7888779,0 13.1114183,49.7884745,0 13.1091249,49.7886041,0 13.1069792,49.7891111,0 13.1018307,49.7909737,0 13.0992287,49.7912916,0 13.0967619,49.7910649,0 13.094959,49.7905313,0 13.0822913,49.7851858,0 13.0799951,49.7840036,0 13.0763094,49.780185,0 13.0721874,49.77668,0 13.0712328,49.7753638,0 13.0709695,49.7738096,0 13.0719028,49.7717685,0 13.0720573,49.7705858,0 13.0716696,49.7692934,0 13.0710843,49.768557,0 13.0617889,49.7620958,0 13.057505,49.7601567,0 13.0538593,49.7575982,0 13.0509663,49.7570356,0 13.0480303,49.7574965,0 13.0466826,49.7582228,0 13.0441964,49.7604229,0 13.0425323,49.7614575,0 13.0381786,49.763277,0 13.0359307,49.7637791,0 13.0328274,49.7638991,0 13.0307571,49.7636732,0 13.0265069,49.7622383,0 13.0224366,49.7617349,0 13.0205581,49.7610479,0 13.0194532,49.7601897,0 13.0182848,49.7581678,0 13.0173498,49.7571902,0 13.0161688,49.7564579,0 13.0137149,49.7556047,0 13.0119258,49.7546419,0 13.0110884,49.7538086,0 13.0081996,49.7498297,0 13.0041492,49.7474019,0 13.0032257,49.7462142,0 13.0025683,49.7439753,0 12.9993667,49.7394377,0 12.9980611,49.7384188,0 12.9965043,49.7378582,0 12.9882451,49.7369278,0 12.9865194,49.7371134,0 12.98277,49.7380146,0 12.980532,49.7381113,0 12.9786035,49.7377796,0 12.9749284,49.7364217,0 12.972849,49.7361734,0 12.9612655,49.7371051,0 12.9590988,49.7376389,0 12.9488932,49.7415112,0 12.9401243,49.7434146,0 12.9324473,49.7471556,0 12.930432,49.7478409,0 12.9274976,49.7482135,0 12.920176,49.7476787,0 12.9176935,49.7480013,0 12.9164142,49.748599,0 12.9154691,49.7493613,0 12.9149511,49.7501247,0 12.914647,49.7514699,0 12.9148424,49.752671,0 12.9161367,49.7557742,0 12.9179817,49.7578992,0 12.9184332,49.7588567,0 12.9184739,49.7596484,0 12.9181993,49.7604805,0 12.9168552,49.7618339,0 12.915085,49.7625403,0 12.909454,49.7633072,0 12.9065945,49.7640668,0 12.9042253,49.7651555,0 12.901066,49.7673219,0 12.8992733,49.7679237,0 12.8967854,49.7679906,0 12.8935818,49.7672358,0 12.8911898,49.7669565,0 12.8882194,49.7672753,0 12.8860578,49.7683842,0 12.8832987,49.7713974,0 12.8818873,49.7722768,0 12.8798146,49.7728536,0 12.8757194,49.7731577,0 12.8734936,49.7740734,0 12.8724291,49.7751378,0 12.8709093,49.7784953,0 12.8698357,49.779978,0 12.8677902,49.7816786,0 12.864175,49.7837018,0 12.8626434,49.7841591,0 12.8609637,49.7842728,0 12.8565921,49.7833875,0 12.8537204,49.7835159,0 12.838081,49.7887532,0 12.8353828,49.7908626,0 12.8308984,49.7929557,0 12.8297744,49.7938108,0 12.8290738,49.7951556,0 12.8288581,49.7996155,0 12.8282932,49.8005646,0 12.8274455,49.8012901,0 12.8263608,49.8018523,0 12.8244029,49.8023304,0 12.8204657,49.8020444,0 12.8176677,49.802397,0 12.8099991,49.8052994,0 12.809007,49.8059891,0 12.8081518,49.8069627,0 12.8070081,49.8107107,0 12.8061423,49.8118403,0 12.8051086,49.8125083,0 12.8011316,49.8141341,0 12.8002545,49.8149836,0 12.7987696,49.8172727,0 12.7979893,49.8179356,0 12.7964342,49.8186301,0 12.7929206,49.8195414,0 12.7902887,49.8216368,0 12.7889972,49.8223119,0 12.7871444,49.8227508,0 12.7845844,49.8225992,0 12.7796343,49.8211509,0 12.7759699,49.818908,0 12.7745992,49.8183189,0 12.7728193,49.818042,0 12.7682184,49.8180127,0 12.7654089,49.8174742,0 12.7635536,49.8166754,0 12.7605048,49.8145623,0 12.7537931,49.8118546,0 12.7515144,49.8117561,0 12.7472076,49.8125273,0 12.745414,49.8131747,0 12.7440217,49.8141173,0 12.7432436,49.8150714,0 12.7428547,49.8162394,0 12.7429837,49.8252116,0 12.739011,49.8343365,0 12.7377646,49.8438722,0 12.7372359,49.8447276,0 12.7362119,49.845671,0 12.7274372,49.8520205,0 12.7266412,49.8533244,0 12.7266485,49.8541338,0 12.7270653,49.8552551,0 12.7294567,49.8573278,0 12.7300784,49.8585113,0 12.7303069,49.8646002,0 12.7300014,49.8655264,0 12.7293625,49.8664395,0 12.7251106,49.8699915,0 12.724098,49.871587,0 12.7240513,49.8729355,0 12.7264135,49.8798498,0 12.7266373,49.8820905,0 12.7247237,49.8878381,0 12.7219025,49.8909512,0 12.7213599,49.8925062,0 12.7215736,49.8935071,0 12.7220909,49.8943119,0 12.7262206,49.8982593,0 12.7266036,49.8995594,0 12.7262363,49.90106,0 12.7248475,49.9027789,0 12.7173095,49.9071508,0 12.7162154,49.908076,0 12.715536,49.9090608,0 12.7151736,49.9103015,0 12.7123905,49.9288577,0 12.7118357,49.9301144,0 12.7110131,49.930967,0 12.7097653,49.9317366,0 12.7044414,49.9336292,0 12.7032414,49.9345919,0 12.7025561,49.9356344,0 12.7023259,49.9368891,0 12.702711,49.9382036,0 12.7034359,49.939137,0 12.7060635,49.9415263,0 12.7065468,49.9424347,0 12.7066973,49.943376,0 12.706316,49.9447986,0 12.7022878,49.953076,0 12.7009372,49.9544303,0 12.6992096,49.9554356,0 12.6890396,49.9585908,0 12.6868328,49.9597265,0 12.6860325,49.9605247,0 12.6776717,49.9717382,0 12.6762328,49.9731129,0 12.6744222,49.9742695,0 12.671736,49.9753687,0 12.6523061,49.9805191,0 12.6500418,49.982162,0 12.646752,49.9871817,0 12.6452398,49.9882051,0 12.6435934,49.9887908,0 12.6409387,49.9890492,0 12.6318771,49.9882081,0 12.6288654,49.9885228,0 12.623766,49.9901599,0 12.6201316,49.992099,0 12.618662,49.9926487,0 12.6085515,49.9940722,0 12.6002019,49.9978129,0 12.5822548,50.0035408,0 12.5783151,50.00367,0 12.5725554,50.0025299,0 12.5699658,50.0022917,0 12.5553206,50.0031956,0 12.5526964,50.00368,0 12.551222,50.0043045,0 12.5497278,50.0053997,0 12.5489382,50.0064677,0 12.5475749,50.0093815,0 12.5458715,50.0107729,0 12.5431719,50.0115636,0 12.5309727,50.0122596,0 12.5276627,50.0130468,0 12.5256192,50.0141492,0 12.5229851,50.0163579,0 12.5213127,50.0173754,0 12.5097048,50.0220327,0 12.5081837,50.0230526,0 12.5029403,50.0275106,0 12.5011297,50.0284694,0 12.4992685,50.0290377,0 12.4918821,50.0296253,0 12.4890694,50.0294948,0 12.4684525,50.0239108,0 12.4653499,50.0237049,0 12.4622986,50.0242949,0 12.4597905,50.0256364,0 12.4587564,50.0266472,0 12.4581014,50.0277143,0 12.4578101,50.0291165,0 12.4578655,50.0371481,0 12.4575353,50.039295,0 12.4566727,50.0413596,0 12.4553955,50.0433196,0 12.4543191,50.0445545,0 12.4528529,50.0456288,0 12.4507684,50.0465853,0 12.4392376,50.0502646,0 12.4360244,50.0507848,0 12.4339021,50.0505896,0 12.4317455,50.049894,0 12.4269529,50.0463268,0 12.424572,50.0453338,0 12.4211251,50.0449407,0 12.4175345,50.0456324,0 12.415582,50.0466569,0 12.404207,50.054957,0 12.4022202,50.0561104,0 12.3992327,50.0568767,0 12.3931945,50.0570013,0 12.3911892,50.0572607,0 12.385194,50.0591572,0 12.3830625,50.0602887,0 12.3810849,50.0625553,0 12.379851,50.0650902,0 12.380207,50.071183,0 12.3806622,50.0735103,0 12.3802271,50.071366,0 12.3797672,50.066743,0 12.3789953,50.0651731,0 12.3773164,50.064056,0 12.3752479,50.0633008,0 12.3730464,50.0629588,0 12.3706204,50.0630255,0 12.3676191,50.0638014,0 12.3548657,50.0685816,0 12.3529444,50.0697687,0 12.346988,50.0749118,0 12.339707,50.0783982,0 12.3369588,50.0792951,0 12.333621,50.0798125,0 12.2936563,50.0832865,0 12.2906829,50.0832933,0 12.2841824,50.0827366,0 12.2819757,50.0828147,0 12.2796832,50.0833337,0 12.2689669,50.0872058,0 12.2648589,50.087876,0 12.244895,50.0860784,0 12.2372967,50.0848277,0 12.2327196,50.0830393,0 12.2316326,50.082323,0 12.2305859,50.0812417,0 12.2286793,50.0768156,0 12.2274651,50.0752226,0 12.2118115,50.0650151,0 12.2103657,50.0635781,0 12.2077567,50.0597244,0 12.2061952,50.0583748,0 12.201026,50.0558475,0 12.1949571,50.0537286,0 12.1892682,50.0523449,0 12.1830546,50.0517228,0 12.1788829,50.0509732,0 12.1765744,50.0504041,0 12.1749502,50.049671,0 12.1731593,50.0481127,0 12.1709497,50.0441127,0 12.1694992,50.0425134,0 12.1668397,50.0407462,0 12.1547974,50.0340257,0 12.1530147,50.0322874,0 12.1475744,50.0255353,0 12.1447624,50.023557,0 12.1408344,50.0223538,0 12.1332693,50.0218474,0 12.1307115,50.0213793,0 12.1286835,50.0204996,0 12.1245021,50.0175706,0 12.1220387,50.0166121,0 12.1188188,50.016265,0 12.1121632,50.0167685,0 12.1091655,50.0163601,0 12.1065009,50.015203,0 12.1029887,50.0126295,0 12.1010351,50.0116282,0 12.0989533,50.0110882,0 12.0925419,50.0103413,0 12.0886479,50.0089455,0 12.0728415,49.997922,0 12.0704895,49.9955833,0 12.0651092,49.989396,0 12.041665,49.9697847,0 12.0376223,49.9673234,0 12.0266045,49.9616979,0 12.0004829,49.9423123,0 11.9954905,49.9399279,0 11.9846744,49.9357734,0 11.9789108,49.9346238,0 11.9667927,49.9332408,0 11.9643513,49.932542,0 11.962415,49.9313936,0 11.9614019,49.9302924,0 11.9607382,49.9289873,0 11.9603651,49.925963,0 11.9619109,49.9211158,0 11.9615674,49.9192255,0 11.960007,49.917339,0 11.9561031,49.9139566,0 11.9543806,49.912659,0 11.9527103,49.9117931,0 11.9497174,49.910786,0 11.9319866,49.9072698,0 11.9194258,49.9037547,0 11.9172224,49.9034064,0 11.914875,49.9034466,0 11.9119427,49.9041593,0 11.909559,49.9055575,0 11.9083669,49.9070574,0 11.9060222,49.9116866,0 11.9046118,49.9130961,0 11.9024544,49.914318,0 11.8956479,49.917499,0 11.8931822,49.9183093,0 11.88874,49.9188946,0 11.8843126,49.9185654,0 11.8821998,49.9180461,0 11.8796535,49.9170429,0 11.8640297,49.9080891,0 11.8611886,49.9067788,0 11.8570759,49.9056882,0 11.8378689,49.901806,0 11.8348116,49.900901,0 11.8313488,49.899433,0 11.8290542,49.8979123,0 11.8266597,49.8956806,0 11.8197265,49.8853461,0 11.818529,49.8839299,0 11.8168221,49.8824795,0 11.8137897,49.8807766,0 11.8098048,49.8794951,0 11.8012332,49.8783811,0 11.7975923,49.8774584,0 11.7941063,49.8754801,0 11.7898231,49.8713025,0 11.7870351,49.8700858,0 11.7833112,49.8696433,0 11.7687255,49.8699632,0 11.7661136,49.8696422,0 11.7639594,49.8689049,0 11.762632,49.868085,0 11.7614262,49.8668693,0 11.7609324,49.8660311,0 11.7606609,49.8643346,0 11.7611664,49.8627773,0 11.7648008,49.8574632,0 11.7656551,49.8554623,0 11.7674892,49.8437694,0 11.7673202,49.8418918,0 11.7669095,49.840803,0 11.7660699,49.8394241,0 11.7643543,49.8376898,0 11.7478515,49.8257151,0 11.7447445,49.8239019,0 11.7413674,49.8227304,0 11.7388832,49.8222468,0 11.7212451,49.8204303,0 11.7168543,49.8195058,0 11.6963519,49.808724,0 11.6928062,49.8074369,0 11.6891922,49.8069149,0 11.6390225,49.8097965,0 11.6364279,49.8103665,0 11.6340729,49.8112413,0 11.6188132,49.8189526,0 11.6154459,49.8196157,0 11.6131453,49.8195383,0 11.6108428,49.818993,0 11.6010505,49.8151376,0 11.5985103,49.8134148,0 11.5857117,49.799928,0 11.5850159,49.7988529,0 11.5844593,49.7973517,0 11.583989,49.7922431,0 11.5831114,49.789745,0 11.5804318,49.7860159,0 11.5768295,49.7815933,0 11.5751297,49.7799629,0 11.5726685,49.7786952,0 11.5690456,49.7779275,0 11.5536144,49.7788737,0 11.550886,49.7787056,0 11.5482156,49.7778027,0 11.5465518,49.7767335,0 11.5455588,49.7756181,0 11.5450009,49.7741331,0 11.5451254,49.7723991,0 11.5487069,49.7651478,0 11.5490237,49.764017,0 11.5488493,49.7622399,0 11.5466427,49.7557412,0 11.5464788,49.7543412,0 11.5471137,49.7525846,0 11.5503296,49.7487419,0 11.5521117,49.7436461,0 11.5521766,49.7414054,0 11.5509974,49.7362357,0 11.5513322,49.7337388,0 11.5555435,49.7265212,0 11.5603605,49.7221938,0 11.5612335,49.7203046,0 11.5610624,49.7184019,0 11.5585349,49.7145516,0 11.5580261,49.7131697,0 11.5593476,49.7000035,0 11.5587421,49.6985904,0 11.5557398,49.6947815,0 11.5553193,49.6936917,0 11.5552721,49.6927616,0 11.5558974,49.6909477,0 11.5592154,49.6869948,0 11.5598066,49.6859341,0 11.560012,49.6843094,0 11.5593621,49.6799533,0 11.5599779,49.6779453,0 11.5611232,49.676621,0 11.5681467,49.6711141,0 11.5690235,49.6700565,0 11.569502,49.6688514,0 11.5695256,49.6674351,0 11.5687967,49.6657761,0 11.5626466,49.660453,0 11.5617236,49.6591845,0 11.5613561,49.6576339,0 11.5614842,49.6565534,0 11.5621648,49.6551696,0 11.5686388,49.6482772,0 11.569214,49.6463144,0 11.5686851,49.6444199,0 11.5669874,49.6426467,0 11.5569222,49.6374219,0 11.5554495,49.6363418,0 11.5545487,49.6352288,0 11.5541185,49.6341735,0 11.5539381,49.6300125,0 11.5533357,49.6285635,0 11.5492248,49.6239841,0 11.5420345,49.6168058,0 11.5397959,49.6151472,0 11.5379152,49.6143037,0 11.535992,49.6137795,0 11.5231914,49.6123149,0 11.4987512,49.604212,0 11.4919165,49.6023947,0 11.4886257,49.6011676,0 11.4781182,49.5962538,0 11.4763105,49.594795,0 11.4748102,49.5925594,0 11.4745994,49.5909424,0 11.4749916,49.5890247,0 11.4759177,49.5870684,0 11.4775582,49.5851318,0 11.4851162,49.5786452,0 11.4869708,49.5776868,0 11.4921322,49.5757469,0 11.4940196,49.5746548,0 11.4971053,49.5714133,0 11.497935,49.5696783,0 11.4978841,49.5680988,0 11.497303,49.5667915,0 11.492523,49.5619989,0 11.4913111,49.5604506,0 11.4908547,49.559188,0 11.4903457,49.5559111,0 11.4893181,49.554007,0 11.4873875,49.5525449,0 11.4806854,49.5491826,0 11.4782563,49.5473482,0 11.4714446,49.5394307,0 11.4705596,49.537564,0 11.4704607,49.5362832,0 11.4707704,49.5350326,0 11.4715667,49.5337197,0 11.4728546,49.5324843,0 11.4749484,49.5313218,0 11.4859404,49.5270913,0 11.4881817,49.5258923,0 11.4895949,49.5246166,0 11.4907673,49.5223419,0 11.491748,49.5157085,0 11.4909164,49.5134844,0 11.4894456,49.5119735,0 11.4879402,49.5110089,0 11.4856965,49.5100237,0 11.483261,49.5094846,0 11.4804875,49.5093383,0 11.4647962,49.5120216,0 11.4511276,49.513515,0 11.4459705,49.5136123,0 11.4417156,49.5132291,0 11.4209415,49.5097213,0 11.4159665,49.5092771,0 11.3687464,49.5156521,0 11.3438167,49.5213451,0 11.340588,49.5218251,0 11.3377526,49.5218287,0 11.2998186,49.5182298,0 11.2834716,49.5151811,0 11.273638,49.5105936,0 11.2643617,49.5044186,0 11.2613273,49.5033199,0 11.2539539,49.5015614,0 11.2505533,49.5004407,0 11.2472363,49.498758,0 11.2403064,49.4943718,0 11.237704,49.4931685,0 11.2200394,49.4875333,0 11.2065423,49.4847733,0 11.1939504,49.4798873,0 11.1898508,49.47907,0 11.1385452,49.4723205,0 11.1363088,49.471803,0 11.1340242,49.4707735,0 11.1278807,49.4663695,0 11.1195759,49.4633281,0 11.114507,49.4606859,0 11.1126696,49.4584175,0 11.1086238,49.4498413,0 11.1079526,49.4490498,0 11.1068849,49.4483811,0 11.1048631,49.4478579,0 11.1009911,49.4479017,0 11.0929955,49.4470802,0 11.087608,49.446336,0 11.0807398,49.4446712,0 11.0767737,49.4444372,0 11.0811435,49.445013,0 11.0875088,49.446471,0 11.0999317,49.4482074,0 11.1028858,49.4481232,0 11.1066585,49.4470348,0 11.1086897,49.4461844,0 11.1106274,49.4448917,0 11.1122292,49.4432028,0 11.1162221,49.4377867,0 11.119197,49.4357327,0 11.1300297,49.4305468,0 11.1364259,49.4270706,0 11.1477223,49.42234,0 11.1528803,49.4205067,0 11.1676528,49.4160822,0 11.1705751,49.4149449,0 11.1730152,49.4136667,0 11.1751697,49.412191,0 11.1771324,49.410408,0 11.1783483,49.4089374,0 11.1879875,49.3914233,0 11.1981911,49.3761588,0 11.1995274,49.3733618,0 11.2005427,49.37025,0 11.2011921,49.3659318,0 11.2010674,49.357294,0 11.201339,49.3531028,0 11.2068084,49.3144452,0 11.2082682,49.2828129,0 11.2086242,49.2790965,0 11.2176243,49.240968,0 11.2249713,49.2196498,0 11.2265898,49.2160931,0 11.2290467,49.212652,0 11.2369654,49.2036069,0 11.2551594,49.1820402,0 11.2574151,49.1790104,0 11.2594944,49.1753518,0 11.2614512,49.1698028,0 11.2693499,49.1349111,0 11.2701611,49.1324878,0 11.2787208,49.1118004,0 11.2836534,49.1004904,0 11.2847301,49.0967279,0 11.2863614,49.0887558,0 11.287357,49.0855869,0 11.2892502,49.0816258,0 11.2916413,49.0780423,0 11.2941385,49.0751176,0 11.3013496,49.0676403,0 11.3037851,49.0643455,0 11.3052642,49.0618487,0 11.3061883,49.0598883,0 11.3086177,49.0530412,0 11.3098608,49.0461298,0 11.3126193,49.0368452,0 11.3178324,49.0280181,0 11.3249689,49.0209147,0 11.334435,49.0149584,0 11.3561172,49.002854,0 11.3960378,48.9823103,0 11.4063961,48.9766286,0 11.4104176,48.9740497,0 11.4158852,48.9699959,0 11.4571829,48.9376056,0 11.4599092,48.9353001,0 11.4645952,48.9306875,0 11.4665794,48.9278655,0 11.4685573,48.9239392,0 11.4689545,48.923075,0 11.4707336,48.9155042,0 11.471216,48.9114448,0 11.4712834,48.9086102,0 11.4706688,48.9031397,0 11.4677994,48.8933491,0 11.467258,48.8900033,0 11.4672477,48.8856243,0 11.468792,48.8757967,0 11.4686819,48.8705752,0 11.4653168,48.8535507,0 11.4638059,48.8498212,0 11.46111,48.8449349,0 11.4589132,48.8419959,0 11.4565679,48.8394016,0 11.4524499,48.8356818,0 11.4395648,48.8260758,0 11.4368362,48.8234468,0 11.4336985,48.8195694,0 11.4313324,48.8158726,0 11.4296115,48.8121885,0 11.4253557,48.7994773,0 11.4247899,48.7971063,0 11.4247574,48.7952264,0 11.4251587,48.793241,0 11.4273197,48.7886383,0 11.4279594,48.7867073,0 11.4274147,48.7810951,0 11.4279153,48.7786391,0 11.4289372,48.7768989,0 11.4355572,48.7701399,0 11.4365297,48.768182,0 11.4373898,48.7608632,0 11.4368088,48.7590886,0 11.4345369,48.7548215,0 11.4343901,48.7527321,0 11.445813,48.7223622,0 11.4461739,48.7201695,0 11.4461858,48.7184563,0 11.4457444,48.7169009,0 11.4449228,48.7155517,0 11.4437936,48.7143895,0 11.4422701,48.7133232,0 11.4388798,48.7118533,0 11.4164176,48.7051009,0 11.4126988,48.7038299,0 11.4101791,48.7026349,0 11.2989121,48.6297036,0 11.2905971,48.6240472,0 11.2886292,48.6217868,0 11.2875187,48.6194934,0 11.2848376,48.6074996,0 11.2841037,48.6056821,0 11.28316,48.6042273,0 11.2761078,48.5958897,0 11.2753435,48.5947699,0 11.2744486,48.5927236,0 11.2741098,48.5911444,0 11.2741533,48.5888276,0 11.2757779,48.5819791,0 11.2753608,48.5802009,0 11.2748225,48.5793,0 11.2734738,48.5778728,0 11.2619224,48.5681056,0 11.2504674,48.5558083,0 11.2478367,48.5536398,0 11.2447368,48.5520692,0 11.2413536,48.5510693,0 11.2014891,48.5425721,0 11.1950731,48.5409672,0 11.190675,48.5388124,0 11.1784643,48.5308846,0 11.1396523,48.4914381,0 11.1280702,48.4696419,0 11.1204567,48.4574825,0 11.1181211,48.4511549,0 11.1173428,48.4496547,0 11.1162409,48.4482538,0 11.1142198,48.4465156,0 11.0878978,48.4287709,0 11.0711338,48.4146268,0 11.0696022,48.4130864,0 11.0485166,48.3806019,0 11.0372872,48.366439,0 11.0363207,48.3643379,0 11.0341426,48.3573267,0 11.0334221,48.3561135,0 11.0321636,48.3548335,0 11.0291612,48.3532025,0 11.0252604,48.3524454,0 10.9886875,48.3527308,0 10.9753652,48.3511686,0 10.9393332,48.3533463,0 10.9120004,48.3534305,0 10.9075618,48.3538603,0 10.9032088,48.3547595,0 10.8987195,48.3560927,0 10.8938563,48.3582628,0 10.8911415,48.3601348,0 10.8878052,48.3632184,0 10.8767398,48.3757261,0 10.8729023,48.3804718,0 10.8714379,48.383818,0 10.8702911,48.3884783,0 10.8697243,48.3922409,0 10.8686718,48.3941377,0 10.8669213,48.3957266,0 10.864676,48.3969161,0 10.8617221,48.397714,0 10.8586488,48.3979123,0 10.83412,48.3944524,0 10.8305294,48.3935164,0 10.8270854,48.3920513,0 10.8243773,48.3903378,0 10.7621206,48.3455353,0 10.7493917,48.3382695,0 10.7457361,48.3368068,0 10.7403143,48.3351905,0 10.733468,48.3339014,0 10.7291547,48.3335743,0 10.6989354,48.3347174,0 10.6930346,48.3346985,0 10.6875449,48.3337967,0 10.6755815,48.3304662,0 10.6723687,48.3299749,0 10.6678209,48.3298376,0 10.6508364,48.3319314,0 10.5995504,48.3389923,0 10.59316,48.3405911,0 10.5680236,48.3488491,0 10.5657421,48.3498917,0 10.5640571,48.3512073,0 10.5632103,48.3522516,0 10.5614367,48.3557578,0 10.5590671,48.3607398,0 10.5588122,48.3618864,0 10.5590857,48.3633873,0 10.5599566,48.3647617,0 10.5634447,48.3677072,0 10.5643054,48.3688283,0 10.5646668,48.3697841,0 10.5650921,48.374392,0 10.5648464,48.3757742,0 10.5643911,48.3766265,0 10.5633379,48.3777306,0 10.5609761,48.3790042,0 10.5577047,48.3796125,0 10.5483182,48.379665,0 10.5403443,48.3786408,0 10.5379188,48.3788327,0 10.5342464,48.3797833,0 10.5316004,48.3801514,0 10.5254812,48.3803733,0 10.5167149,48.3797645,0 10.5121232,48.38013,0 10.5091358,48.380904,0 10.5066416,48.3820065,0 10.4883878,48.3931636,0 10.4851175,48.3944921,0 10.481401,48.3948437,0 10.4630514,48.3937798,0 10.4599157,48.3938692,0 10.4575331,48.3944146,0 10.4436414,48.400037,0 10.4417323,48.4013805,0 10.4401339,48.4032136,0 10.4096667,48.4532354,0 10.4073288,48.4566914,0 10.4049209,48.4595728,0 10.4022504,48.4622226,0 10.3994408,48.4645662,0 10.3717388,48.4849352,0 10.3694302,48.4860868,0 10.3650214,48.4874404,0 10.3626792,48.4880835,0 10.3601425,48.4883945,0 10.357405,48.488225,0 10.3546442,48.4874728,0 10.3284139,48.4747603,0 10.3255817,48.4736393,0 10.2715913,48.4583752,0 10.2686268,48.4579187,0 10.2658651,48.4580564,0 10.2636821,48.4585655,0 10.2590723,48.4602287,0 10.2556531,48.4606852,0 10.2414866,48.4591884,0 10.2203378,48.452435,0 10.1988956,48.4424238,0 10.1965565,48.4414361,0 10.1943364,48.4408318,0 10.160659,48.4343029,0 10.1537805,48.4336529,0 10.1254306,48.4320543,0 10.1209371,48.43125,0 10.0463285,48.400702,0 10.0431742,48.3997624,0 10.0383438,48.3991174,0 10.0132471,48.3978161,0 10.0105139,48.3968141,0 10.0070261,48.3943318,0 10.0025213,48.3917218,0 9.999478,48.3905397,0 9.997189,48.3902411,0 9.9953574,48.3903241,0 9.9930188,48.3908794,0 9.9856843,48.3945578,0 9.9833738,48.3964643,0 9.9827705,48.3975528,0 9.98258,48.3993487,0 9.9829524,48.3971688,0 9.9835672,48.396217,0 9.9858246,48.3941554,0 9.9863116,48.3933957,0 9.9865857,48.3923437,0 9.9861669,48.3905595,0 9.9835472,48.3870515,0 9.9818568,48.3859835,0 9.9737667,48.3822201,0 9.9659451,48.3796432,0 9.9605203,48.3771341,0 9.9301403,48.3609758,0 9.9263496,48.3585955,0 9.9240076,48.3567374,0 9.9218771,48.3546435,0 9.9096848,48.3387165,0 9.8964308,48.3271773,0 9.8914542,48.3224019,0 9.8896375,48.3197629,0 9.849037,48.2326887,0 9.7918685,48.108516,0 9.7914022,48.1054159,0 9.7918621,48.1036853,0 9.7968353,48.0961609,0 9.8158142,48.0687966,0 9.817711,48.0654079,0 9.8181811,48.0639988,0 9.8181608,48.0621266,0 9.8175476,48.0597833,0 9.8165625,48.05814,0 9.7964285,48.0362942,0 9.7940272,48.0344671,0 9.7834653,48.0280925,0 9.7803107,48.0255457,0 9.7787017,48.023422,0 9.7779188,48.0217899,0 9.7768254,48.0166024,0 9.7763927,48.015454,0 9.7748029,48.0133871,0 9.7721946,48.0116193,0 9.7689202,48.0105328,0 9.7658828,48.0102936,0 9.7579783,48.0116862,0 9.7548374,48.011829,0 9.7374862,48.0093428,0 9.7358206,48.0087282,0 9.7341723,48.0077184,0 9.7332655,48.0068232,0 9.7314803,48.004111,0 9.7302315,48.002708,0 9.7270835,48.000364,0 9.7235361,47.9987366,0 9.7188401,47.9975324,0 9.6774983,47.9952139,0 9.6702398,47.9943307,0 9.6655206,47.9929055,0 9.661714,47.9909581,0 9.6584892,47.9884579,0 9.6560631,47.985431,0 9.6550969,47.9834295,0 9.6439499,47.9525122,0 9.6414084,47.9460567,0 9.6410926,47.9425633,0 9.6419412,47.9374282,0 9.6423219,47.9361225,0 9.6428983,47.9351703,0 9.6454158,47.9331182,0 9.6478035,47.9322198,0 9.6558227,47.9303927,0 9.6607563,47.9274666,0 9.665906,47.9262087,0 9.6680078,47.9249099,0 9.6704226,47.9221364,0 9.6711986,47.9205681,0 9.6714816,47.9180569,0 9.6718693,47.917013,0 9.6727664,47.9158471,0 9.6750226,47.9140241,0 9.6760447,47.9127986,0 9.677071,47.910318,0 9.677713,47.9079109,0 9.6777171,47.9059295,0 9.6773857,47.9048559,0 9.6745521,47.8992621,0 9.6741832,47.8957283,0 9.6734809,47.8944896,0 9.6726643,47.8936665,0 9.6700408,47.8922016,0 9.658956,47.8900722,0 9.6555545,47.8889876,0 9.6440305,47.881276,0 9.6422135,47.879412,0 9.6312119,47.862365,0 9.6297603,47.8595275,0 9.6290407,47.8574745,0 9.6099216,47.7932409,0 9.6076981,47.7875102,0 9.6067105,47.7855478,0 9.6038446,47.780636,0 9.5953878,47.7672746,0 9.5930045,47.7644196,0 9.5894945,47.7617381,0 9.5658112,47.7457843,0 9.5642021,47.7443765,0 9.5631282,47.7427614,0 9.5627044,47.7414421,0 9.5619043,47.736039,0 9.561961,47.7336837,0 9.5628092,47.7317422,0 9.5658844,47.7272849,0 9.5670632,47.7250994,0 9.5677658,47.7223906,0 9.5675183,47.7189279,0 9.5664704,47.7162438,0 9.5525356,47.687187,0 9.5512249,47.6852476,0 9.5498079,47.6839995,0 9.5469024,47.6824397,0 9.482746,47.654073,0 9.4785206,47.6530846,0 9.4710638,47.6533139,0 9.4632754,47.6526722,0 9.4612613,47.6528887,0 9.4528735,47.6567661,0 9.4500104,47.6577677,0 9.4464053,47.6584162,0 9.4386307,47.658853,0 9.4361192,47.6595697,0 9.4148988,47.6742672,0 9.4141285,47.6752837,0 9.4138734,47.6763327,0 9.4140224,47.6772407,0 9.415092,47.6794482,0 9.4149169,47.6810323,0 9.4066333,47.6921176,0 9.3973623,47.7119764,0 9.3967848,47.7128447,0 9.395865,47.7136277,0 9.3786415,47.7207276,0 9.3755862,47.7212976,0 9.36842,47.7216992,0 9.3603491,47.7230812,0 9.3579982,47.7237357,0 9.3522592,47.7262355,0 9.3458665,47.729822,0 9.343883,47.7312497,0 9.3425816,47.7325804,0 9.3380341,47.7385391,0 9.3363283,47.7401101,0 9.3198387,47.7486119,0 9.3181303,47.7499948,0 9.3111806,47.7570236,0 9.3089254,47.7584044,0 9.3069004,47.7588968,0 9.3049667,47.7589426,0 9.2932112,47.7571102,0 9.2904058,47.7563367,0 9.2880228,47.7549226,0 9.286385,47.7528567,0 9.2859632,47.750788,0 9.2884673,47.7424782,0 9.2885598,47.7413283,0 9.2882111,47.7403928,0 9.2876037,47.7396315,0 9.2865154,47.7388665,0 9.2852549,47.7383789,0 9.2828971,47.7381271,0 9.2731621,47.7390185,0 9.2711056,47.7394533,0 9.2647553,47.7416732,0 9.2631261,47.7418787,0 9.2617631,47.7416964,0 9.2606552,47.7412445,0 9.2560564,47.7371328,0 9.254236,47.736371,0 9.2519115,47.7363555,0 9.2450985,47.7375777,0 9.2380962,47.7379787,0 9.2277276,47.7412325,0 9.2212948,47.7436315,0 9.2135601,47.7471229,0 9.2042017,47.749478,0 9.1906161,47.7536973,0 9.1886986,47.7545423,0 9.1835658,47.7574802,0 9.1733437,47.7605387,0 9.1689926,47.7630973,0 9.1659228,47.7668616,0 9.1634446,47.7687018,0 9.1608591,47.7701997,0 9.1592755,47.7707019,0 9.1555995,47.7710279,0 9.1526843,47.7704546,0 9.1492758,47.769352,0 9.146784,47.7690984,0 9.1405908,47.7702164,0 9.1388441,47.7707296,0 9.1355032,47.7722795,0 9.1336171,47.7735127,0 9.130242,47.77705,0 9.1281109,47.7801404,0 9.1249132,47.7826669,0 9.1202703,47.7847103,0 9.1179134,47.7865596,0 9.1121411,47.7889539,0 9.1095435,47.7912712,0 9.1054049,47.7932254,0 9.1004587,47.7946035,0 9.0967286,47.795119,0 9.0927918,47.796749,0 9.0886532,47.7980093,0 9.0857933,47.7999916,0 9.077056,47.8043378,0 9.0747959,47.8060741,0 9.0723427,47.8069989,0 9.0701385,47.8082566,0 9.0687274,47.8093999,0 9.0658638,47.8129068,0 9.0619348,47.8152643,0 9.060212,47.8155665,0 9.0543729,47.8153703,0 9.0498746,47.8160426,0 9.0438086,47.8173771,0 9.0375513,47.8179868,0 9.0216252,47.817406,0 9.0032201,47.8180944,0 8.9997517,47.81765,0 8.9811866,47.8107154,0 8.9793372,47.8097201,0 8.9777931,47.8084054,0 8.9767562,47.8068982,0 8.9762397,47.8051429,0 8.9766449,47.7896066,0 8.9764433,47.7882467,0 8.9750836,47.7844717,0 8.973315,47.7824678,0 8.9670102,47.7776057,0 8.9585907,47.7728613,0 8.9572549,47.7714414,0 8.9570683,47.7698608,0 8.9574172,47.7690108,0 8.9581431,47.7681777,0 8.9596582,47.7673129,0 8.9650342,47.7654129,0 8.9662395,47.7646064,0 8.9672047,47.7635162,0 8.9770967,47.7401269,0 8.9772144,47.7389882,0 8.9769155,47.7379777,0 8.9762488,47.7371744,0 8.9751646,47.7364427,0 8.972036,47.7355216,0 8.9689879,47.7358324,0 8.9722157,47.7355397,0 8.9758786,47.7367288,0 8.9770534,47.7375198,0 8.9817788,47.7421144,0 8.983593,47.7431826,0 8.9853868,47.7438596,0 8.9877883,47.7443584,0 8.9898911,47.7444764,0 8.9923615,47.7442445,0 8.9942269,47.7438008,0 8.9961796,47.743018,0 9.0133376,47.7335037,0 9.0159327,47.7324213,0 9.0361819,47.7266723,0 9.0519004,47.7202424,0 9.0761085,47.7119665,0 9.102001,47.7051959,0 9.1037405,47.7043159,0 9.1054032,47.7030606,0 9.1145516,47.6941432,0 9.1166079,47.6927923,0 9.119955,47.6912537,0 9.1769154,47.6729354,0 9.1787594,47.6719583,0 9.1783137,47.6723006,0 9.1744678,47.6738389,0 9.1783137,47.6723006,0 9.1797263,47.6709752,0 9.1803524,47.6695081,0 9.1799423,47.6676729,0 9.1776882,47.6648363,0 9.1779157,47.6609016,0 9.1766573,47.6558674,0 9.176693,47.6538601,0 9.176262,47.6530278,0 9.1753766,47.6523697,0 9.1738312,47.6519144,0 9.1724089,47.6519942,0 9.1488998,47.6571481,0 9.1459084,47.6574937,0 9.143292,47.6570697,0 9.1418275,47.6564812,0 9.1410657,47.6559066,0 9.139928,47.6544456,0 9.1392611,47.6520303,0 9.1400119,47.6501578,0 9.1409537,47.6492924,0 9.1424256,47.6484774,0 9.149347,47.6465219,0 9.1588084,47.643336,0 9.1666973,47.6411938,0 9.1703888,47.6391195,0 9.1751672,47.6355275,0 9.1845138,47.6307837,0 9.1865836,47.6291243,0 9.1915282,47.6243543,0 9.1919169,47.6234199,0 9.1918738,47.6226876,0 9.1913955,47.6218123,0 9.1905452,47.6211131,0 9.1891345,47.6205867,0 9.1828564,47.6196464,0 9.1804867,47.6189586,0 9.1697709,47.6131277,0 9.1674988,47.609563,0 9.163066,47.6016893,0 9.1623919,47.6001669,0 9.1621017,47.598539,0 9.1622596,47.5969396,0 9.1628592,47.5953011,0 9.1660346,47.5895011,0 9.1678543,47.5873687,0 9.173829,47.5825773,0 9.1758737,47.581563,0 9.1780405,47.5809998,0 9.1852435,47.5804308,0 9.1869888,47.5798491,0 9.1882388,47.5786935,0 9.1885481,47.5780601,0 9.1885356,47.5770095,0 9.1881459,47.576279,0 9.1864867,47.5751714,0 9.1787534,47.5740262,0 9.1659716,47.5714173,0 9.1608614,47.5715484,0 9.1559775,47.5693809,0 9.1490653,47.5681975,0 9.1458935,47.5679926,0 9.1414255,47.5682371,0 9.1367444,47.5674102,0 9.1236316,47.5672817,0 9.1220232,47.5667221,0 9.1194503,47.5647819,0 9.1173616,47.563696,0 9.1159665,47.5633449,0 9.1144773,47.5633208,0 9.1066869,47.5658646,0 9.1063517,47.5659911,0 9.1081207,47.5654403,0 9.058397,47.5840144,0 9.0232272,47.5873643,0 9.0144648,47.5881359,0 9.0125504,47.5881141,0 9.0106449,47.5877424,0 9.0094225,47.5872104,0 9.0080715,47.5861011,0 9.0063129,47.5834512,0 9.0053925,47.5825463,0 9.004011,47.5818027,0 9.0018656,47.581301,0 8.9683143,47.5827337,0 8.9657057,47.5826419,0 8.9628327,47.582192,0 8.9187146,47.5703661,0 8.9038109,47.5631122,0 8.8947138,47.5570489,0 8.8924622,47.5560903,0 8.888208,47.5552678,0 8.8654282,47.5526006,0 8.8439641,47.5473722,0 8.8222764,47.5417105,0 8.785713,47.5344444,0 8.7806203,47.5324367,0 8.7785749,47.531009,0 8.7777375,47.5297621,0 8.7771902,47.5273718,0 8.7763605,47.5258605,0 8.7572715,47.5038604,0 8.7559967,47.5026143,0 8.7543926,47.5015971,0 8.7508622,47.5004622,0 8.7469409,47.5003245,0 8.7386184,47.5025424,0 8.7307522,47.5051825,0 8.7284823,47.5051379,0 8.7274735,47.5047503,0 8.7266772,47.5041242,0 8.7076183,47.480284,0 8.7063886,47.4781196,0 8.706104,47.4761205,0 8.7068722,47.4649174,0 8.7079078,47.4618567,0 8.7080709,47.4605754,0 8.70411,47.447695,0 8.7041326,47.4462489,0 8.7051192,47.4423085,0 8.7050538,47.4412186,0 8.7046672,47.4401403,0 8.7034193,47.438605,0 8.7016334,47.437477,0 8.6993707,47.4367308,0 8.6948334,47.4359202,0 8.6920891,47.4344777,0 8.6908534,47.4330684,0 8.6857852,47.4242371,0 8.684103,47.4226927,0 8.6819274,47.421569,0 8.6791407,47.4208575,0 8.6760921,47.420753,0 8.6601061,47.4231223,0 8.6496472,47.4269732,0 8.6479603,47.4278219,0 8.6462269,47.4293191,0 8.6424643,47.4342949,0 8.6410776,47.4353887,0 8.6394218,47.4362179,0 8.6369893,47.4368863,0 8.6211744,47.4393348,0 8.6149615,47.4418594,0 8.6039715,47.4448024,0 8.6015181,47.4451974,0 8.5880558,47.4456222,0 8.5837724,47.4461221,0 8.578184,47.447568,0 8.5713834,47.4506551,0 8.5687962,47.4512923,0 8.5667184,47.4514118,0 8.5649064,47.4512223,0 8.5631652,47.450745,0 8.5618201,47.4500823,0 8.5603492,47.4487921,0 8.559475,47.4470966,0 8.5590712,47.4407328,0 8.5591787,47.4396601,0 8.5596266,47.4386139,0 8.5619028,47.4361553,0 8.5626194,47.4346512,0 8.5626775,47.4335545,0 8.5622148,47.4308415,0 8.5616322,47.4292451,0 8.5580112,47.425058,0 8.5469746,47.4132806,0 8.5458902,47.412578,0 8.5412926,47.4106777,0 8.5381729,47.4083461,0 8.5354355,47.4038003,0 8.5271536,47.388625,0 8.5255738,47.38746,0 8.5221988,47.3862253,0 8.5213482,47.3855641,0 8.5208561,47.3848084,0 8.5207312,47.3840218,0 8.520993,47.3831791,0 8.52166,47.3824754,0 8.5226781,47.3819086,0 8.5240743,47.3815649,0 8.527451,47.38145,0 8.5325866,47.3800434,0 8.5274319,47.3813953,0 8.5227748,47.3816549,0 8.5217461,47.3820907,0 8.5197995,47.3834834,0 8.5178034,47.3841446,0 8.5198404,47.3834138,0 8.5215986,47.3821362,0 8.5227533,47.381627,0 8.5277752,47.381294,0 8.5391629,47.378105,0</coordinates>
</LineString>
</Placemark>
<Placemark>
<name>RB37 Arnhem Centraal-Bochum Hbf</name>
<description><![CDATA[<div class="kmldesc"><b>Arnhem Centraal → Bochum Hauptbahnhof</b><br/><br/>Grenzland-Ruhr-Bahn, läuft im Halbstundentakt versetzt zu RE13; alle Stationen der Maaslijn<br/><br/><b>Bahnhöfe (31 Halte)</b> — Beispielzeiten eines Musterzugs, zeigt die reale Fahrzeit:<br/><br/><br/>&#8226;&#160;<b>Arnhem Centraal</b><br/>Beispielzeit: ab 07:17<br/><i>Startbahnhof, Systemwechsel 1,5 kV DC</i><br/>&#8226;&#160;<b>Arnhem Zuid</b><br/>Beispielzeit: an 07:21 / ab 07:22<br/><i>Nahverkehrshalt</i><br/>&#8226;&#160;<b>Elst</b><br/>Beispielzeit: an 07:26 / ab 07:27<br/><i>Nahverkehrshalt</i><br/>&#8226;&#160;<b>Nijmegen Lent</b><br/>Beispielzeit: an 07:32 / ab 07:33<br/><i>Nahverkehrshalt</i><br/>&#8226;&#160;<b>Nijmegen</b><br/>Beispielzeit: an 07:37 / ab 07:39<br/><i>Knotenhalt, Übergang Maaslijn</i><br/>&#8226;&#160;<b>Nijmegen Heyendaal</b><br/>Beispielzeit: an 07:42 / ab 07:43<br/><i>Haltestellenlauf Maaslijn</i><br/>&#8226;&#160;<b>Mook-Molenhoek</b><br/>Beispielzeit: an 07:48 / ab 07:49<br/><i>Haltestellenlauf Maaslijn</i><br/>&#8226;&#160;<b>Cuijk</b><br/>Beispielzeit: an 07:54 / ab 07:55<br/><i>Haltestellenlauf Maaslijn</i><br/>&#8226;&#160;<b>Boxmeer</b><br/>Beispielzeit: an 08:02 / ab 08:03<br/><i>Haltestellenlauf Maaslijn</i><br/>&#8226;&#160;<b>Vierlingsbeek</b><br/>Beispielzeit: an 08:08 / ab 08:09<br/><i>Haltestellenlauf Maaslijn</i><br/>&#8226;&#160;<b>Venray</b><br/>Beispielzeit: an 08:15 / ab 08:16<br/><i>Haltestellenlauf Maaslijn</i><br/>&#8226;&#160;<b>Blerick</b><br/>Beispielzeit: an 08:24 / ab 08:25<br/><i>Letzter Halt in den Niederlanden</i><br/>&#8226;&#160;<b>Venlo</b><br/>Beispielzeit: an 08:29 / ab 08:32<br/><i>Systemwechsel auf 15 kV AC</i><br/>&#8226;&#160;<b>Kaldenkirchen</b><br/>Beispielzeit: an 08:37 / ab 08:38<br/><i>Grenzbahnhof Deutschland</i><br/>&#8226;&#160;<b>Breyell</b><br/>Beispielzeit: an 08:41 / ab 08:42<br/><i>Engpass 165m Nutzlänge</i><br/>&#8226;&#160;<b>Boisheim</b><br/>Beispielzeit: an 08:44 / ab 08:45<br/><i>Engpass 165m Nutzlänge</i><br/>&#8226;&#160;<b>Dülken</b><br/>Beispielzeit: an 08:48 / ab 08:49<br/><i>Engpass 165m Nutzlänge</i><br/>&#8226;&#160;<b>Viersen</b><br/>Beispielzeit: an 08:54 / ab 08:55<br/><i>Taktkoordination</i><br/>&#8226;&#160;<b>Mönchengladbach Hauptbahnhof</b><br/>Beispielzeit: an 09:03 / ab 09:05<br/><i>Taktkoordination</i><br/>&#8226;&#160;<b>Neuss Hauptbahnhof</b><br/>Beispielzeit: an 09:16 / ab 09:17<br/><i>Taktkoordination Rhein-Ruhr-Netz</i><br/>&#8226;&#160;<b>Düsseldorf-Bilk</b><br/>Beispielzeit: an 09:25 / ab 09:26<br/><i>S-Bahn-Knoten</i><br/>&#8226;&#160;<b>Düsseldorf Hauptbahnhof</b><br/>Beispielzeit: an 09:29 / ab 09:32<br/><i>Großknoten Hauptbahnhof</i><br/>&#8226;&#160;<b>Wuppertal-Vohwinkel</b><br/>Beispielzeit: an 09:47 / ab 09:48<br/><i>Verzweigungsknoten westl. Ruhrgebiet</i><br/>&#8226;&#160;<b>Wuppertal Hauptbahnhof</b><br/>Beispielzeit: an 09:53 / ab 09:55<br/><i>Halt im Tal</i><br/>&#8226;&#160;<b>Wuppertal-Oberbarmen</b><br/>Beispielzeit: an 09:59 / ab 10:00<br/><i>Anschlussknoten Ost</i><br/>&#8226;&#160;<b>Schwelm</b><br/>Beispielzeit: an 10:04 / ab 10:05<br/><i>Regionalhalt</i><br/>&#8226;&#160;<b>Hagen Hauptbahnhof</b><br/>Beispielzeit: an 10:14 / ab 10:16<br/><i>Großer Eisenbahnknoten Südwestfalen</i><br/>&#8226;&#160;<b>Wetter (Ruhr)</b><br/>Beispielzeit: an 10:22 / ab 10:23<br/><i>Nahverkehrshalt an der Ruhr</i><br/>&#8226;&#160;<b>Witten Hbf</b><br/>Beispielzeit: an 10:29 / ab 10:30<br/><i>Universitätsstadt-Knoten</i><br/>&#8226;&#160;<b>Bochum-Langendreer</b><br/>Beispielzeit: an 10:37 / ab 10:38<br/><i>S-Bahn-Knotenpunkt</i><br/>&#8226;&#160;<b>Bochum Hauptbahnhof</b><br/>Beispielzeit: an 10:42<br/><i>Endbahnhof im Ruhrgebiet</i></div><style>@media (prefers-color-scheme: dark) {html,body,.kmldesc{background:#1b1b1b !important;color:#e8e8e8 !important;}.kmldesc a{color:#8ab4f8 !important;}}</style>]]></description>
<LookAt><longitude>6.656048350000001</longitude><latitude>51.5907816</latitude><altitude>0</altitude><heading>0</heading><tilt>0</tilt><range>127444.10057845197</range><altitudeMode>clampToGround</altitudeMode></LookAt>
<styleUrl>#lineRB37</styleUrl>
<LineString>
<tessellate>1</tessellate>
<coordinates>5.901138,51.984519,0 5.89224,51.9859596,0 5.8785718,51.9867511,0 5.8718025,51.9865551,0 5.8690369,51.9860108,0 5.8665866,51.9851698,0 5.8636128,51.9834755,0 5.8615049,51.9813072,0 5.8527073,51.9671113,0 5.8518528,51.965171,0 5.851412,51.9630701,0 5.8514228,51.9610739,0 5.8598221,51.8600271,0 5.859218,51.8572984,0 5.854676,51.8482916,0 5.8536545,51.8453202,0 5.8513546,51.8407429,0 5.8511414,51.8398053,0 5.851249,51.8387525,0 5.8518264,51.8374151,0 5.8531022,51.8361707,0 5.8737732,51.8231537,0 5.8758574,51.8212808,0 5.8765931,51.8200307,0 5.8769513,51.8186108,0 5.8765846,51.8071444,0 5.8769646,51.8050478,0 5.8782346,51.8029389,0 5.8855541,51.7950512,0 5.8864755,51.7934733,0 5.8868952,51.7918396,0 5.8865338,51.7833059,0 5.8862227,51.7816205,0 5.8763591,51.7610293,0 5.8742723,51.7582791,0 5.8671125,51.7521678,0 5.8657593,51.7501907,0 5.8650326,51.7481601,0 5.8649076,51.7459486,0 5.8654834,51.7436859,0 5.8740991,51.7266478,0 5.8730157,51.7287719,0 5.8756614,51.7245805,0 5.9021619,51.6882853,0 5.9382353,51.6454797,0 5.9950014,51.5945878,0 5.996682,51.5927053,0 5.9974714,51.5913643,0 5.9979538,51.589923,0 6.0131497,51.5290826,0 6.0138927,51.5272336,0 6.0149493,51.5258171,0 6.0165047,51.5244279,0 6.0186499,51.5231433,0 6.0850522,51.4911751,0 6.0880806,51.489349,0 6.0899673,51.4878344,0 6.1258368,51.444061,0 6.1295584,51.4394025,0 6.1306224,51.4377373,0 6.1312923,51.4361155,0 6.1323087,51.4321172,0 6.1437547,51.3826827,0 6.1443637,51.3810621,0 6.1455678,51.3793484,0 6.1476722,51.3775503,0 6.1568842,51.371494,0 6.158997,51.3703759,0 6.1561068,51.3717831,0 6.155211,51.3723577,0 6.1579237,51.3708444,0 6.1702925,51.3655605,0 6.1760881,51.3610267,0 6.1769013,51.3596822,0 6.1772274,51.357044,0 6.1770448,51.3559935,0 6.1761848,51.3538736,0 6.1760449,51.3525274,0 6.1763533,51.3512176,0 6.1771282,51.3498962,0 6.1791402,51.3481755,0 6.1908906,51.3421504,0 6.1934296,51.3402381,0 6.1982954,51.3334693,0 6.201687,51.3294898,0 6.2038838,51.326214,0 6.2059208,51.3221705,0 6.2123583,51.3128364,0 6.2142572,51.3108621,0 6.2164785,51.3092642,0 6.2278158,51.3024793,0 6.2626791,51.2820291,0 6.2716042,51.2758812,0 6.2745204,51.2743543,0 6.2716042,51.2758812,0 6.2626791,51.2820291,0 6.2278158,51.3024793,0 6.2164785,51.3092642,0 6.2142572,51.3108621,0 6.2123583,51.3128364,0 6.2059208,51.3221705,0 6.2041772,51.3256691,0 6.2016825,51.3293969,0 6.1981351,51.3335915,0 6.1934296,51.3402381,0 6.1908906,51.3421504,0 6.1791402,51.3481755,0 6.1771282,51.3498962,0 6.1763533,51.3512176,0 6.1760449,51.3525274,0 6.1761848,51.3538736,0 6.1770448,51.3559935,0 6.1772274,51.357044,0 6.176867,51.3595168,0 6.1762204,51.3604987,0 6.1701967,51.3652909,0 6.15737,51.371262,0 6.1474392,51.3777097,0 6.1455678,51.3793484,0 6.1443637,51.3810621,0 6.1437547,51.3826827,0 6.1323087,51.4321172,0 6.1312923,51.4361155,0 6.1306224,51.4377373,0 6.1295584,51.4394025,0 6.1258368,51.444061,0 6.0899673,51.4878344,0 6.0880806,51.489349,0 6.0850522,51.4911751,0 6.0215272,51.5217564,0 6.0172589,51.5239745,0 6.015007,51.5258337,0 6.0137711,51.5276301,0 6.0128405,51.5303061,0 5.9989404,51.5859569,0 5.9976805,51.5906785,0 5.996734,51.592532,0 5.9941393,51.5953602,0 5.9414329,51.6424226,0 5.9380465,51.6456893,0 5.9018631,51.6886873,0 5.8746186,51.7261898,0 5.8733577,51.7282336,0 5.8657402,51.7431276,0 5.865082,51.7449101,0 5.8648774,51.7468296,0 5.8651521,51.7486472,0 5.8658801,51.7504181,0 5.8677203,51.7528149,0 5.8740557,51.7580745,0 5.8758739,51.7601977,0 5.8860333,51.7812851,0 5.8864724,51.7832557,0 5.8868558,51.7915916,0 5.8864416,51.793409,0 5.8855641,51.7949548,0 5.878309,51.8027752,0 5.8769232,51.8049991,0 5.8765267,51.8072666,0 5.8768942,51.8185798,0 5.8765833,51.8199065,0 5.8757979,51.8212743,0 5.8737073,51.8231442,0 5.85311,51.8361067,0 5.8517967,51.837367,0 5.851249,51.8387525,0 5.8511414,51.8398053,0 5.8513546,51.8407429,0 5.8536039,51.8453477,0 5.854676,51.8482916,0 5.859218,51.8572984,0 5.8598221,51.8600271,0 5.8514228,51.9610739,0 5.8516011,51.9642456,0 5.8528359,51.967337,0 5.8617505,51.9816447,0 5.8629229,51.982904,0 5.8644261,51.9840415,0 5.8681902,51.9857628,0 5.8705897,51.9863638,0 5.8732613,51.9866942,0 5.8838875,51.9867227,0 5.8905496,51.9863184,0 5.9038314,51.9849983,0 5.9067199,51.9850745,0 5.9135682,51.9857899,0 5.9181866,51.985467,0 5.9400643,51.9801744,0 5.9453287,51.9783514,0 5.9494627,51.9761494,0 5.968646,51.9633267,0 5.9776883,51.9583985,0 5.9952246,51.9510778,0 6.0144858,51.9434127,0 5.9781423,51.9581713,0 5.9683777,51.9634938,0 5.948129,51.9769531,0 5.9441864,51.9788232,0 5.9391839,51.9803984,0 5.9194488,51.9852104,0 5.9168831,51.9856533,0 5.9129781,51.9857642,0 5.906905,51.9850899,0 5.9038314,51.9849983,0 5.8905496,51.9863184,0 5.884033,51.9867218,0 5.873769,51.9867206,0 5.8693656,51.9860961,0 5.8668095,51.9852629,0 5.8644261,51.9840415,0 5.862667,51.9826655,0 5.8613365,51.981053,0 5.8526371,51.9669828,0 5.8517768,51.9649288,0 5.8513927,51.9628471,0 5.8598221,51.8600271,0 5.8592481,51.8573676,0 5.854676,51.8482916,0 5.8536039,51.8453477,0 5.8513546,51.8407429,0 5.8511353,51.8396368,0 5.851617,51.8376621,0 5.8529243,51.8362396,0 5.8737073,51.8231442,0 5.8757979,51.8212743,0 5.8765833,51.8199065,0 5.8768942,51.8185798,0 5.8765267,51.8072666,0 5.8769232,51.8049991,0 5.878309,51.8027752,0 5.8853961,51.7951708,0 5.8862756,51.7937857,0 5.8867472,51.7924116,0 5.8868644,51.791101,0 5.8864974,51.7836978,0 5.8861703,51.7816416,0 5.8765291,51.7613718,0 5.8754933,51.7596547,0 5.8742723,51.7582791,0 5.8671125,51.7521678,0 5.8657593,51.7501907,0 5.8650326,51.7481601,0 5.8649076,51.7459486,0 5.8654834,51.7436859,0 5.8733577,51.7282336,0 5.8746186,51.7261898,0 5.9021619,51.6882853,0 5.9382353,51.6454797,0 5.9941393,51.5953602,0 5.996734,51.592532,0 5.9976805,51.5906785,0 5.9989404,51.5859569,0 6.0128405,51.5303061,0 6.0136706,51.5278442,0 6.0147437,51.5261363,0 6.0172589,51.5239745,0 6.0215272,51.5217564,0 6.0853332,51.4910316,0 6.0885291,51.4890431,0 6.0903084,51.4874709,0 6.1258368,51.444061,0 6.1295584,51.4394025,0 6.1306224,51.4377373,0 6.1312923,51.4361155,0 6.1323087,51.4321172,0 6.1437547,51.3826827,0 6.1448379,51.3802961,0 6.1459181,51.3789798,0 6.1474392,51.3777097,0 6.1569394,51.3715254,0 6.170035,51.3653877,0 6.1762204,51.3604987,0 6.176867,51.3595168,0 6.1772274,51.357044,0 6.1770448,51.3559935,0 6.1761848,51.3538736,0 6.1760449,51.3525274,0 6.1763533,51.3512176,0 6.1771282,51.3498962,0 6.1791402,51.3481755,0 6.1908906,51.3421504,0 6.1934296,51.3402381,0 6.1981351,51.3335915,0 6.2016825,51.3293969,0 6.2041772,51.3256691,0 6.2059208,51.3221705,0 6.2119841,51.3133444,0 6.2136917,51.3113713,0 6.2172629,51.3087929,0 6.2635432,51.2815024,0 6.272309,51.2754384,0 6.2778279,51.2730351,0 6.3420163,51.2559937,0 6.3458106,51.2554088,0 6.3498921,51.255424,0 6.366497,51.257047,0 6.3696525,51.2578769,0 6.3721088,51.2588747,0 6.3783016,51.2625818,0 6.3809988,51.2636995,0 6.384257,51.2642751,0 6.3882057,51.2641198,0 6.391287,51.2633039,0 6.3938331,51.2619587,0 6.395182,51.2607378,0 6.3965232,51.2579634,0 6.3983512,51.2566848,0 6.418833,51.2502327,0 6.4303094,51.2478351,0 6.433314,51.2468241,0 6.4347349,51.2459754,0 6.4359202,51.2449046,0 6.4366564,51.2438353,0 6.4370798,51.2426053,0 6.4366481,51.226714,0 6.4368675,51.2253379,0 6.437474,51.2238958,0 6.4385775,51.2223946,0 6.4402422,51.2209459,0 6.449071,51.2159754,0 6.45298,51.2129939,0 6.4540288,51.2115533,0 6.4553176,51.2084068,0 6.455615,51.206401,0 6.4554363,51.2046711,0 6.4549982,51.2033702,0 6.4541629,51.2020359,0 6.4523611,51.200387,0 6.4479553,51.1980041,0 6.4462078,51.1965686,0 6.4481333,51.1981102,0 6.4516236,51.1996961,0 6.4540543,51.2004506,0 6.456361,51.2007121,0 6.464787,51.2005734,0 6.4851382,51.1983124,0 6.5184458,51.1950095,0 6.5223149,51.1948121,0 6.6667565,51.1990017,0 6.6702852,51.1995718,0 6.6784115,51.2014458,0 6.680643,51.2021947,0 6.6827967,51.2035267,0 6.6818664,51.2027196,0 6.6807638,51.2011586,0 6.6820179,51.2025799,0 6.6857801,51.204928,0 6.6868259,51.2060588,0 6.687934,51.2085992,0 6.687037,51.206998,0 6.6875277,51.2079837,0 6.6878335,51.2095022,0 6.6875504,51.2124394,0 6.686653,51.2167001,0 6.6869815,51.2178892,0 6.6878117,51.2187085,0 6.6893082,51.2194184,0 6.6930246,51.2204627,0 6.6948187,51.2206964,0 6.6970924,51.2204148,0 6.6994713,51.2193844,0 6.7128407,51.2076885,0 6.7145084,51.2067424,0 6.7164455,51.2062118,0 6.7181912,51.20609,0 6.7201067,51.2062996,0 6.7338756,51.2091079,0 6.7454108,51.2117452,0 6.7482628,51.2121458,0 6.7505655,51.2119769,0 6.7635917,51.2095242,0 6.7697055,51.2074525,0 6.7725555,51.2073344,0 6.7840284,51.2093013,0 6.7862566,51.210163,0 6.7895036,51.2123824,0 6.790065,51.2133342,0 6.7904872,51.2156434,0 6.791339,51.2170462,0 6.7974589,51.222504,0 6.7995346,51.2249916,0 6.8012848,51.2259171,0 6.8034094,51.2261491,0 6.8126447,51.2262215,0 6.8151535,51.2259826,0 6.8368651,51.2209604,0 6.8428781,51.2200968,0 6.8836824,51.2206655,0 6.9048942,51.2203177,0 6.9381354,51.2191687,0 6.9460139,51.2185554,0 6.9593692,51.2167699,0 6.9714968,51.2161517,0 6.9753444,51.2154922,0 6.9853048,51.2131106,0 6.9902899,51.212507,0 6.9956622,51.2126972,0 7.0113903,51.2148036,0 7.0223041,51.2148659,0 7.0346314,51.2164194,0 7.0388665,51.2173183,0 7.0418622,51.2184102,0 7.0443472,51.2198435,0 7.0473674,51.2225372,0 7.0504238,51.2246203,0 7.0548453,51.2270156,0 7.0642266,51.2306087,0 7.0834594,51.2389898,0 7.0864168,51.2399548,0 7.0885039,51.2403632,0 7.0987938,51.2409111,0 7.1038064,51.2420265,0 7.1064545,51.2433381,0 7.1104046,51.246411,0 7.1127918,51.2473661,0 7.1150322,51.2477158,0 7.1174561,51.2477391,0 7.1284422,51.2466964,0 7.1349898,51.247395,0 7.137617,51.2485119,0 7.1414286,51.2514789,0 7.1476306,51.2541386,0 7.1513312,51.2546899,0 7.1575653,51.2546417,0 7.1640508,51.2561068,0 7.1727128,51.2597159,0 7.1810393,51.2627549,0 7.2008499,51.2688608,0 7.2100157,51.2722461,0 7.2157628,51.2732925,0 7.2336964,51.2754913,0 7.2815336,51.2889966,0 7.2886577,51.2904209,0 7.297156,51.2908412,0 7.2992005,51.2912268,0 7.301494,51.2923174,0 7.3027992,51.2936646,0 7.3032627,51.2949245,0 7.303255,51.2979857,0 7.3030932,51.2944254,0 7.3024478,51.2932562,0 7.3014557,51.2923434,0 7.2999032,51.2915127,0 7.2982417,51.2910388,0 7.2930076,51.2908135,0 7.3064379,51.2906299,0 7.3097741,51.2909566,0 7.3136705,51.2919656,0 7.3191355,51.2947476,0 7.3226023,51.2958757,0 7.3264164,51.2964597,0 7.3329073,51.2967109,0 7.3363049,51.2974527,0 7.3386278,51.2984044,0 7.3404457,51.2994669,0 7.3422614,51.3011615,0 7.3431594,51.3026279,0 7.3434374,51.3039127,0 7.3434183,51.3060647,0 7.3421606,51.3094872,0 7.3418597,51.3115907,0 7.3422016,51.3135078,0 7.3430315,51.3152492,0 7.3443826,51.3168758,0 7.3455433,51.3178644,0 7.355144,51.3236457,0 7.3584006,51.3249967,0 7.3677278,51.32807,0 7.4131497,51.3406304,0 7.4509375,51.3520787,0 7.4535318,51.353283,0 7.4569504,51.3555597,0 7.4589611,51.357807,0 7.4605358,51.3629125,0 7.4594451,51.3590442,0 7.4606409,51.3618417,0 7.4609614,51.3636163,0 7.4604117,51.3668109,0 7.4602197,51.3698377,0 7.4588051,51.3730832,0 7.4582347,51.3783451,0 7.4577422,51.3800985,0 7.4565653,51.3825774,0 7.4550897,51.3843685,0 7.4525156,51.3863105,0 7.4489929,51.3883868,0 7.4458632,51.3891867,0 7.4397487,51.3894441,0 7.4363946,51.3888746,0 7.4216757,51.3848998,0 7.4174372,51.3841191,0 7.4109752,51.3835608,0 7.3980976,51.3830589,0 7.3932918,51.3832689,0 7.3901386,51.3840101,0 7.3873157,51.3853461,0 7.3855649,51.3865885,0 7.3829297,51.3891555,0 7.3803908,51.3906756,0 7.3659791,51.3957617,0 7.3626334,51.3972202,0 7.3592174,51.3993084,0 7.3555632,51.4023482,0 7.353693,51.4048937,0 7.3527293,51.4077811,0 7.3526629,51.4094652,0 7.3534695,51.4203005,0 7.3532358,51.421689,0 7.3526223,51.4230639,0 7.3511705,51.424827,0 7.3488803,51.4264446,0 7.3467191,51.4274202,0 7.3394668,51.4297673,0 7.3358802,51.4313696,0 7.3319827,51.4333359,0 7.3293512,51.4355791,0 7.327624,51.4378113,0 7.3258567,51.4411861,0 7.3253744,51.4427362,0 7.3250417,51.4464614,0 7.3237232,51.4511498,0 7.3201866,51.4563309,0 7.3193331,51.4586335,0 7.3194086,51.4602655,0 7.3197301,51.4611883,0 7.3204447,51.4623984,0 7.3214222,51.4634224,0 7.3298886,51.4698665,0 7.332887,51.4715342,0 7.3374119,51.4735375,0 7.3393044,51.4749943,0 7.3398256,51.4760855,0 7.3397992,51.4768115,0 7.3396053,51.4776388,0 7.3389003,51.4784893,0 7.336742,51.4797236,0 7.3344788,51.4803721,0 7.3327905,51.4805251,0 7.3345641,51.481154,0 7.3374147,51.4826673,0 7.3349319,51.4810277,0 7.3327782,51.480038,0 7.3285736,51.4787359,0 7.3202446,51.4775018,0 7.3134767,51.4767426,0 7.3113601,51.4767083,0 7.3098201,51.4768189,0 7.3028081,51.4785458,0 7.2921291,51.4802954,0 7.2876684,51.4806342,0 7.2837654,51.4814043,0 7.2694153,51.4821583,0 7.2654725,51.4828574,0 7.2572934,51.4848099,0 7.2531981,51.485047,0 7.2492022,51.4843136,0 7.2403045,51.4813181,0 7.2382365,51.4810866,0 7.2324812,51.4812488,0 7.2290216,51.4807586,0 7.226531,51.4800227,0 7.2232195,51.478508,0</coordinates>
</LineString>
</Placemark>
<Placemark>
<name>RE71 Brandenburg Hbf-Hel</name>
<description><![CDATA[<div class="kmldesc"><b>RE71</b> Brandenburg Hbf-Hel<br/><br/>Transnationaler Langlauf-Korridor Brandenburg-Berlin-Polen. Flügelungskonzept 5+3: Gdynia Główna-Brandenburg Hbf als 8-teiliger KISS-Verband (~210m), Gdynia Główna-Hel als Solo-3-Teiler (~80m). Kreuzungsfreie Durchfahrt Berlin Hbf (tief) ohne Kopfmachen, dafür Richtungswechsel in Pasewalk und Tczew. Rückfahrplan aus Fahrzeiten der Hinfahrt gespiegelt.<br/><br/><b>Bahnhöfe (36 Halte)</b> — Beispielzeiten eines Musterzugs:<br/><br/>&#8226;&#160;<b>Brandenburg Hbf</b><br/>Beispielzeit: ab 07:00<br/><i>Taktstart als 5+3-Gesamtverband aus der Abstellung (278m Nutzlänge)</i><br/>&#8226;&#160;<b>Potsdam Hauptbahnhof</b><br/>Beispielzeit: an 07:20 / ab 07:22<br/><i>Regionalbahnsteige Gleis 6/7, Landeshauptstadt-Knoten (296m)</i><br/>&#8226;&#160;<b>Berlin-Wannsee</b><br/>Beispielzeit: an 07:30 / ab 07:32<br/><i>Gleis 5/6, reichlich Puffer (340m)</i><br/>&#8226;&#160;<b>Berlin Hauptbahnhof</b><br/>Beispielzeit: an 07:47 / ab 07:53<br/><i>Kreuzungsfreie Durchfahrt ohne Kopfmachen, Gleis 1-8 (430m)</i><br/>&#8226;&#160;<b>Berlin Potsdamer Platz</b><br/>Beispielzeit: an 07:57 / ab 07:59<br/><i>Nord-Süd-Tunnel, absolute Systemgrenze 210m</i><br/>&#8226;&#160;<b>Flughafen BER</b><br/>Beispielzeit: an 08:19 / ab 08:22<br/><i>Aussenring-Zulauf, Fernbahngleise (405m)</i><br/>&#8226;&#160;<b>Bernau (b Berlin)</b><br/>Beispielzeit: an 08:52 / ab 08:54<br/><i>Gleis 4/5, Punktlandung 211m</i><br/>&#8226;&#160;<b>Eberswalde Hbf</b><br/>Beispielzeit: an 09:08 / ab 09:10<br/><i>Sichere Nutzlängen (294-330m)</i><br/>&#8226;&#160;<b>Angermünde</b><br/>Beispielzeit: an 09:23 / ab 09:25<br/><i>Gleis 1/2, komfortabler Anschlussknoten (302m)</i><br/>&#8226;&#160;<b>Pasewalk</b><br/>Beispielzeit: an 10:00 / ab 10:07<br/><i>Richtungswechsel: 7 Min Kopfmachen auf Grenzbahn nach Stettin (284/312m)</i><br/>&#8226;&#160;<b>Szczecin Główny</b><br/>Beispielzeit: an 10:37 / ab 10:42<br/><i>Polnischer Endknoten, Systemwechsel 15kV AC/3kV DC (>250m)</i><br/>&#8226;&#160;<b>Runowo Pomorskie</b><br/>Beispielzeit: an 11:12 / ab 11:13<br/><i>Abzweig Ostbahn-Korridor, Punktlandung 210m (245/210m)</i><br/>&#8226;&#160;<b>Szczecinek</b><br/>Beispielzeit: an 11:53 / ab 11:55<br/><i>Regionaler Knotenbahnhof (302/263m)</i><br/>&#8226;&#160;<b>Chojnice</b><br/>Beispielzeit: an 12:30 / ab 12:32<br/><i>Peron 2 (198m) fällt durch, nur Peron 1/4 (284/225m)</i><br/>&#8226;&#160;<b>Starogard Gdański</b><br/>Beispielzeit: an 13:12 / ab 13:13<br/><i>Engpass: Peron 2 zu kurz (202m), bevorzugt Gleis 1 (215/202m)</i><br/>&#8226;&#160;<b>Tczew</b><br/>Beispielzeit: an 13:28 / ab 13:36<br/><i>Richtungswechsel: 8 Min Kopfmachen auf Hauptstrecke 9 Richtung Danzig (300-380m)</i><br/>&#8226;&#160;<b>Gdańsk Główny</b><br/>Beispielzeit: an 13:56 / ab 13:59<br/><i>Metropolen-Hauptknoten, Fernbahnsteige (300-420m)</i><br/>&#8226;&#160;<b>Gdańsk Wrzeszcz</b><br/>Beispielzeit: an 14:05 / ab 14:07<br/><i>Wichtiger Nahverkehrsknoten (300-420m)</i><br/>&#8226;&#160;<b>Gdańsk Zaspa</b><br/>Beispielzeit: an 14:10 / ab 14:11<br/><i>Engpass: SKM-Pendlerhalt, Nutzlänge nur 200m für 210m-Zug</i><br/>&#8226;&#160;<b>Gdynia Wzgórze Św. Maksymiliana</b><br/>Beispielzeit: an 14:23 / ab 14:24<br/><i>Engpass: Regionalbahnsteige nur 200m, SDO-Einsatz</i><br/>&#8226;&#160;<b>Gdynia Główna</b><br/>Beispielzeit: an 14:27 / ab 14:40<br/><i>Flügelung: 13 Min Halt, 3-Teiler fährt weiter nach Hel, 5-Teiler bleibt in Gdynia (>300m)</i><br/>&#8226;&#160;<b>Gdynia Chylonia</b><br/>Beispielzeit: an 14:46 / ab 14:47<br/><i>Ab hier grosser Puffer für Solo-3-Teiler (150-205m)</i><br/>&#8226;&#160;<b>Rumia Janowo</b><br/>Beispielzeit: an 14:51 / ab 14:52<br/><i>Halt unkritisch (150-205m)</i><br/>&#8226;&#160;<b>Rumia</b><br/>Beispielzeit: an 14:55 / ab 14:56<br/><i>Halt unkritisch (150-205m)</i><br/>&#8226;&#160;<b>Reda</b><br/>Beispielzeit: an 15:00 / ab 15:02<br/><i>Abzweig auf eingleisige Stichstrecke Richtung Hel (150-205m)</i><br/>&#8226;&#160;<b>Mrzezino</b><br/>Beispielzeit: an 15:09 / ab 15:10<br/><i>Halt unkritisch (150-205m)</i><br/>&#8226;&#160;<b>Żelistrzewo</b><br/>Beispielzeit: an 15:15 / ab 15:16<br/><i>Halt unkritisch (150-205m)</i><br/>&#8226;&#160;<b>Puck</b><br/>Beispielzeit: an 15:21 / ab 15:22<br/><i>Halt unkritisch (150-205m)</i><br/>&#8226;&#160;<b>Swarzewo</b><br/>Beispielzeit: an 15:27 / ab 15:28<br/><i>Halt unkritisch (150-205m)</i><br/>&#8226;&#160;<b>Władysławowo</b><br/>Beispielzeit: an 15:33 / ab 15:35<br/><i>Wichtiger regionaler Knotenpunkt auf der Halbinsel (150-205m)</i><br/>&#8226;&#160;<b>Władysławowo Port</b><br/>Beispielzeit: an 15:38 / ab 15:39<br/><i>Halt unkritisch (150-205m)</i><br/>&#8226;&#160;<b>Chałupy</b><br/>Beispielzeit: an 15:44 / ab 15:45<br/><i>Halt unkritisch (150-205m)</i><br/>&#8226;&#160;<b>Kuźnica</b><br/>Beispielzeit: an 15:51 / ab 15:52<br/><i>Halt unkritisch (150-205m)</i><br/>&#8226;&#160;<b>Jastarnia</b><br/>Beispielzeit: an 15:59 / ab 16:00<br/><i>Halt unkritisch (150-205m)</i><br/>&#8226;&#160;<b>Jurata</b><br/>Beispielzeit: an 16:05 / ab 16:06<br/><i>Halt unkritisch (150-205m)</i><br/>&#8226;&#160;<b>Hel</b><br/>Beispielzeit: an 16:13<br/><i>Linien-Endpunkt: Übergang in Abstellung (150-205m)</i><br/></div><style>@media (prefers-color-scheme: dark) {html,body,.kmldesc{background:#1b1b1b !important;color:#e8e8e8 !important;}.kmldesc a{color:#8ab4f8 !important;}}</style>]]></description>
<LookAt><longitude>15.6854343</longitude><latitude>53.5749451</latitude><altitude>0</altitude><heading>0</heading><tilt>0</tilt><range>400000.0</range><altitudeMode>clampToGround</altitudeMode></LookAt>
<styleUrl>#style_lineRE71</styleUrl>
<LineString><tessellate>1</tessellate><coordinates>12.5657504,52.4004813,0 12.5765774,52.4040611,0 12.5859388,52.4057957,0 12.6952861,52.4139308,0 12.7036237,52.4137764,0 12.7442104,52.4090101,0 12.7512609,52.4086515,0 12.7575952,52.4090160,0 12.8140745,52.4146409,0 12.8234317,52.4149624,0 12.8315322,52.4144422,0 12.8807230,52.4085489,0 12.8846435,52.4078939,0 12.8905343,52.4062087,0 12.9232180,52.3938265,0 12.9258493,52.3931351,0 12.9289965,52.3927425,0 12.9429251,52.3929457,0 12.9474930,52.3932517,0 12.9870507,52.3993094,0 12.9920978,52.3997175,0 13.0000294,52.3991332,0 13.0047210,52.3983385,0 13.0077293,52.3973497,0 13.0165162,52.3934070,0 13.0195441,52.3926650,0 13.0226261,52.3923230,0 13.0421969,52.3930651,0 13.0471106,52.3930271,0 13.0634198,52.3916247,0 13.0846819,52.3906300,0 13.1281553,52.3943536,0 13.1344567,52.3950906,0 13.1380572,52.3961163,0 13.1424190,52.3986670,0 13.1555406,52.4105562,0 13.1574262,52.4118783,0 13.1594463,52.4127729,0 13.1650301,52.4142295,0 13.1694613,52.4159206,0 13.1904350,52.4262988,0 13.1920259,52.4279912,0 13.1939623,52.4336510,0 13.1960449,52.4363238,0 13.2440150,52.4743048,0 13.2505600,52.4782238,0 13.2530294,52.4804166,0 13.2568558,52.4851306,0 13.2593405,52.4868015,0 13.2820773,52.4985065,0 13.2971035,52.5029151,0 13.3069155,52.5051619,0 13.3091177,52.5054488,0 13.3266960,52.5046507,0 13.3293427,52.5050521,0 13.3313821,52.5063303,0 13.3340719,52.5096106,0 13.3372892,52.5155251,0 13.3417063,52.5192689,0 13.3434191,52.5198652,0 13.3451459,52.5200682,0 13.3540672,52.5194601,0 13.3562878,52.5196285,0 13.3583158,52.5202506,0 13.3660228,52.5241401,0 13.3700000,52.5250000,0 13.3710000,52.5240000,0 13.3710000,52.5230000,0 13.3720000,52.5220000,0 13.3720000,52.5210000,0 13.3730000,52.5200000,0 13.3740000,52.5180000,0 13.3740000,52.5170000,0 13.3750000,52.5160000,0 13.3750000,52.5150000,0 13.3760000,52.5140000,0 13.3760000,52.5090000,0 13.3766399,52.5094035,0 13.3761562,52.5093147,0 13.3756670,52.5064337,0 13.3729176,52.5006499,0 13.3729574,52.4953352,0 13.3722342,52.4869247,0 13.3640513,52.4721695,0 13.3583631,52.4561084,0 13.3582705,52.4535598,0 13.3677109,52.4361523,0 13.3836780,52.4094058,0 13.4016483,52.3782494,0 13.4098220,52.3556757,0 13.4105585,52.3542280,0 13.4117418,52.3531654,0 13.4138853,52.3523204,0 13.4168842,52.3521276,0 13.4299792,52.3551247,0 13.4364318,52.3573365,0 13.4515723,52.3638331,0 13.4562664,52.3647971,0 13.4596091,52.3646666,0 13.4660489,52.3632853,0 13.4736085,52.3624315,0 13.4848802,52.3599978,0 13.4897012,52.3598994,0 13.4933896,52.3603425,0 13.5282419,52.3688959,0 13.5305431,52.3699731,0 13.5322398,52.3712113,0 13.5361320,52.3760899,0 13.5396722,52.3779257,0 13.5575420,52.3816065,0 13.5596179,52.3823385,0 13.5634271,52.3844820,0 13.5655388,52.3852387,0 13.5929631,52.3911535,0 13.5960326,52.3924491,0 13.5970701,52.3935595,0 13.5975176,52.3949177,0 13.5971910,52.3962621,0 13.5960216,52.3975748,0 13.5850099,52.4050778,0 13.5777907,52.4095354,0 13.5704865,52.4148166,0 13.5623532,52.4193537,0 13.5604682,52.4213468,0 13.5602991,52.4232541,0 13.5630535,52.4290763,0 13.5632675,52.4330503,0 13.5623108,52.4359456,0 13.5599774,52.4394489,0 13.5590690,52.4416489,0 13.5573350,52.4560561,0 13.5562716,52.4580731,0 13.5529387,52.4615141,0 13.5506813,52.4651085,0 13.5508944,52.4665836,0 13.5536149,52.4715994,0 13.5516267,52.4834229,0 13.5515535,52.4867297,0 13.5503644,52.4899045,0 13.5428175,52.4993999,0 13.5406142,52.5043211,0 13.5377605,52.5227307,0 13.5261113,52.5539294,0 13.5245147,52.5561057,0 13.5219096,52.5585788,0 13.4637709,52.6041983,0 13.4623003,52.6060105,0 13.4623030,52.6081220,0 13.4634823,52.6097161,0 13.4672839,52.6129162,0 13.4907635,52.6349141,0 13.4938045,52.6373155,0 13.4982820,52.6401853,0 13.5367854,52.6610654,0 13.5414338,52.6627382,0 13.5876767,52.6738645,0 13.5917751,52.6752015,0 13.5944358,52.6768152,0 13.5986009,52.6804728,0 13.7015078,52.7817947,0 13.7083842,52.7857922,0 13.7872090,52.8279217,0 13.7939449,52.8317559,0 13.7970916,52.8343538,0 13.7971952,52.8341138,0 13.8000606,52.8378611,0 13.8076788,52.8626799,0 13.8091964,52.8651789,0 13.8119593,52.8675000,0 13.8641845,52.9004108,0 13.8784615,52.9085012,0 13.9403370,52.9331356,0 13.9452241,52.9358642,0 13.9471759,52.9376333,0 13.9486175,52.9395371,0 13.9592973,52.9572946,0 13.9780062,52.9732419,0 13.9804738,52.9759238,0 13.9980206,53.0056106,0 13.9990638,53.0090912,0 13.9986379,53.0119925,0 13.9954827,53.0165969,0 13.9880172,53.0244638,0 13.9856088,53.0258835,0 13.9733324,53.0316441,0 13.9457084,53.0495019,0 13.9421525,53.0523626,0 13.9400663,53.0549318,0 13.9388319,53.0574072,0 13.9372058,53.0687108,0 13.9354774,53.0722819,0 13.9335818,53.0743133,0 13.9306002,53.0764291,0 13.9161028,53.0829294,0 13.9130062,53.0847190,0 13.9099822,53.0871573,0 13.9078507,53.0896777,0 13.8959458,53.1069877,0 13.8853397,53.1212892,0 13.8843562,53.1232124,0 13.8836361,53.1259293,0 13.8810487,53.1496290,0 13.8801368,53.1529110,0 13.8749865,53.1647284,0 13.8741371,53.1748876,0 13.8750532,53.1787059,0 13.8824051,53.1946062,0 13.8878183,53.2014825,0 13.8892397,53.2038944,0 13.8898158,53.2062863,0 13.8896903,53.2132736,0 13.8892483,53.2152355,0 13.8880020,53.2173183,0 13.8745345,53.2319113,0 13.8733704,53.2342515,0 13.8720564,53.2391929,0 13.8729017,53.2462868,0 13.8737477,53.2484016,0 13.8771562,53.2540177,0 13.8779271,53.2607039,0 13.8860778,53.2739836,0 13.8870375,53.2775001,0 13.8870023,53.2797537,0 13.8865578,53.2817107,0 13.8765189,53.3065698,0 13.8740535,53.3096260,0 13.8670521,53.3163349,0 13.8659827,53.3189217,0 13.8697325,53.3308684,0 13.8764666,53.3498153,0 13.8950065,53.3872110,0 13.8955942,53.3906594,0 13.8953443,53.3932682,0 13.8898469,53.4107193,0 13.8897387,53.4145997,0 13.8908680,53.4178865,0 13.9047231,53.4440161,0 13.9236256,53.4724510,0 13.9280957,53.4774420,0 13.9403727,53.4856318,0 13.9849474,53.5105371,0 13.9880413,53.5133982,0 13.9889823,53.5151131,0 13.9892981,53.5150049,0 13.9889823,53.5151131,0 13.9905588,53.5212246,0 13.9900828,53.5165610,0 13.9903886,53.5126066,0 13.9925294,53.5108225,0 13.9958767,53.5098292,0 14.0661922,53.5090358,0 14.0728705,53.5083610,0 14.0777041,53.5071968,0 14.1538823,53.4773915,0 14.1833560,53.4636788,0 14.1899737,53.4610490,0 14.1943155,53.4597120,0 14.2011538,53.4581539,0 14.2227142,53.4551534,0 14.2282617,53.4538597,0 14.3000997,53.4252230,0 14.3045526,53.4239443,0 14.3298577,53.4185341,0 14.3356893,53.4178605,0 14.4164268,53.4134173,0 14.4222124,53.4123544,0 14.4660220,53.4014111,0 14.4752019,53.3993786,0 14.4884068,53.3978309,0 14.4923461,53.3977487,0 14.5143961,53.3990462,0 14.5188011,53.3998543,0 14.5227858,53.4010410,0 14.5274168,53.4031235,0 14.5415893,53.4110850,0 14.5435203,53.4128813,0 14.5470305,53.4171735,0 14.5492270,53.4184580,0 14.5494069,53.4182413,0 14.5492270,53.4184580,0 14.5508443,53.4193119,0 14.5533511,53.4200231,0 14.5548099,53.4200463,0 14.5574214,53.4195954,0 14.5587395,53.4190009,0 14.5723469,53.4086092,0 14.5839293,53.3990616,0 14.5850076,53.3966244,0 14.5860213,53.3826210,0 14.5866449,53.3782314,0 14.5871960,53.3772061,0 14.5893849,53.3760384,0 14.5934932,53.3754748,0 14.6002286,53.3737862,0 14.6031197,53.3734805,0 14.6060664,53.3736299,0 14.6358413,53.3785505,0 14.6397292,53.3799984,0 14.6557351,53.3883323,0 14.6593213,53.3894162,0 14.6641490,53.3903942,0 14.6739110,53.3915590,0 14.6835385,53.3918254,0 14.7012247,53.3900973,0 14.7099682,53.3889303,0 14.8815333,53.3704251,0 15.0078216,53.3534214,0 15.0139914,53.3520192,0 15.0165331,53.3511436,0 15.0255234,53.3457695,0 15.0281979,53.3432325,0 15.0384594,53.3303085,0 15.0413985,53.3279267,0 15.0440339,53.3266428,0 15.0474134,53.3256052,0 15.0510466,53.3250283,0 15.0546870,53.3249402,0 15.0587220,53.3253968,0 15.0627322,53.3265283,0 15.1821521,53.3744726,0 15.2320531,53.3915035,0 15.2354238,53.3935119,0 15.2677076,53.4158752,0 15.2754330,53.4201598,0 15.2859915,53.4233898,0 15.2946528,53.4287572,0 15.2974761,53.4311897,0 15.2994142,53.4334113,0 15.3056368,53.4428977,0 15.3306575,53.4669805,0 15.3688463,53.4924869,0 15.3895980,53.5100328,0 15.3918725,53.5116183,0 15.3939217,53.5126152,0 15.3970063,53.5136264,0 15.4003939,53.5142372,0 15.4030489,53.5143988,0 15.4257850,53.5132174,0 15.4346759,53.5113596,0 15.4385617,53.5109388,0 15.4435936,53.5112626,0 15.4478092,53.5123451,0 15.4781967,53.5242185,0 15.5230140,53.5472644,0 15.5253716,53.5488400,0 15.5268651,53.5503353,0 15.5320196,53.5605455,0 15.5332120,53.5615296,0 15.5350834,53.5621306,0 15.5368782,53.5621847,0 15.5385570,53.5618331,0 15.5432779,53.5600021,0 15.5452789,53.5587546,0 15.5464959,53.5571624,0 15.5485344,53.5490900,0 15.5493773,53.5474794,0 15.5521373,53.5452483,0 15.5559648,53.5438983,0 15.5883551,53.5416734,0 15.5922712,53.5411298,0 15.6104485,53.5353851,0 15.6232319,53.5292473,0 15.6259000,53.5282503,0 15.6283703,53.5277273,0 15.6318089,53.5274164,0 15.6414220,53.5279904,0 15.6448445,53.5277401,0 15.6735977,53.5199173,0 15.6792974,53.5196127,0 15.7005915,53.5220334,0 15.7051110,53.5220589,0 15.7086810,53.5214784,0 15.7297885,53.5162936,0 15.7428906,53.5136407,0 15.7457606,53.5133217,0 15.7504637,53.5135117,0 15.8401207,53.5252995,0 15.8436666,53.5255739,0 15.8473493,53.5253266,0 15.8652557,53.5221743,0 15.8845167,53.5173344,0 15.8880867,53.5169644,0 15.8914824,53.5169915,0 16.0009530,53.5304364,0 16.0050989,53.5302002,0 16.0216738,53.5273814,0 16.0268888,53.5270675,0 16.0764755,53.5283620,0 16.1293397,53.5263909,0 16.1732586,53.5214653,0 16.1928693,53.5187815,0 16.1981223,53.5185731,0 16.2028533,53.5192093,0 16.2074363,53.5208232,0 16.2291078,53.5345213,0 16.2319702,53.5357816,0 16.3420304,53.5631854,0 16.3469543,53.5647644,0 16.3941685,53.5859288,0 16.4379373,53.6031325,0 16.4405727,53.6047738,0 16.4433177,53.6074089,0 16.4486178,53.6181570,0 16.4505776,53.6201387,0 16.4532467,53.6217223,0 16.4564496,53.6228521,0 16.4770263,53.6277515,0 16.5000351,53.6388337,0 16.5321074,53.6490378,0 16.5376515,53.6518576,0 16.5442246,53.6570753,0 16.5476820,53.6587912,0 16.5519526,53.6597548,0 16.5572162,53.6597511,0 16.5901971,53.6539498,0 16.5955777,53.6536315,0 16.5999386,53.6541588,0 16.6408055,53.6625553,0 16.6640700,53.6702891,0 16.6677709,53.6718403,0 16.7154063,53.6996308,0 16.7190576,53.7011606,0 16.7228853,53.7019292,0 16.7273206,53.7020506,0 16.7857028,53.6987090,0 16.9192768,53.6810228,0 16.9470128,53.6796026,0 16.9737879,53.6827970,0 16.9794384,53.6829000,0 16.9846841,53.6824219,0 16.9894234,53.6814869,0 17.0213597,53.6728644,0 17.0633970,53.6544165,0 17.0662676,53.6534541,0 17.0697029,53.6528536,0 17.0733044,53.6527571,0 17.0769090,53.6531857,0 17.1009369,53.6590507,0 17.1045388,53.6596261,0 17.1592987,53.6606762,0 17.3193735,53.6434737,0 17.3242505,53.6436146,0 17.3444754,53.6458807,0 17.3483885,53.6464928,0 17.3521968,53.6474284,0 17.3560444,53.6487887,0 17.3595152,53.6504754,0 17.3758130,53.6605903,0 17.3804596,53.6617396,0 17.5217350,53.6744510,0 17.5556571,53.6738874,0 17.5597639,53.6743279,0 17.5623219,53.6751628,0 17.5644611,53.6763990,0 17.5741453,53.6867227,0 17.5896008,53.6977849,0 17.5926223,53.6991363,0 17.6114214,53.7056126,0 17.6143547,53.7071701,0 17.6231747,53.7132173,0 17.6347913,53.7171024,0 17.6378805,53.7183773,0 17.6560109,53.7303886,0 17.6608132,53.7324377,0 17.6882596,53.7401301,0 17.7057391,53.7432617,0 17.7570841,53.7562691,0 17.7681956,53.7596150,0 17.8233702,53.7695818,0 18.0207345,53.8110940,0 18.0263314,53.8126376,0 18.0469367,53.8225608,0 18.0691052,53.8343429,0 18.0942010,53.8432541,0 18.1235895,53.8595038,0 18.2081238,53.8977582,0 18.2255057,53.9097658,0 18.2598204,53.9297185,0 18.2644813,53.9312726,0 18.2845414,53.9345630,0 18.2908612,53.9362473,0 18.3497855,53.9627111,0 18.3534038,53.9635172,0 18.3569574,53.9638053,0 18.4541829,53.9667581,0 18.4788426,53.9696999,0 18.4950527,53.9691989,0 18.4994504,53.9698248,0 18.5192072,53.9741941,0 18.5336574,53.9806894,0 18.5444004,53.9880065,0 18.5502457,53.9907053,0 18.5748437,53.9985708,0 18.5785049,53.9993856,0 18.5879483,54.0008552,0 18.6044847,54.0047994,0 18.6092001,54.0066128,0 18.6122311,54.0087973,0 18.6165447,54.0138068,0 18.6186451,54.0154328,0 18.6213037,54.0167656,0 18.6337257,54.0217246,0 18.6416105,54.0265529,0 18.6687204,54.0480592,0 18.6712228,54.0492526,0 18.6740470,54.0501263,0 18.6838608,54.0517452,0 18.6873264,54.0526478,0 18.6988308,54.0570383,0 18.7025201,54.0589468,0 18.7055048,54.0611283,0 18.7204068,54.0746562,0 18.7241082,54.0766111,0 18.7351541,54.0801925,0 18.7386645,54.0818203,0 18.7412944,54.0838784,0 18.7475896,54.0908025,0 18.7539839,54.0961437,0 18.7677532,54.1043170,0 18.7740960,54.1065187,0 18.7770165,54.1066551,0 18.7797288,54.1061573,0 18.7825243,54.1047490,0 18.7871777,54.0994533,0 18.7897377,54.0972007,0 18.7871777,54.0994533,0 18.7841948,54.1030700,0 18.7786430,54.1088135,0 18.7709922,54.1155198,0 18.7528038,54.1346281,0 18.7296251,54.1574526,0 18.7190022,54.1657481,0 18.6875539,54.1816942,0 18.6845087,54.1835406,0 18.6817403,54.1857196,0 18.6788499,54.1889435,0 18.6691213,54.2035129,0 18.6497174,54.2263294,0 18.6483129,54.2293298,0 18.6477312,54.2322176,0 18.6468349,54.2513615,0 18.6469128,54.2577075,0 18.6460260,54.2672400,0 18.6328074,54.3119220,0 18.6323013,54.3148469,0 18.6326615,54.3183826,0 18.6361825,54.3296049,0 18.6410884,54.3374289,0 18.6437052,54.3423401,0 18.6443449,54.3445231,0 18.6442173,54.3462986,0 18.6426021,54.3504063,0 18.6439430,54.3549742,0 18.6444499,54.3585298,0 18.6438506,54.3620800,0 18.6427439,54.3636091,0 18.6322576,54.3720604,0 18.6299429,54.3731572,0 18.6063994,54.3813464,0 18.6026000,54.3832000,0 18.5937000,54.3883000,0 18.5871232,54.3924966,0 18.5784411,54.3990259,0 18.5761479,54.4014447,0 18.5727897,54.4070646,0 18.5603262,54.4462251,0 18.5540462,54.4564805,0 18.5528465,54.4613053,0 18.5549670,54.4668902,0 18.5546656,54.4697302,0 18.5533231,54.4718480,0 18.5409335,54.4858399,0 18.5353389,54.4985427,0 18.5350401,54.5004777,0 18.5356941,54.5133024,0 18.5348454,54.5017438,0 18.5332216,54.4961509,0 18.5348454,54.5017438,0 18.5357252,54.5137926,0 18.5354028,54.5159092,0 18.5341527,54.5177778,0 18.5326838,54.5190002,0 18.5268255,54.5217877,0 18.5084614,54.5289855,0 18.4811761,54.5403576,0 18.4759096,54.5421175,0 18.4603276,54.5468316,0 18.4497013,54.5493228,0 18.4271209,54.5522274,0 18.4207930,54.5533863,0 18.4137452,54.5554406,0 18.4068257,54.5583429,0 18.3643377,54.5806712,0 18.3618844,54.5829808,0 18.3510149,54.5977321,0 18.3446816,54.6024695,0 18.3416553,54.6040807,0 18.3407609,54.6049511,0 18.3402163,54.6066447,0 18.3405957,54.6077128,0 18.3534529,54.6236637,0 18.3618535,54.6306056,0 18.3712422,54.6376360,0 18.3763255,54.6398903,0 18.3808087,54.6412462,0 18.3891949,54.6425904,0 18.3952533,54.6458136,0 18.3993963,54.6465056,0 18.4024222,54.6481669,0 18.4108652,54.6508072,0 18.4123450,54.6519973,0 18.4152893,54.6570702,0 18.4172249,54.6639440,0 18.4179876,54.6691880,0 18.4147722,54.6771303,0 18.4122295,54.6822297,0 18.4109731,54.6983011,0 18.4114036,54.7080614,0 18.4110244,54.7096747,0 18.4076342,54.7172502,0 18.4065400,54.7183299,0 18.4052331,54.7189139,0 18.4036438,54.7191830,0 18.3963836,54.7189463,0 18.3946091,54.7194478,0 18.3933679,54.7203324,0 18.3928414,54.7216269,0 18.3927539,54.7265505,0 18.3934157,54.7351299,0 18.3911818,54.7386967,0 18.3886617,54.7414518,0 18.3851229,54.7506915,0 18.3841889,54.7516455,0 18.3824283,54.7525900,0 18.3763459,54.7535267,0 18.3742753,54.7541663,0 18.3726431,54.7553244,0 18.3719418,54.7569266,0 18.3722958,54.7581913,0 18.3733985,54.7593213,0 18.3899767,54.7695451,0 18.3913931,54.7707265,0 18.3935240,54.7788329,0 18.4023267,54.7855472,0 18.4033304,54.7868134,0 18.4034114,54.7882585,0 18.4014425,54.7949570,0 18.4016953,54.7959340,0 18.4025485,54.7967820,0 18.4038292,54.7974437,0 18.4053396,54.7977626,0 18.4072520,54.7977489,0 18.4088174,54.7973688,0 18.4398120,54.7841168,0 18.4458122,54.7818905,0 18.4509102,54.7804092,0 18.4605150,54.7760250,0 18.4660105,54.7741992,0 18.4712905,54.7732697,0 18.4933727,54.7645776,0 18.5046487,54.7609124,0 18.5116455,54.7594412,0 18.5190552,54.7565602,0 18.5287927,54.7534577,0 18.5600378,54.7408868,0 18.5766364,54.7362391,0 18.5829846,54.7353014,0 18.5845169,54.7344987,0 18.5866962,54.7326378,0 18.5885997,54.7317129,0 18.6084226,54.7254564,0 18.6168272,54.7230793,0 18.6215707,54.7208689,0 18.6302564,54.7177261,0 18.6388786,54.7140411,0 18.6602311,54.7061615,0 18.6622845,54.7056428,0 18.6700530,54.7047322,0 18.6741787,54.7030717,0 18.6806917,54.6995182,0 18.6849717,54.6987058,0 18.6868344,54.6980205,0 18.7068647,54.6885743,0 18.7773514,54.6497701,0 18.7954138,54.6404819,0 18.8008507,54.6349711,0 18.8051182,54.6252800,0 18.8050319,54.6233280,0 18.8008848,54.6110402,0</coordinates></LineString>
</Placemark>
<Placemark>
<name>S10 Ringbahn Ruhrgebiet</name>
<description><![CDATA[<div class="kmldesc"><b>S10</b> Ringbahn Ruhrgebiet<br/><br/>Kontinuierlich kreisende Achterschleife (24/7-Betrieb) durch das Kernrevier. Stadler FLIRT 3 XL in Doppeltraktion, ETCS Level 2, Zugfolgezeit unter 3 Minuten. Glückauf-Bahn und Ruhrtal-Achse zweigleisig ausgebaut, Hagen Hbf wird über Bypass in Hagen-Vorhalle umgangen. Innenring (im Uhrzeigersinn) und Außenring (gegen den Uhrzeigersinn) nutzen dieselben Gleise; Bochum Hbf, Bochum-Langendreer und Bochum-Langendreer West werden als Kreuzungspunkte der Achterschleife je zweimal pro Umlauf durchfahren.<br/><br/><b>Bahnhöfe Innenring (Beispielzeiten)</b><br/><br/>&#8226;&#160;<b>Unna Hbf</b><br/>Beispielzeit: ab 07:00<br/><i>Zentraler Netzknoten und Abstellbahnhof</i><br/>&#8226;&#160;<b>Unna West</b><br/>Beispielzeit: an 07:02 / ab 07:02<br/><i>Zulauf Strecke Dortmund-Soest</i><br/>&#8226;&#160;<b>Massen</b><br/>Beispielzeit: an 07:05 / ab 07:05<br/><i>Bahnstrecke Welver-Sterkrade</i><br/>&#8226;&#160;<b>Dortmund-Wickede</b><br/>Beispielzeit: an 07:08 / ab 07:08<br/><i>Bahnstrecke Welver-Sterkrade</i><br/>&#8226;&#160;<b>Dortmund-Brackel</b><br/>Beispielzeit: an 07:11 / ab 07:11<br/><i>Bahnstrecke Welver-Sterkrade</i><br/>&#8226;&#160;<b>Dortmund Hauptbahnhof</b><br/>Beispielzeit: an 07:16 / ab 07:18<br/><i>Einführung via fiktivem S-Bahn-Tunnel ab Brackel</i><br/>&#8226;&#160;<b>Dortmund-Dorstfeld</b><br/>Beispielzeit: an 07:21 / ab 07:21<br/><i>S1-Stammstrecke</i><br/>&#8226;&#160;<b>Dortmund-Dorstfeld Süd</b><br/>Beispielzeit: an 07:23 / ab 07:23<br/><i>S1-Stammstrecke</i><br/>&#8226;&#160;<b>Dortmund-Universität</b><br/>Beispielzeit: an 07:25 / ab 07:25<br/><i>S1-Stammstrecke</i><br/>&#8226;&#160;<b>Dortmund-Oespel</b><br/>Beispielzeit: an 07:27 / ab 07:27<br/><i>S1-Stammstrecke</i><br/>&#8226;&#160;<b>Dortmund-Kley</b><br/>Beispielzeit: an 07:29 / ab 07:29<br/><i>S1-Stammstrecke</i><br/>&#8226;&#160;<b>Bochum-Langendreer</b><br/>Beispielzeit: an 07:32 / ab 07:32<br/><i>S1-Stammstrecke (1. Durchfahrt)</i><br/>&#8226;&#160;<b>Bochum-Langendreer West</b><br/>Beispielzeit: an 07:34 / ab 07:34<br/><i>S1-Stammstrecke (1. Durchfahrt)</i><br/>&#8226;&#160;<b>Bochum Hauptbahnhof</b><br/>Beispielzeit: an 07:37 / ab 07:39<br/><i>Doppelter Kreuzungspunkt der Achterschleife (1. Durchfahrt)</i><br/>&#8226;&#160;<b>Bochum-Bermuda3eck</b><br/>Beispielzeit: an 07:41 / ab 07:42<br/><i>Neuer Hochbahnhof auf verbreitertem Viadukt</i><br/>&#8226;&#160;<b>Bochum West</b><br/>Beispielzeit: an 07:44 / ab 07:44<br/><i>Bahnstrecke Bochum-Gelsenkirchen (RB46)</i><br/>&#8226;&#160;<b>Bochum-Hamme</b><br/>Beispielzeit: an 07:46 / ab 07:46<br/><i>Bahnstrecke Bochum-Gelsenkirchen (RB46)</i><br/>&#8226;&#160;<b>Bochum-Riemke</b><br/>Beispielzeit: an 07:49 / ab 07:49<br/><i>Bahnstrecke Bochum-Gelsenkirchen (RB46)</i><br/>&#8226;&#160;<b>Wanne-Eickel Hbf</b><br/>Beispielzeit: an 07:53 / ab 07:54<br/><i>Bahnstrecke Bochum-Gelsenkirchen (RB46)</i><br/>&#8226;&#160;<b>Gelsenkirchen Hauptbahnhof</b><br/>Beispielzeit: an 07:58 / ab 07:59<br/><i>Glückauf-Bahn Nullpunkt</i><br/>&#8226;&#160;<b>Gelsenkirchen-Zollverein Nord</b><br/>Beispielzeit: an 08:03 / ab 08:03<br/><i>Köln-Mindener Emschertalbahn</i><br/>&#8226;&#160;<b>Essen-Altenessen</b><br/>Beispielzeit: an 08:06 / ab 08:06<br/><i>Köln-Mindener Emschertalbahn</i><br/>&#8226;&#160;<b>Essen-Borbeck</b><br/>Beispielzeit: an 08:10 / ab 08:10<br/><i>Köln-Mindener Emschertalbahn</i><br/>&#8226;&#160;<b>Essen-Dellwig Ost</b><br/>Beispielzeit: an 08:13 / ab 08:13<br/><i>Köln-Mindener Emschertalbahn</i><br/>&#8226;&#160;<b>Oberhausen Hauptbahnhof</b><br/>Beispielzeit: an 08:17 / ab 08:18<br/><i>Westlicher Wendepunkt der Emscherschleife</i><br/>&#8226;&#160;<b>Mülheim-Styrum</b><br/>Beispielzeit: an 08:22 / ab 08:22<br/><i>Hauptstrecke/S-Bahn-Gleise S1</i><br/>&#8226;&#160;<b>Mülheim West</b><br/>Beispielzeit: an 08:24 / ab 08:24<br/><i>Hauptstrecke/S-Bahn-Gleise S1</i><br/>&#8226;&#160;<b>Mülheim (Ruhr) Hauptbahnhof</b><br/>Beispielzeit: an 08:26 / ab 08:27<br/><i>Hauptstrecke/S-Bahn-Gleise S1</i><br/>&#8226;&#160;<b>Essen-Frohnhausen</b><br/>Beispielzeit: an 08:30 / ab 08:30<br/><i>Hauptstrecke/S-Bahn-Gleise S1</i><br/>&#8226;&#160;<b>Essen West</b><br/>Beispielzeit: an 08:32 / ab 08:32<br/><i>Hauptstrecke/S-Bahn-Gleise S1</i><br/>&#8226;&#160;<b>Essen Hauptbahnhof</b><br/>Beispielzeit: an 08:35 / ab 08:37<br/><i>S-Bahn-Stammstrecke</i><br/>&#8226;&#160;<b>Essen-Steele</b><br/>Beispielzeit: an 08:41 / ab 08:41<br/><i>Bahnstrecke Witten/Dortmund-Oberhausen</i><br/>&#8226;&#160;<b>Essen-Steele Ost</b><br/>Beispielzeit: an 08:43 / ab 08:43<br/><i>Bahnstrecke Witten/Dortmund-Oberhausen</i><br/>&#8226;&#160;<b>Essen-Eiberg</b><br/>Beispielzeit: an 08:46 / ab 08:46<br/><i>Bahnstrecke Witten/Dortmund-Oberhausen</i><br/>&#8226;&#160;<b>Bochum-Höntrop</b><br/>Beispielzeit: an 08:48 / ab 08:48<br/><i>Bahnstrecke Witten/Dortmund-Oberhausen</i><br/>&#8226;&#160;<b>Bochum-Kohlenstraße</b><br/>Beispielzeit: an 08:51 / ab 08:51<br/><i>Neuer Dammbahnhof an S1-Bestandstrasse</i><br/>&#8226;&#160;<b>Bochum-Stahlhausen</b><br/>Beispielzeit: an 08:54 / ab 08:54<br/><i>Neuer S-Bahn-Halt an S1-Bestandstrasse</i><br/>&#8226;&#160;<b>Bochum Hauptbahnhof</b><br/>Beispielzeit: an 08:57 / ab 08:59<br/><i>Doppelter Kreuzungspunkt der Achterschleife (2. Durchfahrt)</i><br/>&#8226;&#160;<b>Bochum-Langendreer West</b><br/>Beispielzeit: an 09:02 / ab 09:02<br/><i>S5-Trasse VzG 2140 (2. Durchfahrt)</i><br/>&#8226;&#160;<b>Bochum-Langendreer</b><br/>Beispielzeit: an 09:04 / ab 09:04<br/><i>S5-Trasse VzG 2140 (2. Durchfahrt)</i><br/>&#8226;&#160;<b>Witten Hbf</b><br/>Beispielzeit: an 09:09 / ab 09:10<br/><i>S5-Trasse VzG 2140</i><br/>&#8226;&#160;<b>Wengern Ost</b><br/>Beispielzeit: an 09:15 / ab 09:15<br/><i>Reaktivierte, zweigleisige Ruhrtalbahn-Achse</i><br/>&#8226;&#160;<b>Hagen-Vorhalle</b><br/>Beispielzeit: an 09:19 / ab 09:19<br/><i>Hagen Hbf Bypass über Güterzug-Verbindungskurve</i><br/>&#8226;&#160;<b>Schwerte (Ruhr)</b><br/>Beispielzeit: an 09:27 / ab 09:28<br/><i>Ruhrtalbahn/Obere Ruhrtalbahn</i><br/>&#8226;&#160;<b>Holzwickede</b><br/>Beispielzeit: an 09:35 / ab 09:35<br/><i>Verbindungsstrecke Schwerte-Holzwickede</i><br/></div><style>@media (prefers-color-scheme: dark) {html,body,.kmldesc{background:#1b1b1b !important;color:#e8e8e8 !important;}.kmldesc a{color:#8ab4f8 !important;}}</style>]]></description>
<LookAt><longitude>7.2634815</longitude><latitude>51.460101949999995</latitude><altitude>0</altitude><heading>0</heading><tilt>0</tilt><range>81484.9</range><altitudeMode>clampToGround</altitudeMode></LookAt>
<styleUrl>#style_lineS10</styleUrl>
<LineString><tessellate>1</tessellate><coordinates>7.6922227,51.5390214,0 7.6854790,51.5395415,0 7.6776221,51.5388855,0 7.6740000,51.5390000,0 7.6730000,51.5400000,0 7.6720000,51.5400000,0 7.6700000,51.5420000,0 7.6700000,51.5460000,0 7.6710000,51.5470000,0 7.6710000,51.5490000,0 7.6720000,51.5490000,0 7.6720000,51.5500000,0 7.6690000,51.5500000,0 7.6650000,51.5490000,0 7.6630000,51.5490000,0 7.6620000,51.5480000,0 7.6590000,51.5480000,0 7.6580000,51.5470000,0 7.6550000,51.5470000,0 7.6540000,51.5460000,0 7.6500000,51.5450000,0 7.6500000,51.5440000,0 7.6490000,51.5440000,0 7.6450000,51.5420000,0 7.6430000,51.5420000,0 7.6432079,51.5415235,0 7.6201685,51.5320660,0 7.6158532,51.5307413,0 7.5898820,51.5271855,0 7.5256000,51.5169000,0 7.5196000,51.5152000,0 7.5133000,51.5126000,0 7.4940000,51.5079000,0 7.4906000,51.5078000,0 7.4733000,51.5088000,0 7.4638000,51.5070000,0 7.4579000,51.5067000,0 7.4491000,51.5074000,0 7.4395000,51.5096000,0 7.4363000,51.5100000,0 7.4334000,51.5100000,0 7.4309000,51.5095000,0 7.4288000,51.5094000,0 7.4339000,51.5101000,0 7.4369000,51.5109000,0 7.4429000,51.5139000,0 7.4464000,51.5152000,0 7.4543000,51.5171000,0 7.4592831,51.5178935,0 7.4555336,51.5174288,0 7.4448735,51.5147359,0 7.4390387,51.5117417,0 7.4360551,51.5106796,0 7.4321429,51.5098294,0 7.4278883,51.5094253,0 7.4348862,51.5100421,0 7.4287594,51.5093562,0 7.4242932,51.5093322,0 7.4248000,51.5093000,0 7.4221000,51.5074000,0 7.4209000,51.5050000,0 7.4185690,51.4940177,0 7.4159083,51.4907186,0 7.4127331,51.4891225,0 7.4092231,51.4885985,0 7.3891750,51.4881048,0 7.3679471,51.4894241,0 7.3551497,51.4898387,0 7.3518200,51.4896779,0 7.3488180,51.4891000,0 7.3463401,51.4881546,0 7.3349319,51.4810277,0 7.3311150,51.4793812,0 7.3253569,51.4781467,0 7.3120857,51.4766554,0 7.3094452,51.4768589,0 7.3025000,51.4783000,0 7.2966000,51.4788000,0 7.2844000,51.4810000,0 7.2696000,51.4822000,0 7.2562000,51.4850000,0 7.2527000,51.4850000,0 7.2492000,51.4843000,0 7.2407000,51.4814000,0 7.2374000,51.4811000,0 7.2321000,51.4812000,0 7.2283000,51.4806000,0 7.2232000,51.4785000,0 7.2168092,51.4771705,0 7.2111260,51.4815511,0 7.2024078,51.4893579,0 7.2007088,51.4920815,0 7.2011048,51.4981671,0 7.2007298,51.5035449,0 7.2041703,51.5110197,0 7.2070014,51.5281202,0 7.2065004,51.5340012,0 7.2056506,51.5364008,0 7.2036131,51.5384258,0 7.2022060,51.5392521,0 7.2000857,51.5398564,0 7.1975372,51.5399305,0 7.1807140,51.5367907,0 7.1749917,51.5344353,0 7.1680413,51.5321571,0 7.1643508,51.5301316,0 7.1599180,51.5263125,0 7.1352432,51.5129459,0 7.1310518,51.5111195,0 7.1268093,51.5099214,0 7.1103554,51.5065944,0 7.1049048,51.5051815,0 7.0953309,51.5033326,0 7.0935801,51.5027553,0 7.0921670,51.5018327,0 7.0912948,51.5007122,0 7.0890645,51.4926686,0 7.0911494,51.5003378,0 7.0917577,51.5014139,0 7.0939286,51.5029062,0 7.0985053,51.5039411,0 7.0506176,51.4944556,0 7.0067652,51.4843140,0 7.0100000,51.4800000,0 6.9500000,51.4800000,0 6.9500000,51.4600000,0 6.9539306,51.4617006,0 6.9540000,51.4670000,0 6.9520000,51.4690000,0 6.9520000,51.4700000,0 6.9510000,51.4700000,0 6.9510000,51.4710000,0 6.9500000,51.4710000,0 6.9500000,51.4720000,0 6.9490000,51.4720000,0 6.9490000,51.4730000,0 6.9480000,51.4730000,0 6.9480000,51.4740000,0 6.9470000,51.4740000,0 6.9470000,51.4750000,0 6.9460000,51.4750000,0 6.9460000,51.4760000,0 6.9450000,51.4770000,0 6.9450000,51.4790000,0 6.9440000,51.4800000,0 6.9440000,51.4830000,0 6.9430000,51.4830000,0 6.9430000,51.4840000,0 6.9420000,51.4840000,0 6.9420000,51.4850000,0 6.9390000,51.4850000,0 6.9390000,51.4860000,0 6.9300000,51.4860000,0 6.9290000,51.4870000,0 6.9280000,51.4870000,0 6.9270000,51.4880000,0 6.9220000,51.4880000,0 6.8674311,51.4826969,0 6.8616253,51.4814783,0 6.8579836,51.4798605,0 6.8544172,51.4775559,0 6.8456135,51.4692026,0 6.8357770,51.4591818,0 6.8348548,51.4575808,0 6.8347403,51.4556992,0 6.8353585,51.4542296,0 6.8363463,51.4530919,0 6.8378608,51.4520468,0 6.8396915,51.4512724,0 6.8421381,51.4507199,0 6.8467117,51.4504746,0 6.8505070,51.4498186,0 6.8586271,51.4474706,0 6.8641848,51.4454457,0 6.8675446,51.4434019,0 6.8731000,51.4381000,0 6.8786000,51.4342000,0 6.8819000,51.4325000,0 6.8869000,51.4311000,0 6.8869735,51.4304596,0 6.8871353,51.4310819,0 6.8917735,51.4312393,0 6.8958662,51.4325304,0 6.9005694,51.4354517,0 6.9043881,51.4392376,0 6.9077077,51.4408516,0 6.9115834,51.4414459,0 6.9228926,51.4412667,0 6.9321705,51.4428040,0 6.9376527,51.4446829,0 6.9423559,51.4469235,0 6.9505538,51.4515288,0 6.9533680,51.4527403,0 6.9579743,51.4539470,0 6.9655272,51.4553802,0 6.9689766,51.4557692,0 6.9722685,51.4557396,0 6.9761608,51.4553013,0 6.9957052,51.4511950,0 6.9991366,51.4505977,0 7.0017420,51.4504521,0 7.0125635,51.4510542,0 7.0182684,51.4516667,0 7.0206604,51.4523235,0 7.0255785,51.4543763,0 7.0321198,51.4562033,0 7.0345310,51.4563878,0 7.0411832,51.4560920,0 7.0533166,51.4532622,0 7.0567477,51.4529818,0 7.0643807,51.4531075,0 7.0710477,51.4518317,0 7.0765470,51.4501416,0 7.0815822,51.4473336,0 7.0886147,51.4441711,0 7.0825685,51.4469330,0 7.0766858,51.4502684,0 7.0711725,51.4519288,0 7.0649788,51.4532116,0 7.0576881,51.4531264,0 7.0537519,51.4535335,0 7.0405587,51.4562046,0 7.0337425,51.4564588,0 7.0298720,51.4560893,0 7.0266702,51.4551795,0 7.0201383,51.4522241,0 7.0178884,51.4516962,0 7.0144210,51.4513502,0 7.0178884,51.4516962,0 7.0201383,51.4522241,0 7.0259742,51.4548947,0 7.0286335,51.4558118,0 7.0317815,51.4563598,0 7.0345723,51.4564458,0 7.0418957,51.4560458,0 7.0507832,51.4540599,0 7.0556059,51.4532753,0 7.0655884,51.4531327,0 7.0755469,51.4506842,0 7.0800000,51.4500000,0 7.0700000,51.4500000,0 7.0700000,51.4600000,0 7.0746135,51.4580333,0 7.0700000,51.4600000,0 7.0700000,51.4500000,0 7.0900000,51.4500000,0 7.0900000,51.4400000,0 7.1100000,51.4400000,0 7.1089523,51.4417321,0 7.1173178,51.4423310,0 7.1200543,51.4428799,0 7.1233315,51.4440057,0 7.1260237,51.4452842,0 7.1308635,51.4481921,0 7.1358421,51.4527903,0 7.1391730,51.4549217,0 7.1568564,51.4609244,0 7.1954404,51.4686488,0 7.1992418,51.4629275,0 7.1954404,51.4686488,0 7.1949069,51.4685438,0 7.2019340,51.4701299,0 7.1991940,51.4697115,0 7.2018142,51.4706147,0 7.2002245,51.4719515,0 7.2018142,51.4706147,0 7.1991940,51.4697115,0 7.2058994,51.4710212,0 7.2124649,51.4736563,0 7.2269000,51.4802000,0 7.2283000,51.4806000,0 7.2321000,51.4812000,0 7.2374000,51.4811000,0 7.2407000,51.4814000,0 7.2492000,51.4843000,0 7.2527000,51.4850000,0 7.2562000,51.4850000,0 7.2696000,51.4822000,0 7.2844000,51.4810000,0 7.2966000,51.4788000,0 7.3025000,51.4783000,0 7.3094452,51.4768589,0 7.3127841,51.4766670,0 7.3254000,51.4781000,0 7.3295000,51.4789000,0 7.3328000,51.4800000,0 7.3374000,51.4827000,0 7.3328000,51.4805000,0 7.3345000,51.4804000,0 7.3362000,51.4799000,0 7.3378000,51.4793000,0 7.3389000,51.4785000,0 7.3398000,51.4768000,0 7.3393000,51.4750000,0 7.3371000,51.4734000,0 7.3317000,51.4710000,0 7.3299000,51.4699000,0 7.3222000,51.4641000,0 7.3201000,51.4620000,0 7.3194000,51.4600000,0 7.3194000,51.4585000,0 7.3202000,51.4563000,0 7.3237000,51.4511000,0 7.3261000,51.4422000,0 7.3286000,51.4364000,0 7.3321908,51.4332070,0 7.3382036,51.4301728,0 7.3417418,51.4288183,0 7.3435852,51.4276877,0 7.3448244,51.4265351,0 7.3458718,51.4246849,0 7.3461618,51.4230154,0 7.3446288,51.4130835,0 7.3434262,51.4092618,0 7.3439505,51.4067490,0 7.3467537,51.4032779,0 7.3504644,51.3997181,0 7.3592286,51.3940796,0 7.3622425,51.3927959,0 7.3741882,51.3896574,0 7.3762321,51.3885945,0 7.3813184,51.3849167,0 7.3822061,51.3839006,0 7.3825795,51.3827970,0 7.3818849,51.3793100,0 7.3821100,51.3777806,0 7.3833376,51.3760775,0 7.3864206,51.3731786,0 7.3886100,51.3719960,0 7.3922945,51.3706578,0 7.3948891,51.3702039,0 7.3976762,51.3702276,0 7.4000820,51.3705348,0 7.4022352,51.3711500,0 7.4084974,51.3742927,0 7.4143977,51.3791675,0 7.4163180,51.3825360,0 7.4179735,51.3836868,0 7.4369678,51.3889125,0 7.4412857,51.3893277,0 7.4469585,51.3888567,0 7.4486044,51.3892553,0 7.4506080,51.3902035,0 7.4546597,51.3940351,0 7.4559620,51.3960518,0 7.4564717,51.4028567,0 7.4584434,51.4072607,0 7.4621861,51.4100968,0 7.4678986,51.4127389,0 7.4705571,51.4131751,0 7.4799670,51.4130175,0 7.4879749,51.4139245,0 7.4898008,51.4144642,0 7.4967430,51.4174682,0 7.5018207,51.4186321,0 7.5061477,51.4187229,0 7.5162527,51.4171352,0 7.5205926,51.4169626,0 7.5258676,51.4177025,0 7.5308509,51.4196775,0 7.5547934,51.4360377,0 7.5569386,51.4387948,0 7.5595715,51.4433200,0 7.5628467,51.4467120,0 7.5765735,51.4543632,0 7.5799220,51.4572101,0 7.5813395,51.4599186,0 7.5828381,51.4678909,0 7.5822460,51.4700826,0 7.5779458,51.4796842,0 7.5775622,51.4819677,0 7.5777875,51.4835428,0 7.5787102,51.4855856,0 7.5813146,51.4883013,0 7.5845118,51.4901484,0 7.6062691,51.5003521,0 7.6146182,51.5032605,0 7.6174961,51.5045205,0 7.6193427,51.5051097,0 7.6192918,51.5048161,0 7.6193427,51.5051097,0 7.6306936,51.5084798,0 7.6355415,51.5105777,0 7.6386980,51.5129667,0 7.6403425,51.5149546,0 7.6421690,51.5208396,0 7.6438081,51.5236501,0 7.6465446,51.5263371,0 7.6503655,51.5286182,0 7.6775303,51.5384609,0 7.6807255,51.5390965,0 7.6840156,51.5394075,0 7.6922227,51.5390214,0</coordinates></LineString>
</Placemark>
<Placemark>
<name>S3 Essen Hbf-Hattingen Mitte</name>
<description><![CDATA[<div class="kmldesc"><b>S3</b> Essen Hbf-Hattingen Mitte<br/><br/>Stadler FLIRT 3 XL in Doppeltraktion, ETCS Level 2. Kurzläufer der Stammstrecke Essen Hbf-Hattingen (Ruhr), Endpunkt im neuen City-Tunnelbahnhof Hattingen Mitte. Verkehrt versetzt zur S30 im 15-Minuten-Takt auf der gemeinsamen Stammstrecke.<br/><br/><b>Bahnhöfe (7 Halte)</b> — Beispielzeiten eines Musterzugs:<br/><br/>&#8226;&#160;<b>Essen Hauptbahnhof</b><br/>Beispielzeit: ab 07:15<br/><i>Start Stammstrecke VzG 2165</i><br/>&#8226;&#160;<b>Essen-Steele</b><br/>Beispielzeit: an 07:19 / ab 07:19<br/><i>S-Bahn-Stammstrecke</i><br/>&#8226;&#160;<b>Essen-Steele Ost</b><br/>Beispielzeit: an 07:21 / ab 07:22<br/><i>Trennungsbahnhof, Ausfädelung von S1/S10</i><br/>&#8226;&#160;<b>Essen-Horst</b><br/>Beispielzeit: an 07:25 / ab 07:25<br/><i>Strecke nach Hattingen</i><br/>&#8226;&#160;<b>Bochum-Dahlhausen</b><br/>Beispielzeit: an 07:29 / ab 07:30<br/><i>Liegt auf Bochumer Stadtgebiet</i><br/>&#8226;&#160;<b>Hattingen (Ruhr)</b><br/>Beispielzeit: an 07:33 / ab 07:34<br/><i>Gabelungspunkt Ast A/Ast B</i><br/>&#8226;&#160;<b>Hattingen Mitte</b><br/>Beispielzeit: an 07:37<br/><i>City-Tunnelbahnhof, Endpunkt Kurzläufer</i><br/></div><style>@media (prefers-color-scheme: dark) {html,body,.kmldesc{background:#1b1b1b !important;color:#e8e8e8 !important;}.kmldesc a{color:#8ab4f8 !important;}}</style>]]></description>
<LookAt><longitude>7.0854368</longitude><latitude>51.4284163</latitude><altitude>0</altitude><heading>0</heading><tilt>0</tilt><range>19589.3</range><altitudeMode>clampToGround</altitudeMode></LookAt>
<styleUrl>#style_lineS3</styleUrl>
<LineString><tessellate>1</tessellate><coordinates>7.0144679,51.4514769,0 7.0175424,51.4516440,0 7.0201383,51.4522241,0 7.0259742,51.4548947,0 7.0286335,51.4558118,0 7.0317815,51.4563598,0 7.0345723,51.4564458,0 7.0418957,51.4560458,0 7.0507832,51.4540599,0 7.0556059,51.4532753,0 7.0655884,51.4531327,0 7.0755469,51.4506842,0 7.0800000,51.4500000,0 7.0700000,51.4500000,0 7.0700000,51.4600000,0 7.0746135,51.4580333,0 7.0654576,51.4547417,0 7.0607505,51.4537390,0 7.0571202,51.4534129,0 7.0535122,51.4534924,0 7.0418716,51.4560033,0 7.0332754,51.4563438,0 7.0309324,51.4559564,0 7.0255785,51.4543763,0 7.0206604,51.4523235,0 7.0176981,51.4515684,0 7.0000507,51.4500238,0 6.9957255,51.4502667,0 6.9892897,51.4375389,0 6.9957255,51.4502667,0 7.0000507,51.4500238,0 7.0176981,51.4515684,0 7.0201294,51.4521384,0 7.0251276,51.4542255,0 7.0302143,51.4557577,0 7.0339090,51.4563758,0 7.0418716,51.4560033,0 7.0518195,51.4535340,0 7.0542195,51.4531552,0 7.0576146,51.4529747,0 7.0636024,51.4531424,0 7.0672916,51.4526802,0 7.0717456,51.4516529,0 7.0765470,51.4501416,0 7.0815822,51.4473336,0 7.0946050,51.4409640,0 7.0958827,51.4398517,0 7.0975000,51.4358475,0 7.0987615,51.4340450,0 7.1009222,51.4321765,0 7.1036720,51.4308704,0 7.1067460,51.4301353,0 7.1108988,51.4298948,0 7.1206940,51.4316842,0 7.1238801,51.4318858,0 7.1263226,51.4316981,0 7.1298963,51.4308044,0 7.1364257,51.4277097,0 7.1430599,51.4255843,0 7.1450596,51.4242121,0 7.1495507,51.4194676,0 7.1503723,51.4181819,0 7.1512242,51.4156034,0 7.1534762,51.4026766,0 7.1546143,51.4010399,0 7.1564560,51.4001282,0 7.1587199,51.3998033,0 7.1690652,51.4010267,0 7.1815839,51.3968326,0</coordinates></LineString>
</Placemark>
<Placemark>
<name>S30 Essen Hbf-Lüdenscheid Hbf</name>
<description><![CDATA[<div class="kmldesc"><b>S30</b> Essen Hbf-Lüdenscheid Hbf<br/><br/>Stadler FLIRT 3 XL in Doppeltraktion, ETCS Level 2. Langläufer der Stammstrecke Essen Hbf-Hattingen (Ruhr), weiter über die reaktivierte Mittlere Ruhrtalbahn (Blankenstein Burg, Haus Kemnade, Ruine Hardenstein, Zeche Nachtigall) und die Volmetalbahn bis zum modernisierten Kopfbahnhof Lüdenscheid Hbf (fiktive Neubau-Tunnelkurve ab Schalksmühle).<br/><br/><b>Bahnhöfe (21 Halte)</b> — Beispielzeiten eines Musterzugs:<br/><br/>&#8226;&#160;<b>Essen Hauptbahnhof</b><br/>Beispielzeit: ab 07:00<br/><i>Start Stammstrecke VzG 2165</i><br/>&#8226;&#160;<b>Essen-Steele</b><br/>Beispielzeit: an 07:04 / ab 07:04<br/><i>S-Bahn-Stammstrecke</i><br/>&#8226;&#160;<b>Essen-Steele Ost</b><br/>Beispielzeit: an 07:06 / ab 07:07<br/><i>Trennungsbahnhof, Ausfädelung von S1/S10</i><br/>&#8226;&#160;<b>Essen-Horst</b><br/>Beispielzeit: an 07:10 / ab 07:10<br/><i>Strecke nach Hattingen</i><br/>&#8226;&#160;<b>Bochum-Dahlhausen</b><br/>Beispielzeit: an 07:14 / ab 07:15<br/><i>Liegt auf Bochumer Stadtgebiet</i><br/>&#8226;&#160;<b>Hattingen (Ruhr)</b><br/>Beispielzeit: an 07:18 / ab 07:19<br/><i>Gabelungspunkt Ast A/Ast B</i><br/>&#8226;&#160;<b>Heinrichshütte</b><br/>Beispielzeit: an 07:21 / ab 07:21<br/><i>Beginn Mittlere Ruhrtalbahn VzG 2400</i><br/>&#8226;&#160;<b>Blankenstein Burg</b><br/>Beispielzeit: an 07:24 / ab 07:24<br/><i>Reaktivierter Halt unterhalb der Burgruine</i><br/>&#8226;&#160;<b>Haus Kemnade</b><br/>Beispielzeit: an 07:27 / ab 07:27<br/><i>Kultur- und Freizeithalt am Kemnader See</i><br/>&#8226;&#160;<b>Herbede</b><br/>Beispielzeit: an 07:31 / ab 07:32<br/><i>Ehem. Bahnhof Witten-Herbede</i><br/>&#8226;&#160;<b>Ruine Hardenstein</b><br/>Beispielzeit: an 07:35 / ab 07:35<br/><i>Reaktivierter Ausflugshalt im Ruhrtal</i><br/>&#8226;&#160;<b>Zeche Nachtigall</b><br/>Beispielzeit: an 07:38 / ab 07:38<br/><i>Industriekultur-Halt im Muttental</i><br/>&#8226;&#160;<b>Witten-Bommern</b><br/>Beispielzeit: an 07:41 / ab 07:42<br/><i>Ehem. Halt Witten-Bommern Süd</i><br/>&#8226;&#160;<b>Wengern Ost</b><br/>Beispielzeit: an 07:46 / ab 07:46<br/><i>Ende Strecke 2400, Verknüpfung mit S10</i><br/>&#8226;&#160;<b>Hagen-Vorhalle</b><br/>Beispielzeit: an 07:51 / ab 07:51<br/><i>Einfädelung in Personenbahnhof</i><br/>&#8226;&#160;<b>Hagen Hauptbahnhof</b><br/>Beispielzeit: an 07:55 / ab 07:57<br/><i>Knotenpunkt, Einstieg Volmetalbahn</i><br/>&#8226;&#160;<b>Dahl</b><br/>Beispielzeit: an 08:05 / ab 08:05<br/><i>Volmetalbahn VzG 2810</i><br/>&#8226;&#160;<b>Rummenohl</b><br/>Beispielzeit: an 08:10 / ab 08:10<br/><i>Volmetalbahn VzG 2810</i><br/>&#8226;&#160;<b>Dahlerbrück</b><br/>Beispielzeit: an 08:14 / ab 08:14<br/><i>Volmetalbahn VzG 2810</i><br/>&#8226;&#160;<b>Schalksmühle</b><br/>Beispielzeit: an 08:18 / ab 08:19<br/><i>Volmetalbahn VzG 2810</i><br/>&#8226;&#160;<b>Lüdenscheid Hbf</b><br/>Beispielzeit: an 08:26<br/><i>Endpunkt via fiktiver Tunnelkurve mit Tunnelbauwerk</i><br/></div><style>@media (prefers-color-scheme: dark) {html,body,.kmldesc{background:#1b1b1b !important;color:#e8e8e8 !important;}.kmldesc a{color:#8ab4f8 !important;}}</style>]]></description>
<LookAt><longitude>7.28006955</longitude><latitude>51.3339309</latitude><altitude>0</altitude><heading>0</heading><tilt>0</tilt><range>63930.0</range><altitudeMode>clampToGround</altitudeMode></LookAt>
<styleUrl>#style_lineS30</styleUrl>
<LineString><tessellate>1</tessellate><coordinates>7.0144679,51.4514769,0 7.0175424,51.4516440,0 7.0201383,51.4522241,0 7.0259742,51.4548947,0 7.0286335,51.4558118,0 7.0317815,51.4563598,0 7.0345723,51.4564458,0 7.0418957,51.4560458,0 7.0507832,51.4540599,0 7.0556059,51.4532753,0 7.0655884,51.4531327,0 7.0755469,51.4506842,0 7.0800000,51.4500000,0 7.0700000,51.4500000,0 7.0700000,51.4600000,0 7.0746135,51.4580333,0 7.0654576,51.4547417,0 7.0607505,51.4537390,0 7.0571202,51.4534129,0 7.0535122,51.4534924,0 7.0418716,51.4560033,0 7.0332754,51.4563438,0 7.0309324,51.4559564,0 7.0255785,51.4543763,0 7.0206604,51.4523235,0 7.0176981,51.4515684,0 7.0000507,51.4500238,0 6.9957255,51.4502667,0 6.9892897,51.4375389,0 6.9957255,51.4502667,0 7.0000507,51.4500238,0 7.0176981,51.4515684,0 7.0201294,51.4521384,0 7.0251276,51.4542255,0 7.0302143,51.4557577,0 7.0339090,51.4563758,0 7.0418716,51.4560033,0 7.0533166,51.4532622,0 7.0567477,51.4529818,0 7.0643807,51.4531075,0 7.0700173,51.4520746,0 7.0765470,51.4501416,0 7.0815822,51.4473336,0 7.0949996,51.4407168,0 7.0959675,51.4397028,0 7.0975000,51.4358475,0 7.0985800,51.4342539,0 7.1006263,51.4323724,0 7.1032832,51.4310108,0 7.1065590,51.4301613,0 7.1108988,51.4298948,0 7.1206940,51.4316842,0 7.1238801,51.4318858,0 7.1263226,51.4316981,0 7.1300796,51.4307370,0 7.1364257,51.4277097,0 7.1418798,51.4260673,0 7.1437677,51.4252004,0 7.1451949,51.4240743,0 7.1501562,51.4186160,0 7.1512242,51.4156034,0 7.1535678,51.4023812,0 7.1548960,51.4008413,0 7.1574747,51.3998986,0 7.1595205,51.3998436,0 7.1692053,51.4008893,0 7.1690652,51.4010267,0 7.1736833,51.4017161,0 7.1755385,51.4023452,0 7.1775053,51.4037511,0 7.1872728,51.4148899,0 7.1898343,51.4163260,0 7.1934695,51.4170498,0 7.2062883,51.4165982,0 7.2086628,51.4163025,0 7.2171224,51.4133270,0 7.2211082,51.4115537,0 7.2263731,51.4105517,0 7.2301165,51.4090387,0 7.2320318,51.4080687,0 7.2304775,51.4070876,0 7.2320318,51.4080687,0 7.2354658,51.4061780,0 7.2390411,51.4052042,0 7.2433637,51.4047867,0 7.2469724,51.4050737,0 7.2495795,51.4057195,0 7.2526865,51.4070593,0 7.2667533,51.4150224,0 7.2766425,51.4236087,0 7.2788832,51.4248328,0 7.2815397,51.4253279,0 7.2844853,51.4250539,0 7.2869759,51.4240543,0 7.2899898,51.4216411,0 7.2913908,51.4209077,0 7.2949961,51.4198468,0 7.2982505,51.4197609,0 7.3002151,51.4202670,0 7.3023798,51.4215633,0 7.3030956,51.4221260,0 7.3027339,51.4224501,0 7.3030956,51.4221260,0 7.3100402,51.4280712,0 7.3112149,51.4287527,0 7.3148883,51.4296171,0 7.3201730,51.4295727,0 7.3229243,51.4292186,0 7.3341450,51.4259513,0 7.3435772,51.4238677,0 7.3463024,51.4228518,0 7.3480367,51.4218005,0 7.3490630,51.4203948,0 7.3491395,51.4187802,0 7.3452711,51.4131747,0 7.3436878,51.4087435,0 7.3442717,51.4065855,0 7.3465713,51.4036512,0 7.3506824,51.3995495,0 7.3595903,51.3938848,0 7.3622425,51.3927959,0 7.3741882,51.3896574,0 7.3760085,51.3887419,0 7.3809704,51.3851878,0 7.3820566,51.3841367,0 7.3825368,51.3830688,0 7.3818715,51.3790235,0 7.3826295,51.3768620,0 7.3864206,51.3731786,0 7.3912578,51.3709603,0 7.3943143,51.3702617,0 7.3976762,51.3702276,0 7.4009454,51.3707260,0 7.4038831,51.3718826,0 7.4084974,51.3742927,0 7.4100094,51.3754290,0 7.4147527,51.3795458,0 7.4165770,51.3827953,0 7.4185333,51.3838952,0 7.4337795,51.3881893,0 7.4378346,51.3890982,0 7.4424642,51.3893274,0 7.4463923,51.3890098,0 7.4486597,51.3884131,0 7.4542573,51.3849254,0 7.4566969,51.3820795,0 7.4580922,51.3776238,0 7.4585695,51.3730862,0 7.4598327,51.3702598,0 7.4606062,51.3629600,0 7.4594451,51.3590442,0 7.4583314,51.3570160,0 7.4566841,51.3554205,0 7.4514294,51.3522304,0 7.4504440,51.3512134,0 7.4501590,51.3494980,0 7.4512406,51.3481741,0 7.4531271,51.3473873,0 7.4550211,51.3470134,0 7.4572550,51.3469253,0 7.4592711,51.3471737,0 7.4610515,51.3476779,0 7.4718279,51.3522622,0 7.4734699,51.3525601,0 7.4751230,51.3524436,0 7.4785303,51.3513159,0 7.4842549,51.3486605,0 7.4913346,51.3488890,0 7.4940059,51.3486675,0 7.4988239,51.3476035,0 7.5056314,51.3452702,0 7.5089902,51.3435671,0 7.5144110,51.3389742,0 7.5161389,51.3381522,0 7.5199149,51.3370674,0 7.5215984,51.3356483,0 7.5220097,51.3343794,0 7.5219246,51.3322558,0 7.5211296,51.3309288,0 7.5179308,51.3278609,0 7.5169581,51.3208888,0 7.5197349,51.3173802,0 7.5240356,51.3145334,0 7.5248243,51.3115700,0 7.5253798,51.3107630,0 7.5303171,51.3081981,0 7.5309320,51.3069735,0 7.5305667,51.3056970,0 7.5316156,51.3054877,0 7.5305667,51.3056970,0 7.5265148,51.3019757,0 7.5261396,51.3008723,0 7.5261128,51.2953438,0 7.5251324,51.2942737,0 7.5218408,51.2925274,0 7.5201584,51.2907097,0 7.5194609,51.2892406,0 7.5193906,51.2868642,0 7.5202328,51.2856165,0 7.5219151,51.2847755,0 7.5284110,51.2843118,0 7.5300656,51.2838886,0 7.5314677,51.2829176,0 7.5319778,51.2814924,0 7.5308084,51.2794912,0 7.5257967,51.2759566,0 7.5249116,51.2740375,0 7.5228299,51.2714676,0 7.5201180,51.2668779,0 7.5199190,51.2620162,0 7.5186795,51.2594337,0 7.5186248,51.2546744,0 7.5169973,51.2520007,0 7.5168338,51.2492807,0 7.5185899,51.2466895,0 7.5195314,51.2459117,0 7.5275857,51.2432272,0 7.5302589,51.2414503,0 7.5327235,51.2405343,0 7.5708494,51.2078618,0</coordinates></LineString>
</Placemark>
<Placemark>
<name>RE17 Østerport-Rostock</name>
<description><![CDATA[<div class="kmldesc"><b>RE17</b> Østerport-Rostock<br/><br/>Transnationale Regional-Express-Linie via Kopenhagen und Fehmarnbelttunnel. Stadler KISS B (8-teilig, Mehrsystem 25kV/15kV AC) mit Traktionsbatterien für den 61,4 km oberleitungsfreien Abschnitt Lübeck Hbf-Bad Kleinen (VzG 1122). Bahnsteiglänge 210m, Doppeltraktion im Regelbetrieb ausgeschlossen. Teilt sich die Liniennummer RE17 bewusst mit der bestehenden Linie RE17 Dortmund-Wilhelmshaven (regional getrennte Netze, wie im deutschen Regionalverkehr üblich).<br/><br/><b>Bahnhöfe (18 Halte)</b> — Beispielzeiten eines Musterzugs:<br/><br/>&#8226;&#160;<b>Østerport</b><br/>Beispielzeit: ab 07:04<br/><i>Startbahnhof der Linie, dänisches Bahnstromnetz (25 kV AC)</i><br/>&#8226;&#160;<b>Nørreport</b><br/>Beispielzeit: an 07:07 / ab 07:09<br/><i>Unterirdischer Mittelbahnsteig, fahrzeugkritische Nutzlänge (225 m)</i><br/>&#8226;&#160;<b>København H</b><br/>Beispielzeit: an 07:12 / ab 07:16<br/><i>Zentraler dänischer Systemknoten</i><br/>&#8226;&#160;<b>Køge Nord</b><br/>Beispielzeit: an 07:31 / ab 07:33<br/><i>Fernbahnbahnsteige der dänischen Schnellfahrstrecke</i><br/>&#8226;&#160;<b>Ringsted</b><br/>Beispielzeit: an 07:45 / ab 07:47<br/><i>Verknüpfungspunkt zur Sydbanen</i><br/>&#8226;&#160;<b>Næstved</b><br/>Beispielzeit: an 08:03 / ab 08:05<br/><i>Regionaler Knotenpunkt</i><br/>&#8226;&#160;<b>Vordingborg</b><br/>Beispielzeit: an 08:18 / ab 08:20<br/><i>Zulaufstation vor der Storstrømsbrücke</i><br/>&#8226;&#160;<b>Nykøbing Falster</b><br/>Beispielzeit: an 08:35 / ab 08:37<br/><i>Letzter dänischer Festlandsknoten</i><br/>&#8226;&#160;<b>Rødby</b><br/>Beispielzeit: an 08:54 / ab 08:56<br/><i>Grenzbahnhof vor der Ostsee-Querung (Fehmarnbelttunnel, Systemwechsel 25kV DK/15kV DE)</i><br/>&#8226;&#160;<b>Großenbrode/Heiligenhafen</b><br/>Beispielzeit: an 09:13 / ab 09:15<br/><i>Neubaustation direkt an der Kreisstraße 42 (K42) im Bereich Mittelhof</i><br/>&#8226;&#160;<b>Oldenburg in Holstein</b><br/>Beispielzeit: an 09:23 / ab 09:25<br/><i>Historischer Standort im Osten der Stadt, Bahnhofstraße 22</i><br/>&#8226;&#160;<b>Scharbeutz</b><br/>Beispielzeit: an 09:39 / ab 09:41<br/><i>Nördlich der Straße Bövelstredder, direkt an der Ostseite der A1</i><br/>&#8226;&#160;<b>Timmendorfer Strand/Ratekau</b><br/>Beispielzeit: an 09:47 / ab 09:49<br/><i>An der Landesstraße 181 (Bäderstraße) auf Höhe der Autobahn-AS 17</i><br/>&#8226;&#160;<b>Bad Schwartau</b><br/>Beispielzeit: an 09:56 / ab 09:58<br/><i>Am Bahnhof 1, im neu errichteten Lärmschutztrog der Ausbaustrecke</i><br/>&#8226;&#160;<b>Lübeck Hauptbahnhof</b><br/>Beispielzeit: an 10:04 / ab 10:12<br/><i>Großknoten, Beginn/Ende der nicht elektrifizierten, eingleisigen Akkustrecke</i><br/>&#8226;&#160;<b>Bad Kleinen</b><br/>Beispielzeit: an 10:52 / ab 10:55<br/><i>Netzknoten, Ende/Beginn der Akkulücke, ab hier wieder dauerhaft Oberleitung</i><br/>&#8226;&#160;<b>Bützow</b><br/>Beispielzeit: an 11:17 / ab 11:19<br/><i>Regionaler Verknüpfungspunkt im mecklenburgischen Netz</i><br/>&#8226;&#160;<b>Rostock Hauptbahnhof</b><br/>Beispielzeit: an 11:43<br/><i>Endstation, Übergang zur S-Bahn Rostock und zum Ostsee-Regionalnetz</i><br/></div><style>@media (prefers-color-scheme: dark) {html,body,.kmldesc{background:#1b1b1b !important;color:#e8e8e8 !important;}.kmldesc a{color:#8ab4f8 !important;}}</style>]]></description>
<LookAt><longitude>11.62085125</longitude><latitude>54.72117635</latitude><altitude>0</altitude><heading>0</heading><tilt>0</tilt><range>323918.0</range><altitudeMode>clampToGround</altitudeMode></LookAt>
<styleUrl>#style_lineRE17</styleUrl>
<LineString><tessellate>1</tessellate><coordinates>12.5859236,55.6928780,0 12.5869562,55.6922066,0 12.5766661,55.6865088,0 12.5674389,55.6800444,0 12.5635441,55.6776846,0 12.5628742,55.6763674,0 12.5631034,55.6750771,0 12.5670671,55.6703758,0 12.5667759,55.6691794,0 12.5652520,55.6673818,0 12.5581515,55.6640880,0 12.5531915,55.6634458,0 12.5433591,55.6611768,0 12.5421685,55.6603962,0 12.5393741,55.6559698,0 12.5375251,55.6544349,0 12.5348697,55.6532188,0 12.5291645,55.6517714,0 12.5236038,55.6511697,0 12.5190456,55.6516146,0 12.5161802,55.6524810,0 12.5114784,55.6548683,0 12.5042170,55.6576530,0 12.5010667,55.6583362,0 12.4973936,55.6583952,0 12.4932692,55.6575332,0 12.4873655,55.6543609,0 12.4831339,55.6530264,0 12.4729541,55.6518210,0 12.4554753,55.6487802,0 12.4416639,55.6466980,0 12.4369344,55.6452160,0 12.4282956,55.6413015,0 12.4213968,55.6396401,0 12.4163290,55.6391855,0 12.4113346,55.6392800,0 12.4029461,55.6398260,0 12.3905848,55.6413078,0 12.3819447,55.6418880,0 12.3621335,55.6416478,0 12.3548031,55.6409652,0 12.3480534,55.6397078,0 12.3421801,55.6379960,0 12.3366133,55.6356899,0 12.3310470,55.6325615,0 12.3263065,55.6291859,0 12.3164327,55.6195851,0 12.3123572,55.6164004,0 12.3084622,55.6140718,0 12.2887331,55.6040855,0 12.2848662,55.6018535,0 12.2701394,55.5904011,0 12.2613358,55.5848201,0 12.2514786,55.5774303,0 12.2387427,55.5693163,0 12.2303120,55.5627045,0 12.2279114,55.5599619,0 12.2235767,55.5538406,0 12.2194282,55.5498282,0 12.2116130,55.5439457,0 12.2017530,55.5385739,0 12.1969693,55.5351939,0 12.1925287,55.5305863,0 12.1770311,55.5085398,0 12.1706454,55.4950134,0 12.1686372,55.4918428,0 12.1659543,55.4890945,0 12.1625539,55.4866262,0 12.1592166,55.4848640,0 12.1548925,55.4831550,0 12.1483818,55.4815116,0 12.1420015,55.4807348,0 12.1095564,55.4802222,0 12.0988396,55.4792007,0 12.0933133,55.4781345,0 12.0880461,55.4767227,0 12.0725825,55.4713544,0 12.0573027,55.4677545,0 12.0457941,55.4658081,0 12.0238783,55.4633172,0 12.0033396,55.4597593,0 11.9916740,55.4586663,0 11.9705565,55.4577270,0 11.9644197,55.4577680,0 11.9405682,55.4587634,0 11.9340532,55.4586028,0 11.9280764,55.4580647,0 11.9182496,55.4563292,0 11.9034974,55.4521357,0 11.8940572,55.4501435,0 11.8252774,55.4400703,0 11.8191996,55.4394953,0 11.7923211,55.4384128,0 11.7973575,55.4386293,0 11.7968415,55.4398733,0 11.7973575,55.4386293,0 11.7739539,55.4372137,0 11.7706047,55.4364601,0 11.7676573,55.4354298,0 11.7648017,55.4339260,0 11.7628039,55.4323730,0 11.7610791,55.4302417,0 11.7550845,55.4195195,0 11.7456602,55.4070147,0 11.7392519,55.3957046,0 11.7370205,55.3927158,0 11.7344805,55.3903168,0 11.7315392,55.3881963,0 11.7029020,55.3715345,0 11.6992588,55.3690177,0 11.6967157,55.3664358,0 11.6949333,55.3635283,0 11.6940794,55.3604565,0 11.6942175,55.3572849,0 11.6961077,55.3529911,0 11.7004448,55.3470236,0 11.7032698,55.3443568,0 11.7073519,55.3419270,0 11.7334927,55.3297475,0 11.7391351,55.3255309,0 11.7427090,55.3209892,0 11.7442022,55.3176061,0 11.7446473,55.3149549,0 11.7430765,55.2822129,0 11.7434310,55.2790287,0 11.7447923,55.2758651,0 11.7520291,55.2633656,0 11.7538489,55.2565381,0 11.7587970,55.2484555,0 11.7619915,55.2380494,0 11.7648964,55.2336121,0 11.7670814,55.2311888,0 11.7671595,55.2313937,0 11.7729327,55.2266072,0 11.7768276,55.2248404,0 11.7845841,55.2219401,0 11.7885698,55.2193515,0 11.7910276,55.2161223,0 11.7920556,55.2112365,0 11.7931022,55.2089822,0 11.7951777,55.2064757,0 11.7974549,55.2046634,0 11.8014677,55.2025029,0 11.8321290,55.1890534,0 11.8375234,55.1856145,0 11.8403414,55.1826249,0 11.8556569,55.1588360,0 11.8570034,55.1553434,0 11.8574049,55.1516536,0 11.8536459,55.1344867,0 11.8534650,55.1319487,0 11.8539710,55.1293353,0 11.8560397,55.1256042,0 11.8720958,55.1071647,0 11.8743592,55.1034702,0 11.8757991,55.0987240,0 11.8758929,55.0945797,0 11.8724023,55.0589724,0 11.8724857,55.0558710,0 11.8732469,55.0525619,0 11.8752221,55.0484020,0 11.8783326,55.0443918,0 11.9003121,55.0246273,0 11.9024990,55.0213435,0 11.9027638,55.0189643,0 11.9022018,55.0169482,0 11.8978655,55.0096504,0 11.8961946,55.0051958,0 11.8937190,55.0005680,0 11.8890339,54.9958787,0 11.8773324,54.9860089,0 11.8722408,54.9806418,0 11.8691614,54.9764558,0 11.8674171,54.9735105,0 11.8649560,54.9677929,0 11.8633529,54.9601702,0 11.8633092,54.9553650,0 11.8640773,54.9501559,0 11.8659078,54.9443457,0 11.8693403,54.9363071,0 11.8745678,54.9257876,0 11.8834085,54.9163958,0 11.8848325,54.9139430,0 11.8856489,54.9109390,0 11.8854057,54.8570583,0 11.8848695,54.8539356,0 11.8827260,54.8485758,0 11.8824300,54.8460447,0 11.8860772,54.8137943,0 11.8882331,54.8074694,0 11.8885957,54.8043533,0 11.8848675,54.7790299,0 11.8834397,54.7738611,0 11.8778340,54.7668891,0 11.8701051,54.7602442,0 11.8665872,54.7588172,0 11.8532118,54.7554040,0 11.8416641,54.7536160,0 11.8255266,54.7527341,0 11.8147149,54.7518169,0 11.8039419,54.7503973,0 11.7943485,54.7486796,0 11.7347952,54.7360978,0 11.6582301,54.7219441,0 11.6413202,54.7177761,0 11.6231571,54.7120023,0 11.6128729,54.7091917,0 11.6016674,54.7067091,0 11.5850251,54.7036288,0 11.5665623,54.6993155,0 11.5535803,54.6968019,0 11.5370467,54.6946338,0 11.4657811,54.6881443,0 11.4548913,54.6865373,0 11.4493380,54.6853222,0 11.4110000,54.6755000,0 11.4039000,54.6732000,0 11.3923000,54.6684000,0 11.3796000,54.6610000,0 11.3741000,54.6571000,0 11.3714000,54.6544000,0 11.2755000,54.5390000,0 11.2578000,54.5204000,0 11.2384000,54.5031000,0 11.2109000,54.4797000,0 11.1944000,54.4595000,0 11.1892000,54.4552000,0 11.1821000,54.4508000,0 11.1447000,54.4326000,0 11.1393000,54.4295000,0 11.1320000,54.4246000,0 11.1255000,54.4193000,0 11.1186000,54.4110000,0 11.0948000,54.3744000,0 11.0912000,54.3710000,0 11.0867000,54.3685000,0 11.0822000,54.3669000,0 11.0711000,54.3757000,0 11.0821555,54.3668593,0 11.0678601,54.3613992,0 11.0604840,54.3594106,0 11.0553616,54.3585274,0 11.0521085,54.3576217,0 11.0496127,54.3564817,0 11.0472458,54.3547585,0 11.0451715,54.3517199,0 11.0448929,54.3497871,0 11.0452662,54.3454759,0 11.0437520,54.3421329,0 11.0415498,54.3343321,0 11.0404462,54.3331273,0 11.0326267,54.3269590,0 11.0259163,54.3235227,0 11.0226942,54.3209843,0 11.0191157,54.3160473,0 11.0159943,54.3081001,0 11.0149403,54.3067709,0 11.0129746,54.3056155,0 11.0066439,54.3035033,0 10.9881407,54.2954715,0 10.9832040,54.2942826,0 10.9711255,54.2902668,0 10.9688618,54.2898136,0 10.9610536,54.2887630,0 10.9455103,54.2879762,0 10.9325676,54.2869555,0 10.9101100,54.2902355,0 10.9076794,54.2903738,0 10.8889695,54.2892882,0 10.8860673,54.2886308,0 10.8833912,54.2873109,0 10.8822775,54.2858121,0 10.8823851,54.2845321,0 10.8882704,54.2771129,0 10.8888482,54.2757600,0 10.8865003,54.2670952,0 10.8860757,54.2566938,0 10.8846688,54.2526377,0 10.8853139,54.2506013,0 10.8875787,54.2480521,0 10.8881975,54.2465741,0 10.8883030,54.2446983,0 10.8870975,54.2406163,0 10.8874335,54.2369249,0 10.8871462,54.2292377,0 10.8905458,54.2226140,0 10.8908683,54.2211027,0 10.8868608,54.2074049,0 10.8838896,54.2006014,0 10.8829043,54.1994347,0 10.8785643,54.1966142,0 10.8766150,54.1947434,0 10.8740696,54.1885243,0 10.8701818,54.1837597,0 10.8670558,54.1682544,0 10.8654333,54.1654484,0 10.8512405,54.1525450,0 10.8321303,54.1439010,0 10.8270096,54.1419040,0 10.8250511,54.1406031,0 10.8192052,54.1351357,0 10.8089689,54.1300898,0 10.8061712,54.1278758,0 10.8043047,54.1247656,0 10.8037652,54.1217692,0 10.8003639,54.1158890,0 10.7988547,54.1069555,0 10.7989169,54.1037108,0 10.7979900,54.0999399,0 10.7965119,54.0976295,0 10.7903056,54.0907368,0 10.7873208,54.0804538,0 10.7860494,54.0780581,0 10.7841749,54.0759060,0 10.7815880,54.0738372,0 10.7783186,54.0718991,0 10.7643357,54.0667093,0 10.7473131,54.0576844,0 10.7408555,54.0528207,0 10.7339248,54.0468759,0 10.7322064,54.0450120,0 10.7311506,54.0427759,0 10.7309543,54.0411163,0 10.7312617,54.0391323,0 10.7322215,54.0375272,0 10.7451059,54.0197461,0 10.7457325,54.0199046,0 10.7451059,54.0197461,0 10.7611087,53.9975646,0 10.7623106,53.9946150,0 10.7631436,53.9945693,0 10.7623106,53.9946150,0 10.7625756,53.9915245,0 10.7589139,53.9718346,0 10.7574249,53.9688628,0 10.7426355,53.9490272,0 10.7252264,53.9360020,0 10.6935639,53.9081851,0 10.6925637,53.9066336,0 10.6920099,53.9047116,0 10.6928971,53.9001437,0 10.6926509,53.8979048,0 10.6879120,53.8875779,0 10.6829481,53.8797780,0 10.6801069,53.8760857,0 10.6722854,53.8687978,0 10.6629491,53.8647116,0 10.6579520,53.8628546,0 10.6560459,53.8614787,0 10.6548952,53.8590695,0 10.6547463,53.8574522,0 10.6568409,53.8441542,0 10.6576516,53.8430168,0 10.6594802,53.8417386,0 10.6616037,53.8410237,0 10.6635875,53.8407616,0 10.6664581,53.8407996,0 10.6717518,53.8414148,0 10.6760824,53.8423933,0 10.6782829,53.8426101,0 10.7179805,53.8420445,0 10.7220462,53.8416001,0 10.7376128,53.8389790,0 10.7947245,53.8357185,0 10.8273910,53.8312810,0 10.8439666,53.8308718,0 10.8472723,53.8312153,0 10.8508180,53.8323749,0 10.8570519,53.8369806,0 10.8616953,53.8388560,0 10.9148848,53.8497166,0 10.9295115,53.8539469,0 10.9328293,53.8545172,0 10.9369022,53.8544482,0 10.9408295,53.8536336,0 10.9504563,53.8485214,0 10.9557081,53.8465860,0 10.9597839,53.8457761,0 10.9651681,53.8454380,0 10.9696783,53.8457355,0 10.9883291,53.8485731,0 10.9942725,53.8487355,0 11.0239305,53.8478379,0 11.1539980,53.8577304,0 11.1785817,53.8573906,0 11.1957120,53.8574952,0 11.2013243,53.8577189,0 11.2105175,53.8587071,0 11.2179271,53.8586033,0 11.2219931,53.8581043,0 11.2260924,53.8571143,0 11.2516046,53.8490347,0 11.2554840,53.8471697,0 11.2621662,53.8419887,0 11.2725334,53.8381118,0 11.2775765,53.8373462,0 11.2976524,53.8367859,0 11.3018536,53.8361329,0 11.3041844,53.8353776,0 11.3077402,53.8333779,0 11.3173190,53.8260763,0 11.3215051,53.8236551,0 11.3370991,53.8166644,0 11.3958767,53.7889660,0 11.3989371,53.7867302,0 11.4168972,53.7701543,0 11.4205100,53.7681910,0 11.4247252,53.7669075,0 11.4278990,53.7664476,0 11.4554711,53.7648831,0 11.4599753,53.7652139,0 11.4696289,53.7674915,0 11.4747544,53.7691868,0 11.4819591,53.7737056,0 11.4865449,53.7772443,0 11.4899325,53.7788502,0 11.4920667,53.7795171,0 11.4964575,53.7803916,0 11.5035967,53.7809277,0 11.5079355,53.7815692,0 11.5233970,53.7864988,0 11.5261692,53.7871332,0 11.5418587,53.7896451,0 11.5454507,53.7899563,0 11.5505570,53.7899771,0 11.6014855,53.7850684,0 11.6795189,53.7811874,0 11.6895700,53.7803584,0 11.6972389,53.7784313,0 11.7034725,53.7752926,0 11.7070721,53.7740094,0 11.7203160,53.7710488,0 11.7294655,53.7680883,0 11.7690412,53.7508903,0 11.7726085,53.7500504,0 11.7773974,53.7494747,0 11.7817695,53.7494884,0 11.7853090,53.7498926,0 11.8090265,53.7553006,0 11.8136166,53.7569273,0 11.8166332,53.7583531,0 11.8208984,53.7611387,0 11.8453165,53.7813087,0 11.8497363,53.7840237,0 11.8537595,53.7857113,0 11.8576905,53.7869759,0 11.8631330,53.7881268,0 11.8947306,53.7910673,0 11.8999673,53.7918058,0 11.9056616,53.7930500,0 11.9111772,53.7947975,0 11.9187212,53.7977922,0 11.9739461,53.8201725,0 11.9779398,53.8222978,0 11.9815688,53.8246686,0 12.0197674,53.8532145,0 12.0726112,53.8824690,0 12.0821603,53.8866692,0 12.0896254,53.8918446,0 12.1032261,53.8994461,0 12.1063764,53.9019174,0 12.1092321,53.9051850,0 12.1111509,53.9089808,0 12.1162731,53.9334633,0 12.1193953,53.9434325,0 12.1247778,53.9526605,0 12.1256839,53.9578484,0 12.1250403,53.9625555,0 12.1153136,53.9866726,0 12.1145422,53.9915598,0 12.1151944,53.9975366,0 12.1163204,54.0006958,0 12.1286053,54.0264945,0 12.1313653,54.0303422,0 12.1423433,54.0421820,0 12.1440275,54.0454271,0 12.1447915,54.0484753,0 12.1458520,54.0603206,0 12.1456493,54.0618419,0 12.1419586,54.0656123,0 12.1405172,54.0705809,0 12.1392915,54.0725569,0 12.1308290,54.0782229,0 12.1311246,54.0781503,0</coordinates></LineString>
</Placemark>
<Placemark>
<name>RE30 Leeuwarden-Winterberg/Düsseldorf</name>
<description><![CDATA[<div class="kmldesc"><b>RE30</b> Leeuwarden-Winterberg/Düsseldorf<br/><br/>Internationales Flaggschiff-Projekt. Stadler KISS B (4-Teiler, batterieelektrisch, 200 km/h, Mehrsystem) in Doppeltraktion (~210m) auf der Stammstrecke Leeuwarden-Schwerte (Ruhr). In Schwerte Kopfmachen und Flügelung: Zugteil A solo im Akkubetrieb ins Sauerland bis Winterberg, Zugteil B solo unter Oberleitung ins Rheinland bis Düsseldorf Hbf.<br/><br/><b>Ast A: Leeuwarden-Winterberg (Westf)</b> (Beispielzeiten)<br/><br/>&#8226;&#160;<b>Leeuwarden</b><br/>Beispielzeit: ab 07:02<br/><i>Startbahnhof Stammstrecke, Staatslijn A, 1,5kV DC</i><br/>&#8226;&#160;<b>Meppel</b><br/>Beispielzeit: an 07:34 / ab 07:36<br/><i>Staatslijn A</i><br/>&#8226;&#160;<b>Zwolle</b><br/>Beispielzeit: an 07:51 / ab 07:59<br/><i>Richtungswechsel (Kopfmachen), Spoorlijn Zwolle-Almelo</i><br/>&#8226;&#160;<b>Almelo</b><br/>Beispielzeit: an 08:31 / ab 08:33<br/><i>Spoorlijn Zwolle-Almelo</i><br/>&#8226;&#160;<b>Hengelo</b><br/>Beispielzeit: an 08:44 / ab 08:46<br/><i>Spoorlijn Almelo-Salzbergen</i><br/>&#8226;&#160;<b>Bad Bentheim</b><br/>Beispielzeit: an 09:07 / ab 09:12<br/><i>Systemwechsel 1,5kV DC -> 15kV AC</i><br/>&#8226;&#160;<b>Rheine</b><br/>Beispielzeit: an 09:26 / ab 09:28<br/><i>DB-Strecke 2026, Wiehengebirgsbahn</i><br/>&#8226;&#160;<b>Münster (Westf) Hauptbahnhof</b><br/>Beispielzeit: an 09:55 / ab 09:58<br/><i>Zentraler Systemknoten</i><br/>&#8226;&#160;<b>Drensteinfurt</b><br/>Beispielzeit: an 10:10 / ab 10:11<br/><i>Grenzwertige Nutzlänge, Doppeltraktion passt</i><br/>&#8226;&#160;<b>Hamm (Westf) Hbf</b><br/>Beispielzeit: an 10:23 / ab 10:26<br/><i>Grosser Taktknoten</i><br/>&#8226;&#160;<b>Unna Hbf</b><br/>Beispielzeit: an 10:38 / ab 10:40<br/><i>Halt mit selektiver Türsteuerung SDO wegen kurzer Bahnsteiglänge</i><br/>&#8226;&#160;<b>Holzwickede</b><br/>Beispielzeit: an 10:46 / ab 10:47<br/><i>DB-Strecke 2840</i><br/>&#8226;&#160;<b>Schwerte (Ruhr)</b><br/>Beispielzeit: an 10:55<br/><i>Richtungswechsel und Flügelung, 8 Min Halt in Doppeltraktion (~210m)</i><br/>&#8226;&#160;<b>Fröndenberg</b><br/>Beispielzeit: an 11:12 / ab 11:14<br/><i>Obere Ruhrtalbahn, Akkubetrieb ab Schwerte</i><br/>&#8226;&#160;<b>Wickede (Ruhr)</b><br/>Beispielzeit: an 11:21 / ab 11:22<br/><i>Obere Ruhrtalbahn</i><br/>&#8226;&#160;<b>Arnsberg (Westf)</b><br/>Beispielzeit: an 11:36 / ab 11:38<br/><i>Obere Ruhrtalbahn</i><br/>&#8226;&#160;<b>Bestwig</b><br/>Beispielzeit: an 11:57 / ab 11:59<br/><i>Obere Ruhrtalbahn</i><br/>&#8226;&#160;<b>Bigge</b><br/>Beispielzeit: an 12:07 / ab 12:08<br/><i>Nuttetalbahn, eingleisig, Vmax 60-80 km/h</i><br/>&#8226;&#160;<b>Steinhelle</b><br/>Beispielzeit: an 12:13 / ab 12:14<br/><i>Nuttetalbahn</i><br/>&#8226;&#160;<b>Siedlinghausen</b><br/>Beispielzeit: an 12:21 / ab 12:23<br/><i>Zugkreuzung</i><br/>&#8226;&#160;<b>Silbach</b><br/>Beispielzeit: an 12:30 / ab 12:31<br/><i>Nadelöhr, Nutzlänge nur 115m, passt exakt für Solo-Einheit</i><br/>&#8226;&#160;<b>Winterberg (Westf)</b><br/>Beispielzeit: an 12:39<br/><i>Endbahnhof, Static-Fast-Charging für Traktionsbatterien</i><br/><br/><b>Ast B: Leeuwarden-Düsseldorf Hauptbahnhof</b> (Beispielzeiten)<br/><br/>&#8226;&#160;<b>Leeuwarden</b><br/>Beispielzeit: ab 07:02<br/><i>Startbahnhof Stammstrecke, Staatslijn A, 1,5kV DC</i><br/>&#8226;&#160;<b>Meppel</b><br/>Beispielzeit: an 07:34 / ab 07:36<br/><i>Staatslijn A</i><br/>&#8226;&#160;<b>Zwolle</b><br/>Beispielzeit: an 07:51 / ab 07:59<br/><i>Richtungswechsel (Kopfmachen), Spoorlijn Zwolle-Almelo</i><br/>&#8226;&#160;<b>Almelo</b><br/>Beispielzeit: an 08:31 / ab 08:33<br/><i>Spoorlijn Zwolle-Almelo</i><br/>&#8226;&#160;<b>Hengelo</b><br/>Beispielzeit: an 08:44 / ab 08:46<br/><i>Spoorlijn Almelo-Salzbergen</i><br/>&#8226;&#160;<b>Bad Bentheim</b><br/>Beispielzeit: an 09:07 / ab 09:12<br/><i>Systemwechsel 1,5kV DC -> 15kV AC</i><br/>&#8226;&#160;<b>Rheine</b><br/>Beispielzeit: an 09:26 / ab 09:28<br/><i>DB-Strecke 2026, Wiehengebirgsbahn</i><br/>&#8226;&#160;<b>Münster (Westf) Hauptbahnhof</b><br/>Beispielzeit: an 09:55 / ab 09:58<br/><i>Zentraler Systemknoten</i><br/>&#8226;&#160;<b>Drensteinfurt</b><br/>Beispielzeit: an 10:10 / ab 10:11<br/><i>Grenzwertige Nutzlänge, Doppeltraktion passt</i><br/>&#8226;&#160;<b>Hamm (Westf) Hbf</b><br/>Beispielzeit: an 10:23 / ab 10:26<br/><i>Grosser Taktknoten</i><br/>&#8226;&#160;<b>Unna Hbf</b><br/>Beispielzeit: an 10:38 / ab 10:40<br/><i>Halt mit selektiver Türsteuerung SDO wegen kurzer Bahnsteiglänge</i><br/>&#8226;&#160;<b>Holzwickede</b><br/>Beispielzeit: an 10:46 / ab 10:47<br/><i>DB-Strecke 2840</i><br/>&#8226;&#160;<b>Schwerte (Ruhr)</b><br/>Beispielzeit: an 10:55<br/><i>Richtungswechsel und Flügelung, 8 Min Halt in Doppeltraktion (~210m)</i><br/>&#8226;&#160;<b>Hagen Hauptbahnhof</b><br/>Beispielzeit: an 11:13 / ab 11:16<br/><i>DB-Strecke 2840, unteres Ruhrtal, 15kV AC</i><br/>&#8226;&#160;<b>Schwelm</b><br/>Beispielzeit: an 11:26 / ab 11:27<br/><i>Stammstrecke Elberfeld-Dortmund</i><br/>&#8226;&#160;<b>Wuppertal-Oberbarmen</b><br/>Beispielzeit: an 11:32 / ab 11:34<br/><i>Ballungsraum-Korridor, mehrgleisig</i><br/>&#8226;&#160;<b>Wuppertal Hauptbahnhof</b><br/>Beispielzeit: an 11:39 / ab 11:42<br/><i>Ballungsraum-Korridor</i><br/>&#8226;&#160;<b>Wuppertal-Vohwinkel</b><br/>Beispielzeit: an 11:48 / ab 11:49<br/><i>Vor Steilrampe Erkrath-Hochdahl</i><br/>&#8226;&#160;<b>Düsseldorf Hauptbahnhof</b><br/>Beispielzeit: an 12:04<br/><i>Endbahnhof, viergleisige Hauptabfuhrstrecke</i><br/><br/></div><style>@media (prefers-color-scheme: dark) {html,body,.kmldesc{background:#1b1b1b !important;color:#e8e8e8 !important;}.kmldesc a{color:#8ab4f8 !important;}}</style>]]></description>
<LookAt><longitude>7.152777949999999</longitude><latitude>52.1977577</latitude><altitude>0</altitude><heading>0</heading><tilt>0</tilt><range>378418.8</range><altitudeMode>clampToGround</altitudeMode></LookAt>
<styleUrl>#style_lineRE30</styleUrl>
<MultiGeometry><LineString><tessellate>1</tessellate><coordinates>5.7929849,53.1964772,0 5.7858514,53.1952884,0 5.7785263,53.1944798,0 5.7753784,53.1935582,0 5.7737075,53.1926572,0 5.7724840,53.1914093,0 5.7719175,53.1899916,0 5.7720813,53.1884948,0 5.7802240,53.1750328,0 5.8281608,53.0786264,0 5.8656390,53.0019154,0 5.8671967,52.9995734,0 5.8694139,52.9975012,0 5.9010791,52.9734491,0 5.9578529,52.9231843,0 5.9860334,52.8956866,0 6.0474534,52.8447840,0 6.0749630,52.8169604,0 6.1038478,52.7951407,0 6.1077746,52.7930852,0 6.1109339,52.7921258,0 6.1541006,52.7849801,0 6.1578529,52.7836735,0 6.1607919,52.7818043,0 6.1627112,52.7795306,0 6.2042216,52.7127681,0 6.2046887,52.7108736,0 6.2044596,52.7089150,0 6.2002824,52.6994891,0 6.1956642,52.6843957,0 6.1985597,52.6716818,0 6.2015984,52.6613627,0 6.2030112,52.6586281,0 6.2051212,52.6562386,0 6.2202936,52.6453555,0 6.2311993,52.6340844,0 6.2394905,52.6275542,0 6.2406417,52.6252472,0 6.2419279,52.6167960,0 6.2419537,52.6152465,0 6.2414487,52.6137522,0 6.1851327,52.5301210,0 6.1817298,52.5267494,0 6.1786509,52.5249309,0 6.1441590,52.5085422,0 6.1378464,52.5050208,0 6.1253500,52.4995054,0 6.1228877,52.4987177,0 6.1201116,52.4982921,0 6.1140104,52.4980363,0 6.1096933,52.4984101,0 6.1070020,52.4991317,0 6.0912373,52.5050086,0 6.1066299,52.4991703,0 6.1091527,52.4979517,0 6.2871507,52.3857147,0 6.2899383,52.3842032,0 6.2931516,52.3829226,0 6.2969945,52.3818396,0 6.3010095,52.3811768,0 6.3942919,52.3709505,0 6.4909063,52.3645701,0 6.5043115,52.3633539,0 6.5275351,52.3617561,0 6.5802129,52.3609534,0 6.5989614,52.3618112,0 6.6363602,52.3641444,0 6.6394677,52.3640595,0 6.6425501,52.3635579,0 6.6491984,52.3611258,0 6.6552361,52.3572604,0 6.6577137,52.3552074,0 6.6589446,52.3533896,0 6.6602720,52.3466296,0 6.6609759,52.3455166,0 6.6622221,52.3445111,0 6.6959705,52.3264083,0 6.7298518,52.3102550,0 6.7447525,52.3020858,0 6.7526055,52.2946230,0 6.7825377,52.2645463,0 6.7850056,52.2631895,0 6.7886266,52.2624475,0 6.7983044,52.2614157,0 6.8004333,52.2616123,0 6.8289659,52.2724949,0 6.8637884,52.2836814,0 6.9085625,52.3004646,0 6.9295852,52.3058672,0 6.9469026,52.3070496,0 6.9626842,52.3054543,0 6.9712056,52.3053464,0 6.9881656,52.3071527,0 7.0774154,52.3103566,0 7.0858369,52.3100728,0 7.1212764,52.3069117,0 7.1366600,52.3072425,0 7.1715942,52.3115252,0 7.1747922,52.3115988,0 7.1848561,52.3110789,0 7.1894599,52.3113270,0 7.2068768,52.3150841,0 7.3297608,52.3305187,0 7.3338293,52.3305629,0 7.3373441,52.3300947,0 7.3405330,52.3292202,0 7.3440396,52.3276799,0 7.3819778,52.3008812,0 7.3860619,52.2989707,0 7.4234015,52.2848953,0 7.4278476,52.2826067,0 7.4311523,52.2799915,0 7.4340189,52.2761700,0 7.4368210,52.2736045,0 7.4518236,52.2610515,0 7.4581399,52.2542261,0 7.4612910,52.2483694,0 7.4667026,52.2412816,0 7.5253487,52.1845582,0 7.5847111,52.1077345,0 7.5972844,52.0930551,0 7.6009129,52.0867678,0 7.6140674,52.0495288,0 7.6171000,52.0448112,0 7.6285025,52.0318302,0 7.6304684,52.0284494,0 7.6396064,51.9779500,0 7.6406664,51.9755376,0 7.6440045,51.9714924,0 7.6447066,51.9699508,0 7.6446626,51.9684519,0 7.6440399,51.9671506,0 7.6383491,51.9615959,0 7.6363479,51.9586649,0 7.6354181,51.9554365,0 7.6353962,51.9523826,0 7.6341050,51.9484017,0 7.6330208,51.9462308,0 7.6316187,51.9415144,0 7.6316249,51.9424488,0 7.6307572,51.9396897,0 7.6280034,51.9344540,0 7.6282411,51.9311894,0 7.6333952,51.9206294,0 7.6351286,51.9183633,0 7.6387833,51.9156735,0 7.6480776,51.9119245,0 7.6503175,51.9104892,0 7.6517147,51.9091121,0 7.6601187,51.8941557,0 7.6824918,51.8516505,0 7.7338736,51.7988761,0 7.7336944,51.7990266,0 7.7363028,51.7957700,0 7.7371430,51.7937183,0 7.7374435,51.7915323,0 7.7374404,51.7307531,0 7.7380343,51.7278312,0 7.7395630,51.7251453,0 7.7417045,51.7229319,0 7.7445058,51.7210117,0 7.7898841,51.6965157,0 7.7933881,51.6954706,0 7.8024264,51.6947198,0 7.8046006,51.6943105,0 7.8072037,51.6929960,0 7.8085996,51.6909280,0 7.8084516,51.6892234,0 7.8066969,51.6861659,0 7.8063727,51.6848715,0 7.8069993,51.6803749,0 7.8098933,51.6723965,0 7.8078112,51.6647940,0 7.7928119,51.6501143,0 7.7224888,51.5468772,0 7.7203925,51.5443442,0 7.7179336,51.5424479,0 7.7143658,51.5405687,0 7.7107605,51.5392382,0 7.7078150,51.5386288,0 7.7012744,51.5382254,0 7.6852820,51.5394341,0 7.6818768,51.5392446,0 7.6784049,51.5386690,0 7.6749399,51.5376783,0 7.6512428,51.5290045,0 7.6472323,51.5268359,0 7.6444885,51.5244719,0 7.6421690,51.5208396,0 7.6403425,51.5149546,0 7.6386980,51.5129667,0 7.6355415,51.5105777,0 7.6306936,51.5084798,0 7.6193427,51.5051097,0 7.6192918,51.5048161,0 7.6193427,51.5051097,0 7.6174961,51.5045205,0 7.6146182,51.5032605,0 7.6062691,51.5003521,0 7.5824921,51.4890896,0 7.5804305,51.4875729,0 7.5788738,51.4858311,0 7.5779217,51.4839604,0 7.5775730,51.4821898,0 7.5779458,51.4796842,0 7.5828033,51.4681650,0 7.5824834,51.4647151,0 7.5809175,51.4587955,0 7.5792642,51.4564479,0 7.5771486,51.4547256,0 7.5632525,51.4470148,0 7.5611931,51.4451971,0 7.5590995,51.4425934,0 7.5623005,51.4462771,0 7.5609367,51.4446948,0 7.5650677,51.4467927,0 7.5704036,51.4484334,0 7.6105409,51.4543168,0 7.6184258,51.4560972,0 7.6228278,51.4576077,0 7.6433843,51.4659618,0 7.6686984,51.4756405,0 7.6732784,51.4768602,0 7.6767816,51.4771747,0 7.6977083,51.4775833,0 7.7067635,51.4762018,0 7.7139420,51.4734891,0 7.7169533,51.4727824,0 7.7368472,51.4724457,0 7.7505117,51.4728305,0 7.7540219,51.4725663,0 7.7617558,51.4713430,0 7.7655485,51.4714332,0 7.7693754,51.4720189,0 7.7687614,51.4719453,0 7.8403893,51.4867395,0 7.9016382,51.5002466,0 7.9044686,51.5006336,0 7.9068800,51.5005939,0 7.9097354,51.5000836,0 7.9127284,51.4988566,0 7.9149133,51.4970960,0 7.9159766,51.4952985,0 7.9164875,51.4902781,0 7.9129275,51.4822710,0 7.9134130,51.4798850,0 7.9150222,51.4777699,0 7.9177341,51.4750811,0 7.9214570,51.4730556,0 7.9244464,51.4721389,0 7.9322818,51.4706283,0 7.9374807,51.4692819,0 7.9433113,51.4671151,0 7.9466949,51.4651137,0 7.9487299,51.4630297,0 7.9499363,51.4606006,0 7.9503228,51.4519763,0 7.9513337,51.4487790,0 7.9540050,51.4452797,0 7.9583107,51.4422277,0 7.9631091,51.4402493,0 7.9875709,51.4322664,0 7.9956428,51.4299985,0 8.0053439,51.4248510,0 8.0113126,51.4230273,0 8.0189470,51.4213798,0 8.0324487,51.4163764,0 8.0474295,51.4086167,0 8.0532621,51.4047743,0 8.0553764,51.4038801,0 8.0572747,51.4035770,0 8.0593432,51.4036677,0 8.0735052,51.4069269,0 8.0757981,51.4070640,0 8.0777374,51.4068271,0 8.0812134,51.4055736,0 8.0880412,51.3996073,0 8.0917153,51.3974781,0 8.0972334,51.3958105,0 8.1072953,51.3944546,0 8.1099361,51.3938457,0 8.1160494,51.3910315,0 8.1218322,51.3874901,0 8.1242520,51.3868476,0 8.1275757,51.3869783,0 8.1305271,51.3882397,0 8.1318085,51.3897854,0 8.1331754,51.3943299,0 8.1352684,51.3958124,0 8.1377686,51.3964581,0 8.1398077,51.3965302,0 8.1417054,51.3961931,0 8.1578517,51.3911165,0 8.1596289,51.3897608,0 8.1605341,51.3879768,0 8.1607073,51.3818082,0 8.1619005,51.3804298,0 8.1654332,51.3783088,0 8.1664920,51.3770419,0 8.1677040,51.3685282,0 8.1684941,51.3671187,0 8.1836466,51.3559945,0 8.1973968,51.3492332,0 8.1998127,51.3483088,0 8.2025235,51.3479992,0 8.2164907,51.3484269,0 8.2287898,51.3474672,0 8.2306443,51.3475278,0 8.2336342,51.3484491,0 8.2387240,51.3519918,0 8.2408406,51.3526926,0 8.2436835,51.3530660,0 8.2472419,51.3527558,0 8.2542677,51.3505800,0 8.2562301,51.3502422,0 8.2704301,51.3508823,0 8.2836408,51.3490732,0 8.3335429,51.3537862,0 8.3466428,51.3535050,0 8.3680750,51.3569988,0 8.3752708,51.3575381,0 8.3807163,51.3574815,0 8.3824624,51.3577107,0 8.3979730,51.3617785,0 8.4040433,51.3638778,0 8.4150723,51.3684400,0 8.4175715,51.3690427,0 8.4280734,51.3688392,0 8.4294539,51.3684134,0 8.4342695,51.3659402,0 8.4380415,51.3649647,0 8.4411243,51.3645531,0 8.4450404,51.3648135,0 8.4490392,51.3668374,0 8.4505357,51.3673002,0 8.4522878,51.3673697,0 8.4545257,51.3669920,0 8.4558738,51.3665115,0 8.4568772,51.3657612,0 8.4580578,51.3637124,0 8.4581622,51.3613470,0 8.4597744,51.3599064,0 8.4617884,51.3594090,0 8.4647738,51.3594538,0 8.4677828,51.3589095,0 8.4739704,51.3587163,0 8.4777257,51.3574126,0 8.4806128,51.3560000,0 8.4820015,51.3543799,0 8.4833607,51.3515669,0 8.4857791,51.3493075,0 8.4869881,51.3462662,0 8.4870110,51.3445705,0 8.4861399,51.3424928,0 8.4864607,51.3405098,0 8.4875131,51.3381325,0 8.4866736,51.3348325,0 8.4781321,51.3348865,0 8.4866736,51.3348325,0 8.4874818,51.3312311,0 8.4864476,51.3284002,0 8.4862632,51.3266085,0 8.4852017,51.3250422,0 8.4849966,51.3239008,0 8.4871017,51.3204638,0 8.4877814,51.3173201,0 8.4895827,51.3143227,0 8.4899554,51.3124652,0 8.4893753,51.3113161,0 8.4848915,51.3071406,0 8.4835370,51.3042264,0 8.4833141,51.3025050,0 8.4837408,51.3007154,0 8.4864816,51.2955280,0 8.4872676,51.2929808,0 8.4856491,51.2894416,0 8.4830388,51.2874975,0 8.4823390,51.2865319,0 8.4823598,51.2852377,0 8.4838068,51.2834291,0 8.4840120,51.2820712,0 8.4834372,51.2810649,0 8.4806191,51.2794321,0 8.4797591,51.2784093,0 8.4787155,51.2703960,0 8.4781019,51.2686088,0 8.4763722,51.2649653,0 8.4735489,51.2628180,0 8.4730977,51.2617563,0 8.4738406,51.2589223,0 8.4738949,51.2552107,0 8.4744018,51.2542212,0 8.4756756,51.2532313,0 8.4795785,51.2518189,0 8.4836367,51.2490840,0 8.4845218,51.2477258,0 8.4841767,51.2441187,0 8.4818466,51.2413430,0 8.4818315,51.2384361,0 8.4805052,51.2359280,0 8.4802611,51.2323248,0 8.4811075,51.2294571,0 8.4799697,51.2263399,0 8.4809716,51.2237548,0 8.4826818,51.2208423,0 8.4832037,51.2185569,0 8.4844461,51.2174037,0 8.4887105,51.2160935,0 8.4916334,51.2141285,0 8.4986715,51.2125005,0 8.5019377,51.2111947,0 8.5069408,51.2083986,0 8.5122411,51.2081090,0 8.5171904,51.2064988,0 8.5233755,51.2062474,0 8.5266210,51.2054866,0 8.5296562,51.2052583,0 8.5312233,51.2048610,0 8.5328697,51.2038651,0 8.5336384,51.2025532,0 8.5323923,51.1990382,0</coordinates></LineString><LineString><tessellate>1</tessellate><coordinates>5.7929849,53.1964772,0 5.7858514,53.1952884,0 5.7785263,53.1944798,0 5.7753784,53.1935582,0 5.7737075,53.1926572,0 5.7724840,53.1914093,0 5.7719175,53.1899916,0 5.7720813,53.1884948,0 5.7802240,53.1750328,0 5.8281608,53.0786264,0 5.8656390,53.0019154,0 5.8671967,52.9995734,0 5.8694139,52.9975012,0 5.9010791,52.9734491,0 5.9578529,52.9231843,0 5.9860334,52.8956866,0 6.0474534,52.8447840,0 6.0749630,52.8169604,0 6.1038478,52.7951407,0 6.1077746,52.7930852,0 6.1109339,52.7921258,0 6.1541006,52.7849801,0 6.1578529,52.7836735,0 6.1607919,52.7818043,0 6.1627112,52.7795306,0 6.2042216,52.7127681,0 6.2046887,52.7108736,0 6.2044596,52.7089150,0 6.2002824,52.6994891,0 6.1956642,52.6843957,0 6.1985597,52.6716818,0 6.2015984,52.6613627,0 6.2030112,52.6586281,0 6.2051212,52.6562386,0 6.2202936,52.6453555,0 6.2311993,52.6340844,0 6.2394905,52.6275542,0 6.2406417,52.6252472,0 6.2419279,52.6167960,0 6.2419537,52.6152465,0 6.2414487,52.6137522,0 6.1851327,52.5301210,0 6.1817298,52.5267494,0 6.1786509,52.5249309,0 6.1441590,52.5085422,0 6.1378464,52.5050208,0 6.1253500,52.4995054,0 6.1228877,52.4987177,0 6.1201116,52.4982921,0 6.1140104,52.4980363,0 6.1096933,52.4984101,0 6.1070020,52.4991317,0 6.0912373,52.5050086,0 6.1066299,52.4991703,0 6.1091527,52.4979517,0 6.2871507,52.3857147,0 6.2899383,52.3842032,0 6.2931516,52.3829226,0 6.2969945,52.3818396,0 6.3010095,52.3811768,0 6.3942919,52.3709505,0 6.4909063,52.3645701,0 6.5043115,52.3633539,0 6.5275351,52.3617561,0 6.5802129,52.3609534,0 6.5989614,52.3618112,0 6.6363602,52.3641444,0 6.6394677,52.3640595,0 6.6425501,52.3635579,0 6.6491984,52.3611258,0 6.6552361,52.3572604,0 6.6577137,52.3552074,0 6.6589446,52.3533896,0 6.6602720,52.3466296,0 6.6609759,52.3455166,0 6.6622221,52.3445111,0 6.6959705,52.3264083,0 6.7298518,52.3102550,0 6.7447525,52.3020858,0 6.7526055,52.2946230,0 6.7825377,52.2645463,0 6.7850056,52.2631895,0 6.7886266,52.2624475,0 6.7983044,52.2614157,0 6.8004333,52.2616123,0 6.8289659,52.2724949,0 6.8637884,52.2836814,0 6.9085625,52.3004646,0 6.9295852,52.3058672,0 6.9469026,52.3070496,0 6.9626842,52.3054543,0 6.9712056,52.3053464,0 6.9881656,52.3071527,0 7.0774154,52.3103566,0 7.0858369,52.3100728,0 7.1212764,52.3069117,0 7.1366600,52.3072425,0 7.1715942,52.3115252,0 7.1747922,52.3115988,0 7.1848561,52.3110789,0 7.1894599,52.3113270,0 7.2068768,52.3150841,0 7.3297608,52.3305187,0 7.3332865,52.3305918,0 7.3363598,52.3302765,0 7.3398659,52.3294407,0 7.3427644,52.3283210,0 7.3460234,52.3264336,0 7.3791065,52.3026730,0 7.3819778,52.3008812,0 7.3860619,52.2989707,0 7.4234015,52.2848953,0 7.4278476,52.2826067,0 7.4311523,52.2799915,0 7.4340189,52.2761700,0 7.4368210,52.2736045,0 7.4518236,52.2610515,0 7.4581399,52.2542261,0 7.4612910,52.2483694,0 7.4667026,52.2412816,0 7.5253487,52.1845582,0 7.5847111,52.1077345,0 7.5972844,52.0930551,0 7.6009129,52.0867678,0 7.6140674,52.0495288,0 7.6171000,52.0448112,0 7.6285025,52.0318302,0 7.6304684,52.0284494,0 7.6396064,51.9779500,0 7.6406664,51.9755376,0 7.6440045,51.9714924,0 7.6447066,51.9699508,0 7.6446626,51.9684519,0 7.6440399,51.9671506,0 7.6383491,51.9615959,0 7.6363479,51.9586649,0 7.6354181,51.9554365,0 7.6353962,51.9523826,0 7.6341050,51.9484017,0 7.6330208,51.9462308,0 7.6316187,51.9415144,0 7.6316249,51.9424488,0 7.6307572,51.9396897,0 7.6280034,51.9344540,0 7.6282411,51.9311894,0 7.6333952,51.9206294,0 7.6351286,51.9183633,0 7.6387833,51.9156735,0 7.6480776,51.9119245,0 7.6503175,51.9104892,0 7.6517147,51.9091121,0 7.6601187,51.8941557,0 7.6824918,51.8516505,0 7.7338736,51.7988761,0 7.7336944,51.7990266,0 7.7363028,51.7957700,0 7.7371430,51.7937183,0 7.7374435,51.7915323,0 7.7374404,51.7307531,0 7.7380343,51.7278312,0 7.7395630,51.7251453,0 7.7417045,51.7229319,0 7.7445058,51.7210117,0 7.7899826,51.6964671,0 7.7933881,51.6954706,0 7.8042834,51.6943986,0 7.8067806,51.6933119,0 7.8083332,51.6916370,0 7.8085884,51.6896453,0 7.8066969,51.6861659,0 7.8063754,51.6844541,0 7.8070299,51.6802673,0 7.8093683,51.6744387,0 7.8098980,51.6721666,0 7.8078526,51.6648633,0 7.7928119,51.6501143,0 7.7224888,51.5468772,0 7.7203925,51.5443442,0 7.7179336,51.5424479,0 7.7143658,51.5405687,0 7.7107605,51.5392382,0 7.7078150,51.5386288,0 7.7012744,51.5382254,0 7.6852820,51.5394341,0 7.6818768,51.5392446,0 7.6784049,51.5386690,0 7.6749399,51.5376783,0 7.6512428,51.5290045,0 7.6472323,51.5268359,0 7.6444885,51.5244719,0 7.6421690,51.5208396,0 7.6403425,51.5149546,0 7.6386980,51.5129667,0 7.6355415,51.5105777,0 7.6306936,51.5084798,0 7.6193427,51.5051097,0 7.6192918,51.5048161,0 7.6193427,51.5051097,0 7.6174961,51.5045205,0 7.6146182,51.5032605,0 7.6062691,51.5003521,0 7.5819959,51.4887740,0 7.5788738,51.4858311,0 7.5779217,51.4839604,0 7.5775730,51.4821898,0 7.5779458,51.4796842,0 7.5822460,51.4700826,0 7.5828381,51.4678909,0 7.5813395,51.4599186,0 7.5799220,51.4572101,0 7.5765735,51.4543632,0 7.5628467,51.4467120,0 7.5595715,51.4433200,0 7.5569386,51.4387948,0 7.5547934,51.4360377,0 7.5302359,51.4193396,0 7.5254032,51.4175855,0 7.5205926,51.4169626,0 7.5162527,51.4171352,0 7.5061477,51.4187229,0 7.5006838,51.4184809,0 7.4967430,51.4174682,0 7.4898008,51.4144642,0 7.4879749,51.4139245,0 7.4799670,51.4130175,0 7.4712842,51.4131903,0 7.4686298,51.4128914,0 7.4637120,51.4107294,0 7.4604284,51.4087203,0 7.4584628,51.4068282,0 7.4571180,51.4042209,0 7.4565762,51.4023104,0 7.4561111,51.3960290,0 7.4525096,51.3910150,0 7.4516798,51.3888958,0 7.4519675,51.3877377,0 7.4560018,51.3842123,0 7.4571357,51.3827156,0 7.4593291,51.3759348,0 7.4606413,51.3696887,0 7.4602943,51.3664024,0 7.4606062,51.3629600,0 7.4594451,51.3590442,0 7.4577271,51.3565663,0 7.4541271,51.3540685,0 7.4511244,51.3533756,0 7.4449733,51.3541066,0 7.4352105,51.3531328,0 7.4293522,51.3533919,0 7.4221429,51.3520963,0 7.4196297,51.3508221,0 7.4183205,51.3488201,0 7.4172922,51.3479177,0 7.4107600,51.3447770,0 7.4007926,51.3418856,0 7.3983589,51.3417160,0 7.3930095,51.3418973,0 7.3906486,51.3415846,0 7.3889498,51.3409753,0 7.3829793,51.3377968,0 7.3708358,51.3358336,0 7.3613308,51.3334828,0 7.3459945,51.3276628,0 7.3374907,51.3231181,0 7.3333674,51.3214550,0 7.3244295,51.3193324,0 7.3191557,51.3187946,0 7.3027955,51.3143095,0 7.3003641,51.3126123,0 7.2995428,51.3104574,0 7.3031181,51.3005242,0 7.3032627,51.2949245,0 7.3020632,51.2927799,0 7.2994275,51.2913013,0 7.2971560,51.2908412,0 7.2886577,51.2904209,0 7.2815336,51.2889966,0 7.2336964,51.2754913,0 7.2151021,51.2730848,0 7.2100423,51.2722145,0 7.2008733,51.2688260,0 7.1810661,51.2627238,0 7.1732283,51.2598494,0 7.1641428,51.2560904,0 7.1575748,51.2546095,0 7.1513312,51.2546899,0 7.1476306,51.2541386,0 7.1414286,51.2514789,0 7.1376170,51.2485119,0 7.1349898,51.2473950,0 7.1284422,51.2466964,0 7.1174561,51.2477391,0 7.1138117,51.2475764,0 7.1108547,51.2466531,0 7.1056534,51.2428386,0 7.1024261,51.2416343,0 7.0987938,51.2409111,0 7.0898319,51.2405095,0 7.0856708,51.2397503,0 7.0642266,51.2306087,0 7.0553363,51.2272494,0 7.0511100,51.2250529,0 7.0482393,51.2231635,0 7.0431027,51.2190461,0 7.0403765,51.2178037,0 7.0368654,51.2168306,0 7.0223041,51.2148659,0 7.0113903,51.2148036,0 6.9956622,51.2126972,0 6.9902899,51.2125070,0 6.9853048,51.2131106,0 6.9753444,51.2154922,0 6.9714968,51.2161517,0 6.9593692,51.2167699,0 6.9460139,51.2185554,0 6.9381354,51.2191687,0 6.9048942,51.2203177,0 6.8836824,51.2206655,0 6.8428781,51.2200968,0 6.8372799,51.2208759,0 6.8163388,51.2257616,0 6.8126447,51.2262215,0 6.8034094,51.2261491,0 6.8011104,51.2258593,0 6.7995346,51.2249916,0 6.7974589,51.2225040,0 6.7943015,51.2197340,0</coordinates></LineString></MultiGeometry>
</Placemark>
<Placemark>
<name>Aachen Hbf</name>
<description><![CDATA[<div class="kmldesc"><b>RE90</b> Saarbrücken-Düsseldorf<br/>Richtung Düsseldorf Hauptbahnhof: an xx:46 / ab xx:51<br/>Richtung Saarbrücken Hauptbahnhof: an xx:48 / ab xx:53<br/><i>5 Min Systemhalt, Einstieg RE4-Takt</i></div><style>@media (prefers-color-scheme: dark) {html,body,.kmldesc{background:#1b1b1b !important;color:#e8e8e8 !important;}.kmldesc a{color:#8ab4f8 !important;}}</style>]]></description>
<LookAt><longitude>6.2173543</longitude><latitude>50.7944455</latitude><altitude>0</altitude><heading>0</heading><tilt>0</tilt><range>2500</range><altitudeMode>clampToGround</altitudeMode></LookAt>
<styleUrl>#stationPinNoLabel</styleUrl>
<Point><coordinates>6.2173543,50.7944455,0</coordinates></Point>
</Placemark>
<Placemark>
<name>Allensbach</name>
<description><![CDATA[<div class="kmldesc"><b>RE94</b> Plzeň-Zürich<br/>Richtung Zürich HB: an xx:51 / ab xx:52<br/>Richtung Plzeň hlavní nádraží: an xx:08 / ab xx:09<br/><i>Halt am Gnadensee</i></div><style>@media (prefers-color-scheme: dark) {html,body,.kmldesc{background:#1b1b1b !important;color:#e8e8e8 !important;}.kmldesc a{color:#8ab4f8 !important;}}</style>]]></description>
<LookAt><longitude>9.0683278</longitude><latitude>47.7146228</latitude><altitude>0</altitude><heading>0</heading><tilt>0</tilt><range>2500</range><altitudeMode>clampToGround</altitudeMode></LookAt>
<styleUrl>#stationPinNoLabel</styleUrl>
<Point><coordinates>9.0683278,47.7146228,0</coordinates></Point>
</Placemark>
<Placemark>
<name>Allersberg (Rothsee)</name>
<description><![CDATA[<div class="kmldesc"><b>RE94</b> Plzeň-Zürich<br/>Richtung Zürich HB: an xx:05 / ab xx:06<br/>Richtung Plzeň hlavní nádraží: an xx:54 / ab xx:55<br/><i>SFS-Zwischenhalt, 200 km/h</i></div><style>@media (prefers-color-scheme: dark) {html,body,.kmldesc{background:#1b1b1b !important;color:#e8e8e8 !important;}.kmldesc a{color:#8ab4f8 !important;}}</style>]]></description>
<LookAt><longitude>11.2126676</longitude><latitude>49.2617946</latitude><altitude>0</altitude><heading>0</heading><tilt>0</tilt><range>2500</range><altitudeMode>clampToGround</altitudeMode></LookAt>
<styleUrl>#stationPinNoLabel</styleUrl>
<Point><coordinates>11.2126676,49.2617946,0</coordinates></Point>
</Placemark>
<Placemark>
<name>Almelo</name>
<description><![CDATA[<div class="kmldesc"><b>RE30</b> Leeuwarden-Winterberg/Düsseldorf<br/>Richtung Winterberg (Westf)/Düsseldorf Hauptbahnhof: an xx:31 / ab xx:33<br/>Richtung Leeuwarden: an xx:45 / ab xx:47<br/><i>Spoorlijn Zwolle-Almelo</i></div><style>@media (prefers-color-scheme: dark) {html,body,.kmldesc{background:#1b1b1b !important;color:#e8e8e8 !important;}.kmldesc a{color:#8ab4f8 !important;}}</style>]]></description>
<LookAt><longitude>6.6544143</longitude><latitude>52.3577052</latitude><altitude>0</altitude><heading>0</heading><tilt>0</tilt><range>2500</range><altitudeMode>clampToGround</altitudeMode></LookAt>
<styleUrl>#stationPinNoLabel</styleUrl>
<Point><coordinates>6.6544143,52.3577052,0</coordinates></Point>
</Placemark>
<Placemark>
<name>Altena (Westf)</name>
<description><![CDATA[<div class="kmldesc"><b>RE40</b> Essen-Frankfurt<br/>Richtung Frankfurt (Main) Hbf: an xx:13 / ab xx:14<br/>Richtung Essen Hauptbahnhof: an xx:46 / ab xx:47<br/><i>Sauerland-Halt</i></div><style>@media (prefers-color-scheme: dark) {html,body,.kmldesc{background:#1b1b1b !important;color:#e8e8e8 !important;}.kmldesc a{color:#8ab4f8 !important;}}</style>]]></description>
<LookAt><longitude>7.6689744</longitude><latitude>51.3018435</latitude><altitude>0</altitude><heading>0</heading><tilt>0</tilt><range>2500</range><altitudeMode>clampToGround</altitudeMode></LookAt>
<styleUrl>#stationPinNoLabel</styleUrl>
<Point><coordinates>7.6689744,51.3018435,0</coordinates></Point>
</Placemark>
<Placemark>
<name>Altenburg</name>
<description><![CDATA[<div class="kmldesc"><b>RE24</b> Zwickau-Kassel<br/>Richtung Kassel Hauptbahnhof: an xx:37 / ab xx:38<br/>Richtung Zwickau Hauptbahnhof: an xx:17 / ab xx:18<br/><i>Regionalhalt</i></div><style>@media (prefers-color-scheme: dark) {html,body,.kmldesc{background:#1b1b1b !important;color:#e8e8e8 !important;}.kmldesc a{color:#8ab4f8 !important;}}</style>]]></description>
<LookAt><longitude>12.443912</longitude><latitude>50.9970305</latitude><altitude>0</altitude><heading>0</heading><tilt>0</tilt><range>2500</range><altitudeMode>clampToGround</altitudeMode></LookAt>
<styleUrl>#stationPinNoLabel</styleUrl>
<Point><coordinates>12.443912,50.9970305,0</coordinates></Point>
</Placemark>
<Placemark>
<name>Andernach</name>
<description><![CDATA[<div class="kmldesc"><b>RE5</b> Arnhem-Frankfurt<br/>Richtung Frankfurt (Main) Hbf: an xx:07 / ab xx:08<br/>Richtung Arnhem Centraal: an xx:56 / ab xx:57<br/><i>Sinzig &amp; Bad Breisig entfallen</i></div><style>@media (prefers-color-scheme: dark) {html,body,.kmldesc{background:#1b1b1b !important;color:#e8e8e8 !important;}.kmldesc a{color:#8ab4f8 !important;}}</style>]]></description>
<LookAt><longitude>7.4050667</longitude><latitude>50.434477</latitude><altitude>0</altitude><heading>0</heading><tilt>0</tilt><range>2500</range><altitudeMode>clampToGround</altitudeMode></LookAt>
<styleUrl>#stationPinNoLabel</styleUrl>
<Point><coordinates>7.4050667,50.434477,0</coordinates></Point>
</Placemark>
<Placemark>
<name>Angermünde</name>
<description><![CDATA[<div class="kmldesc"><b>RE35</b> Zwickau-Warnemünde (Regionaltakt)<br/>Richtung Warnemünde: an xx:18 / ab xx:20<br/>Richtung Zwickau Hauptbahnhof: an xx:10 / ab xx:12<br/><i>Trassentrennung Richtung Ostseeküste</i><br/><br/><b>RE71</b> Brandenburg Hbf-Hel<br/>Richtung Hel: an xx:23 / ab xx:25<br/>Richtung Brandenburg Hbf: an xx:49 / ab xx:51<br/><i>Gleis 1/2, komfortabler Anschlussknoten (302m)</i></div><style>@media (prefers-color-scheme: dark) {html,body,.kmldesc{background:#1b1b1b !important;color:#e8e8e8 !important;}.kmldesc a{color:#8ab4f8 !important;}}</style>]]></description>
<LookAt><longitude>13.9959905</longitude><latitude>53.0158331</latitude><altitude>0</altitude><heading>0</heading><tilt>0</tilt><range>2500</range><altitudeMode>clampToGround</altitudeMode></LookAt>
<styleUrl>#stationPinNoLabel</styleUrl>
<Point><coordinates>13.9959905,53.0158331,0</coordinates></Point>
</Placemark>
<Placemark>
<name>Anklam</name>
<description><![CDATA[<div class="kmldesc"><b>RE35</b> Zwickau-Warnemünde (Regionaltakt)<br/>Richtung Warnemünde: an xx:18 / ab xx:19<br/>Richtung Zwickau Hauptbahnhof: an xx:11 / ab xx:12<br/><i>Vorpommern-Trasse</i></div><style>@media (prefers-color-scheme: dark) {html,body,.kmldesc{background:#1b1b1b !important;color:#e8e8e8 !important;}.kmldesc a{color:#8ab4f8 !important;}}</style>]]></description>
<LookAt><longitude>13.7018698</longitude><latitude>53.8560688</latitude><altitude>0</altitude><heading>0</heading><tilt>0</tilt><range>2500</range><altitudeMode>clampToGround</altitudeMode></LookAt>
<styleUrl>#stationPinNoLabel</styleUrl>
<Point><coordinates>13.7018698,53.8560688,0</coordinates></Point>
</Placemark>
<Placemark>
<name>Arnhem Centraal</name>
<description><![CDATA[<div class="kmldesc"><b>RB37</b> Arnhem Centraal-Bochum Hbf<br/>Richtung Bochum Hauptbahnhof: ab xx:17<br/>Richtung Arnhem Centraal: an xx:42<br/><i>Startbahnhof, Systemwechsel 1,5 kV DC</i><br/><br/><b>RE5</b> Arnhem-Frankfurt<br/>Richtung Frankfurt (Main) Hbf: ab xx:12<br/>Richtung Arnhem Centraal: an xx:49<br/><i>Startbahnhof Niederlande</i></div><style>@media (prefers-color-scheme: dark) {html,body,.kmldesc{background:#1b1b1b !important;color:#e8e8e8 !important;}.kmldesc a{color:#8ab4f8 !important;}}</style>]]></description>
<LookAt><longitude>5.9011598</longitude><latitude>51.9844332</latitude><altitude>0</altitude><heading>0</heading><tilt>0</tilt><range>2500</range><altitudeMode>clampToGround</altitudeMode></LookAt>
<styleUrl>#stationPinNoLabel</styleUrl>
<Point><coordinates>5.9011598,51.9844332,0</coordinates></Point>
</Placemark>
<Placemark>
<name>Arnhem Zuid</name>
<description><![CDATA[<div class="kmldesc"><b>RB37</b> Arnhem Centraal-Bochum Hbf<br/>Richtung Bochum Hauptbahnhof: an xx:21 / ab xx:22<br/>Richtung Arnhem Centraal: an xx:37 / ab xx:38<br/><i>Nahverkehrshalt</i></div><style>@media (prefers-color-scheme: dark) {html,body,.kmldesc{background:#1b1b1b !important;color:#e8e8e8 !important;}.kmldesc a{color:#8ab4f8 !important;}}</style>]]></description>
<LookAt><longitude>5.8519491</longitude><latitude>51.9544945</latitude><altitude>0</altitude><heading>0</heading><tilt>0</tilt><range>2500</range><altitudeMode>clampToGround</altitudeMode></LookAt>
<styleUrl>#stationPinNoLabel</styleUrl>
<Point><coordinates>5.8519491,51.9544945,0</coordinates></Point>
</Placemark>
<Placemark>
<name>Arnsberg (Westf)</name>
<description><![CDATA[<div class="kmldesc"><b>RE30</b> Leeuwarden-Winterberg/Düsseldorf<br/>Richtung Winterberg (Westf): an xx:36 / ab xx:38<br/>Richtung Leeuwarden: an xx:40 / ab xx:42<br/><i>Obere Ruhrtalbahn</i></div><style>@media (prefers-color-scheme: dark) {html,body,.kmldesc{background:#1b1b1b !important;color:#e8e8e8 !important;}.kmldesc a{color:#8ab4f8 !important;}}</style>]]></description>
<LookAt><longitude>7.9704112</longitude><latitude>51.4379642</latitude><altitude>0</altitude><heading>0</heading><tilt>0</tilt><range>2500</range><altitudeMode>clampToGround</altitudeMode></LookAt>
<styleUrl>#stationPinNoLabel</styleUrl>
<Point><coordinates>7.9704112,51.4379642,0</coordinates></Point>
</Placemark>
<Placemark>
<name>Augsburg Hbf</name>
<description><![CDATA[<div class="kmldesc"><b>RE94</b> Plzeň-Zürich<br/>Richtung Zürich HB: an xx:31 / ab xx:48<br/>Richtung Plzeň hlavní nádraží: an xx:12 / ab xx:29<br/><i>Umschaltung auf Oberleitung</i></div><style>@media (prefers-color-scheme: dark) {html,body,.kmldesc{background:#1b1b1b !important;color:#e8e8e8 !important;}.kmldesc a{color:#8ab4f8 !important;}}</style>]]></description>
<LookAt><longitude>10.8856913</longitude><latitude>48.3654907</latitude><altitude>0</altitude><heading>0</heading><tilt>0</tilt><range>2500</range><altitudeMode>clampToGround</altitudeMode></LookAt>
<styleUrl>#stationPinNoLabel</styleUrl>
<Point><coordinates>10.8856913,48.3654907,0</coordinates></Point>
</Placemark>
<Placemark>
<name>Aulendorf</name>
<description><![CDATA[<div class="kmldesc"><b>RE94</b> Plzeň-Zürich<br/>Richtung Zürich HB: an xx:26 / ab xx:27<br/>Richtung Plzeň hlavní nádraží: an xx:33 / ab xx:34<br/><i>Oberschwäbischer Eisenbahnknoten</i></div><style>@media (prefers-color-scheme: dark) {html,body,.kmldesc{background:#1b1b1b !important;color:#e8e8e8 !important;}.kmldesc a{color:#8ab4f8 !important;}}</style>]]></description>
<LookAt><longitude>9.643902</longitude><latitude>47.9528813</latitude><altitude>0</altitude><heading>0</heading><tilt>0</tilt><range>2500</range><altitudeMode>clampToGround</altitudeMode></LookAt>
<styleUrl>#stationPinNoLabel</styleUrl>
<Point><coordinates>9.643902,47.9528813,0</coordinates></Point>
</Placemark>
<Placemark>
<name>Bad Bentheim</name>
<description><![CDATA[<div class="kmldesc"><b>RE30</b> Leeuwarden-Winterberg/Düsseldorf<br/>Richtung Winterberg (Westf)/Düsseldorf Hauptbahnhof: an xx:07 / ab xx:12<br/>Richtung Leeuwarden: an xx:06 / ab xx:11<br/><i>Systemwechsel 1,5kV DC -> 15kV AC</i></div><style>@media (prefers-color-scheme: dark) {html,body,.kmldesc{background:#1b1b1b !important;color:#e8e8e8 !important;}.kmldesc a{color:#8ab4f8 !important;}}</style>]]></description>
<LookAt><longitude>7.1582889</longitude><latitude>52.3097332</latitude><altitude>0</altitude><heading>0</heading><tilt>0</tilt><range>2500</range><altitudeMode>clampToGround</altitudeMode></LookAt>
<styleUrl>#stationPinNoLabel</styleUrl>
<Point><coordinates>7.1582889,52.3097332,0</coordinates></Point>
</Placemark>
<Placemark>
<name>Bad Kleinen</name>
<description><![CDATA[<div class="kmldesc"><b>RE91</b> Sassnitz/Ostseebad Binz-Bremerhaven<br/>Richtung Bremerhaven-Lehe (Flügelzug): an xx:09 / ab xx:11<br/>Richtung Sassnitz/Ostseebad Binz: an xx:53 / ab xx:55<br/><i>Netzknoten Richtung Wismar</i><br/><br/><b>RE17</b> Østerport-Rostock<br/>Richtung Rostock Hauptbahnhof: an xx:52 / ab xx:55<br/>Richtung Østerport: an xx:51 / ab xx:54<br/><i>Netzknoten, Ende/Beginn der Akkulücke, ab hier wieder dauerhaft Oberleitung</i></div><style>@media (prefers-color-scheme: dark) {html,body,.kmldesc{background:#1b1b1b !important;color:#e8e8e8 !important;}.kmldesc a{color:#8ab4f8 !important;}}</style>]]></description>
<LookAt><longitude>11.4661982</longitude><latitude>53.7666849</latitude><altitude>0</altitude><heading>0</heading><tilt>0</tilt><range>2500</range><altitudeMode>clampToGround</altitudeMode></LookAt>
<styleUrl>#stationPinNoLabel</styleUrl>
<Point><coordinates>11.4661982,53.7666849,0</coordinates></Point>
</Placemark>
<Placemark>
<name>Bad Nieuweschans</name>
<description><![CDATA[<div class="kmldesc"><b>RE90b</b> Kiel/Schönberger Strand-Groningen/Norddeich Mole<br/>Richtung Groningen / Norddeich Mole (Flügelzug): an xx:00 / ab xx:01<br/>Richtung Kiel Hbf/Schönberger Strand: an xx:52 / ab xx:53<br/><i>Grenzübergang, ProRail-Netz</i></div><style>@media (prefers-color-scheme: dark) {html,body,.kmldesc{background:#1b1b1b !important;color:#e8e8e8 !important;}.kmldesc a{color:#8ab4f8 !important;}}</style>]]></description>
<LookAt><longitude>7.2005246</longitude><latitude>53.1847702</latitude><altitude>0</altitude><heading>0</heading><tilt>0</tilt><range>2500</range><altitudeMode>clampToGround</altitudeMode></LookAt>
<styleUrl>#stationPinNoLabel</styleUrl>
<Point><coordinates>7.2005246,53.1847702,0</coordinates></Point>
</Placemark>
<Placemark>
<name>Bad Oldesloe</name>
<description><![CDATA[<div class="kmldesc"><b>RE45</b> Cottbus-Travemünde<br/>Richtung Travemünde Strand: an xx:51 / ab xx:53<br/>Richtung Cottbus Hauptbahnhof: an xx:08 / ab xx:10<br/><i>Ausfädelung GUB</i></div><style>@media (prefers-color-scheme: dark) {html,body,.kmldesc{background:#1b1b1b !important;color:#e8e8e8 !important;}.kmldesc a{color:#8ab4f8 !important;}}</style>]]></description>
<LookAt><longitude>10.3822381</longitude><latitude>53.8052678</latitude><altitude>0</altitude><heading>0</heading><tilt>0</tilt><range>2500</range><altitudeMode>clampToGround</altitudeMode></LookAt>
<styleUrl>#stationPinNoLabel</styleUrl>
<Point><coordinates>10.3822381,53.8052678,0</coordinates></Point>
</Placemark>
<Placemark>
<name>Bad Schwartau</name>
<description><![CDATA[<div class="kmldesc"><b>RE17</b> Østerport-Rostock<br/>Richtung Rostock Hauptbahnhof: an xx:56 / ab xx:58<br/>Richtung Østerport: an xx:48 / ab xx:50<br/><i>Am Bahnhof 1, im neu errichteten Lärmschutztrog der Ausbaustrecke</i></div><style>@media (prefers-color-scheme: dark) {html,body,.kmldesc{background:#1b1b1b !important;color:#e8e8e8 !important;}.kmldesc a{color:#8ab4f8 !important;}}</style>]]></description>
<LookAt><longitude>10.702246</longitude><latitude>53.9157492</latitude><altitude>0</altitude><heading>0</heading><tilt>0</tilt><range>2500</range><altitudeMode>clampToGround</altitudeMode></LookAt>
<styleUrl>#stationPinNoLabel</styleUrl>
<Point><coordinates>10.7022460,53.9157492,0</coordinates></Point>
</Placemark>
<Placemark>
<name>Bamberg</name>
<description><![CDATA[<div class="kmldesc"><b>RE28</b> Leipzig-Würzburg<br/>Richtung Würzburg Hauptbahnhof: an xx:25 / ab xx:28<br/>Richtung Leipzig Hauptbahnhof: an xx:34 / ab xx:37<br/><i>Auslauf SFS</i></div><style>@media (prefers-color-scheme: dark) {html,body,.kmldesc{background:#1b1b1b !important;color:#e8e8e8 !important;}.kmldesc a{color:#8ab4f8 !important;}}</style>]]></description>
<LookAt><longitude>10.8997336</longitude><latitude>49.9006357</latitude><altitude>0</altitude><heading>0</heading><tilt>0</tilt><range>2500</range><altitudeMode>clampToGround</altitudeMode></LookAt>
<styleUrl>#stationPinNoLabel</styleUrl>
<Point><coordinates>10.8997336,49.9006357,0</coordinates></Point>
</Placemark>
<Placemark>
<name>Bebra</name>
<description><![CDATA[<div class="kmldesc"><b>RE24</b> Zwickau-Kassel<br/>Richtung Kassel Hauptbahnhof: an xx:48 / ab xx:50<br/>Richtung Zwickau Hauptbahnhof: an xx:05 / ab xx:07<br/><i>Nordbahn</i></div><style>@media (prefers-color-scheme: dark) {html,body,.kmldesc{background:#1b1b1b !important;color:#e8e8e8 !important;}.kmldesc a{color:#8ab4f8 !important;}}</style>]]></description>
<LookAt><longitude>9.7982159</longitude><latitude>50.9689967</latitude><altitude>0</altitude><heading>0</heading><tilt>0</tilt><range>2500</range><altitudeMode>clampToGround</altitudeMode></LookAt>
<styleUrl>#stationPinNoLabel</styleUrl>
<Point><coordinates>9.7982159,50.9689967,0</coordinates></Point>
</Placemark>
<Placemark>
<name>Béning</name>
<description><![CDATA[<div class="kmldesc"><b>RE90</b> Saarbrücken-Düsseldorf<br/>Richtung Düsseldorf Hauptbahnhof: an xx:06 / ab xx:08<br/>Richtung Saarbrücken Hauptbahnhof: an xx:34 / ab xx:36<br/><i>Regionaler Bahnknoten</i></div><style>@media (prefers-color-scheme: dark) {html,body,.kmldesc{background:#1b1b1b !important;color:#e8e8e8 !important;}.kmldesc a{color:#8ab4f8 !important;}}</style>]]></description>
<LookAt><longitude>6.8284737</longitude><latitude>49.1382851</latitude><altitude>0</altitude><heading>0</heading><tilt>0</tilt><range>2500</range><altitudeMode>clampToGround</altitudeMode></LookAt>
<styleUrl>#stationPinNoLabel</styleUrl>
<Point><coordinates>6.8284737,49.1382851,0</coordinates></Point>
</Placemark>
<Placemark>
<name>Bergen auf Rügen</name>
<description><![CDATA[<div class="kmldesc"><b>RE91</b> Sassnitz/Ostseebad Binz-Bremerhaven<br/>Richtung Bremerhaven-Lehe (Flügelzug): an xx:06 / ab xx:16<br/>Richtung Sassnitz/Ostseebad Binz: an xx:48 / ab xx:58<br/><i>Flügelungsknoten 1: Kuppeln</i></div><style>@media (prefers-color-scheme: dark) {html,body,.kmldesc{background:#1b1b1b !important;color:#e8e8e8 !important;}.kmldesc a{color:#8ab4f8 !important;}}</style>]]></description>
<LookAt><longitude>13.4186019</longitude><latitude>54.4207415</latitude><altitude>0</altitude><heading>0</heading><tilt>0</tilt><range>2500</range><altitudeMode>clampToGround</altitudeMode></LookAt>
<styleUrl>#stationPinNoLabel</styleUrl>
<Point><coordinates>13.4186019,54.4207415,0</coordinates></Point>
</Placemark>
<Placemark>
<name>Berlin Alexanderplatz</name>
<description><![CDATA[<div class="kmldesc"><b>RE11</b> Frankfurt(Oder)-Leipzig<br/>Richtung Leipzig Hauptbahnhof: an xx:10 / ab xx:11<br/>Richtung Frankfurt (Oder): an xx:49 / ab xx:50<br/><i>Innenstadthalt</i><br/><br/><b>RE77</b> Fredericia-Berlin Ostbahnhof<br/>Richtung Berlin Ostbahnhof: an xx:50 / ab xx:51<br/>Richtung Fredericia: an xx:08 / ab xx:09<br/><i>Innenstadthalt</i></div><style>@media (prefers-color-scheme: dark) {html,body,.kmldesc{background:#1b1b1b !important;color:#e8e8e8 !important;}.kmldesc a{color:#8ab4f8 !important;}}</style>]]></description>
<LookAt><longitude>13.4112804</longitude><latitude>52.5215661</latitude><altitude>0</altitude><heading>0</heading><tilt>0</tilt><range>2500</range><altitudeMode>clampToGround</altitudeMode></LookAt>
<styleUrl>#stationPinNoLabel</styleUrl>
<Point><coordinates>13.4112804,52.5215661,0</coordinates></Point>
</Placemark>
<Placemark>
<name>Berlin Friedrichstraße</name>
<description><![CDATA[<div class="kmldesc"><b>RE11</b> Frankfurt(Oder)-Leipzig<br/>Richtung Leipzig Hauptbahnhof: an xx:15 / ab xx:16<br/>Richtung Frankfurt (Oder): an xx:44 / ab xx:45<br/><i>Zentraler Umstieg</i><br/><br/><b>RE77</b> Fredericia-Berlin Ostbahnhof<br/>Richtung Berlin Ostbahnhof: an xx:45 / ab xx:46<br/>Richtung Fredericia: an xx:13 / ab xx:14<br/><i>Zentraler Umstieg</i></div><style>@media (prefers-color-scheme: dark) {html,body,.kmldesc{background:#1b1b1b !important;color:#e8e8e8 !important;}.kmldesc a{color:#8ab4f8 !important;}}</style>]]></description>
<LookAt><longitude>13.3869884</longitude><latitude>52.5201744</latitude><altitude>0</altitude><heading>0</heading><tilt>0</tilt><range>2500</range><altitudeMode>clampToGround</altitudeMode></LookAt>
<styleUrl>#stationPinNoLabel</styleUrl>
<Point><coordinates>13.3869884,52.5201744,0</coordinates></Point>
</Placemark>
<Placemark>
<name>Berlin Gesundbrunnen</name>
<description><![CDATA[<div class="kmldesc"><b>RE35</b> Zwickau-Warnemünde (Regionaltakt)<br/>Richtung Warnemünde: an xx:35 / ab xx:37<br/>Richtung Zwickau Hauptbahnhof: an xx:53 / ab xx:55<br/><i>Auslauf Fernbahntunnel</i><br/><br/><b>RE35X</b> Zwickau-Warnemünde (System-Express)<br/>Richtung Warnemünde: an xx:19 / ab xx:21<br/>Richtung Zwickau Hauptbahnhof: an xx:53 / ab xx:55<br/><i>Auslauf Fernbahntunnel</i></div><style>@media (prefers-color-scheme: dark) {html,body,.kmldesc{background:#1b1b1b !important;color:#e8e8e8 !important;}.kmldesc a{color:#8ab4f8 !important;}}</style>]]></description>
<LookAt><longitude>13.3902169</longitude><latitude>52.5486453</latitude><altitude>0</altitude><heading>0</heading><tilt>0</tilt><range>2500</range><altitudeMode>clampToGround</altitudeMode></LookAt>
<styleUrl>#stationPinNoLabel</styleUrl>
<Point><coordinates>13.3902169,52.5486453,0</coordinates></Point>
</Placemark>
<Placemark>
<name>Berlin Hauptbahnhof</name>
<description><![CDATA[<div class="kmldesc"><b>RE11</b> Frankfurt(Oder)-Leipzig<br/>Richtung Leipzig Hauptbahnhof: an xx:19 / ab xx:22<br/>Richtung Frankfurt (Oder): an xx:38 / ab xx:41<br/><i>Hauptstadtknoten</i><br/><br/><b>RE35</b> Zwickau-Warnemünde (Regionaltakt)<br/>Richtung Warnemünde: an xx:27 / ab xx:30<br/>Richtung Zwickau Hauptbahnhof: an xx:00 / ab xx:03<br/><i>Hauptbahnhof-Achse</i><br/><br/><b>RE35X</b> Zwickau-Warnemünde (System-Express)<br/>Richtung Warnemünde: an xx:11 / ab xx:14<br/>Richtung Zwickau Hauptbahnhof: an xx:00 / ab xx:03<br/><i>Hauptbahnhof-Achse</i><br/><br/><b>RE45</b> Cottbus-Travemünde<br/>Richtung Travemünde Strand: an xx:47 / ab xx:50<br/>Richtung Cottbus Hauptbahnhof: an xx:11 / ab xx:14<br/><i>Hauptbahnhof-Achse Berlin</i><br/><br/><b>RE46</b> Esbjerg-Berlin Südkreuz<br/>Richtung Berlin Südkreuz: an xx:04 / ab xx:07<br/>Richtung Esbjerg: an xx:52 / ab xx:55<br/><i>Nord-Süd-Fernbahntunnel</i><br/><br/><b>RE77</b> Fredericia-Berlin Ostbahnhof<br/>Richtung Berlin Ostbahnhof: an xx:39 / ab xx:42<br/>Richtung Fredericia: an xx:17 / ab xx:20<br/><i>Stadtbahn regional</i><br/><br/><b>RE71</b> Brandenburg Hbf-Hel<br/>Richtung Hel: an xx:47 / ab xx:53<br/>Richtung Brandenburg Hbf: an xx:21 / ab xx:27<br/><i>Kreuzungsfreie Durchfahrt ohne Kopfmachen, Gleis 1-8 (430m)</i></div><style>@media (prefers-color-scheme: dark) {html,body,.kmldesc{background:#1b1b1b !important;color:#e8e8e8 !important;}.kmldesc a{color:#8ab4f8 !important;}}</style>]]></description>
<LookAt><longitude>13.3696614</longitude><latitude>52.5249451</latitude><altitude>0</altitude><heading>0</heading><tilt>0</tilt><range>2500</range><altitudeMode>clampToGround</altitudeMode></LookAt>
<styleUrl>#stationPinNoLabel</styleUrl>
<Point><coordinates>13.3696614,52.5249451,0</coordinates></Point>
</Placemark>
<Placemark>
<name>Berlin Ostbahnhof</name>
<description><![CDATA[<div class="kmldesc"><b>RE11</b> Frankfurt(Oder)-Leipzig<br/>Richtung Leipzig Hauptbahnhof: an xx:04 / ab xx:06<br/>Richtung Frankfurt (Oder): an xx:54 / ab xx:56<br/><i>Stadtbahnhalt</i><br/><br/><b>RE77</b> Fredericia-Berlin Ostbahnhof<br/>Richtung Berlin Ostbahnhof: an xx:55<br/>Richtung Fredericia: ab xx:04<br/><i>Endstation</i></div><style>@media (prefers-color-scheme: dark) {html,body,.kmldesc{background:#1b1b1b !important;color:#e8e8e8 !important;}.kmldesc a{color:#8ab4f8 !important;}}</style>]]></description>
<LookAt><longitude>13.4349112</longitude><latitude>52.5103817</latitude><altitude>0</altitude><heading>0</heading><tilt>0</tilt><range>2500</range><altitudeMode>clampToGround</altitudeMode></LookAt>
<styleUrl>#stationPinNoLabel</styleUrl>
<Point><coordinates>13.4349112,52.5103817,0</coordinates></Point>
</Placemark>
<Placemark>
<name>Berlin Potsdamer Platz</name>
<description><![CDATA[<div class="kmldesc"><b>RE45</b> Cottbus-Travemünde<br/>Richtung Travemünde Strand: an xx:42 / ab xx:43<br/><i>Tunnelstation</i><br/><br/><b>RE46</b> Esbjerg-Berlin Südkreuz<br/>Richtung Berlin Südkreuz: an xx:10 / ab xx:12<br/>Richtung Esbjerg: an xx:47 / ab xx:49<br/><i>Unterirdischer Metropolenhalt</i><br/><br/><b>RE71</b> Brandenburg Hbf-Hel<br/>Richtung Hel: an xx:57 / ab xx:59<br/>Richtung Brandenburg Hbf: an xx:15 / ab xx:17<br/><i>Nord-Süd-Tunnel, absolute Systemgrenze 210m</i></div><style>@media (prefers-color-scheme: dark) {html,body,.kmldesc{background:#1b1b1b !important;color:#e8e8e8 !important;}.kmldesc a{color:#8ab4f8 !important;}}</style>]]></description>
<LookAt><longitude>13.3766399</longitude><latitude>52.5094035</latitude><altitude>0</altitude><heading>0</heading><tilt>0</tilt><range>2500</range><altitudeMode>clampToGround</altitudeMode></LookAt>
<styleUrl>#stationPinNoLabel</styleUrl>
<Point><coordinates>13.3766399,52.5094035,0</coordinates></Point>
</Placemark>
<Placemark>
<name>Berlin Südkreuz</name>
<description><![CDATA[<div class="kmldesc"><b>RE35</b> Zwickau-Warnemünde (Regionaltakt)<br/>Richtung Warnemünde: an xx:20 / ab xx:22<br/>Richtung Zwickau Hauptbahnhof: an xx:08 / ab xx:10<br/><i>Einlauf Nord-Süd-Fernbahntunnel</i><br/><br/><b>RE35X</b> Zwickau-Warnemünde (System-Express)<br/>Richtung Warnemünde: an xx:04 / ab xx:06<br/>Richtung Zwickau Hauptbahnhof: an xx:08 / ab xx:10<br/><i>Anhalter Bahn, 200 km/h ETCS L2</i><br/><br/><b>RE45</b> Cottbus-Travemünde<br/>Richtung Travemünde Strand: an xx:36 / ab xx:38<br/>Richtung Cottbus Hauptbahnhof: an xx:23 / ab xx:25<br/><i>Einlauf Nord-Süd-Fernbahntunnel</i><br/><br/><b>RE46</b> Esbjerg-Berlin Südkreuz<br/>Richtung Berlin Südkreuz: an xx:17<br/>Richtung Esbjerg: ab xx:42<br/><i>Endbahnhof</i></div><style>@media (prefers-color-scheme: dark) {html,body,.kmldesc{background:#1b1b1b !important;color:#e8e8e8 !important;}.kmldesc a{color:#8ab4f8 !important;}}</style>]]></description>
<LookAt><longitude>13.3660396</longitude><latitude>52.4765716</latitude><altitude>0</altitude><heading>0</heading><tilt>0</tilt><range>2500</range><altitudeMode>clampToGround</altitudeMode></LookAt>
<styleUrl>#stationPinNoLabel</styleUrl>
<Point><coordinates>13.3660396,52.4765716,0</coordinates></Point>
</Placemark>
<Placemark>
<name>Berlin Zoologischer Garten</name>
<description><![CDATA[<div class="kmldesc"><b>RE11</b> Frankfurt(Oder)-Leipzig<br/>Richtung Leipzig Hauptbahnhof: an xx:27 / ab xx:29<br/>Richtung Frankfurt (Oder): an xx:31 / ab xx:33<br/><i>City West</i></div><style>@media (prefers-color-scheme: dark) {html,body,.kmldesc{background:#1b1b1b !important;color:#e8e8e8 !important;}.kmldesc a{color:#8ab4f8 !important;}}</style>]]></description>
<LookAt><longitude>13.3325608</longitude><latitude>52.5074342</latitude><altitude>0</altitude><heading>0</heading><tilt>0</tilt><range>2500</range><altitudeMode>clampToGround</altitudeMode></LookAt>
<styleUrl>#stationPinNoLabel</styleUrl>
<Point><coordinates>13.3325608,52.5074342,0</coordinates></Point>
</Placemark>
<Placemark>
<name>Berlin-Charlottenburg</name>
<description><![CDATA[<div class="kmldesc"><b>RE11</b> Frankfurt(Oder)-Leipzig<br/>Richtung Leipzig Hauptbahnhof: an xx:33 / ab xx:34<br/>Richtung Frankfurt (Oder): an xx:26 / ab xx:27<br/><i>Stadtbahnhalt</i></div><style>@media (prefers-color-scheme: dark) {html,body,.kmldesc{background:#1b1b1b !important;color:#e8e8e8 !important;}.kmldesc a{color:#8ab4f8 !important;}}</style>]]></description>
<LookAt><longitude>13.3026447</longitude><latitude>52.5043157</latitude><altitude>0</altitude><heading>0</heading><tilt>0</tilt><range>2500</range><altitudeMode>clampToGround</altitudeMode></LookAt>
<styleUrl>#stationPinNoLabel</styleUrl>
<Point><coordinates>13.3026447,52.5043157,0</coordinates></Point>
</Placemark>
<Placemark>
<name>Berlin-Ostkreuz</name>
<description><![CDATA[<div class="kmldesc"><b>RE11</b> Frankfurt(Oder)-Leipzig<br/>Richtung Leipzig Hauptbahnhof: an xx:58 / ab xx:00<br/>Richtung Frankfurt (Oder): an xx:00 / ab xx:02<br/><i>Berliner Ringbahn-Knoten</i></div><style>@media (prefers-color-scheme: dark) {html,body,.kmldesc{background:#1b1b1b !important;color:#e8e8e8 !important;}.kmldesc a{color:#8ab4f8 !important;}}</style>]]></description>
<LookAt><longitude>13.4696738</longitude><latitude>52.5028779</latitude><altitude>0</altitude><heading>0</heading><tilt>0</tilt><range>2500</range><altitudeMode>clampToGround</altitudeMode></LookAt>
<styleUrl>#stationPinNoLabel</styleUrl>
<Point><coordinates>13.4696738,52.5028779,0</coordinates></Point>
</Placemark>
<Placemark>
<name>Berlin-Spandau</name>
<description><![CDATA[<div class="kmldesc"><b>RE45</b> Cottbus-Travemünde<br/>Richtung Travemünde Strand: an xx:01 / ab xx:03<br/>Richtung Cottbus Hauptbahnhof: an xx:58 / ab xx:00<br/><i>Auslauf Berliner Stadtgebiet</i><br/><br/><b>RE46</b> Esbjerg-Berlin Südkreuz<br/>Richtung Berlin Südkreuz: an xx:51 / ab xx:54<br/>Richtung Esbjerg: an xx:05 / ab xx:08<br/><i>Einlauf Berliner Bahnen</i><br/><br/><b>RE77</b> Fredericia-Berlin Ostbahnhof<br/>Richtung Berlin Ostbahnhof: an xx:25 / ab xx:27<br/>Richtung Fredericia: an xx:32 / ab xx:34<br/><i>Einfädelung Berlin</i></div><style>@media (prefers-color-scheme: dark) {html,body,.kmldesc{background:#1b1b1b !important;color:#e8e8e8 !important;}.kmldesc a{color:#8ab4f8 !important;}}</style>]]></description>
<LookAt><longitude>13.1956287</longitude><latitude>52.5347694</latitude><altitude>0</altitude><heading>0</heading><tilt>0</tilt><range>2500</range><altitudeMode>clampToGround</altitudeMode></LookAt>
<styleUrl>#stationPinNoLabel</styleUrl>
<Point><coordinates>13.1956287,52.5347694,0</coordinates></Point>
</Placemark>
<Placemark>
<name>Berlin-Wannsee</name>
<description><![CDATA[<div class="kmldesc"><b>RE11</b> Frankfurt(Oder)-Leipzig<br/>Richtung Leipzig Hauptbahnhof: an xx:44 / ab xx:45<br/>Richtung Frankfurt (Oder): an xx:15 / ab xx:16<br/><i>Stadtbahnhalt</i><br/><br/><b>RE71</b> Brandenburg Hbf-Hel<br/>Richtung Hel: an xx:30 / ab xx:32<br/>Richtung Brandenburg Hbf: an xx:42 / ab xx:44<br/><i>Gleis 5/6, reichlich Puffer (340m)</i></div><style>@media (prefers-color-scheme: dark) {html,body,.kmldesc{background:#1b1b1b !important;color:#e8e8e8 !important;}.kmldesc a{color:#8ab4f8 !important;}}</style>]]></description>
<LookAt><longitude>13.1800603</longitude><latitude>52.421199</latitude><altitude>0</altitude><heading>0</heading><tilt>0</tilt><range>2500</range><altitudeMode>clampToGround</altitudeMode></LookAt>
<styleUrl>#stationPinNoLabel</styleUrl>
<Point><coordinates>13.1800603,52.421199,0</coordinates></Point>
</Placemark>
<Placemark>
<name>Bernau (b Berlin)</name>
<description><![CDATA[<div class="kmldesc"><b>RE35</b> Zwickau-Warnemünde (Regionaltakt)<br/>Richtung Warnemünde: an xx:49 / ab xx:50<br/>Richtung Zwickau Hauptbahnhof: an xx:40 / ab xx:41<br/><i>Kritischer Halt, Bahnsteig 160m</i><br/><br/><b>RE71</b> Brandenburg Hbf-Hel<br/>Richtung Hel: an xx:52 / ab xx:54<br/>Richtung Brandenburg Hbf: an xx:20 / ab xx:22<br/><i>Gleis 4/5, Punktlandung 211m</i></div><style>@media (prefers-color-scheme: dark) {html,body,.kmldesc{background:#1b1b1b !important;color:#e8e8e8 !important;}.kmldesc a{color:#8ab4f8 !important;}}</style>]]></description>
<LookAt><longitude>13.5919415</longitude><latitude>52.6753854</latitude><altitude>0</altitude><heading>0</heading><tilt>0</tilt><range>2500</range><altitudeMode>clampToGround</altitudeMode></LookAt>
<styleUrl>#stationPinNoLabel</styleUrl>
<Point><coordinates>13.5919415,52.6753854,0</coordinates></Point>
</Placemark>
<Placemark>
<name>Bestwig</name>
<description><![CDATA[<div class="kmldesc"><b>RE30</b> Leeuwarden-Winterberg/Düsseldorf<br/>Richtung Winterberg (Westf): an xx:57 / ab xx:59<br/>Richtung Leeuwarden: an xx:19 / ab xx:21<br/><i>Obere Ruhrtalbahn</i></div><style>@media (prefers-color-scheme: dark) {html,body,.kmldesc{background:#1b1b1b !important;color:#e8e8e8 !important;}.kmldesc a{color:#8ab4f8 !important;}}</style>]]></description>
<LookAt><longitude>8.397973</longitude><latitude>51.3617785</latitude><altitude>0</altitude><heading>0</heading><tilt>0</tilt><range>2500</range><altitudeMode>clampToGround</altitudeMode></LookAt>
<styleUrl>#stationPinNoLabel</styleUrl>
<Point><coordinates>8.3979730,51.3617785,0</coordinates></Point>
</Placemark>
<Placemark>
<name>Bettembourg</name>
<description><![CDATA[<div class="kmldesc"><b>RE90</b> Saarbrücken-Düsseldorf<br/>Richtung Düsseldorf Hauptbahnhof: an xx:19 / ab xx:21<br/>Richtung Saarbrücken Hauptbahnhof: an xx:21 / ab xx:23<br/><i>Grenz- und Umsteigebahnhof CFL</i></div><style>@media (prefers-color-scheme: dark) {html,body,.kmldesc{background:#1b1b1b !important;color:#e8e8e8 !important;}.kmldesc a{color:#8ab4f8 !important;}}</style>]]></description>
<LookAt><longitude>6.1015534</longitude><latitude>49.5165388</latitude><altitude>0</altitude><heading>0</heading><tilt>0</tilt><range>2500</range><altitudeMode>clampToGround</altitudeMode></LookAt>
<styleUrl>#stationPinNoLabel</styleUrl>
<Point><coordinates>6.1015534,49.5165388,0</coordinates></Point>
</Placemark>
<Placemark>
<name>Biberach (Riß)</name>
<description><![CDATA[<div class="kmldesc"><b>RE94</b> Plzeň-Zürich<br/>Richtung Zürich HB: an xx:10 / ab xx:11<br/>Richtung Plzeň hlavní nádraží: an xx:49 / ab xx:50<br/><i>Expresshalt, 212m Bahnsteig</i></div><style>@media (prefers-color-scheme: dark) {html,body,.kmldesc{background:#1b1b1b !important;color:#e8e8e8 !important;}.kmldesc a{color:#8ab4f8 !important;}}</style>]]></description>
<LookAt><longitude>9.7931144</longitude><latitude>48.101927</latitude><altitude>0</altitude><heading>0</heading><tilt>0</tilt><range>2500</range><altitudeMode>clampToGround</altitudeMode></LookAt>
<styleUrl>#stationPinNoLabel</styleUrl>
<Point><coordinates>9.7931144,48.101927,0</coordinates></Point>
</Placemark>
<Placemark>
<name>Bielefeld Hauptbahnhof</name>
<description><![CDATA[<div class="kmldesc"><b>RE17</b> Dortmund-Wilhelmshaven<br/>Richtung Wilhelmshaven: an xx:11 / ab xx:14<br/>Richtung Dortmund Hauptbahnhof: an xx:46 / ab xx:49<br/><i>Taktknoten, 30-Min-Takt zu RE6</i></div><style>@media (prefers-color-scheme: dark) {html,body,.kmldesc{background:#1b1b1b !important;color:#e8e8e8 !important;}.kmldesc a{color:#8ab4f8 !important;}}</style>]]></description>
<LookAt><longitude>8.5327135</longitude><latitude>52.0293323</latitude><altitude>0</altitude><heading>0</heading><tilt>0</tilt><range>2500</range><altitudeMode>clampToGround</altitudeMode></LookAt>
<styleUrl>#stationPinNoLabel</styleUrl>
<Point><coordinates>8.5327135,52.0293323,0</coordinates></Point>
</Placemark>
<Placemark>
<name>Bigge</name>
<description><![CDATA[<div class="kmldesc"><b>RE30</b> Leeuwarden-Winterberg/Düsseldorf<br/>Richtung Winterberg (Westf): an xx:07 / ab xx:08<br/>Richtung Leeuwarden: an xx:10 / ab xx:11<br/><i>Nuttetalbahn, eingleisig, Vmax 60-80 km/h</i></div><style>@media (prefers-color-scheme: dark) {html,body,.kmldesc{background:#1b1b1b !important;color:#e8e8e8 !important;}.kmldesc a{color:#8ab4f8 !important;}}</style>]]></description>
<LookAt><longitude>8.4762649</longitude><latitude>51.3579514</latitude><altitude>0</altitude><heading>0</heading><tilt>0</tilt><range>2500</range><altitudeMode>clampToGround</altitudeMode></LookAt>
<styleUrl>#stationPinNoLabel</styleUrl>
<Point><coordinates>8.4762649,51.3579514,0</coordinates></Point>
</Placemark>
<Placemark>
<name>Bingen (Rhein) Hbf</name>
<description><![CDATA[<div class="kmldesc"><b>RE5</b> Arnhem-Frankfurt<br/>Richtung Frankfurt (Main) Hbf: an xx:02 / ab xx:03<br/>Richtung Arnhem Centraal: an xx:00 / ab xx:01<br/><i>Bacharach entfällt</i></div><style>@media (prefers-color-scheme: dark) {html,body,.kmldesc{background:#1b1b1b !important;color:#e8e8e8 !important;}.kmldesc a{color:#8ab4f8 !important;}}</style>]]></description>
<LookAt><longitude>7.8834854</longitude><latitude>49.9688103</latitude><altitude>0</altitude><heading>0</heading><tilt>0</tilt><range>2500</range><altitudeMode>clampToGround</altitudeMode></LookAt>
<styleUrl>#stationPinNoLabel</styleUrl>
<Point><coordinates>7.8834854,49.9688103,0</coordinates></Point>
</Placemark>
<Placemark>
<name>Blankenstein Burg</name>
<description><![CDATA[<div class="kmldesc"><b>S30</b> Essen Hbf-Lüdenscheid Hbf<br/>Richtung Lüdenscheid Hbf: an xx:24 / ab xx:24<br/>Richtung Essen Hauptbahnhof: an xx:05 / ab xx:05<br/><i>Reaktivierter Halt unterhalb der Burgruine</i></div><style>@media (prefers-color-scheme: dark) {html,body,.kmldesc{background:#1b1b1b !important;color:#e8e8e8 !important;}.kmldesc a{color:#8ab4f8 !important;}}</style>]]></description>
<LookAt><longitude>7.2304775</longitude><latitude>51.4070876</latitude><altitude>0</altitude><heading>0</heading><tilt>0</tilt><range>2500</range><altitudeMode>clampToGround</altitudeMode></LookAt>
<styleUrl>#stationPinNoLabel</styleUrl>
<Point><coordinates>7.2304775,51.4070876,0</coordinates></Point>
</Placemark>
<Placemark>
<name>Blerick</name>
<description><![CDATA[<div class="kmldesc"><b>RB37</b> Arnhem Centraal-Bochum Hbf<br/>Richtung Bochum Hauptbahnhof: an xx:24 / ab xx:25<br/>Richtung Arnhem Centraal: an xx:34 / ab xx:35<br/><i>Letzter Halt in den Niederlanden</i></div><style>@media (prefers-color-scheme: dark) {html,body,.kmldesc{background:#1b1b1b !important;color:#e8e8e8 !important;}.kmldesc a{color:#8ab4f8 !important;}}</style>]]></description>
<LookAt><longitude>6.155296</longitude><latitude>51.3724162</latitude><altitude>0</altitude><heading>0</heading><tilt>0</tilt><range>2500</range><altitudeMode>clampToGround</altitudeMode></LookAt>
<styleUrl>#stationPinNoLabel</styleUrl>
<Point><coordinates>6.155296,51.3724162,0</coordinates></Point>
</Placemark>
<Placemark>
<name>Bochum Hauptbahnhof</name>
<description><![CDATA[<div class="kmldesc"><b>RB37</b> Arnhem Centraal-Bochum Hbf<br/>Richtung Bochum Hauptbahnhof: an xx:42<br/>Richtung Arnhem Centraal: ab xx:17<br/><i>Endbahnhof im Ruhrgebiet</i><br/><br/><b>RE32</b> Kassel-Wilhelmshöhe-Roermond<br/>Richtung Roermond: an xx:01 / ab xx:03<br/>Richtung Kassel-Wilhelmshöhe: an xx:54 / ab xx:56<br/><i>Systemhalt Ruhrgebiet</i><br/><br/><b>RE40</b> Essen-Frankfurt<br/>Richtung Frankfurt (Main) Hbf: an xx:20 / ab xx:22<br/>Richtung Essen Hauptbahnhof: an xx:38 / ab xx:40<br/><i>Metropolen-Systemhalt</i><br/><br/><b>RE9</b> Bremerhaven-Dortmund<br/>Richtung Dortmund Hauptbahnhof: an xx:54 / ab xx:56<br/>Richtung Bremerhaven-Lehe: an xx:04 / ab xx:06<br/><i>Systemhalt mittleres Ruhrgebiet</i><br/><br/><b>S10</b> Ringbahn Ruhrgebiet<br/>Richtung Innenring (Gleis 2): an xx:37 / ab xx:39<br/>Richtung Außenring (Gleis 7): an xx:42 / ab xx:44<br/><i>Doppelter Kreuzungspunkt der Achterschleife (1. Durchfahrt)</i><br/><br/><b>S10</b> Ringbahn Ruhrgebiet<br/>Richtung Innenring (Gleis 8): an xx:57 / ab xx:59<br/>Richtung Außenring (Gleis 2): an xx:03 / ab xx:05<br/><i>Doppelter Kreuzungspunkt der Achterschleife (2. Durchfahrt)</i></div><style>@media (prefers-color-scheme: dark) {html,body,.kmldesc{background:#1b1b1b !important;color:#e8e8e8 !important;}.kmldesc a{color:#8ab4f8 !important;}}</style>]]></description>
<LookAt><longitude>7.2232341</longitude><latitude>51.4785335</latitude><altitude>0</altitude><heading>0</heading><tilt>0</tilt><range>2500</range><altitudeMode>clampToGround</altitudeMode></LookAt>
<styleUrl>#stationPinNoLabel</styleUrl>
<Point><coordinates>7.2232341,51.4785335,0</coordinates></Point>
</Placemark>
<Placemark>
<name>Bochum West</name>
<description><![CDATA[<div class="kmldesc"><b>S10</b> Ringbahn Ruhrgebiet<br/>Richtung Innenring: an xx:44 / ab xx:44<br/>Richtung Außenring: an xx:58 / ab xx:58<br/><i>Bahnstrecke Bochum-Gelsenkirchen (RB46)</i></div><style>@media (prefers-color-scheme: dark) {html,body,.kmldesc{background:#1b1b1b !important;color:#e8e8e8 !important;}.kmldesc a{color:#8ab4f8 !important;}}</style>]]></description>
<LookAt><longitude>7.2111833</longitude><latitude>51.4815762</latitude><altitude>0</altitude><heading>0</heading><tilt>0</tilt><range>2500</range><altitudeMode>clampToGround</altitudeMode></LookAt>
<styleUrl>#stationPinNoLabel</styleUrl>
<Point><coordinates>7.2111833,51.4815762,0</coordinates></Point>
</Placemark>
<Placemark>
<name>Bochum-Bermuda3eck</name>
<description><![CDATA[<div class="kmldesc"><b>S10</b> Ringbahn Ruhrgebiet<br/>Richtung Innenring: an xx:41 / ab xx:42<br/>Richtung Außenring: an xx:00 / ab xx:01<br/><i>Neuer Hochbahnhof auf verbreitertem Viadukt</i></div><style>@media (prefers-color-scheme: dark) {html,body,.kmldesc{background:#1b1b1b !important;color:#e8e8e8 !important;}.kmldesc a{color:#8ab4f8 !important;}}</style>]]></description>
<LookAt><longitude>7.2168092</longitude><latitude>51.4771705</latitude><altitude>0</altitude><heading>0</heading><tilt>0</tilt><range>2500</range><altitudeMode>clampToGround</altitudeMode></LookAt>
<styleUrl>#stationPinNoLabel</styleUrl>
<Point><coordinates>7.2168092,51.4771705,0</coordinates></Point>
</Placemark>
<Placemark>
<name>Bochum-Dahlhausen</name>
<description><![CDATA[<div class="kmldesc"><b>S3</b> Essen Hbf-Hattingen Mitte<br/>Richtung Hattingen Mitte: an xx:29 / ab xx:30<br/>Richtung Essen Hauptbahnhof: an xx:22 / ab xx:23<br/><i>Liegt auf Bochumer Stadtgebiet</i><br/><br/><b>S30</b> Essen Hbf-Lüdenscheid Hbf<br/>Richtung Lüdenscheid Hbf: an xx:14 / ab xx:15<br/>Richtung Essen Hauptbahnhof: an xx:15 / ab xx:16<br/><i>Liegt auf Bochumer Stadtgebiet</i></div><style>@media (prefers-color-scheme: dark) {html,body,.kmldesc{background:#1b1b1b !important;color:#e8e8e8 !important;}.kmldesc a{color:#8ab4f8 !important;}}</style>]]></description>
<LookAt><longitude>7.1407653</longitude><latitude>51.4263805</latitude><altitude>0</altitude><heading>0</heading><tilt>0</tilt><range>2500</range><altitudeMode>clampToGround</altitudeMode></LookAt>
<styleUrl>#stationPinNoLabel</styleUrl>
<Point><coordinates>7.1407653,51.4263805,0</coordinates></Point>
</Placemark>
<Placemark>
<name>Bochum-Hamme</name>
<description><![CDATA[<div class="kmldesc"><b>S10</b> Ringbahn Ruhrgebiet<br/>Richtung Innenring: an xx:46 / ab xx:46<br/>Richtung Außenring: an xx:56 / ab xx:56<br/><i>Bahnstrecke Bochum-Gelsenkirchen (RB46)</i></div><style>@media (prefers-color-scheme: dark) {html,body,.kmldesc{background:#1b1b1b !important;color:#e8e8e8 !important;}.kmldesc a{color:#8ab4f8 !important;}}</style>]]></description>
<LookAt><longitude>7.2011276</longitude><latitude>51.4911657</latitude><altitude>0</altitude><heading>0</heading><tilt>0</tilt><range>2500</range><altitudeMode>clampToGround</altitudeMode></LookAt>
<styleUrl>#stationPinNoLabel</styleUrl>
<Point><coordinates>7.2011276,51.4911657,0</coordinates></Point>
</Placemark>
<Placemark>
<name>Bochum-Höntrop</name>
<description><![CDATA[<div class="kmldesc"><b>RE40</b> Essen-Frankfurt<br/>Richtung Frankfurt (Main) Hbf: an xx:14 / ab xx:15<br/>Richtung Essen Hauptbahnhof: an xx:45 / ab xx:46<br/><i>Regionalhalt, 145m Bahnsteig-Check</i><br/><br/><b>S10</b> Ringbahn Ruhrgebiet<br/>Richtung Innenring: an xx:48 / ab xx:48<br/>Richtung Außenring: an xx:53 / ab xx:53<br/><i>Bahnstrecke Witten/Dortmund-Oberhausen</i></div><style>@media (prefers-color-scheme: dark) {html,body,.kmldesc{background:#1b1b1b !important;color:#e8e8e8 !important;}.kmldesc a{color:#8ab4f8 !important;}}</style>]]></description>
<LookAt><longitude>7.1533882</longitude><latitude>51.4598402</latitude><altitude>0</altitude><heading>0</heading><tilt>0</tilt><range>2500</range><altitudeMode>clampToGround</altitudeMode></LookAt>
<styleUrl>#stationPinNoLabel</styleUrl>
<Point><coordinates>7.1533882,51.4598402,0</coordinates></Point>
</Placemark>
<Placemark>
<name>Bochum-Kohlenstraße</name>
<description><![CDATA[<div class="kmldesc"><b>S10</b> Ringbahn Ruhrgebiet<br/>Richtung Innenring: an xx:51 / ab xx:51<br/>Richtung Außenring: an xx:50 / ab xx:50<br/><i>Neuer Dammbahnhof an S1-Bestandstrasse</i></div><style>@media (prefers-color-scheme: dark) {html,body,.kmldesc{background:#1b1b1b !important;color:#e8e8e8 !important;}.kmldesc a{color:#8ab4f8 !important;}}</style>]]></description>
<LookAt><longitude>7.1992418</longitude><latitude>51.4629275</latitude><altitude>0</altitude><heading>0</heading><tilt>0</tilt><range>2500</range><altitudeMode>clampToGround</altitudeMode></LookAt>
<styleUrl>#stationPinNoLabel</styleUrl>
<Point><coordinates>7.1992418,51.4629275,0</coordinates></Point>
</Placemark>
<Placemark>
<name>Bochum-Langendreer</name>
<description><![CDATA[<div class="kmldesc"><b>RB37</b> Arnhem Centraal-Bochum Hbf<br/>Richtung Bochum Hauptbahnhof: an xx:37 / ab xx:38<br/>Richtung Arnhem Centraal: an xx:21 / ab xx:22<br/><i>S-Bahn-Knotenpunkt</i><br/><br/><b>S10</b> Ringbahn Ruhrgebiet<br/>Richtung Innenring: an xx:32 / ab xx:32<br/>Richtung Außenring: an xx:10 / ab xx:10<br/><i>S1-Stammstrecke (1. Durchfahrt)</i><br/><br/><b>S10</b> Ringbahn Ruhrgebiet<br/>Richtung Innenring: an xx:04 / ab xx:04<br/>Richtung Außenring: an xx:10 / ab xx:10<br/><i>S5-Trasse VzG 2140 (2. Durchfahrt)</i></div><style>@media (prefers-color-scheme: dark) {html,body,.kmldesc{background:#1b1b1b !important;color:#e8e8e8 !important;}.kmldesc a{color:#8ab4f8 !important;}}</style>]]></description>
<LookAt><longitude>7.3236316</longitude><latitude>51.4779837</latitude><altitude>0</altitude><heading>0</heading><tilt>0</tilt><range>2500</range><altitudeMode>clampToGround</altitudeMode></LookAt>
<styleUrl>#stationPinNoLabel</styleUrl>
<Point><coordinates>7.3236316,51.4779837,0</coordinates></Point>
</Placemark>
<Placemark>
<name>Bochum-Langendreer West</name>
<description><![CDATA[<div class="kmldesc"><b>S10</b> Ringbahn Ruhrgebiet<br/>Richtung Innenring: an xx:34 / ab xx:34<br/>Richtung Außenring: an xx:08 / ab xx:08<br/><i>S1-Stammstrecke (1. Durchfahrt)</i><br/><br/><b>S10</b> Ringbahn Ruhrgebiet<br/>Richtung Innenring: an xx:02 / ab xx:02<br/>Richtung Außenring: an xx:08 / ab xx:08<br/><i>S5-Trasse VzG 2140 (2. Durchfahrt)</i></div><style>@media (prefers-color-scheme: dark) {html,body,.kmldesc{background:#1b1b1b !important;color:#e8e8e8 !important;}.kmldesc a{color:#8ab4f8 !important;}}</style>]]></description>
<LookAt><longitude>7.3043713</longitude><latitude>51.4780252</latitude><altitude>0</altitude><heading>0</heading><tilt>0</tilt><range>2500</range><altitudeMode>clampToGround</altitudeMode></LookAt>
<styleUrl>#stationPinNoLabel</styleUrl>
<Point><coordinates>7.3043713,51.4780252,0</coordinates></Point>
</Placemark>
<Placemark>
<name>Bochum-Riemke</name>
<description><![CDATA[<div class="kmldesc"><b>S10</b> Ringbahn Ruhrgebiet<br/>Richtung Innenring: an xx:49 / ab xx:49<br/>Richtung Außenring: an xx:53 / ab xx:53<br/><i>Bahnstrecke Bochum-Gelsenkirchen (RB46)</i></div><style>@media (prefers-color-scheme: dark) {html,body,.kmldesc{background:#1b1b1b !important;color:#e8e8e8 !important;}.kmldesc a{color:#8ab4f8 !important;}}</style>]]></description>
<LookAt><longitude>7.2053105</longitude><latitude>51.5179147</latitude><altitude>0</altitude><heading>0</heading><tilt>0</tilt><range>2500</range><altitudeMode>clampToGround</altitudeMode></LookAt>
<styleUrl>#stationPinNoLabel</styleUrl>
<Point><coordinates>7.2053105,51.5179147,0</coordinates></Point>
</Placemark>
<Placemark>
<name>Bochum-Stahlhausen</name>
<description><![CDATA[<div class="kmldesc"><b>S10</b> Ringbahn Ruhrgebiet<br/>Richtung Innenring: an xx:54 / ab xx:54<br/>Richtung Außenring: an xx:47 / ab xx:47<br/><i>Neuer S-Bahn-Halt an S1-Bestandstrasse</i></div><style>@media (prefers-color-scheme: dark) {html,body,.kmldesc{background:#1b1b1b !important;color:#e8e8e8 !important;}.kmldesc a{color:#8ab4f8 !important;}}</style>]]></description>
<LookAt><longitude>7.2002245</longitude><latitude>51.4719515</latitude><altitude>0</altitude><heading>0</heading><tilt>0</tilt><range>2500</range><altitudeMode>clampToGround</altitudeMode></LookAt>
<styleUrl>#stationPinNoLabel</styleUrl>
<Point><coordinates>7.2002245,51.4719515,0</coordinates></Point>
</Placemark>
<Placemark>
<name>Böhlen (b Leipzig)</name>
<description><![CDATA[<div class="kmldesc"><b>RE24</b> Zwickau-Kassel<br/>Richtung Kassel Hauptbahnhof: an xx:57 / ab xx:58<br/>Richtung Zwickau Hauptbahnhof: an xx:57 / ab xx:58<br/><i>Regionalhalt</i></div><style>@media (prefers-color-scheme: dark) {html,body,.kmldesc{background:#1b1b1b !important;color:#e8e8e8 !important;}.kmldesc a{color:#8ab4f8 !important;}}</style>]]></description>
<LookAt><longitude>12.382051</longitude><latitude>51.2028739</latitude><altitude>0</altitude><heading>0</heading><tilt>0</tilt><range>2500</range><altitudeMode>clampToGround</altitudeMode></LookAt>
<styleUrl>#stationPinNoLabel</styleUrl>
<Point><coordinates>12.382051,51.2028739,0</coordinates></Point>
</Placemark>
<Placemark>
<name>Boisheim</name>
<description><![CDATA[<div class="kmldesc"><b>RB37</b> Arnhem Centraal-Bochum Hbf<br/>Richtung Bochum Hauptbahnhof: an xx:44 / ab xx:45<br/>Richtung Arnhem Centraal: an xx:15 / ab xx:16<br/><i>Engpass 165m Nutzlänge</i></div><style>@media (prefers-color-scheme: dark) {html,body,.kmldesc{background:#1b1b1b !important;color:#e8e8e8 !important;}.kmldesc a{color:#8ab4f8 !important;}}</style>]]></description>
<LookAt><longitude>6.2746487</longitude><latitude>51.2743564</latitude><altitude>0</altitude><heading>0</heading><tilt>0</tilt><range>2500</range><altitudeMode>clampToGround</altitudeMode></LookAt>
<styleUrl>#stationPinNoLabel</styleUrl>
<Point><coordinates>6.2746487,51.2743564,0</coordinates></Point>
</Placemark>
<Placemark>
<name>Bonn Hauptbahnhof</name>
<description><![CDATA[<div class="kmldesc"><b>RE5</b> Arnhem-Frankfurt<br/>Richtung Frankfurt (Main) Hbf: an xx:41 / ab xx:43<br/>Richtung Arnhem Centraal: an xx:21 / ab xx:23<br/><i>Ehemalige Bundeshauptstadt</i></div><style>@media (prefers-color-scheme: dark) {html,body,.kmldesc{background:#1b1b1b !important;color:#e8e8e8 !important;}.kmldesc a{color:#8ab4f8 !important;}}</style>]]></description>
<LookAt><longitude>7.0967647</longitude><latitude>50.7320436</latitude><altitude>0</altitude><heading>0</heading><tilt>0</tilt><range>2500</range><altitudeMode>clampToGround</altitudeMode></LookAt>
<styleUrl>#stationPinNoLabel</styleUrl>
<Point><coordinates>7.0967647,50.7320436,0</coordinates></Point>
</Placemark>
<Placemark>
<name>Boppard Hbf</name>
<description><![CDATA[<div class="kmldesc"><b>RE5</b> Arnhem-Frankfurt<br/>Richtung Frankfurt (Main) Hbf: an xx:35 / ab xx:36<br/>Richtung Arnhem Centraal: an xx:27 / ab xx:28<br/><i>Mittelrheintal</i></div><style>@media (prefers-color-scheme: dark) {html,body,.kmldesc{background:#1b1b1b !important;color:#e8e8e8 !important;}.kmldesc a{color:#8ab4f8 !important;}}</style>]]></description>
<LookAt><longitude>7.5860131</longitude><latitude>50.2314019</latitude><altitude>0</altitude><heading>0</heading><tilt>0</tilt><range>2500</range><altitudeMode>clampToGround</altitudeMode></LookAt>
<styleUrl>#stationPinNoLabel</styleUrl>
<Point><coordinates>7.5860131,50.2314019,0</coordinates></Point>
</Placemark>
<Placemark>
<name>Boxmeer</name>
<description><![CDATA[<div class="kmldesc"><b>RB37</b> Arnhem Centraal-Bochum Hbf<br/>Richtung Bochum Hauptbahnhof: an xx:02 / ab xx:03<br/>Richtung Arnhem Centraal: an xx:56 / ab xx:57<br/><i>Haltestellenlauf Maaslijn</i></div><style>@media (prefers-color-scheme: dark) {html,body,.kmldesc{background:#1b1b1b !important;color:#e8e8e8 !important;}.kmldesc a{color:#8ab4f8 !important;}}</style>]]></description>
<LookAt><longitude>5.9394902</longitude><latitude>51.6444502</latitude><altitude>0</altitude><heading>0</heading><tilt>0</tilt><range>2500</range><altitudeMode>clampToGround</altitudeMode></LookAt>
<styleUrl>#stationPinNoLabel</styleUrl>
<Point><coordinates>5.9394902,51.6444502,0</coordinates></Point>
</Placemark>
<Placemark>
<name>Bramming</name>
<description><![CDATA[<div class="kmldesc"><b>RE46</b> Esbjerg-Berlin Südkreuz<br/>Richtung Berlin Südkreuz: an xx:12 / ab xx:14<br/>Richtung Esbjerg: an xx:45 / ab xx:47<br/><i>Systemwechsel auf Akkubetrieb</i></div><style>@media (prefers-color-scheme: dark) {html,body,.kmldesc{background:#1b1b1b !important;color:#e8e8e8 !important;}.kmldesc a{color:#8ab4f8 !important;}}</style>]]></description>
<LookAt><longitude>8.706779</longitude><latitude>55.4647252</latitude><altitude>0</altitude><heading>0</heading><tilt>0</tilt><range>2500</range><altitudeMode>clampToGround</altitudeMode></LookAt>
<styleUrl>#stationPinNoLabel</styleUrl>
<Point><coordinates>8.706779,55.4647252,0</coordinates></Point>
</Placemark>
<Placemark>
<name>Bramsche</name>
<description><![CDATA[<div class="kmldesc"><b>RE17</b> Dortmund-Wilhelmshaven<br/>Richtung Wilhelmshaven: an xx:15 / ab xx:16<br/>Richtung Dortmund Hauptbahnhof: an xx:44 / ab xx:45<br/><i>Systemhalt Niedersachsen</i></div><style>@media (prefers-color-scheme: dark) {html,body,.kmldesc{background:#1b1b1b !important;color:#e8e8e8 !important;}.kmldesc a{color:#8ab4f8 !important;}}</style>]]></description>
<LookAt><longitude>7.9749336</longitude><latitude>52.4109547</latitude><altitude>0</altitude><heading>0</heading><tilt>0</tilt><range>2500</range><altitudeMode>clampToGround</altitudeMode></LookAt>
<styleUrl>#stationPinNoLabel</styleUrl>
<Point><coordinates>7.9749336,52.4109547,0</coordinates></Point>
</Placemark>
<Placemark>
<name>Brandenburg Hbf</name>
<description><![CDATA[<div class="kmldesc"><b>RE71</b> Brandenburg Hbf-Hel<br/>Richtung Hel: ab xx:00<br/>Richtung Brandenburg Hbf: an xx:14<br/><i>Taktstart als 5+3-Gesamtverband aus der Abstellung (278m Nutzlänge)</i></div><style>@media (prefers-color-scheme: dark) {html,body,.kmldesc{background:#1b1b1b !important;color:#e8e8e8 !important;}.kmldesc a{color:#8ab4f8 !important;}}</style>]]></description>
<LookAt><longitude>12.5657504</longitude><latitude>52.4004813</latitude><altitude>0</altitude><heading>0</heading><tilt>0</tilt><range>2500</range><altitudeMode>clampToGround</altitudeMode></LookAt>
<styleUrl>#stationPinNoLabel</styleUrl>
<Point><coordinates>12.5657504,52.4004813,0</coordinates></Point>
</Placemark>
<Placemark>
<name>Braunschweig Hauptbahnhof</name>
<description><![CDATA[<div class="kmldesc"><b>RE25</b> Cuxhaven-Magdeburg<br/>Richtung Magdeburg Hauptbahnhof: an xx:32 / ab xx:35<br/>Richtung Cuxhaven: an xx:13 / ab xx:16<br/><i>Korrespondenzknoten</i></div><style>@media (prefers-color-scheme: dark) {html,body,.kmldesc{background:#1b1b1b !important;color:#e8e8e8 !important;}.kmldesc a{color:#8ab4f8 !important;}}</style>]]></description>
<LookAt><longitude>10.5403354</longitude><latitude>52.2521444</latitude><altitude>0</altitude><heading>0</heading><tilt>0</tilt><range>2500</range><altitudeMode>clampToGround</altitudeMode></LookAt>
<styleUrl>#stationPinNoLabel</styleUrl>
<Point><coordinates>10.5403354,52.2521444,0</coordinates></Point>
</Placemark>
<Placemark>
<name>Bredstedt</name>
<description><![CDATA[<div class="kmldesc"><b>RE46</b> Esbjerg-Berlin Südkreuz<br/>Richtung Berlin Südkreuz: an xx:39 / ab xx:41<br/>Richtung Esbjerg: an xx:18 / ab xx:20<br/><i>Regelhalt Marschbahn</i></div><style>@media (prefers-color-scheme: dark) {html,body,.kmldesc{background:#1b1b1b !important;color:#e8e8e8 !important;}.kmldesc a{color:#8ab4f8 !important;}}</style>]]></description>
<LookAt><longitude>9.8242286</longitude><latitude>53.9903222</latitude><altitude>0</altitude><heading>0</heading><tilt>0</tilt><range>2500</range><altitudeMode>clampToGround</altitudeMode></LookAt>
<styleUrl>#stationPinNoLabel</styleUrl>
<Point><coordinates>9.8242286,53.9903222,0</coordinates></Point>
</Placemark>
<Placemark>
<name>Bregenz</name>
<description><![CDATA[<div class="kmldesc"><b>RE80</b> Chur-Saarbrücken<br/>Richtung Saarbrücken Hauptbahnhof: an xx:09 / ab xx:11<br/>Richtung Chur: an xx:44 / ab xx:46<br/><i>Letzter AT-Halt, Grenzübergang DE</i></div><style>@media (prefers-color-scheme: dark) {html,body,.kmldesc{background:#1b1b1b !important;color:#e8e8e8 !important;}.kmldesc a{color:#8ab4f8 !important;}}</style>]]></description>
<LookAt><longitude>9.7397629</longitude><latitude>47.5030195</latitude><altitude>0</altitude><heading>0</heading><tilt>0</tilt><range>2500</range><altitudeMode>clampToGround</altitudeMode></LookAt>
<styleUrl>#stationPinNoLabel</styleUrl>
<Point><coordinates>9.7397629,47.5030195,0</coordinates></Point>
</Placemark>
<Placemark>
<name>Bremen Hauptbahnhof</name>
<description><![CDATA[<div class="kmldesc"><b>RE7</b> Frankfurt-Bremen<br/>Richtung Bremen Hauptbahnhof: an xx:55<br/>Richtung Frankfurt (Main) Hauptbahnhof: ab xx:05<br/><i>Endstation, Anschluss RE9</i><br/><br/><b>RE9</b> Bremerhaven-Dortmund<br/>Richtung Dortmund Hauptbahnhof: an xx:20 / ab xx:25<br/>Richtung Bremerhaven-Lehe: an xx:35 / ab xx:40<br/><i>Großer Taktknoten Niedersachsen</i><br/><br/><b>RE90b</b> Kiel/Schönberger Strand-Groningen/Norddeich Mole<br/>Richtung Groningen / Norddeich Mole (Flügelzug): an xx:31 / ab xx:34<br/>Richtung Kiel Hbf/Schönberger Strand: an xx:17 / ab xx:20<br/><i>Großer Taktknoten</i></div><style>@media (prefers-color-scheme: dark) {html,body,.kmldesc{background:#1b1b1b !important;color:#e8e8e8 !important;}.kmldesc a{color:#8ab4f8 !important;}}</style>]]></description>
<LookAt><longitude>8.8137576</longitude><latitude>53.0832972</latitude><altitude>0</altitude><heading>0</heading><tilt>0</tilt><range>2500</range><altitudeMode>clampToGround</altitudeMode></LookAt>
<styleUrl>#stationPinNoLabel</styleUrl>
<Point><coordinates>8.8137576,53.0832972,0</coordinates></Point>
</Placemark>
<Placemark>
<name>Bremerhaven Hbf</name>
<description><![CDATA[<div class="kmldesc"><b>RE91</b> Sassnitz/Ostseebad Binz-Bremerhaven<br/>Richtung Bremerhaven-Lehe (Flügelzug): an xx:08 / ab xx:10<br/>Richtung Sassnitz/Ostseebad Binz: an xx:54 / ab xx:56<br/><i>Wieder unter Oberleitung</i></div><style>@media (prefers-color-scheme: dark) {html,body,.kmldesc{background:#1b1b1b !important;color:#e8e8e8 !important;}.kmldesc a{color:#8ab4f8 !important;}}</style>]]></description>
<LookAt><longitude>8.5993743</longitude><latitude>53.5350147</latitude><altitude>0</altitude><heading>0</heading><tilt>0</tilt><range>2500</range><altitudeMode>clampToGround</altitudeMode></LookAt>
<styleUrl>#stationPinNoLabel</styleUrl>
<Point><coordinates>8.5993743,53.5350147,0</coordinates></Point>
</Placemark>
<Placemark>
<name>Bremerhaven-Lehe</name>
<description><![CDATA[<div class="kmldesc"><b>RE9</b> Bremerhaven-Dortmund<br/>Richtung Dortmund Hauptbahnhof: ab xx:30<br/>Richtung Bremerhaven-Lehe: an xx:30<br/><i>Startbahnhof Wesermündung</i><br/><br/><b>RE91</b> Sassnitz/Ostseebad Binz-Bremerhaven<br/>Richtung Bremerhaven-Lehe (Flügelzug): an xx:15<br/>Richtung Sassnitz/Ostseebad Binz: ab xx:49<br/><i>Zugende, Abstellanlage</i></div><style>@media (prefers-color-scheme: dark) {html,body,.kmldesc{background:#1b1b1b !important;color:#e8e8e8 !important;}.kmldesc a{color:#8ab4f8 !important;}}</style>]]></description>
<LookAt><longitude>8.6006</longitude><latitude>53.5667574</latitude><altitude>0</altitude><heading>0</heading><tilt>0</tilt><range>2500</range><altitudeMode>clampToGround</altitudeMode></LookAt>
<styleUrl>#stationPinNoLabel</styleUrl>
<Point><coordinates>8.6006,53.5667574,0</coordinates></Point>
</Placemark>
<Placemark>
<name>Bremervörde</name>
<description><![CDATA[<div class="kmldesc"><b>RE91</b> Sassnitz/Ostseebad Binz-Bremerhaven<br/>Richtung Bremerhaven-Lehe (Flügelzug): an xx:36 / ab xx:38<br/>Richtung Sassnitz/Ostseebad Binz: an xx:26 / ab xx:28<br/><i>EVB-Netzknoten, Akkubetrieb</i></div><style>@media (prefers-color-scheme: dark) {html,body,.kmldesc{background:#1b1b1b !important;color:#e8e8e8 !important;}.kmldesc a{color:#8ab4f8 !important;}}</style>]]></description>
<LookAt><longitude>9.1401462</longitude><latitude>53.4830339</latitude><altitude>0</altitude><heading>0</heading><tilt>0</tilt><range>2500</range><altitudeMode>clampToGround</altitudeMode></LookAt>
<styleUrl>#stationPinNoLabel</styleUrl>
<Point><coordinates>9.1401462,53.4830339,0</coordinates></Point>
</Placemark>
<Placemark>
<name>Breyell</name>
<description><![CDATA[<div class="kmldesc"><b>RB37</b> Arnhem Centraal-Bochum Hbf<br/>Richtung Bochum Hauptbahnhof: an xx:41 / ab xx:42<br/>Richtung Arnhem Centraal: an xx:18 / ab xx:19<br/><i>Engpass 165m Nutzlänge</i></div><style>@media (prefers-color-scheme: dark) {html,body,.kmldesc{background:#1b1b1b !important;color:#e8e8e8 !important;}.kmldesc a{color:#8ab4f8 !important;}}</style>]]></description>
<LookAt><longitude>6.2409843</longitude><latitude>51.2947108</latitude><altitude>0</altitude><heading>0</heading><tilt>0</tilt><range>2500</range><altitudeMode>clampToGround</altitudeMode></LookAt>
<styleUrl>#stationPinNoLabel</styleUrl>
<Point><coordinates>6.2409843,51.2947108,0</coordinates></Point>
</Placemark>
<Placemark>
<name>Brühl</name>
<description><![CDATA[<div class="kmldesc"><b>RE5</b> Arnhem-Frankfurt<br/>Richtung Frankfurt (Main) Hbf: an xx:30 / ab xx:31<br/>Richtung Arnhem Centraal: an xx:33 / ab xx:34<br/><i>Köln Süd entfällt</i></div><style>@media (prefers-color-scheme: dark) {html,body,.kmldesc{background:#1b1b1b !important;color:#e8e8e8 !important;}.kmldesc a{color:#8ab4f8 !important;}}</style>]]></description>
<LookAt><longitude>6.9126407</longitude><latitude>50.8292719</latitude><altitude>0</altitude><heading>0</heading><tilt>0</tilt><range>2500</range><altitudeMode>clampToGround</altitudeMode></LookAt>
<styleUrl>#stationPinNoLabel</styleUrl>
<Point><coordinates>6.9126407,50.8292719,0</coordinates></Point>
</Placemark>
<Placemark>
<name>Buchholz (Nordheide)</name>
<description><![CDATA[<div class="kmldesc"><b>RE25</b> Cuxhaven-Magdeburg<br/>Richtung Magdeburg Hauptbahnhof: an xx:12 / ab xx:14<br/>Richtung Cuxhaven: an xx:34 / ab xx:36<br/><i>Umschalten auf Akkubetrieb</i><br/><br/><b>RE90b</b> Kiel/Schönberger Strand-Groningen/Norddeich Mole<br/>Richtung Groningen / Norddeich Mole (Flügelzug): an xx:54 / ab xx:55<br/>Richtung Kiel Hbf/Schönberger Strand: an xx:55 / ab xx:56<br/><i>Regionalhalt</i></div><style>@media (prefers-color-scheme: dark) {html,body,.kmldesc{background:#1b1b1b !important;color:#e8e8e8 !important;}.kmldesc a{color:#8ab4f8 !important;}}</style>]]></description>
<LookAt><longitude>9.8749387</longitude><latitude>53.3243628</latitude><altitude>0</altitude><heading>0</heading><tilt>0</tilt><range>2500</range><altitudeMode>clampToGround</altitudeMode></LookAt>
<styleUrl>#stationPinNoLabel</styleUrl>
<Point><coordinates>9.8749387,53.3243628,0</coordinates></Point>
</Placemark>
<Placemark>
<name>Buchs SG</name>
<description><![CDATA[<div class="kmldesc"><b>RE80</b> Chur-Saarbrücken<br/>Richtung Saarbrücken Hauptbahnhof: an xx:13 / ab xx:19<br/>Richtung Chur: an xx:36 / ab xx:42<br/><i>Kopfmachen, Panto-Wechsel auf AT</i></div><style>@media (prefers-color-scheme: dark) {html,body,.kmldesc{background:#1b1b1b !important;color:#e8e8e8 !important;}.kmldesc a{color:#8ab4f8 !important;}}</style>]]></description>
<LookAt><longitude>9.4787656</longitude><latitude>47.1687116</latitude><altitude>0</altitude><heading>0</heading><tilt>0</tilt><range>2500</range><altitudeMode>clampToGround</altitudeMode></LookAt>
<styleUrl>#stationPinNoLabel</styleUrl>
<Point><coordinates>9.4787656,47.1687116,0</coordinates></Point>
</Placemark>
<Placemark>
<name>Büchen</name>
<description><![CDATA[<div class="kmldesc"><b>RE46</b> Esbjerg-Berlin Südkreuz<br/>Richtung Berlin Südkreuz: an xx:01 / ab xx:03<br/>Richtung Esbjerg: an xx:56 / ab xx:58<br/><i>Express-Trasse, keine Halte ab Lübeck</i><br/><br/><b>RE77</b> Fredericia-Berlin Ostbahnhof<br/>Richtung Berlin Ostbahnhof: an xx:49 / ab xx:51<br/>Richtung Fredericia: an xx:08 / ab xx:10<br/><i>Landesgrenze SH/MV</i><br/><br/><b>RE91</b> Sassnitz/Ostseebad Binz-Bremerhaven<br/>Richtung Bremerhaven-Lehe (Flügelzug): an xx:04 / ab xx:11<br/>Richtung Sassnitz/Ostseebad Binz: an xx:53 / ab xx:59<br/><i>Rendezvous mit RE46/RE77</i></div><style>@media (prefers-color-scheme: dark) {html,body,.kmldesc{background:#1b1b1b !important;color:#e8e8e8 !important;}.kmldesc a{color:#8ab4f8 !important;}}</style>]]></description>
<LookAt><longitude>10.6231911</longitude><latitude>53.4749221</latitude><altitude>0</altitude><heading>0</heading><tilt>0</tilt><range>2500</range><altitudeMode>clampToGround</altitudeMode></LookAt>
<styleUrl>#stationPinNoLabel</styleUrl>
<Point><coordinates>10.6231911,53.4749221,0</coordinates></Point>
</Placemark>
<Placemark>
<name>Bünde (Westf)</name>
<description><![CDATA[<div class="kmldesc"><b>RE17</b> Dortmund-Wilhelmshaven<br/>Richtung Wilhelmshaven: an xx:35 / ab xx:36<br/>Richtung Dortmund Hauptbahnhof: an xx:24 / ab xx:25<br/><i>Systemhalt Ostwestfalen</i></div><style>@media (prefers-color-scheme: dark) {html,body,.kmldesc{background:#1b1b1b !important;color:#e8e8e8 !important;}.kmldesc a{color:#8ab4f8 !important;}}</style>]]></description>
<LookAt><longitude>8.5743329</longitude><latitude>52.202246</latitude><altitude>0</altitude><heading>0</heading><tilt>0</tilt><range>2500</range><altitudeMode>clampToGround</altitudeMode></LookAt>
<styleUrl>#stationPinNoLabel</styleUrl>
<Point><coordinates>8.5743329,52.202246,0</coordinates></Point>
</Placemark>
<Placemark>
<name>Bützow</name>
<description><![CDATA[<div class="kmldesc"><b>RE17</b> Østerport-Rostock<br/>Richtung Rostock Hauptbahnhof: an xx:17 / ab xx:19<br/>Richtung Østerport: an xx:27 / ab xx:29<br/><i>Regionaler Verknüpfungspunkt im mecklenburgischen Netz</i></div><style>@media (prefers-color-scheme: dark) {html,body,.kmldesc{background:#1b1b1b !important;color:#e8e8e8 !important;}.kmldesc a{color:#8ab4f8 !important;}}</style>]]></description>
<LookAt><longitude>11.998196</longitude><latitude>53.8372304</latitude><altitude>0</altitude><heading>0</heading><tilt>0</tilt><range>2500</range><altitudeMode>clampToGround</altitudeMode></LookAt>
<styleUrl>#stationPinNoLabel</styleUrl>
<Point><coordinates>11.9981960,53.8372304,0</coordinates></Point>
</Placemark>
<Placemark>
<name>Buxtehude</name>
<description><![CDATA[<div class="kmldesc"><b>RE25</b> Cuxhaven-Magdeburg<br/>Richtung Magdeburg Hauptbahnhof: an xx:39 / ab xx:41<br/>Richtung Cuxhaven: an xx:07 / ab xx:09<br/><i>Halbstundentakt-Sicherung mit RE5</i><br/><br/><b>RE91</b> Sassnitz/Ostseebad Binz-Bremerhaven<br/>Richtung Bremerhaven-Lehe (Flügelzug): an xx:59 / ab xx:05<br/>Richtung Sassnitz/Ostseebad Binz: an xx:59 / ab xx:05<br/><i>Flügelungsknoten 2: Trennen, Akkubetrieb</i></div><style>@media (prefers-color-scheme: dark) {html,body,.kmldesc{background:#1b1b1b !important;color:#e8e8e8 !important;}.kmldesc a{color:#8ab4f8 !important;}}</style>]]></description>
<LookAt><longitude>9.6883066</longitude><latitude>53.4704853</latitude><altitude>0</altitude><heading>0</heading><tilt>0</tilt><range>2500</range><altitudeMode>clampToGround</altitudeMode></LookAt>
<styleUrl>#stationPinNoLabel</styleUrl>
<Point><coordinates>9.6883066,53.4704853,0</coordinates></Point>
</Placemark>
<Placemark>
<name>Chałupy</name>
<description><![CDATA[<div class="kmldesc"><b>RE71</b> Brandenburg Hbf-Hel<br/>Richtung Hel: an xx:44 / ab xx:45<br/>Richtung Brandenburg Hbf: an xx:28 / ab xx:29<br/><i>Halt unkritisch (150-205m)</i></div><style>@media (prefers-color-scheme: dark) {html,body,.kmldesc{background:#1b1b1b !important;color:#e8e8e8 !important;}.kmldesc a{color:#8ab4f8 !important;}}</style>]]></description>
<LookAt><longitude>18.5025954</longitude><latitude>54.7615324</latitude><altitude>0</altitude><heading>0</heading><tilt>0</tilt><range>2500</range><altitudeMode>clampToGround</altitudeMode></LookAt>
<styleUrl>#stationPinNoLabel</styleUrl>
<Point><coordinates>18.5025954,54.7615324,0</coordinates></Point>
</Placemark>
<Placemark>
<name>Cheb</name>
<description><![CDATA[<div class="kmldesc"><b>RE94</b> Plzeň-Zürich<br/>Richtung Zürich HB: an xx:54 / ab xx:01<br/>Richtung Plzeň hlavní nádraží: an xx:59 / ab xx:06<br/><i>Grenzbahnhof, Systemübergang CZ/DE</i></div><style>@media (prefers-color-scheme: dark) {html,body,.kmldesc{background:#1b1b1b !important;color:#e8e8e8 !important;}.kmldesc a{color:#8ab4f8 !important;}}</style>]]></description>
<LookAt><longitude>12.38057</longitude><latitude>50.0735304</latitude><altitude>0</altitude><heading>0</heading><tilt>0</tilt><range>2500</range><altitudeMode>clampToGround</altitudeMode></LookAt>
<styleUrl>#stationPinNoLabel</styleUrl>
<Point><coordinates>12.38057,50.0735304,0</coordinates></Point>
</Placemark>
<Placemark>
<name>Chemnitz Hauptbahnhof</name>
<description><![CDATA[<div class="kmldesc"><b>RE35</b> Zwickau-Warnemünde (Regionaltakt)<br/>Richtung Warnemünde: an xx:38 / ab xx:42<br/>Richtung Zwickau Hauptbahnhof: an xx:48 / ab xx:52<br/><i>Lokaler Systemknoten</i><br/><br/><b>RE35X</b> Zwickau-Warnemünde (System-Express)<br/>Richtung Warnemünde: an xx:54 / ab xx:58<br/>Richtung Zwickau Hauptbahnhof: an xx:16 / ab xx:20<br/><i>Bestandsstrecke</i></div><style>@media (prefers-color-scheme: dark) {html,body,.kmldesc{background:#1b1b1b !important;color:#e8e8e8 !important;}.kmldesc a{color:#8ab4f8 !important;}}</style>]]></description>
<LookAt><longitude>12.9305892</longitude><latitude>50.8395789</latitude><altitude>0</altitude><heading>0</heading><tilt>0</tilt><range>2500</range><altitudeMode>clampToGround</altitudeMode></LookAt>
<styleUrl>#stationPinNoLabel</styleUrl>
<Point><coordinates>12.9305892,50.8395789,0</coordinates></Point>
</Placemark>
<Placemark>
<name>Chojnice</name>
<description><![CDATA[<div class="kmldesc"><b>RE71</b> Brandenburg Hbf-Hel<br/>Richtung Hel: an xx:30 / ab xx:32<br/>Richtung Brandenburg Hbf: an xx:42 / ab xx:44<br/><i>Peron 2 (198m) fällt durch, nur Peron 1/4 (284/225m)</i></div><style>@media (prefers-color-scheme: dark) {html,body,.kmldesc{background:#1b1b1b !important;color:#e8e8e8 !important;}.kmldesc a{color:#8ab4f8 !important;}}</style>]]></description>
<LookAt><longitude>17.5777493</longitude><latitude>53.6890673</latitude><altitude>0</altitude><heading>0</heading><tilt>0</tilt><range>2500</range><altitudeMode>clampToGround</altitudeMode></LookAt>
<styleUrl>#stationPinNoLabel</styleUrl>
<Point><coordinates>17.5777493,53.6890673,0</coordinates></Point>
</Placemark>
<Placemark>
<name>Chur</name>
<description><![CDATA[<div class="kmldesc"><b>RE80</b> Chur-Saarbrücken<br/>Richtung Saarbrücken Hauptbahnhof: ab xx:37<br/>Richtung Chur: an xx:18<br/><i>Startbahnhof (SBB)</i></div><style>@media (prefers-color-scheme: dark) {html,body,.kmldesc{background:#1b1b1b !important;color:#e8e8e8 !important;}.kmldesc a{color:#8ab4f8 !important;}}</style>]]></description>
<LookAt><longitude>9.5296459</longitude><latitude>46.8535563</latitude><altitude>0</altitude><heading>0</heading><tilt>0</tilt><range>2500</range><altitudeMode>clampToGround</altitudeMode></LookAt>
<styleUrl>#stationPinNoLabel</styleUrl>
<Point><coordinates>9.5296459,46.8535563,0</coordinates></Point>
</Placemark>
<Placemark>
<name>Cloppenburg</name>
<description><![CDATA[<div class="kmldesc"><b>RE17</b> Dortmund-Wilhelmshaven<br/>Richtung Wilhelmshaven: an xx:47 / ab xx:48<br/>Richtung Dortmund Hauptbahnhof: an xx:12 / ab xx:13<br/><i>Systemhalt Niedersachsen</i></div><style>@media (prefers-color-scheme: dark) {html,body,.kmldesc{background:#1b1b1b !important;color:#e8e8e8 !important;}.kmldesc a{color:#8ab4f8 !important;}}</style>]]></description>
<LookAt><longitude>8.055793</longitude><latitude>52.8438996</latitude><altitude>0</altitude><heading>0</heading><tilt>0</tilt><range>2500</range><altitudeMode>clampToGround</altitudeMode></LookAt>
<styleUrl>#stationPinNoLabel</styleUrl>
<Point><coordinates>8.055793,52.8438996,0</coordinates></Point>
</Placemark>
<Placemark>
<name>Cottbus Hauptbahnhof</name>
<description><![CDATA[<div class="kmldesc"><b>RE45</b> Cottbus-Travemünde<br/>Richtung Travemünde Strand: ab xx:15<br/>Richtung Cottbus Hauptbahnhof: an xx:46<br/><i>Startbahnhof Knoten Lausitz</i></div><style>@media (prefers-color-scheme: dark) {html,body,.kmldesc{background:#1b1b1b !important;color:#e8e8e8 !important;}.kmldesc a{color:#8ab4f8 !important;}}</style>]]></description>
<LookAt><longitude>14.3223077</longitude><latitude>51.7512991</latitude><altitude>0</altitude><heading>0</heading><tilt>0</tilt><range>2500</range><altitudeMode>clampToGround</altitudeMode></LookAt>
<styleUrl>#stationPinNoLabel</styleUrl>
<Point><coordinates>14.3223077,51.7512991,0</coordinates></Point>
</Placemark>
<Placemark>
<name>Cuijk</name>
<description><![CDATA[<div class="kmldesc"><b>RB37</b> Arnhem Centraal-Bochum Hbf<br/>Richtung Bochum Hauptbahnhof: an xx:54 / ab xx:55<br/>Richtung Arnhem Centraal: an xx:04 / ab xx:05<br/><i>Haltestellenlauf Maaslijn</i></div><style>@media (prefers-color-scheme: dark) {html,body,.kmldesc{background:#1b1b1b !important;color:#e8e8e8 !important;}.kmldesc a{color:#8ab4f8 !important;}}</style>]]></description>
<LookAt><longitude>5.8741958</longitude><latitude>51.7266248</latitude><altitude>0</altitude><heading>0</heading><tilt>0</tilt><range>2500</range><altitudeMode>clampToGround</altitudeMode></LookAt>
<styleUrl>#stationPinNoLabel</styleUrl>
<Point><coordinates>5.8741958,51.7266248,0</coordinates></Point>
</Placemark>
<Placemark>
<name>Cuxhaven</name>
<description><![CDATA[<div class="kmldesc"><b>RE25</b> Cuxhaven-Magdeburg<br/>Richtung Magdeburg Hauptbahnhof: ab xx:39<br/>Richtung Cuxhaven: an xx:10<br/><i>Startbahnhof, Akkubetrieb aktiv</i></div><style>@media (prefers-color-scheme: dark) {html,body,.kmldesc{background:#1b1b1b !important;color:#e8e8e8 !important;}.kmldesc a{color:#8ab4f8 !important;}}</style>]]></description>
<LookAt><longitude>8.7048196</longitude><latitude>53.8602658</latitude><altitude>0</altitude><heading>0</heading><tilt>0</tilt><range>2500</range><altitudeMode>clampToGround</altitudeMode></LookAt>
<styleUrl>#stationPinNoLabel</styleUrl>
<Point><coordinates>8.7048196,53.8602658,0</coordinates></Point>
</Placemark>
<Placemark>
<name>Dahl</name>
<description><![CDATA[<div class="kmldesc"><b>S30</b> Essen Hbf-Lüdenscheid Hbf<br/>Richtung Lüdenscheid Hbf: an xx:05 / ab xx:05<br/>Richtung Essen Hauptbahnhof: an xx:21 / ab xx:21<br/><i>Volmetalbahn VzG 2810</i></div><style>@media (prefers-color-scheme: dark) {html,body,.kmldesc{background:#1b1b1b !important;color:#e8e8e8 !important;}.kmldesc a{color:#8ab4f8 !important;}}</style>]]></description>
<LookAt><longitude>7.5316156</longitude><latitude>51.3054877</latitude><altitude>0</altitude><heading>0</heading><tilt>0</tilt><range>2500</range><altitudeMode>clampToGround</altitudeMode></LookAt>
<styleUrl>#stationPinNoLabel</styleUrl>
<Point><coordinates>7.5316156,51.3054877,0</coordinates></Point>
</Placemark>
<Placemark>
<name>Dahlerbrück</name>
<description><![CDATA[<div class="kmldesc"><b>S30</b> Essen Hbf-Lüdenscheid Hbf<br/>Richtung Lüdenscheid Hbf: an xx:14 / ab xx:14<br/>Richtung Essen Hauptbahnhof: an xx:12 / ab xx:12<br/><i>Volmetalbahn VzG 2810</i></div><style>@media (prefers-color-scheme: dark) {html,body,.kmldesc{background:#1b1b1b !important;color:#e8e8e8 !important;}.kmldesc a{color:#8ab4f8 !important;}}</style>]]></description>
<LookAt><longitude>7.5169973</longitude><latitude>51.2520007</latitude><altitude>0</altitude><heading>0</heading><tilt>0</tilt><range>2500</range><altitudeMode>clampToGround</altitudeMode></LookAt>
<styleUrl>#stationPinNoLabel</styleUrl>
<Point><coordinates>7.5169973,51.2520007,0</coordinates></Point>
</Placemark>
<Placemark>
<name>Dalheim</name>
<description><![CDATA[<div class="kmldesc"><b>RE32</b> Kassel-Wilhelmshöhe-Roermond<br/>Richtung Roermond: an xx:04 / ab xx:05<br/>Richtung Kassel-Wilhelmshöhe: an xx:54 / ab xx:05<br/><i>Grenzbahnhof, Eiserner Rhein</i></div><style>@media (prefers-color-scheme: dark) {html,body,.kmldesc{background:#1b1b1b !important;color:#e8e8e8 !important;}.kmldesc a{color:#8ab4f8 !important;}}</style>]]></description>
<LookAt><longitude>6.1787655</longitude><latitude>51.1490536</latitude><altitude>0</altitude><heading>0</heading><tilt>0</tilt><range>2500</range><altitudeMode>clampToGround</altitudeMode></LookAt>
<styleUrl>#stationPinNoLabel</styleUrl>
<Point><coordinates>6.1787655,51.1490536,0</coordinates></Point>
</Placemark>
<Placemark>
<name>Dillenburg</name>
<description><![CDATA[<div class="kmldesc"><b>RE40</b> Essen-Frankfurt<br/>Richtung Frankfurt (Main) Hbf: an xx:44 / ab xx:46<br/>Richtung Essen Hauptbahnhof: an xx:14 / ab xx:16<br/><i>Expresshalt Dillstrecke</i></div><style>@media (prefers-color-scheme: dark) {html,body,.kmldesc{background:#1b1b1b !important;color:#e8e8e8 !important;}.kmldesc a{color:#8ab4f8 !important;}}</style>]]></description>
<LookAt><longitude>8.2945961</longitude><latitude>50.7349252</latitude><altitude>0</altitude><heading>0</heading><tilt>0</tilt><range>2500</range><altitudeMode>clampToGround</altitudeMode></LookAt>
<styleUrl>#stationPinNoLabel</styleUrl>
<Point><coordinates>8.2945961,50.7349252,0</coordinates></Point>
</Placemark>
<Placemark>
<name>Dinkelscherben</name>
<description><![CDATA[<div class="kmldesc"><b>RE94</b> Plzeň-Zürich<br/>Richtung Zürich HB: an xx:04 / ab xx:05<br/>Richtung Plzeň hlavní nádraží: an xx:55 / ab xx:56<br/><i>Regionaler Expresshalt</i></div><style>@media (prefers-color-scheme: dark) {html,body,.kmldesc{background:#1b1b1b !important;color:#e8e8e8 !important;}.kmldesc a{color:#8ab4f8 !important;}}</style>]]></description>
<LookAt><longitude>10.5880165</longitude><latitude>48.3422183</latitude><altitude>0</altitude><heading>0</heading><tilt>0</tilt><range>2500</range><altitudeMode>clampToGround</altitudeMode></LookAt>
<styleUrl>#stationPinNoLabel</styleUrl>
<Point><coordinates>10.5880165,48.3422183,0</coordinates></Point>
</Placemark>
<Placemark>
<name>Dinslaken</name>
<description><![CDATA[<div class="kmldesc"><b>RE5</b> Arnhem-Frankfurt<br/>Richtung Frankfurt (Main) Hbf: an xx:04 / ab xx:05<br/>Richtung Arnhem Centraal: an xx:56 / ab xx:57<br/><i>Pendlerhalt</i></div><style>@media (prefers-color-scheme: dark) {html,body,.kmldesc{background:#1b1b1b !important;color:#e8e8e8 !important;}.kmldesc a{color:#8ab4f8 !important;}}</style>]]></description>
<LookAt><longitude>6.7381238</longitude><latitude>51.5675421</latitude><altitude>0</altitude><heading>0</heading><tilt>0</tilt><range>2500</range><altitudeMode>clampToGround</altitudeMode></LookAt>
<styleUrl>#stationPinNoLabel</styleUrl>
<Point><coordinates>6.7381238,51.5675421,0</coordinates></Point>
</Placemark>
<Placemark>
<name>Dornbirn</name>
<description><![CDATA[<div class="kmldesc"><b>RE80</b> Chur-Saarbrücken<br/>Richtung Saarbrücken Hauptbahnhof: an xx:56 / ab xx:58<br/>Richtung Chur: an xx:57 / ab xx:59<br/><i>Vorarlbergbahn der ÖBB</i></div><style>@media (prefers-color-scheme: dark) {html,body,.kmldesc{background:#1b1b1b !important;color:#e8e8e8 !important;}.kmldesc a{color:#8ab4f8 !important;}}</style>]]></description>
<LookAt><longitude>9.7386692</longitude><latitude>47.4175843</latitude><altitude>0</altitude><heading>0</heading><tilt>0</tilt><range>2500</range><altitudeMode>clampToGround</altitudeMode></LookAt>
<styleUrl>#stationPinNoLabel</styleUrl>
<Point><coordinates>9.7386692,47.4175843,0</coordinates></Point>
</Placemark>
<Placemark>
<name>Dortmund Hauptbahnhof</name>
<description><![CDATA[<div class="kmldesc"><b>RE17</b> Dortmund-Wilhelmshaven<br/>Richtung Wilhelmshaven: ab xx:16<br/>Richtung Dortmund Hauptbahnhof: an xx:44<br/><i>Startbahnhof Ruhrgebiet</i><br/><br/><b>RE32</b> Kassel-Wilhelmshöhe-Roermond<br/>Richtung Roermond: an xx:49 / ab xx:51<br/>Richtung Kassel-Wilhelmshöhe: an xx:07 / ab xx:09<br/><i>Westfalen-Metropole</i><br/><br/><b>RE9</b> Bremerhaven-Dortmund<br/>Richtung Dortmund Hauptbahnhof: an xx:04<br/>Richtung Bremerhaven-Lehe: ab xx:56<br/><i>Endstation, Anschluss Fernbahn</i><br/><br/><b>S10</b> Ringbahn Ruhrgebiet<br/>Richtung Innenring: an xx:16 / ab xx:18<br/>Richtung Außenring: an xx:24 / ab xx:26<br/><i>Einführung via fiktivem S-Bahn-Tunnel ab Brackel</i></div><style>@media (prefers-color-scheme: dark) {html,body,.kmldesc{background:#1b1b1b !important;color:#e8e8e8 !important;}.kmldesc a{color:#8ab4f8 !important;}}</style>]]></description>
<LookAt><longitude>7.4592831</longitude><latitude>51.5178935</latitude><altitude>0</altitude><heading>0</heading><tilt>0</tilt><range>2500</range><altitudeMode>clampToGround</altitudeMode></LookAt>
<styleUrl>#stationPinNoLabel</styleUrl>
<Point><coordinates>7.4592831,51.5178935,0</coordinates></Point>
</Placemark>
<Placemark>
<name>Dortmund-Brackel</name>
<description><![CDATA[<div class="kmldesc"><b>S10</b> Ringbahn Ruhrgebiet<br/>Richtung Innenring: an xx:11 / ab xx:11<br/>Richtung Außenring: an xx:31 / ab xx:31<br/><i>Bahnstrecke Welver-Sterkrade</i></div><style>@media (prefers-color-scheme: dark) {html,body,.kmldesc{background:#1b1b1b !important;color:#e8e8e8 !important;}.kmldesc a{color:#8ab4f8 !important;}}</style>]]></description>
<LookAt><longitude>7.5496544</longitude><latitude>51.5206764</latitude><altitude>0</altitude><heading>0</heading><tilt>0</tilt><range>2500</range><altitudeMode>clampToGround</altitudeMode></LookAt>
<styleUrl>#stationPinNoLabel</styleUrl>
<Point><coordinates>7.5496544,51.5206764,0</coordinates></Point>
</Placemark>
<Placemark>
<name>Dortmund-Dorstfeld</name>
<description><![CDATA[<div class="kmldesc"><b>S10</b> Ringbahn Ruhrgebiet<br/>Richtung Innenring: an xx:21 / ab xx:21<br/>Richtung Außenring: an xx:21 / ab xx:21<br/><i>S1-Stammstrecke</i></div><style>@media (prefers-color-scheme: dark) {html,body,.kmldesc{background:#1b1b1b !important;color:#e8e8e8 !important;}.kmldesc a{color:#8ab4f8 !important;}}</style>]]></description>
<LookAt><longitude>7.4242947</longitude><latitude>51.5092739</latitude><altitude>0</altitude><heading>0</heading><tilt>0</tilt><range>2500</range><altitudeMode>clampToGround</altitudeMode></LookAt>
<styleUrl>#stationPinNoLabel</styleUrl>
<Point><coordinates>7.4242947,51.5092739,0</coordinates></Point>
</Placemark>
<Placemark>
<name>Dortmund-Dorstfeld Süd</name>
<description><![CDATA[<div class="kmldesc"><b>S10</b> Ringbahn Ruhrgebiet<br/>Richtung Innenring: an xx:23 / ab xx:23<br/>Richtung Außenring: an xx:19 / ab xx:19<br/><i>S1-Stammstrecke</i></div><style>@media (prefers-color-scheme: dark) {html,body,.kmldesc{background:#1b1b1b !important;color:#e8e8e8 !important;}.kmldesc a{color:#8ab4f8 !important;}}</style>]]></description>
<LookAt><longitude>7.4199735</longitude><latitude>51.5007486</latitude><altitude>0</altitude><heading>0</heading><tilt>0</tilt><range>2500</range><altitudeMode>clampToGround</altitudeMode></LookAt>
<styleUrl>#stationPinNoLabel</styleUrl>
<Point><coordinates>7.4199735,51.5007486,0</coordinates></Point>
</Placemark>
<Placemark>
<name>Dortmund-Kley</name>
<description><![CDATA[<div class="kmldesc"><b>S10</b> Ringbahn Ruhrgebiet<br/>Richtung Innenring: an xx:29 / ab xx:29<br/>Richtung Außenring: an xx:13 / ab xx:13<br/><i>S1-Stammstrecke</i></div><style>@media (prefers-color-scheme: dark) {html,body,.kmldesc{background:#1b1b1b !important;color:#e8e8e8 !important;}.kmldesc a{color:#8ab4f8 !important;}}</style>]]></description>
<LookAt><longitude>7.3654812</longitude><latitude>51.4894618</latitude><altitude>0</altitude><heading>0</heading><tilt>0</tilt><range>2500</range><altitudeMode>clampToGround</altitudeMode></LookAt>
<styleUrl>#stationPinNoLabel</styleUrl>
<Point><coordinates>7.3654812,51.4894618,0</coordinates></Point>
</Placemark>
<Placemark>
<name>Dortmund-Oespel</name>
<description><![CDATA[<div class="kmldesc"><b>S10</b> Ringbahn Ruhrgebiet<br/>Richtung Innenring: an xx:27 / ab xx:27<br/>Richtung Außenring: an xx:15 / ab xx:15<br/><i>S1-Stammstrecke</i></div><style>@media (prefers-color-scheme: dark) {html,body,.kmldesc{background:#1b1b1b !important;color:#e8e8e8 !important;}.kmldesc a{color:#8ab4f8 !important;}}</style>]]></description>
<LookAt><longitude>7.3835428</longitude><latitude>51.4883923</latitude><altitude>0</altitude><heading>0</heading><tilt>0</tilt><range>2500</range><altitudeMode>clampToGround</altitudeMode></LookAt>
<styleUrl>#stationPinNoLabel</styleUrl>
<Point><coordinates>7.3835428,51.4883923,0</coordinates></Point>
</Placemark>
<Placemark>
<name>Dortmund-Universität</name>
<description><![CDATA[<div class="kmldesc"><b>S10</b> Ringbahn Ruhrgebiet<br/>Richtung Innenring: an xx:25 / ab xx:25<br/>Richtung Außenring: an xx:17 / ab xx:17<br/><i>S1-Stammstrecke</i></div><style>@media (prefers-color-scheme: dark) {html,body,.kmldesc{background:#1b1b1b !important;color:#e8e8e8 !important;}.kmldesc a{color:#8ab4f8 !important;}}</style>]]></description>
<LookAt><longitude>7.4173487</longitude><latitude>51.4923192</latitude><altitude>0</altitude><heading>0</heading><tilt>0</tilt><range>2500</range><altitudeMode>clampToGround</altitudeMode></LookAt>
<styleUrl>#stationPinNoLabel</styleUrl>
<Point><coordinates>7.4173487,51.4923192,0</coordinates></Point>
</Placemark>
<Placemark>
<name>Dortmund-Wickede</name>
<description><![CDATA[<div class="kmldesc"><b>S10</b> Ringbahn Ruhrgebiet<br/>Richtung Innenring: an xx:08 / ab xx:08<br/>Richtung Außenring: an xx:34 / ab xx:34<br/><i>Bahnstrecke Welver-Sterkrade</i></div><style>@media (prefers-color-scheme: dark) {html,body,.kmldesc{background:#1b1b1b !important;color:#e8e8e8 !important;}.kmldesc a{color:#8ab4f8 !important;}}</style>]]></description>
<LookAt><longitude>7.6064714</longitude><latitude>51.5293524</latitude><altitude>0</altitude><heading>0</heading><tilt>0</tilt><range>2500</range><altitudeMode>clampToGround</altitudeMode></LookAt>
<styleUrl>#stationPinNoLabel</styleUrl>
<Point><coordinates>7.6064714,51.5293524,0</coordinates></Point>
</Placemark>
<Placemark>
<name>Drensteinfurt</name>
<description><![CDATA[<div class="kmldesc"><b>RE30</b> Leeuwarden-Winterberg/Düsseldorf<br/>Richtung Winterberg (Westf)/Düsseldorf Hauptbahnhof: an xx:10 / ab xx:11<br/>Richtung Leeuwarden: an xx:07 / ab xx:08<br/><i>Grenzwertige Nutzlänge, Doppeltraktion passt</i></div><style>@media (prefers-color-scheme: dark) {html,body,.kmldesc{background:#1b1b1b !important;color:#e8e8e8 !important;}.kmldesc a{color:#8ab4f8 !important;}}</style>]]></description>
<LookAt><longitude>7.7338736</longitude><latitude>51.7988761</latitude><altitude>0</altitude><heading>0</heading><tilt>0</tilt><range>2500</range><altitudeMode>clampToGround</altitudeMode></LookAt>
<styleUrl>#stationPinNoLabel</styleUrl>
<Point><coordinates>7.7338736,51.7988761,0</coordinates></Point>
</Placemark>
<Placemark>
<name>Dresden Hauptbahnhof</name>
<description><![CDATA[<div class="kmldesc"><b>RE35</b> Zwickau-Warnemünde (Regionaltakt)<br/>Richtung Warnemünde: an xx:44 / ab xx:48<br/>Richtung Zwickau Hauptbahnhof: an xx:42 / ab xx:46<br/><i>Systemknoten Sachsen</i><br/><br/><b>RE35X</b> Zwickau-Warnemünde (System-Express)<br/>Richtung Warnemünde: an xx:46 / ab xx:50<br/>Richtung Zwickau Hauptbahnhof: an xx:24 / ab xx:28<br/><i>Systemknoten Sachsen</i></div><style>@media (prefers-color-scheme: dark) {html,body,.kmldesc{background:#1b1b1b !important;color:#e8e8e8 !important;}.kmldesc a{color:#8ab4f8 !important;}}</style>]]></description>
<LookAt><longitude>13.7320768</longitude><latitude>51.0402452</latitude><altitude>0</altitude><heading>0</heading><tilt>0</tilt><range>2500</range><altitudeMode>clampToGround</altitudeMode></LookAt>
<styleUrl>#stationPinNoLabel</styleUrl>
<Point><coordinates>13.7320768,51.0402452,0</coordinates></Point>
</Placemark>
<Placemark>
<name>Dresden-Neustadt</name>
<description><![CDATA[<div class="kmldesc"><b>RE35</b> Zwickau-Warnemünde (Regionaltakt)<br/>Richtung Warnemünde: an xx:54 / ab xx:56<br/>Richtung Zwickau Hauptbahnhof: an xx:34 / ab xx:36<br/><i>Anbindung Nord-Dresden</i><br/><br/><b>RE35X</b> Zwickau-Warnemünde (System-Express)<br/>Richtung Warnemünde: an xx:56 / ab xx:58<br/>Richtung Zwickau Hauptbahnhof: an xx:16 / ab xx:18<br/><i>Letzter Halt vor High-Speed-Sprint</i></div><style>@media (prefers-color-scheme: dark) {html,body,.kmldesc{background:#1b1b1b !important;color:#e8e8e8 !important;}.kmldesc a{color:#8ab4f8 !important;}}</style>]]></description>
<LookAt><longitude>13.7405404</longitude><latitude>51.0658669</latitude><altitude>0</altitude><heading>0</heading><tilt>0</tilt><range>2500</range><altitudeMode>clampToGround</altitudeMode></LookAt>
<styleUrl>#stationPinNoLabel</styleUrl>
<Point><coordinates>13.7405404,51.0658669,0</coordinates></Point>
</Placemark>
<Placemark>
<name>Dülken</name>
<description><![CDATA[<div class="kmldesc"><b>RB37</b> Arnhem Centraal-Bochum Hbf<br/>Richtung Bochum Hauptbahnhof: an xx:48 / ab xx:49<br/>Richtung Arnhem Centraal: an xx:11 / ab xx:12<br/><i>Engpass 165m Nutzlänge</i></div><style>@media (prefers-color-scheme: dark) {html,body,.kmldesc{background:#1b1b1b !important;color:#e8e8e8 !important;}.kmldesc a{color:#8ab4f8 !important;}}</style>]]></description>
<LookAt><longitude>6.0144531</longitude><latitude>51.9434452</latitude><altitude>0</altitude><heading>0</heading><tilt>0</tilt><range>2500</range><altitudeMode>clampToGround</altitudeMode></LookAt>
<styleUrl>#stationPinNoLabel</styleUrl>
<Point><coordinates>6.0144531,51.9434452,0</coordinates></Point>
</Placemark>
<Placemark>
<name>Düsseldorf Flughafen</name>
<description><![CDATA[<div class="kmldesc"><b>RE32</b> Kassel-Wilhelmshöhe-Roermond<br/>Richtung Roermond: an xx:45 / ab xx:46<br/>Richtung Kassel-Wilhelmshöhe: an xx:11 / ab xx:12<br/><i>Regionalhalt</i><br/><br/><b>RE5</b> Arnhem-Frankfurt<br/>Richtung Frankfurt (Main) Hbf: an xx:32 / ab xx:33<br/>Richtung Arnhem Centraal: an xx:31 / ab xx:33<br/><i>Großer Ausnahme-Halt</i></div><style>@media (prefers-color-scheme: dark) {html,body,.kmldesc{background:#1b1b1b !important;color:#e8e8e8 !important;}.kmldesc a{color:#8ab4f8 !important;}}</style>]]></description>
<LookAt><longitude>6.7869558</longitude><latitude>51.2915724</latitude><altitude>0</altitude><heading>0</heading><tilt>0</tilt><range>2500</range><altitudeMode>clampToGround</altitudeMode></LookAt>
<styleUrl>#stationPinNoLabel</styleUrl>
<Point><coordinates>6.7869558,51.2915724,0</coordinates></Point>
</Placemark>
<Placemark>
<name>Düsseldorf Hauptbahnhof</name>
<description><![CDATA[<div class="kmldesc"><b>RB37</b> Arnhem Centraal-Bochum Hbf<br/>Richtung Bochum Hauptbahnhof: an xx:29 / ab xx:32<br/>Richtung Arnhem Centraal: an xx:26 / ab xx:29<br/><i>Großknoten Hauptbahnhof</i><br/><br/><b>RE2</b> Düsseldorf-Osnabrück<br/>Richtung Osnabrück Hauptbahnhof: ab xx:02<br/>Richtung Düsseldorf Hauptbahnhof: an xx:58<br/><i>Startbahnhof am Rheinknoten</i><br/><br/><b>RE32</b> Kassel-Wilhelmshöhe-Roermond<br/>Richtung Roermond: an xx:54 / ab xx:06<br/>Richtung Kassel-Wilhelmshöhe: an xx:01 / ab xx:06<br/><i>Landeshauptstadt-Knoten</i><br/><br/><b>RE5</b> Arnhem-Frankfurt<br/>Richtung Frankfurt (Main) Hbf: an xx:41 / ab xx:44<br/>Richtung Arnhem Centraal: an xx:20 / ab xx:23<br/><i>Landeshauptstadt-Knoten</i><br/><br/><b>RE90</b> Saarbrücken-Düsseldorf<br/>Richtung Düsseldorf Hauptbahnhof: an xx:09<br/>Richtung Saarbrücken Hauptbahnhof: ab xx:31<br/><i>Endstation Nord</i><br/><br/><b>RE30</b> Leeuwarden-Winterberg/Düsseldorf<br/>Richtung Düsseldorf Hauptbahnhof: an xx:04<br/>Richtung Leeuwarden: ab xx:14<br/><i>Endbahnhof, viergleisige Hauptabfuhrstrecke</i></div><style>@media (prefers-color-scheme: dark) {html,body,.kmldesc{background:#1b1b1b !important;color:#e8e8e8 !important;}.kmldesc a{color:#8ab4f8 !important;}}</style>]]></description>
<LookAt><longitude>6.7943015</longitude><latitude>51.219734</latitude><altitude>0</altitude><heading>0</heading><tilt>0</tilt><range>2500</range><altitudeMode>clampToGround</altitudeMode></LookAt>
<styleUrl>#stationPinNoLabel</styleUrl>
<Point><coordinates>6.7943015,51.219734,0</coordinates></Point>
</Placemark>
<Placemark>
<name>Düsseldorf-Benrath</name>
<description><![CDATA[<div class="kmldesc"><b>RE5</b> Arnhem-Frankfurt<br/>Richtung Frankfurt (Main) Hbf: an xx:51 / ab xx:52<br/>Richtung Arnhem Centraal: an xx:12 / ab xx:13<br/><i>RRX-Infrastruktur</i></div><style>@media (prefers-color-scheme: dark) {html,body,.kmldesc{background:#1b1b1b !important;color:#e8e8e8 !important;}.kmldesc a{color:#8ab4f8 !important;}}</style>]]></description>
<LookAt><longitude>6.8842833</longitude><latitude>51.1610231</latitude><altitude>0</altitude><heading>0</heading><tilt>0</tilt><range>2500</range><altitudeMode>clampToGround</altitudeMode></LookAt>
<styleUrl>#stationPinNoLabel</styleUrl>
<Point><coordinates>6.8842833,51.1610231,0</coordinates></Point>
</Placemark>
<Placemark>
<name>Düsseldorf-Bilk</name>
<description><![CDATA[<div class="kmldesc"><b>RB37</b> Arnhem Centraal-Bochum Hbf<br/>Richtung Bochum Hauptbahnhof: an xx:25 / ab xx:26<br/>Richtung Arnhem Centraal: an xx:32 / ab xx:33<br/><i>S-Bahn-Knoten</i><br/><br/><b>RE32</b> Kassel-Wilhelmshöhe-Roermond<br/>Richtung Roermond: an xx:10 / ab xx:11<br/>Richtung Kassel-Wilhelmshöhe: an xx:56 / ab xx:57<br/><i>S-Bahn-Knoten</i><br/><br/><b>RE90</b> Saarbrücken-Düsseldorf<br/>Richtung Düsseldorf Hauptbahnhof: an xx:03 / ab xx:05<br/>Richtung Saarbrücken Hauptbahnhof: an xx:35 / ab xx:37<br/><i>S-Bahn-Zentralumstieg</i></div><style>@media (prefers-color-scheme: dark) {html,body,.kmldesc{background:#1b1b1b !important;color:#e8e8e8 !important;}.kmldesc a{color:#8ab4f8 !important;}}</style>]]></description>
<LookAt><longitude>6.7760884</longitude><latitude>51.2079601</latitude><altitude>0</altitude><heading>0</heading><tilt>0</tilt><range>2500</range><altitudeMode>clampToGround</altitudeMode></LookAt>
<styleUrl>#stationPinNoLabel</styleUrl>
<Point><coordinates>6.7760884,51.2079601,0</coordinates></Point>
</Placemark>
<Placemark>
<name>Duisburg Hauptbahnhof</name>
<description><![CDATA[<div class="kmldesc"><b>RE2</b> Düsseldorf-Osnabrück<br/>Richtung Osnabrück Hauptbahnhof: an xx:15 / ab xx:17<br/>Richtung Düsseldorf Hauptbahnhof: an xx:43 / ab xx:45<br/><i>Systemhalt Ruhrgebiet</i><br/><br/><b>RE32</b> Kassel-Wilhelmshöhe-Roermond<br/>Richtung Roermond: an xx:29 / ab xx:37<br/>Richtung Kassel-Wilhelmshöhe: an xx:22 / ab xx:27<br/><i>Systemhalt Ruhrgebiet</i><br/><br/><b>RE5</b> Arnhem-Frankfurt<br/>Richtung Frankfurt (Main) Hbf: an xx:21 / ab xx:23<br/>Richtung Arnhem Centraal: an xx:38 / ab xx:40<br/><i>Großer Taktknoten, ab hier 200 km/h</i></div><style>@media (prefers-color-scheme: dark) {html,body,.kmldesc{background:#1b1b1b !important;color:#e8e8e8 !important;}.kmldesc a{color:#8ab4f8 !important;}}</style>]]></description>
<LookAt><longitude>6.7761771</longitude><latitude>51.4296701</latitude><altitude>0</altitude><heading>0</heading><tilt>0</tilt><range>2500</range><altitudeMode>clampToGround</altitudeMode></LookAt>
<styleUrl>#stationPinNoLabel</styleUrl>
<Point><coordinates>6.7761771,51.4296701,0</coordinates></Point>
</Placemark>
<Placemark>
<name>Eberswalde Hbf</name>
<description><![CDATA[<div class="kmldesc"><b>RE35</b> Zwickau-Warnemünde (Regionaltakt)<br/>Richtung Warnemünde: an xx:02 / ab xx:04<br/>Richtung Zwickau Hauptbahnhof: an xx:26 / ab xx:28<br/><i>Stettiner Bahn</i><br/><br/><b>RE35X</b> Zwickau-Warnemünde (System-Express)<br/>Richtung Warnemünde: an xx:41 / ab xx:43<br/>Richtung Zwickau Hauptbahnhof: an xx:31 / ab xx:33<br/><i>Stettiner Bahn</i><br/><br/><b>RE71</b> Brandenburg Hbf-Hel<br/>Richtung Hel: an xx:08 / ab xx:10<br/>Richtung Brandenburg Hbf: an xx:04 / ab xx:06<br/><i>Sichere Nutzlängen (294-330m)</i></div><style>@media (prefers-color-scheme: dark) {html,body,.kmldesc{background:#1b1b1b !important;color:#e8e8e8 !important;}.kmldesc a{color:#8ab4f8 !important;}}</style>]]></description>
<LookAt><longitude>13.7971952</longitude><latitude>52.8341138</latitude><altitude>0</altitude><heading>0</heading><tilt>0</tilt><range>2500</range><altitudeMode>clampToGround</altitudeMode></LookAt>
<styleUrl>#stationPinNoLabel</styleUrl>
<Point><coordinates>13.7971952,52.8341138,0</coordinates></Point>
</Placemark>
<Placemark>
<name>Eindhoven</name>
<description><![CDATA[<div class="kmldesc"><b>RE14</b> Eindhoven-Saarbrücken<br/>Richtung Saarbrücken Hauptbahnhof: ab xx:05<br/>Richtung Eindhoven: an xx:55<br/><i>Bereitstellung aus Depot, 1,5 kV DC</i></div><style>@media (prefers-color-scheme: dark) {html,body,.kmldesc{background:#1b1b1b !important;color:#e8e8e8 !important;}.kmldesc a{color:#8ab4f8 !important;}}</style>]]></description>
<LookAt><longitude>5.4795265</longitude><latitude>51.4429623</latitude><altitude>0</altitude><heading>0</heading><tilt>0</tilt><range>2500</range><altitudeMode>clampToGround</altitudeMode></LookAt>
<styleUrl>#stationPinNoLabel</styleUrl>
<Point><coordinates>5.4795265,51.4429623,0</coordinates></Point>
</Placemark>
<Placemark>
<name>Eisenach</name>
<description><![CDATA[<div class="kmldesc"><b>RE24</b> Zwickau-Kassel<br/>Richtung Kassel Hauptbahnhof: an xx:25 / ab xx:27<br/>Richtung Zwickau Hauptbahnhof: an xx:28 / ab xx:30<br/><i>Werra-Tal</i></div><style>@media (prefers-color-scheme: dark) {html,body,.kmldesc{background:#1b1b1b !important;color:#e8e8e8 !important;}.kmldesc a{color:#8ab4f8 !important;}}</style>]]></description>
<LookAt><longitude>10.3319937</longitude><latitude>50.9768973</latitude><altitude>0</altitude><heading>0</heading><tilt>0</tilt><range>2500</range><altitudeMode>clampToGround</altitudeMode></LookAt>
<styleUrl>#stationPinNoLabel</styleUrl>
<Point><coordinates>10.3319937,50.9768973,0</coordinates></Point>
</Placemark>
<Placemark>
<name>Elmshorn</name>
<description><![CDATA[<div class="kmldesc"><b>RE77</b> Fredericia-Berlin Ostbahnhof<br/>Richtung Berlin Ostbahnhof: an xx:52 / ab xx:54<br/>Richtung Fredericia: an xx:06 / ab xx:08<br/><i>Umlandzustieg</i><br/><br/><b>RE90b</b> Kiel/Schönberger Strand-Groningen/Norddeich Mole<br/>Richtung Groningen / Norddeich Mole (Flügelzug): an xx:04 / ab xx:06<br/>Richtung Kiel Hbf/Schönberger Strand: an xx:42 / ab xx:44<br/><i>SDO aktiv, Zugüberlänge</i></div><style>@media (prefers-color-scheme: dark) {html,body,.kmldesc{background:#1b1b1b !important;color:#e8e8e8 !important;}.kmldesc a{color:#8ab4f8 !important;}}</style>]]></description>
<LookAt><longitude>9.6592636</longitude><latitude>53.7542251</latitude><altitude>0</altitude><heading>0</heading><tilt>0</tilt><range>2500</range><altitudeMode>clampToGround</altitudeMode></LookAt>
<styleUrl>#stationPinNoLabel</styleUrl>
<Point><coordinates>9.6592636,53.7542251,0</coordinates></Point>
</Placemark>
<Placemark>
<name>Elst</name>
<description><![CDATA[<div class="kmldesc"><b>RB37</b> Arnhem Centraal-Bochum Hbf<br/>Richtung Bochum Hauptbahnhof: an xx:26 / ab xx:27<br/>Richtung Arnhem Centraal: an xx:32 / ab xx:33<br/><i>Nahverkehrshalt</i></div><style>@media (prefers-color-scheme: dark) {html,body,.kmldesc{background:#1b1b1b !important;color:#e8e8e8 !important;}.kmldesc a{color:#8ab4f8 !important;}}</style>]]></description>
<LookAt><longitude>5.8549361</longitude><latitude>51.9172528</latitude><altitude>0</altitude><heading>0</heading><tilt>0</tilt><range>2500</range><altitudeMode>clampToGround</altitudeMode></LookAt>
<styleUrl>#stationPinNoLabel</styleUrl>
<Point><coordinates>5.8549361,51.9172528,0</coordinates></Point>
</Placemark>
<Placemark>
<name>Elsterwerda</name>
<description><![CDATA[<div class="kmldesc"><b>RE35</b> Zwickau-Warnemünde (Regionaltakt)<br/>Richtung Warnemünde: an xx:32 / ab xx:34<br/>Richtung Zwickau Hauptbahnhof: an xx:56 / ab xx:58<br/><i>Übergang Anhalter Bahn</i></div><style>@media (prefers-color-scheme: dark) {html,body,.kmldesc{background:#1b1b1b !important;color:#e8e8e8 !important;}.kmldesc a{color:#8ab4f8 !important;}}</style>]]></description>
<LookAt><longitude>13.516501</longitude><latitude>51.4598135</latitude><altitude>0</altitude><heading>0</heading><tilt>0</tilt><range>2500</range><altitudeMode>clampToGround</altitudeMode></LookAt>
<styleUrl>#stationPinNoLabel</styleUrl>
<Point><coordinates>13.516501,51.4598135,0</coordinates></Point>
</Placemark>
<Placemark>
<name>Emden Hbf</name>
<description><![CDATA[<div class="kmldesc"><b>RE90b</b> Kiel/Schönberger Strand-Groningen/Norddeich Mole<br/>Richtung Groningen / Norddeich Mole (Flügelzug): an xx:04 / ab xx:07<br/>Richtung Kiel Hbf/Schönberger Strand: an xx:34 / ab xx:37<br/><i>Fahrtrichtungswechsel Stammzug</i></div><style>@media (prefers-color-scheme: dark) {html,body,.kmldesc{background:#1b1b1b !important;color:#e8e8e8 !important;}.kmldesc a{color:#8ab4f8 !important;}}</style>]]></description>
<LookAt><longitude>7.1951814</longitude><latitude>53.3690779</latitude><altitude>0</altitude><heading>0</heading><tilt>0</tilt><range>2500</range><altitudeMode>clampToGround</altitudeMode></LookAt>
<styleUrl>#stationPinNoLabel</styleUrl>
<Point><coordinates>7.1951814,53.3690779,0</coordinates></Point>
</Placemark>
<Placemark>
<name>Emmerich</name>
<description><![CDATA[<div class="kmldesc"><b>RE5</b> Arnhem-Frankfurt<br/>Richtung Frankfurt (Main) Hbf: an xx:31 / ab xx:34<br/>Richtung Arnhem Centraal: an xx:27 / ab xx:30<br/><i>Systemhalt / Stromwechsel</i></div><style>@media (prefers-color-scheme: dark) {html,body,.kmldesc{background:#1b1b1b !important;color:#e8e8e8 !important;}.kmldesc a{color:#8ab4f8 !important;}}</style>]]></description>
<LookAt><longitude>6.2556203</longitude><latitude>51.8342608</latitude><altitude>0</altitude><heading>0</heading><tilt>0</tilt><range>2500</range><altitudeMode>clampToGround</altitudeMode></LookAt>
<styleUrl>#stationPinNoLabel</styleUrl>
<Point><coordinates>6.2556203,51.8342608,0</coordinates></Point>
</Placemark>
<Placemark>
<name>Empel-Rees</name>
<description><![CDATA[<div class="kmldesc"><b>RE5</b> Arnhem-Frankfurt<br/>Richtung Frankfurt (Main) Hbf: an xx:42 / ab xx:43<br/>Richtung Arnhem Centraal: an xx:18 / ab xx:19<br/><i>Regionaler Systemhalt</i></div><style>@media (prefers-color-scheme: dark) {html,body,.kmldesc{background:#1b1b1b !important;color:#e8e8e8 !important;}.kmldesc a{color:#8ab4f8 !important;}}</style>]]></description>
<LookAt><longitude>6.4162798</longitude><latitude>51.7987012</latitude><altitude>0</altitude><heading>0</heading><tilt>0</tilt><range>2500</range><altitudeMode>clampToGround</altitudeMode></LookAt>
<styleUrl>#stationPinNoLabel</styleUrl>
<Point><coordinates>6.4162798,51.7987012,0</coordinates></Point>
</Placemark>
<Placemark>
<name>Erdorf</name>
<description><![CDATA[<div class="kmldesc"><b>RE14</b> Eindhoven-Saarbrücken<br/>Richtung Saarbrücken Hauptbahnhof: an xx:58 / ab xx:59<br/>Richtung Eindhoven: an xx:01 / ab xx:02<br/><i>Regulärer Haltepunkt</i></div><style>@media (prefers-color-scheme: dark) {html,body,.kmldesc{background:#1b1b1b !important;color:#e8e8e8 !important;}.kmldesc a{color:#8ab4f8 !important;}}</style>]]></description>
<LookAt><longitude>6.5709898</longitude><latitude>49.9987743</latitude><altitude>0</altitude><heading>0</heading><tilt>0</tilt><range>2500</range><altitudeMode>clampToGround</altitudeMode></LookAt>
<styleUrl>#stationPinNoLabel</styleUrl>
<Point><coordinates>6.5709898,49.9987743,0</coordinates></Point>
</Placemark>
<Placemark>
<name>Erfurt Hauptbahnhof</name>
<description><![CDATA[<div class="kmldesc"><b>RE24</b> Zwickau-Kassel<br/>Richtung Kassel Hauptbahnhof: an xx:55 / ab xx:58<br/>Richtung Zwickau Hauptbahnhof: an xx:57 / ab xx:00<br/><i>Thüringer Stammbahn</i><br/><br/><b>RE28</b> Leipzig-Würzburg<br/>Richtung Würzburg Hauptbahnhof: an xx:36 / ab xx:40<br/>Richtung Leipzig Hauptbahnhof: an xx:22 / ab xx:26<br/><i>Systemhalt Thüringen</i></div><style>@media (prefers-color-scheme: dark) {html,body,.kmldesc{background:#1b1b1b !important;color:#e8e8e8 !important;}.kmldesc a{color:#8ab4f8 !important;}}</style>]]></description>
<LookAt><longitude>11.0380824</longitude><latitude>50.9722853</latitude><altitude>0</altitude><heading>0</heading><tilt>0</tilt><range>2500</range><altitudeMode>clampToGround</altitudeMode></LookAt>
<styleUrl>#stationPinNoLabel</styleUrl>
<Point><coordinates>11.0380824,50.9722853,0</coordinates></Point>
</Placemark>
<Placemark>
<name>Erkelenz</name>
<description><![CDATA[<div class="kmldesc"><b>RE90</b> Saarbrücken-Düsseldorf<br/>Richtung Düsseldorf Hauptbahnhof: an xx:27 / ab xx:29<br/>Richtung Saarbrücken Hauptbahnhof: an xx:11 / ab xx:13<br/><i>Express-Halt</i></div><style>@media (prefers-color-scheme: dark) {html,body,.kmldesc{background:#1b1b1b !important;color:#e8e8e8 !important;}.kmldesc a{color:#8ab4f8 !important;}}</style>]]></description>
<LookAt><longitude>6.3215151</longitude><latitude>51.076552</latitude><altitude>0</altitude><heading>0</heading><tilt>0</tilt><range>2500</range><altitudeMode>clampToGround</altitudeMode></LookAt>
<styleUrl>#stationPinNoLabel</styleUrl>
<Point><coordinates>6.3215151,51.076552,0</coordinates></Point>
</Placemark>
<Placemark>
<name>Erkner</name>
<description><![CDATA[<div class="kmldesc"><b>RE11</b> Frankfurt(Oder)-Leipzig<br/>Richtung Leipzig Hauptbahnhof: an xx:45 / ab xx:46<br/>Richtung Frankfurt (Oder): an xx:14 / ab xx:15<br/><i>Regionalhalt</i></div><style>@media (prefers-color-scheme: dark) {html,body,.kmldesc{background:#1b1b1b !important;color:#e8e8e8 !important;}.kmldesc a{color:#8ab4f8 !important;}}</style>]]></description>
<LookAt><longitude>13.7510608</longitude><latitude>52.4294226</latitude><altitude>0</altitude><heading>0</heading><tilt>0</tilt><range>2500</range><altitudeMode>clampToGround</altitudeMode></LookAt>
<styleUrl>#stationPinNoLabel</styleUrl>
<Point><coordinates>13.7510608,52.4294226,0</coordinates></Point>
</Placemark>
<Placemark>
<name>Esbjerg</name>
<description><![CDATA[<div class="kmldesc"><b>RE46</b> Esbjerg-Berlin Südkreuz<br/>Richtung Berlin Südkreuz: ab xx:02<br/>Richtung Esbjerg: an xx:57<br/><i>Startbahnhof, 1x 4-teiliger KISS</i></div><style>@media (prefers-color-scheme: dark) {html,body,.kmldesc{background:#1b1b1b !important;color:#e8e8e8 !important;}.kmldesc a{color:#8ab4f8 !important;}}</style>]]></description>
<LookAt><longitude>8.4582375</longitude><latitude>55.467837</latitude><altitude>0</altitude><heading>0</heading><tilt>0</tilt><range>2500</range><altitudeMode>clampToGround</altitudeMode></LookAt>
<styleUrl>#stationPinNoLabel</styleUrl>
<Point><coordinates>8.4582375,55.467837,0</coordinates></Point>
</Placemark>
<Placemark>
<name>Essen (Oldb)</name>
<description><![CDATA[<div class="kmldesc"><b>RE17</b> Dortmund-Wilhelmshaven<br/>Richtung Wilhelmshaven: an xx:35 / ab xx:36<br/>Richtung Dortmund Hauptbahnhof: an xx:24 / ab xx:25<br/><i>Kurzer Bahnsteig ~140m, SDO aktiv</i></div><style>@media (prefers-color-scheme: dark) {html,body,.kmldesc{background:#1b1b1b !important;color:#e8e8e8 !important;}.kmldesc a{color:#8ab4f8 !important;}}</style>]]></description>
<LookAt><longitude>7.9454061</longitude><latitude>52.7234288</latitude><altitude>0</altitude><heading>0</heading><tilt>0</tilt><range>2500</range><altitudeMode>clampToGround</altitudeMode></LookAt>
<styleUrl>#stationPinNoLabel</styleUrl>
<Point><coordinates>7.9454061,52.7234288,0</coordinates></Point>
</Placemark>
<Placemark>
<name>Essen Hauptbahnhof</name>
<description><![CDATA[<div class="kmldesc"><b>RE2</b> Düsseldorf-Osnabrück<br/>Richtung Osnabrück Hauptbahnhof: an xx:28 / ab xx:30<br/>Richtung Düsseldorf Hauptbahnhof: an xx:28 / ab xx:30<br/><i>Premiumknoten: Umstieg ICE Sprinter</i><br/><br/><b>RE32</b> Kassel-Wilhelmshöhe-Roermond<br/>Richtung Roermond: an xx:15 / ab xx:17<br/>Richtung Kassel-Wilhelmshöhe: an xx:41 / ab xx:43<br/><i>Systemhalt Ruhrgebiet</i><br/><br/><b>RE40</b> Essen-Frankfurt<br/>Richtung Frankfurt (Main) Hbf: ab xx:02<br/>Richtung Essen Hauptbahnhof: an xx:58<br/><i>Startbahnhof Nord-Flügel</i><br/><br/><b>S10</b> Ringbahn Ruhrgebiet<br/>Richtung Innenring: an xx:35 / ab xx:37<br/>Richtung Außenring: an xx:04 / ab xx:06<br/><i>S-Bahn-Stammstrecke</i><br/><br/><b>S3</b> Essen Hbf-Hattingen Mitte<br/>Richtung Hattingen Mitte: ab xx:15<br/>Richtung Essen Hauptbahnhof: an xx:37<br/><i>Start Stammstrecke VzG 2165</i><br/><br/><b>S30</b> Essen Hbf-Lüdenscheid Hbf<br/>Richtung Lüdenscheid Hbf: ab xx:00<br/>Richtung Essen Hauptbahnhof: an xx:30<br/><i>Start Stammstrecke VzG 2165</i></div><style>@media (prefers-color-scheme: dark) {html,body,.kmldesc{background:#1b1b1b !important;color:#e8e8e8 !important;}.kmldesc a{color:#8ab4f8 !important;}}</style>]]></description>
<LookAt><longitude>7.0144679</longitude><latitude>51.4514769</latitude><altitude>0</altitude><heading>0</heading><tilt>0</tilt><range>2500</range><altitudeMode>clampToGround</altitudeMode></LookAt>
<styleUrl>#stationPinNoLabel</styleUrl>
<Point><coordinates>7.0144679,51.4514769,0</coordinates></Point>
</Placemark>
<Placemark>
<name>Essen West</name>
<description><![CDATA[<div class="kmldesc"><b>S10</b> Ringbahn Ruhrgebiet<br/>Richtung Innenring: an xx:32 / ab xx:32<br/>Richtung Außenring: an xx:09 / ab xx:09<br/><i>Hauptstrecke/S-Bahn-Gleise S1</i></div><style>@media (prefers-color-scheme: dark) {html,body,.kmldesc{background:#1b1b1b !important;color:#e8e8e8 !important;}.kmldesc a{color:#8ab4f8 !important;}}</style>]]></description>
<LookAt><longitude>7.0886147</longitude><latitude>51.4441711</latitude><altitude>0</altitude><heading>0</heading><tilt>0</tilt><range>2500</range><altitudeMode>clampToGround</altitudeMode></LookAt>
<styleUrl>#stationPinNoLabel</styleUrl>
<Point><coordinates>7.0886147,51.4441711,0</coordinates></Point>
</Placemark>
<Placemark>
<name>Essen-Altenessen</name>
<description><![CDATA[<div class="kmldesc"><b>S10</b> Ringbahn Ruhrgebiet<br/>Richtung Innenring: an xx:06 / ab xx:06<br/>Richtung Außenring: an xx:35 / ab xx:35<br/><i>Köln-Mindener Emschertalbahn</i></div><style>@media (prefers-color-scheme: dark) {html,body,.kmldesc{background:#1b1b1b !important;color:#e8e8e8 !important;}.kmldesc a{color:#8ab4f8 !important;}}</style>]]></description>
<LookAt><longitude>7.0068439</longitude><latitude>51.4842762</latitude><altitude>0</altitude><heading>0</heading><tilt>0</tilt><range>2500</range><altitudeMode>clampToGround</altitudeMode></LookAt>
<styleUrl>#stationPinNoLabel</styleUrl>
<Point><coordinates>7.0068439,51.4842762,0</coordinates></Point>
</Placemark>
<Placemark>
<name>Essen-Borbeck</name>
<description><![CDATA[<div class="kmldesc"><b>S10</b> Ringbahn Ruhrgebiet<br/>Richtung Innenring: an xx:10 / ab xx:10<br/>Richtung Außenring: an xx:31 / ab xx:31<br/><i>Köln-Mindener Emschertalbahn</i></div><style>@media (prefers-color-scheme: dark) {html,body,.kmldesc{background:#1b1b1b !important;color:#e8e8e8 !important;}.kmldesc a{color:#8ab4f8 !important;}}</style>]]></description>
<LookAt><longitude>6.9539306</longitude><latitude>51.4617006</latitude><altitude>0</altitude><heading>0</heading><tilt>0</tilt><range>2500</range><altitudeMode>clampToGround</altitudeMode></LookAt>
<styleUrl>#stationPinNoLabel</styleUrl>
<Point><coordinates>6.9539306,51.4617006,0</coordinates></Point>
</Placemark>
<Placemark>
<name>Essen-Dellwig Ost</name>
<description><![CDATA[<div class="kmldesc"><b>S10</b> Ringbahn Ruhrgebiet<br/>Richtung Innenring: an xx:13 / ab xx:13<br/>Richtung Außenring: an xx:28 / ab xx:28<br/><i>Köln-Mindener Emschertalbahn</i></div><style>@media (prefers-color-scheme: dark) {html,body,.kmldesc{background:#1b1b1b !important;color:#e8e8e8 !important;}.kmldesc a{color:#8ab4f8 !important;}}</style>]]></description>
<LookAt><longitude>6.9216999</longitude><latitude>51.4878611</latitude><altitude>0</altitude><heading>0</heading><tilt>0</tilt><range>2500</range><altitudeMode>clampToGround</altitudeMode></LookAt>
<styleUrl>#stationPinNoLabel</styleUrl>
<Point><coordinates>6.9216999,51.4878611,0</coordinates></Point>
</Placemark>
<Placemark>
<name>Essen-Eiberg</name>
<description><![CDATA[<div class="kmldesc"><b>S10</b> Ringbahn Ruhrgebiet<br/>Richtung Innenring: an xx:46 / ab xx:46<br/>Richtung Außenring: an xx:55 / ab xx:55<br/><i>Bahnstrecke Witten/Dortmund-Oberhausen</i></div><style>@media (prefers-color-scheme: dark) {html,body,.kmldesc{background:#1b1b1b !important;color:#e8e8e8 !important;}.kmldesc a{color:#8ab4f8 !important;}}</style>]]></description>
<LookAt><longitude>7.1089523</longitude><latitude>51.4417321</latitude><altitude>0</altitude><heading>0</heading><tilt>0</tilt><range>2500</range><altitudeMode>clampToGround</altitudeMode></LookAt>
<styleUrl>#stationPinNoLabel</styleUrl>
<Point><coordinates>7.1089523,51.4417321,0</coordinates></Point>
</Placemark>
<Placemark>
<name>Essen-Frohnhausen</name>
<description><![CDATA[<div class="kmldesc"><b>S10</b> Ringbahn Ruhrgebiet<br/>Richtung Innenring: an xx:30 / ab xx:30<br/>Richtung Außenring: an xx:11 / ab xx:11<br/><i>Hauptstrecke/S-Bahn-Gleise S1</i></div><style>@media (prefers-color-scheme: dark) {html,body,.kmldesc{background:#1b1b1b !important;color:#e8e8e8 !important;}.kmldesc a{color:#8ab4f8 !important;}}</style>]]></description>
<LookAt><longitude>6.965176</longitude><latitude>51.4551654</latitude><altitude>0</altitude><heading>0</heading><tilt>0</tilt><range>2500</range><altitudeMode>clampToGround</altitudeMode></LookAt>
<styleUrl>#stationPinNoLabel</styleUrl>
<Point><coordinates>6.9651760,51.4551654,0</coordinates></Point>
</Placemark>
<Placemark>
<name>Essen-Horst</name>
<description><![CDATA[<div class="kmldesc"><b>S3</b> Essen Hbf-Hattingen Mitte<br/>Richtung Hattingen Mitte: an xx:25 / ab xx:25<br/>Richtung Essen Hauptbahnhof: an xx:27 / ab xx:27<br/><i>Strecke nach Hattingen</i><br/><br/><b>S30</b> Essen Hbf-Lüdenscheid Hbf<br/>Richtung Lüdenscheid Hbf: an xx:10 / ab xx:10<br/>Richtung Essen Hauptbahnhof: an xx:20 / ab xx:20<br/><i>Strecke nach Hattingen</i></div><style>@media (prefers-color-scheme: dark) {html,body,.kmldesc{background:#1b1b1b !important;color:#e8e8e8 !important;}.kmldesc a{color:#8ab4f8 !important;}}</style>]]></description>
<LookAt><longitude>6.9892897</longitude><latitude>51.4375389</latitude><altitude>0</altitude><heading>0</heading><tilt>0</tilt><range>2500</range><altitudeMode>clampToGround</altitudeMode></LookAt>
<styleUrl>#stationPinNoLabel</styleUrl>
<Point><coordinates>6.9892897,51.4375389,0</coordinates></Point>
</Placemark>
<Placemark>
<name>Essen-Steele</name>
<description><![CDATA[<div class="kmldesc"><b>RE40</b> Essen-Frankfurt<br/>Richtung Frankfurt (Main) Hbf: an xx:07 / ab xx:08<br/>Richtung Essen Hauptbahnhof: an xx:52 / ab xx:53<br/><i>S-Bahn-Gleis-Halt</i><br/><br/><b>S10</b> Ringbahn Ruhrgebiet<br/>Richtung Innenring: an xx:41 / ab xx:41<br/>Richtung Außenring: an xx:00 / ab xx:00<br/><i>Bahnstrecke Witten/Dortmund-Oberhausen</i><br/><br/><b>S3</b> Essen Hbf-Hattingen Mitte<br/>Richtung Hattingen Mitte: an xx:19 / ab xx:19<br/>Richtung Essen Hauptbahnhof: an xx:33 / ab xx:33<br/><i>S-Bahn-Stammstrecke</i><br/><br/><b>S30</b> Essen Hbf-Lüdenscheid Hbf<br/>Richtung Lüdenscheid Hbf: an xx:04 / ab xx:04<br/>Richtung Essen Hauptbahnhof: an xx:26 / ab xx:26<br/><i>S-Bahn-Stammstrecke</i></div><style>@media (prefers-color-scheme: dark) {html,body,.kmldesc{background:#1b1b1b !important;color:#e8e8e8 !important;}.kmldesc a{color:#8ab4f8 !important;}}</style>]]></description>
<LookAt><longitude>7.0755469</longitude><latitude>51.4506842</latitude><altitude>0</altitude><heading>0</heading><tilt>0</tilt><range>2500</range><altitudeMode>clampToGround</altitudeMode></LookAt>
<styleUrl>#stationPinNoLabel</styleUrl>
<Point><coordinates>7.0755469,51.4506842,0</coordinates></Point>
</Placemark>
<Placemark>
<name>Essen-Steele Ost</name>
<description><![CDATA[<div class="kmldesc"><b>S10</b> Ringbahn Ruhrgebiet<br/>Richtung Innenring: an xx:43 / ab xx:43<br/>Richtung Außenring: an xx:58 / ab xx:58<br/><i>Bahnstrecke Witten/Dortmund-Oberhausen</i><br/><br/><b>S3</b> Essen Hbf-Hattingen Mitte<br/>Richtung Hattingen Mitte: an xx:21 / ab xx:22<br/>Richtung Essen Hauptbahnhof: an xx:30 / ab xx:31<br/><i>Trennungsbahnhof, Ausfädelung von S1/S10</i><br/><br/><b>S30</b> Essen Hbf-Lüdenscheid Hbf<br/>Richtung Lüdenscheid Hbf: an xx:06 / ab xx:07<br/>Richtung Essen Hauptbahnhof: an xx:23 / ab xx:24<br/><i>Trennungsbahnhof, Ausfädelung von S1/S10</i></div><style>@media (prefers-color-scheme: dark) {html,body,.kmldesc{background:#1b1b1b !important;color:#e8e8e8 !important;}.kmldesc a{color:#8ab4f8 !important;}}</style>]]></description>
<LookAt><longitude>7.0746135</longitude><latitude>51.4580333</latitude><altitude>0</altitude><heading>0</heading><tilt>0</tilt><range>2500</range><altitudeMode>clampToGround</altitudeMode></LookAt>
<styleUrl>#stationPinNoLabel</styleUrl>
<Point><coordinates>7.0746135,51.4580333,0</coordinates></Point>
</Placemark>
<Placemark>
<name>Ettelbruck</name>
<description><![CDATA[<div class="kmldesc"><b>RE90</b> Saarbrücken-Düsseldorf<br/>Richtung Düsseldorf Hauptbahnhof: an xx:58 / ab xx:00<br/>Richtung Saarbrücken Hauptbahnhof: an xx:42 / ab xx:44<br/><i>Knotenpunkt vor den Ardennen</i></div><style>@media (prefers-color-scheme: dark) {html,body,.kmldesc{background:#1b1b1b !important;color:#e8e8e8 !important;}.kmldesc a{color:#8ab4f8 !important;}}</style>]]></description>
<LookAt><longitude>6.1068634</longitude><latitude>49.8477769</latitude><altitude>0</altitude><heading>0</heading><tilt>0</tilt><range>2500</range><altitudeMode>clampToGround</altitudeMode></LookAt>
<styleUrl>#stationPinNoLabel</styleUrl>
<Point><coordinates>6.1068634,49.8477769,0</coordinates></Point>
</Placemark>
<Placemark>
<name>Euskirchen</name>
<description><![CDATA[<div class="kmldesc"><b>RE14</b> Eindhoven-Saarbrücken<br/>Richtung Saarbrücken Hauptbahnhof: an xx:27 / ab xx:29<br/>Richtung Eindhoven: an xx:31 / ab xx:33<br/><i>Übergang Eifelstrecke</i></div><style>@media (prefers-color-scheme: dark) {html,body,.kmldesc{background:#1b1b1b !important;color:#e8e8e8 !important;}.kmldesc a{color:#8ab4f8 !important;}}</style>]]></description>
<LookAt><longitude>6.7921979</longitude><latitude>50.657786</latitude><altitude>0</altitude><heading>0</heading><tilt>0</tilt><range>2500</range><altitudeMode>clampToGround</altitudeMode></LookAt>
<styleUrl>#stationPinNoLabel</styleUrl>
<Point><coordinates>6.7921979,50.657786,0</coordinates></Point>
</Placemark>
<Placemark>
<name>Eutin</name>
<description><![CDATA[<div class="kmldesc"><b>RE46</b> Esbjerg-Berlin Südkreuz<br/>Richtung Berlin Südkreuz: an xx:01 / ab xx:03<br/>Richtung Esbjerg: an xx:56 / ab xx:58<br/><i>Regionaler Systemhalt</i></div><style>@media (prefers-color-scheme: dark) {html,body,.kmldesc{background:#1b1b1b !important;color:#e8e8e8 !important;}.kmldesc a{color:#8ab4f8 !important;}}</style>]]></description>
<LookAt><longitude>10.6099686</longitude><latitude>54.1356688</latitude><altitude>0</altitude><heading>0</heading><tilt>0</tilt><range>2500</range><altitudeMode>clampToGround</altitudeMode></LookAt>
<styleUrl>#stationPinNoLabel</styleUrl>
<Point><coordinates>10.6099686,54.1356688,0</coordinates></Point>
</Placemark>
<Placemark>
<name>Feldkirch</name>
<description><![CDATA[<div class="kmldesc"><b>RE80</b> Chur-Saarbrücken<br/>Richtung Saarbrücken Hauptbahnhof: an xx:34 / ab xx:40<br/>Richtung Chur: an xx:15 / ab xx:21<br/><i>Kopfmachen, Richtungswechsel Nordkurs</i></div><style>@media (prefers-color-scheme: dark) {html,body,.kmldesc{background:#1b1b1b !important;color:#e8e8e8 !important;}.kmldesc a{color:#8ab4f8 !important;}}</style>]]></description>
<LookAt><longitude>9.6043115</longitude><latitude>47.2409257</latitude><altitude>0</altitude><heading>0</heading><tilt>0</tilt><range>2500</range><altitudeMode>clampToGround</altitudeMode></LookAt>
<styleUrl>#stationPinNoLabel</styleUrl>
<Point><coordinates>9.6043115,47.2409257,0</coordinates></Point>
</Placemark>
<Placemark>
<name>Finnentrop</name>
<description><![CDATA[<div class="kmldesc"><b>RE40</b> Essen-Frankfurt<br/>Richtung Frankfurt (Main) Hbf: an xx:40 / ab xx:41<br/>Richtung Essen Hauptbahnhof: an xx:19 / ab xx:20<br/><i>Sauerland-Halt</i></div><style>@media (prefers-color-scheme: dark) {html,body,.kmldesc{background:#1b1b1b !important;color:#e8e8e8 !important;}.kmldesc a{color:#8ab4f8 !important;}}</style>]]></description>
<LookAt><longitude>7.9645839</longitude><latitude>51.1731935</latitude><altitude>0</altitude><heading>0</heading><tilt>0</tilt><range>2500</range><altitudeMode>clampToGround</altitudeMode></LookAt>
<styleUrl>#stationPinNoLabel</styleUrl>
<Point><coordinates>7.9645839,51.1731935,0</coordinates></Point>
</Placemark>
<Placemark>
<name>Flensburg</name>
<description><![CDATA[<div class="kmldesc"><b>RE77</b> Fredericia-Berlin Ostbahnhof<br/>Richtung Berlin Ostbahnhof: an xx:05 / ab xx:15<br/>Richtung Fredericia: an xx:45 / ab xx:55<br/><i>Systemwechsel, Versatz zu RE7</i></div><style>@media (prefers-color-scheme: dark) {html,body,.kmldesc{background:#1b1b1b !important;color:#e8e8e8 !important;}.kmldesc a{color:#8ab4f8 !important;}}</style>]]></description>
<LookAt><longitude>9.4365273</longitude><latitude>54.7741124</latitude><altitude>0</altitude><heading>0</heading><tilt>0</tilt><range>2500</range><altitudeMode>clampToGround</altitudeMode></LookAt>
<styleUrl>#stationPinNoLabel</styleUrl>
<Point><coordinates>9.4365273,54.7741124,0</coordinates></Point>
</Placemark>
<Placemark>
<name>Flöha</name>
<description><![CDATA[<div class="kmldesc"><b>RE35</b> Zwickau-Warnemünde (Regionaltakt)<br/>Richtung Warnemünde: an xx:51 / ab xx:52<br/>Richtung Zwickau Hauptbahnhof: an xx:38 / ab xx:39<br/><i>Engpass, Bahnsteiglänge 170m</i></div><style>@media (prefers-color-scheme: dark) {html,body,.kmldesc{background:#1b1b1b !important;color:#e8e8e8 !important;}.kmldesc a{color:#8ab4f8 !important;}}</style>]]></description>
<LookAt><longitude>13.0752808</longitude><latitude>50.854228</latitude><altitude>0</altitude><heading>0</heading><tilt>0</tilt><range>2500</range><altitudeMode>clampToGround</altitudeMode></LookAt>
<styleUrl>#stationPinNoLabel</styleUrl>
<Point><coordinates>13.0752808,50.854228,0</coordinates></Point>
</Placemark>
<Placemark>
<name>Flughafen BER</name>
<description><![CDATA[<div class="kmldesc"><b>RE45</b> Cottbus-Travemünde<br/>Richtung Travemünde Strand: an xx:17 / ab xx:21<br/>Richtung Cottbus Hauptbahnhof: an xx:40 / ab xx:44<br/><i>Systemknoten Luftverkehr</i><br/><br/><b>RE71</b> Brandenburg Hbf-Hel<br/>Richtung Hel: an xx:19 / ab xx:22<br/>Richtung Brandenburg Hbf: an xx:52 / ab xx:55<br/><i>Aussenring-Zulauf, Fernbahngleise (405m)</i></div><style>@media (prefers-color-scheme: dark) {html,body,.kmldesc{background:#1b1b1b !important;color:#e8e8e8 !important;}.kmldesc a{color:#8ab4f8 !important;}}</style>]]></description>
<LookAt><longitude>13.5083312</longitude><latitude>52.3639907</latitude><altitude>0</altitude><heading>0</heading><tilt>0</tilt><range>2500</range><altitudeMode>clampToGround</altitudeMode></LookAt>
<styleUrl>#stationPinNoLabel</styleUrl>
<Point><coordinates>13.5083312,52.3639907,0</coordinates></Point>
</Placemark>
<Placemark>
<name>Flughafen Leipzig/Halle</name>
<description><![CDATA[<div class="kmldesc"><b>RE28</b> Leipzig-Würzburg<br/>Richtung Würzburg Hauptbahnhof: an xx:49 / ab xx:51<br/>Richtung Leipzig Hauptbahnhof: an xx:11 / ab xx:13<br/><i>Trasse via Leipzig-Wahren</i></div><style>@media (prefers-color-scheme: dark) {html,body,.kmldesc{background:#1b1b1b !important;color:#e8e8e8 !important;}.kmldesc a{color:#8ab4f8 !important;}}</style>]]></description>
<LookAt><longitude>12.2236458</longitude><latitude>51.4233121</latitude><altitude>0</altitude><heading>0</heading><tilt>0</tilt><range>2500</range><altitudeMode>clampToGround</altitudeMode></LookAt>
<styleUrl>#stationPinNoLabel</styleUrl>
<Point><coordinates>12.2236458,51.4233121,0</coordinates></Point>
</Placemark>
<Placemark>
<name>Forbach</name>
<description><![CDATA[<div class="kmldesc"><b>RE90</b> Saarbrücken-Düsseldorf<br/>Richtung Düsseldorf Hauptbahnhof: an xx:54 / ab xx:56<br/>Richtung Saarbrücken Hauptbahnhof: an xx:46 / ab xx:48<br/><i>Grenzbahnhof, Systemwechsel DE/FR</i></div><style>@media (prefers-color-scheme: dark) {html,body,.kmldesc{background:#1b1b1b !important;color:#e8e8e8 !important;}.kmldesc a{color:#8ab4f8 !important;}}</style>]]></description>
<LookAt><longitude>6.9010985</longitude><latitude>49.1894859</latitude><altitude>0</altitude><heading>0</heading><tilt>0</tilt><range>2500</range><altitudeMode>clampToGround</altitudeMode></LookAt>
<styleUrl>#stationPinNoLabel</styleUrl>
<Point><coordinates>6.9010985,49.1894859,0</coordinates></Point>
</Placemark>
<Placemark>
<name>Frankfurt (Main) Hauptbahnhof</name>
<description><![CDATA[<div class="kmldesc"><b>RE40</b> Essen-Frankfurt<br/>Richtung Frankfurt (Main) Hbf: an xx:05<br/>Richtung Essen Hauptbahnhof: ab xx:55<br/><i>Endbahnhof, Halle Nord</i><br/><br/><b>RE5</b> Arnhem-Frankfurt<br/>Richtung Frankfurt (Main) Hbf: an xx:01<br/>Richtung Arnhem Centraal: ab xx:00<br/><i>Endbahnhof, Halle Süd</i><br/><br/><b>RE7</b> Frankfurt-Bremen<br/>Richtung Bremen Hauptbahnhof: ab xx:30<br/>Richtung Frankfurt (Main) Hauptbahnhof: an xx:30<br/><i>Start im Taktknoten Rhein-Main</i></div><style>@media (prefers-color-scheme: dark) {html,body,.kmldesc{background:#1b1b1b !important;color:#e8e8e8 !important;}.kmldesc a{color:#8ab4f8 !important;}}</style>]]></description>
<LookAt><longitude>8.6625808</longitude><latitude>50.1066539</latitude><altitude>0</altitude><heading>0</heading><tilt>0</tilt><range>2500</range><altitudeMode>clampToGround</altitudeMode></LookAt>
<styleUrl>#stationPinNoLabel</styleUrl>
<Point><coordinates>8.6625808,50.1066539,0</coordinates></Point>
</Placemark>
<Placemark>
<name>Frankfurt (Oder)</name>
<description><![CDATA[<div class="kmldesc"><b>RE11</b> Frankfurt(Oder)-Leipzig<br/>Richtung Leipzig Hauptbahnhof: ab xx:16<br/>Richtung Frankfurt (Oder): an xx:44<br/><i>Startbahnhof</i></div><style>@media (prefers-color-scheme: dark) {html,body,.kmldesc{background:#1b1b1b !important;color:#e8e8e8 !important;}.kmldesc a{color:#8ab4f8 !important;}}</style>]]></description>
<LookAt><longitude>14.5466945</longitude><latitude>52.3365359</latitude><altitude>0</altitude><heading>0</heading><tilt>0</tilt><range>2500</range><altitudeMode>clampToGround</altitudeMode></LookAt>
<styleUrl>#stationPinNoLabel</styleUrl>
<Point><coordinates>14.5466945,52.3365359,0</coordinates></Point>
</Placemark>
<Placemark>
<name>Frankfurt Flughafen Regionalbahnhof</name>
<description><![CDATA[<div class="kmldesc"><b>RE5</b> Arnhem-Frankfurt<br/>Richtung Frankfurt (Main) Hbf: an xx:49 / ab xx:51<br/>Richtung Arnhem Centraal: an xx:10 / ab xx:12<br/><i>Großer Ausnahme-Halt</i></div><style>@media (prefers-color-scheme: dark) {html,body,.kmldesc{background:#1b1b1b !important;color:#e8e8e8 !important;}.kmldesc a{color:#8ab4f8 !important;}}</style>]]></description>
<LookAt><longitude>8.5717548</longitude><latitude>50.051299</latitude><altitude>0</altitude><heading>0</heading><tilt>0</tilt><range>2500</range><altitudeMode>clampToGround</altitudeMode></LookAt>
<styleUrl>#stationPinNoLabel</styleUrl>
<Point><coordinates>8.5717548,50.051299,0</coordinates></Point>
</Placemark>
<Placemark>
<name>Frauenfeld</name>
<description><![CDATA[<div class="kmldesc"><b>RE94</b> Plzeň-Zürich<br/>Richtung Zürich HB: an xx:46 / ab xx:48<br/>Richtung Plzeň hlavní nádraží: an xx:12 / ab xx:14<br/><i>Thurgauer Kantonshauptstadt</i></div><style>@media (prefers-color-scheme: dark) {html,body,.kmldesc{background:#1b1b1b !important;color:#e8e8e8 !important;}.kmldesc a{color:#8ab4f8 !important;}}</style>]]></description>
<LookAt><longitude>8.8965638</longitude><latitude>47.5581253</latitude><altitude>0</altitude><heading>0</heading><tilt>0</tilt><range>2500</range><altitudeMode>clampToGround</altitudeMode></LookAt>
<styleUrl>#stationPinNoLabel</styleUrl>
<Point><coordinates>8.8965638,47.5581253,0</coordinates></Point>
</Placemark>
<Placemark>
<name>Fredericia</name>
<description><![CDATA[<div class="kmldesc"><b>RE77</b> Fredericia-Berlin Ostbahnhof<br/>Richtung Berlin Ostbahnhof: ab xx:39<br/>Richtung Fredericia: an xx:21<br/><i>Start im DSB-Netz</i></div><style>@media (prefers-color-scheme: dark) {html,body,.kmldesc{background:#1b1b1b !important;color:#e8e8e8 !important;}.kmldesc a{color:#8ab4f8 !important;}}</style>]]></description>
<LookAt><longitude>9.739523</longitude><latitude>55.5684379</latitude><altitude>0</altitude><heading>0</heading><tilt>0</tilt><range>2500</range><altitudeMode>clampToGround</altitudeMode></LookAt>
<styleUrl>#stationPinNoLabel</styleUrl>
<Point><coordinates>9.739523,55.5684379,0</coordinates></Point>
</Placemark>
<Placemark>
<name>Freiberg (Sachs)</name>
<description><![CDATA[<div class="kmldesc"><b>RE35</b> Zwickau-Warnemünde (Regionaltakt)<br/>Richtung Warnemünde: an xx:12 / ab xx:14<br/>Richtung Zwickau Hauptbahnhof: an xx:16 / ab xx:18<br/><i>Sächsische Magistrale</i><br/><br/><b>RE35X</b> Zwickau-Warnemünde (System-Express)<br/>Richtung Warnemünde: an xx:22 / ab xx:24<br/>Richtung Zwickau Hauptbahnhof: an xx:50 / ab xx:52<br/><i>Sächsische Magistrale</i></div><style>@media (prefers-color-scheme: dark) {html,body,.kmldesc{background:#1b1b1b !important;color:#e8e8e8 !important;}.kmldesc a{color:#8ab4f8 !important;}}</style>]]></description>
<LookAt><longitude>13.3445784</longitude><latitude>50.9086704</latitude><altitude>0</altitude><heading>0</heading><tilt>0</tilt><range>2500</range><altitudeMode>clampToGround</altitudeMode></LookAt>
<styleUrl>#stationPinNoLabel</styleUrl>
<Point><coordinates>13.3445784,50.9086704,0</coordinates></Point>
</Placemark>
<Placemark>
<name>Freital Hbf</name>
<description><![CDATA[<div class="kmldesc"><b>RE35</b> Zwickau-Warnemünde (Regionaltakt)<br/>Richtung Warnemünde: an xx:34 / ab xx:35<br/>Richtung Zwickau Hauptbahnhof: an xx:55 / ab xx:56<br/><i>Talfahrt Tharandter Rampe</i></div><style>@media (prefers-color-scheme: dark) {html,body,.kmldesc{background:#1b1b1b !important;color:#e8e8e8 !important;}.kmldesc a{color:#8ab4f8 !important;}}</style>]]></description>
<LookAt><longitude>13.6374852</longitude><latitude>50.9886713</latitude><altitude>0</altitude><heading>0</heading><tilt>0</tilt><range>2500</range><altitudeMode>clampToGround</altitudeMode></LookAt>
<styleUrl>#stationPinNoLabel</styleUrl>
<Point><coordinates>13.6374852,50.9886713,0</coordinates></Point>
</Placemark>
<Placemark>
<name>Friedberg (Hess)</name>
<description><![CDATA[<div class="kmldesc"><b>RE40</b> Essen-Frankfurt<br/>Richtung Frankfurt (Main) Hbf: an xx:41 / ab xx:43<br/>Richtung Essen Hauptbahnhof: an xx:17 / ab xx:19<br/><i>Einmündung Rhein-Main-Takt</i></div><style>@media (prefers-color-scheme: dark) {html,body,.kmldesc{background:#1b1b1b !important;color:#e8e8e8 !important;}.kmldesc a{color:#8ab4f8 !important;}}</style>]]></description>
<LookAt><longitude>8.761258</longitude><latitude>50.3326909</latitude><altitude>0</altitude><heading>0</heading><tilt>0</tilt><range>2500</range><altitudeMode>clampToGround</altitudeMode></LookAt>
<styleUrl>#stationPinNoLabel</styleUrl>
<Point><coordinates>8.761258,50.3326909,0</coordinates></Point>
</Placemark>
<Placemark>
<name>Friedrichshafen Stadt</name>
<description><![CDATA[<div class="kmldesc"><b>RE94</b> Plzeň-Zürich<br/>Richtung Zürich HB: an xx:55 / ab xx:00<br/>Richtung Plzeň hlavní nádraží: an xx:00 / ab xx:05<br/><i>Umschaltung auf Akkubetrieb</i></div><style>@media (prefers-color-scheme: dark) {html,body,.kmldesc{background:#1b1b1b !important;color:#e8e8e8 !important;}.kmldesc a{color:#8ab4f8 !important;}}</style>]]></description>
<LookAt><longitude>9.4737004</longitude><latitude>47.6532337</latitude><altitude>0</altitude><heading>0</heading><tilt>0</tilt><range>2500</range><altitudeMode>clampToGround</altitudeMode></LookAt>
<styleUrl>#stationPinNoLabel</styleUrl>
<Point><coordinates>9.4737004,47.6532337,0</coordinates></Point>
</Placemark>
<Placemark>
<name>Fröndenberg</name>
<description><![CDATA[<div class="kmldesc"><b>RE30</b> Leeuwarden-Winterberg/Düsseldorf<br/>Richtung Winterberg (Westf): an xx:12 / ab xx:14<br/>Richtung Leeuwarden: an xx:04 / ab xx:06<br/><i>Obere Ruhrtalbahn, Akkubetrieb ab Schwerte</i></div><style>@media (prefers-color-scheme: dark) {html,body,.kmldesc{background:#1b1b1b !important;color:#e8e8e8 !important;}.kmldesc a{color:#8ab4f8 !important;}}</style>]]></description>
<LookAt><longitude>7.7617558</longitude><latitude>51.471343</latitude><altitude>0</altitude><heading>0</heading><tilt>0</tilt><range>2500</range><altitudeMode>clampToGround</altitudeMode></LookAt>
<styleUrl>#stationPinNoLabel</styleUrl>
<Point><coordinates>7.7617558,51.4713430,0</coordinates></Point>
</Placemark>
<Placemark>
<name>Fürstenwalde (Spree)</name>
<description><![CDATA[<div class="kmldesc"><b>RE11</b> Frankfurt(Oder)-Leipzig<br/>Richtung Leipzig Hauptbahnhof: an xx:31 / ab xx:33<br/>Richtung Frankfurt (Oder): an xx:27 / ab xx:29<br/><i>Regionalhalt</i></div><style>@media (prefers-color-scheme: dark) {html,body,.kmldesc{background:#1b1b1b !important;color:#e8e8e8 !important;}.kmldesc a{color:#8ab4f8 !important;}}</style>]]></description>
<LookAt><longitude>14.0584217</longitude><latitude>52.3671912</latitude><altitude>0</altitude><heading>0</heading><tilt>0</tilt><range>2500</range><altitudeMode>clampToGround</altitudeMode></LookAt>
<styleUrl>#stationPinNoLabel</styleUrl>
<Point><coordinates>14.0584217,52.3671912,0</coordinates></Point>
</Placemark>
<Placemark>
<name>Fulda</name>
<description><![CDATA[<div class="kmldesc"><b>RE7</b> Frankfurt-Bremen<br/>Richtung Bremen Hauptbahnhof: an xx:02 / ab xx:05<br/>Richtung Frankfurt (Main) Hauptbahnhof: an xx:55 / ab xx:58<br/><i>Systemhalt vor Einfahrt SFS</i></div><style>@media (prefers-color-scheme: dark) {html,body,.kmldesc{background:#1b1b1b !important;color:#e8e8e8 !important;}.kmldesc a{color:#8ab4f8 !important;}}</style>]]></description>
<LookAt><longitude>9.6843823</longitude><latitude>50.5547541</latitude><altitude>0</altitude><heading>0</heading><tilt>0</tilt><range>2500</range><altitudeMode>clampToGround</altitudeMode></LookAt>
<styleUrl>#stationPinNoLabel</styleUrl>
<Point><coordinates>9.6843823,50.5547541,0</coordinates></Point>
</Placemark>
<Placemark>
<name>Gdańsk Główny</name>
<description><![CDATA[<div class="kmldesc"><b>RE71</b> Brandenburg Hbf-Hel<br/>Richtung Hel: an xx:56 / ab xx:59<br/>Richtung Brandenburg Hbf: an xx:15 / ab xx:18<br/><i>Metropolen-Hauptknoten, Fernbahnsteige (300-420m)</i></div><style>@media (prefers-color-scheme: dark) {html,body,.kmldesc{background:#1b1b1b !important;color:#e8e8e8 !important;}.kmldesc a{color:#8ab4f8 !important;}}</style>]]></description>
<LookAt><longitude>18.6441946</longitude><latitude>54.3564345</latitude><altitude>0</altitude><heading>0</heading><tilt>0</tilt><range>2500</range><altitudeMode>clampToGround</altitudeMode></LookAt>
<styleUrl>#stationPinNoLabel</styleUrl>
<Point><coordinates>18.6441946,54.3564345,0</coordinates></Point>
</Placemark>
<Placemark>
<name>Gdańsk Wrzeszcz</name>
<description><![CDATA[<div class="kmldesc"><b>RE71</b> Brandenburg Hbf-Hel<br/>Richtung Hel: an xx:05 / ab xx:07<br/>Richtung Brandenburg Hbf: an xx:07 / ab xx:09<br/><i>Wichtiger Nahverkehrsknoten (300-420m)</i></div><style>@media (prefers-color-scheme: dark) {html,body,.kmldesc{background:#1b1b1b !important;color:#e8e8e8 !important;}.kmldesc a{color:#8ab4f8 !important;}}</style>]]></description>
<LookAt><longitude>18.6055111</longitude><latitude>54.3817696</latitude><altitude>0</altitude><heading>0</heading><tilt>0</tilt><range>2500</range><altitudeMode>clampToGround</altitudeMode></LookAt>
<styleUrl>#stationPinNoLabel</styleUrl>
<Point><coordinates>18.6055111,54.3817696,0</coordinates></Point>
</Placemark>
<Placemark>
<name>Gdańsk Zaspa</name>
<description><![CDATA[<div class="kmldesc"><b>RE71</b> Brandenburg Hbf-Hel<br/>Richtung Hel: an xx:10 / ab xx:11<br/>Richtung Brandenburg Hbf: an xx:03 / ab xx:04<br/><i>Engpass: SKM-Pendlerhalt, Nutzlänge nur 200m für 210m-Zug</i></div><style>@media (prefers-color-scheme: dark) {html,body,.kmldesc{background:#1b1b1b !important;color:#e8e8e8 !important;}.kmldesc a{color:#8ab4f8 !important;}}</style>]]></description>
<LookAt><longitude>18.591526</longitude><latitude>54.3897726</latitude><altitude>0</altitude><heading>0</heading><tilt>0</tilt><range>2500</range><altitudeMode>clampToGround</altitudeMode></LookAt>
<styleUrl>#stationPinNoLabel</styleUrl>
<Point><coordinates>18.5915260,54.3897726,0</coordinates></Point>
</Placemark>
<Placemark>
<name>Gdynia Chylonia</name>
<description><![CDATA[<div class="kmldesc"><b>RE71</b> Brandenburg Hbf-Hel<br/>Richtung Hel: an xx:46 / ab xx:47<br/>Richtung Brandenburg Hbf: an xx:27 / ab xx:28<br/><i>Ab hier grosser Puffer für Solo-3-Teiler (150-205m)</i></div><style>@media (prefers-color-scheme: dark) {html,body,.kmldesc{background:#1b1b1b !important;color:#e8e8e8 !important;}.kmldesc a{color:#8ab4f8 !important;}}</style>]]></description>
<LookAt><longitude>18.4636617</longitude><latitude>54.5457503</latitude><altitude>0</altitude><heading>0</heading><tilt>0</tilt><range>2500</range><altitudeMode>clampToGround</altitudeMode></LookAt>
<styleUrl>#stationPinNoLabel</styleUrl>
<Point><coordinates>18.4636617,54.5457503,0</coordinates></Point>
</Placemark>
<Placemark>
<name>Gdynia Główna</name>
<description><![CDATA[<div class="kmldesc"><b>RE71</b> Brandenburg Hbf-Hel<br/>Richtung Hel: an xx:27 / ab xx:40<br/>Richtung Brandenburg Hbf: an xx:34 / ab xx:47<br/><i>Flügelung: 13 Min Halt, 3-Teiler fährt weiter nach Hel, 5-Teiler bleibt in Gdynia (>300m)</i></div><style>@media (prefers-color-scheme: dark) {html,body,.kmldesc{background:#1b1b1b !important;color:#e8e8e8 !important;}.kmldesc a{color:#8ab4f8 !important;}}</style>]]></description>
<LookAt><longitude>18.5268255</longitude><latitude>54.5217877</latitude><altitude>0</altitude><heading>0</heading><tilt>0</tilt><range>2500</range><altitudeMode>clampToGround</altitudeMode></LookAt>
<styleUrl>#stationPinNoLabel</styleUrl>
<Point><coordinates>18.5268255,54.5217877,0</coordinates></Point>
</Placemark>
<Placemark>
<name>Gdynia Wzgórze Św. Maksymiliana</name>
<description><![CDATA[<div class="kmldesc"><b>RE71</b> Brandenburg Hbf-Hel<br/>Richtung Hel: an xx:23 / ab xx:24<br/>Richtung Brandenburg Hbf: an xx:50 / ab xx:51<br/><i>Engpass: Regionalbahnsteige nur 200m, SDO-Einsatz</i></div><style>@media (prefers-color-scheme: dark) {html,body,.kmldesc{background:#1b1b1b !important;color:#e8e8e8 !important;}.kmldesc a{color:#8ab4f8 !important;}}</style>]]></description>
<LookAt><longitude>18.5332216</longitude><latitude>54.4961509</latitude><altitude>0</altitude><heading>0</heading><tilt>0</tilt><range>2500</range><altitudeMode>clampToGround</altitudeMode></LookAt>
<styleUrl>#stationPinNoLabel</styleUrl>
<Point><coordinates>18.5332216,54.4961509,0</coordinates></Point>
</Placemark>
<Placemark>
<name>Geilenkirchen</name>
<description><![CDATA[<div class="kmldesc"><b>RE90</b> Saarbrücken-Düsseldorf<br/>Richtung Düsseldorf Hauptbahnhof: an xx:13 / ab xx:15<br/>Richtung Saarbrücken Hauptbahnhof: an xx:25 / ab xx:27<br/><i>Taktverstärker Rheinland</i></div><style>@media (prefers-color-scheme: dark) {html,body,.kmldesc{background:#1b1b1b !important;color:#e8e8e8 !important;}.kmldesc a{color:#8ab4f8 !important;}}</style>]]></description>
<LookAt><longitude>6.1244361</longitude><latitude>50.9609951</latitude><altitude>0</altitude><heading>0</heading><tilt>0</tilt><range>2500</range><altitudeMode>clampToGround</altitudeMode></LookAt>
<styleUrl>#stationPinNoLabel</styleUrl>
<Point><coordinates>6.1244361,50.9609951,0</coordinates></Point>
</Placemark>
<Placemark>
<name>Gelnhausen</name>
<description><![CDATA[<div class="kmldesc"><b>RE7</b> Frankfurt-Bremen<br/>Richtung Bremen Hauptbahnhof: an xx:12 / ab xx:13<br/>Richtung Frankfurt (Main) Hauptbahnhof: an xx:47 / ab xx:48<br/><i>Pendlerzustieg, SDO aktiv</i></div><style>@media (prefers-color-scheme: dark) {html,body,.kmldesc{background:#1b1b1b !important;color:#e8e8e8 !important;}.kmldesc a{color:#8ab4f8 !important;}}</style>]]></description>
<LookAt><longitude>9.1891404</longitude><latitude>50.1963557</latitude><altitude>0</altitude><heading>0</heading><tilt>0</tilt><range>2500</range><altitudeMode>clampToGround</altitudeMode></LookAt>
<styleUrl>#stationPinNoLabel</styleUrl>
<Point><coordinates>9.1891404,50.1963557,0</coordinates></Point>
</Placemark>
<Placemark>
<name>Gelsenkirchen Hauptbahnhof</name>
<description><![CDATA[<div class="kmldesc"><b>RE2</b> Düsseldorf-Osnabrück<br/>Richtung Osnabrück Hauptbahnhof: an xx:39 / ab xx:41<br/>Richtung Düsseldorf Hauptbahnhof: an xx:20 / ab xx:21<br/><i>Systemhalt Ruhrgebiet</i><br/><br/><b>S10</b> Ringbahn Ruhrgebiet<br/>Richtung Innenring: an xx:58 / ab xx:59<br/>Richtung Außenring: an xx:42 / ab xx:43<br/><i>Glückauf-Bahn Nullpunkt</i></div><style>@media (prefers-color-scheme: dark) {html,body,.kmldesc{background:#1b1b1b !important;color:#e8e8e8 !important;}.kmldesc a{color:#8ab4f8 !important;}}</style>]]></description>
<LookAt><longitude>7.1022983</longitude><latitude>51.5047677</latitude><altitude>0</altitude><heading>0</heading><tilt>0</tilt><range>2500</range><altitudeMode>clampToGround</altitudeMode></LookAt>
<styleUrl>#stationPinNoLabel</styleUrl>
<Point><coordinates>7.1022983,51.5047677,0</coordinates></Point>
</Placemark>
<Placemark>
<name>Gelsenkirchen-Zollverein Nord</name>
<description><![CDATA[<div class="kmldesc"><b>S10</b> Ringbahn Ruhrgebiet<br/>Richtung Innenring: an xx:03 / ab xx:03<br/>Richtung Außenring: an xx:38 / ab xx:38<br/><i>Köln-Mindener Emschertalbahn</i></div><style>@media (prefers-color-scheme: dark) {html,body,.kmldesc{background:#1b1b1b !important;color:#e8e8e8 !important;}.kmldesc a{color:#8ab4f8 !important;}}</style>]]></description>
<LookAt><longitude>7.089043</longitude><latitude>51.4926911</latitude><altitude>0</altitude><heading>0</heading><tilt>0</tilt><range>2500</range><altitudeMode>clampToGround</altitudeMode></LookAt>
<styleUrl>#stationPinNoLabel</styleUrl>
<Point><coordinates>7.0890430,51.4926911,0</coordinates></Point>
</Placemark>
<Placemark>
<name>Gerolstein</name>
<description><![CDATA[<div class="kmldesc"><b>RE14</b> Eindhoven-Saarbrücken<br/>Richtung Saarbrücken Hauptbahnhof: an xx:30 / ab xx:33<br/>Richtung Eindhoven: an xx:27 / ab xx:30<br/><i>Kreuzungshalt eingleisiger Abschnitt</i></div><style>@media (prefers-color-scheme: dark) {html,body,.kmldesc{background:#1b1b1b !important;color:#e8e8e8 !important;}.kmldesc a{color:#8ab4f8 !important;}}</style>]]></description>
<LookAt><longitude>6.6603576</longitude><latitude>50.2239216</latitude><altitude>0</altitude><heading>0</heading><tilt>0</tilt><range>2500</range><altitudeMode>clampToGround</altitudeMode></LookAt>
<styleUrl>#stationPinNoLabel</styleUrl>
<Point><coordinates>6.6603576,50.2239216,0</coordinates></Point>
</Placemark>
<Placemark>
<name>Glauchau (Sachs)</name>
<description><![CDATA[<div class="kmldesc"><b>RE35</b> Zwickau-Warnemünde (Regionaltakt)<br/>Richtung Warnemünde: an xx:14 / ab xx:16<br/>Richtung Zwickau Hauptbahnhof: an xx:14 / ab xx:16<br/><i>Bestandsstrecke</i></div><style>@media (prefers-color-scheme: dark) {html,body,.kmldesc{background:#1b1b1b !important;color:#e8e8e8 !important;}.kmldesc a{color:#8ab4f8 !important;}}</style>]]></description>
<LookAt><longitude>12.54872</longitude><latitude>50.8287631</latitude><altitude>0</altitude><heading>0</heading><tilt>0</tilt><range>2500</range><altitudeMode>clampToGround</altitudeMode></LookAt>
<styleUrl>#stationPinNoLabel</styleUrl>
<Point><coordinates>12.54872,50.8287631,0</coordinates></Point>
</Placemark>
<Placemark>
<name>Gößnitz</name>
<description><![CDATA[<div class="kmldesc"><b>RE24</b> Zwickau-Kassel<br/>Richtung Kassel Hauptbahnhof: an xx:27 / ab xx:28<br/>Richtung Zwickau Hauptbahnhof: an xx:27 / ab xx:28<br/><i>Bestandsstrecke</i></div><style>@media (prefers-color-scheme: dark) {html,body,.kmldesc{background:#1b1b1b !important;color:#e8e8e8 !important;}.kmldesc a{color:#8ab4f8 !important;}}</style>]]></description>
<LookAt><longitude>12.4293618</longitude><latitude>50.8933179</latitude><altitude>0</altitude><heading>0</heading><tilt>0</tilt><range>2500</range><altitudeMode>clampToGround</altitudeMode></LookAt>
<styleUrl>#stationPinNoLabel</styleUrl>
<Point><coordinates>12.4293618,50.8933179,0</coordinates></Point>
</Placemark>
<Placemark>
<name>Göttingen</name>
<description><![CDATA[<div class="kmldesc"><b>RE7</b> Frankfurt-Bremen<br/>Richtung Bremen Hauptbahnhof: an xx:59 / ab xx:01<br/>Richtung Frankfurt (Main) Hauptbahnhof: an xx:59 / ab xx:01<br/><i>SFS-Zwischenknoten</i></div><style>@media (prefers-color-scheme: dark) {html,body,.kmldesc{background:#1b1b1b !important;color:#e8e8e8 !important;}.kmldesc a{color:#8ab4f8 !important;}}</style>]]></description>
<LookAt><longitude>9.9258967</longitude><latitude>51.5367827</latitude><altitude>0</altitude><heading>0</heading><tilt>0</tilt><range>2500</range><altitudeMode>clampToGround</altitudeMode></LookAt>
<styleUrl>#stationPinNoLabel</styleUrl>
<Point><coordinates>9.9258967,51.5367827,0</coordinates></Point>
</Placemark>
<Placemark>
<name>Gotha</name>
<description><![CDATA[<div class="kmldesc"><b>RE24</b> Zwickau-Kassel<br/>Richtung Kassel Hauptbahnhof: an xx:10 / ab xx:11<br/>Richtung Zwickau Hauptbahnhof: an xx:44 / ab xx:45<br/><i>Regionalhalt</i></div><style>@media (prefers-color-scheme: dark) {html,body,.kmldesc{background:#1b1b1b !important;color:#e8e8e8 !important;}.kmldesc a{color:#8ab4f8 !important;}}</style>]]></description>
<LookAt><longitude>10.712378</longitude><latitude>50.939047</latitude><altitude>0</altitude><heading>0</heading><tilt>0</tilt><range>2500</range><altitudeMode>clampToGround</altitudeMode></LookAt>
<styleUrl>#stationPinNoLabel</styleUrl>
<Point><coordinates>10.712378,50.939047,0</coordinates></Point>
</Placemark>
<Placemark>
<name>Greifswald</name>
<description><![CDATA[<div class="kmldesc"><b>RE35</b> Zwickau-Warnemünde (Regionaltakt)<br/>Richtung Warnemünde: an xx:44 / ab xx:46<br/>Richtung Zwickau Hauptbahnhof: an xx:44 / ab xx:46<br/><i>Vorpommern-Magistrale</i><br/><br/><b>RE35X</b> Zwickau-Warnemünde (System-Express)<br/>Richtung Warnemünde: an xx:06 / ab xx:08<br/>Richtung Zwickau Hauptbahnhof: an xx:06 / ab xx:08<br/><i>Vorpommern-Magistrale</i></div><style>@media (prefers-color-scheme: dark) {html,body,.kmldesc{background:#1b1b1b !important;color:#e8e8e8 !important;}.kmldesc a{color:#8ab4f8 !important;}}</style>]]></description>
<LookAt><longitude>13.3704504</longitude><latitude>54.0929537</latitude><altitude>0</altitude><heading>0</heading><tilt>0</tilt><range>2500</range><altitudeMode>clampToGround</altitudeMode></LookAt>
<styleUrl>#stationPinNoLabel</styleUrl>
<Point><coordinates>13.3704504,54.0929537,0</coordinates></Point>
</Placemark>
<Placemark>
<name>Grevenbroich</name>
<description><![CDATA[<div class="kmldesc"><b>RE14</b> Eindhoven-Saarbrücken<br/>Richtung Saarbrücken Hauptbahnhof: an xx:25 / ab xx:26<br/>Richtung Eindhoven: an xx:34 / ab xx:35<br/><i>Mindesthaltzeit gesichert</i></div><style>@media (prefers-color-scheme: dark) {html,body,.kmldesc{background:#1b1b1b !important;color:#e8e8e8 !important;}.kmldesc a{color:#8ab4f8 !important;}}</style>]]></description>
<LookAt><longitude>6.5805114</longitude><latitude>51.0937713</latitude><altitude>0</altitude><heading>0</heading><tilt>0</tilt><range>2500</range><altitudeMode>clampToGround</altitudeMode></LookAt>
<styleUrl>#stationPinNoLabel</styleUrl>
<Point><coordinates>6.5805114,51.0937713,0</coordinates></Point>
</Placemark>
<Placemark>
<name>Groningen</name>
<description><![CDATA[<div class="kmldesc"><b>RE90b</b> Kiel/Schönberger Strand-Groningen/Norddeich Mole<br/>Richtung Groningen / Norddeich Mole (Flügelzug): an xx:40<br/>Richtung Kiel Hbf/Schönberger Strand: ab xx:14<br/><i>Zugende Flügel A</i></div><style>@media (prefers-color-scheme: dark) {html,body,.kmldesc{background:#1b1b1b !important;color:#e8e8e8 !important;}.kmldesc a{color:#8ab4f8 !important;}}</style>]]></description>
<LookAt><longitude>6.5641028</longitude><latitude>53.2109237</latitude><altitude>0</altitude><heading>0</heading><tilt>0</tilt><range>2500</range><altitudeMode>clampToGround</altitudeMode></LookAt>
<styleUrl>#stationPinNoLabel</styleUrl>
<Point><coordinates>6.5641028,53.2109237,0</coordinates></Point>
</Placemark>
<Placemark>
<name>Großenbrode/Heiligenhafen</name>
<description><![CDATA[<div class="kmldesc"><b>RE17</b> Østerport-Rostock<br/>Richtung Rostock Hauptbahnhof: an xx:13 / ab xx:15<br/>Richtung Østerport: an xx:31 / ab xx:33<br/><i>Neubaustation direkt an der Kreisstraße 42 (K42) im Bereich Mittelhof</i></div><style>@media (prefers-color-scheme: dark) {html,body,.kmldesc{background:#1b1b1b !important;color:#e8e8e8 !important;}.kmldesc a{color:#8ab4f8 !important;}}</style>]]></description>
<LookAt><longitude>11.0711</longitude><latitude>54.3757</latitude><altitude>0</altitude><heading>0</heading><tilt>0</tilt><range>2500</range><altitudeMode>clampToGround</altitudeMode></LookAt>
<styleUrl>#stationPinNoLabel</styleUrl>
<Point><coordinates>11.0711000,54.3757000,0</coordinates></Point>
</Placemark>
<Placemark>
<name>Günzburg</name>
<description><![CDATA[<div class="kmldesc"><b>RE94</b> Plzeň-Zürich<br/>Richtung Zürich HB: an xx:24 / ab xx:26<br/>Richtung Plzeň hlavní nádraží: an xx:34 / ab xx:36<br/><i>Systemhalt Mittelschwaben</i></div><style>@media (prefers-color-scheme: dark) {html,body,.kmldesc{background:#1b1b1b !important;color:#e8e8e8 !important;}.kmldesc a{color:#8ab4f8 !important;}}</style>]]></description>
<LookAt><longitude>10.2786722</longitude><latitude>48.4604337</latitude><altitude>0</altitude><heading>0</heading><tilt>0</tilt><range>2500</range><altitudeMode>clampToGround</altitudeMode></LookAt>
<styleUrl>#stationPinNoLabel</styleUrl>
<Point><coordinates>10.2786722,48.4604337,0</coordinates></Point>
</Placemark>
<Placemark>
<name>Gütersloh Hauptbahnhof</name>
<description><![CDATA[<div class="kmldesc"><b>RE17</b> Dortmund-Wilhelmshaven<br/>Richtung Wilhelmshaven: an xx:01 / ab xx:02<br/>Richtung Dortmund Hauptbahnhof: an xx:58 / ab xx:59<br/><i>Systemhalt Ostwestfalen</i></div><style>@media (prefers-color-scheme: dark) {html,body,.kmldesc{background:#1b1b1b !important;color:#e8e8e8 !important;}.kmldesc a{color:#8ab4f8 !important;}}</style>]]></description>
<LookAt><longitude>8.3849458</longitude><latitude>51.9069041</latitude><altitude>0</altitude><heading>0</heading><tilt>0</tilt><range>2500</range><altitudeMode>clampToGround</altitudeMode></LookAt>
<styleUrl>#stationPinNoLabel</styleUrl>
<Point><coordinates>8.3849458,51.9069041,0</coordinates></Point>
</Placemark>
<Placemark>
<name>Hagen Hauptbahnhof</name>
<description><![CDATA[<div class="kmldesc"><b>RB37</b> Arnhem Centraal-Bochum Hbf<br/>Richtung Bochum Hauptbahnhof: an xx:14 / ab xx:16<br/>Richtung Arnhem Centraal: an xx:43 / ab xx:45<br/><i>Großer Eisenbahnknoten Südwestfalen</i><br/><br/><b>RE40</b> Essen-Frankfurt<br/>Richtung Frankfurt (Main) Hbf: an xx:48 / ab xx:51<br/>Richtung Essen Hauptbahnhof: an xx:09 / ab xx:12<br/><i>Systemhalt, Übergang Ruhr-Sieg</i><br/><br/><b>S30</b> Essen Hbf-Lüdenscheid Hbf<br/>Richtung Lüdenscheid Hbf: an xx:55 / ab xx:57<br/>Richtung Essen Hauptbahnhof: an xx:31 / ab xx:33<br/><i>Knotenpunkt, Einstieg Volmetalbahn</i><br/><br/><b>RE30</b> Leeuwarden-Winterberg/Düsseldorf<br/>Richtung Düsseldorf Hauptbahnhof: an xx:13 / ab xx:16<br/>Richtung Leeuwarden: an xx:02 / ab xx:04<br/><i>DB-Strecke 2840, unteres Ruhrtal, 15kV AC</i></div><style>@media (prefers-color-scheme: dark) {html,body,.kmldesc{background:#1b1b1b !important;color:#e8e8e8 !important;}.kmldesc a{color:#8ab4f8 !important;}}</style>]]></description>
<LookAt><longitude>7.4606062</longitude><latitude>51.36296</latitude><altitude>0</altitude><heading>0</heading><tilt>0</tilt><range>2500</range><altitudeMode>clampToGround</altitudeMode></LookAt>
<styleUrl>#stationPinNoLabel</styleUrl>
<Point><coordinates>7.4606062,51.36296,0</coordinates></Point>
</Placemark>
<Placemark>
<name>Hagen-Vorhalle</name>
<description><![CDATA[<div class="kmldesc"><b>S10</b> Ringbahn Ruhrgebiet<br/>Richtung Innenring: an xx:19 / ab xx:19<br/>Richtung Außenring: an xx:22 / ab xx:22<br/><i>Hagen Hbf Bypass über Güterzug-Verbindungskurve</i><br/><br/><b>S30</b> Essen Hbf-Lüdenscheid Hbf<br/>Richtung Lüdenscheid Hbf: an xx:51 / ab xx:51<br/>Richtung Essen Hauptbahnhof: an xx:37 / ab xx:37<br/><i>Einfädelung in Personenbahnhof</i></div><style>@media (prefers-color-scheme: dark) {html,body,.kmldesc{background:#1b1b1b !important;color:#e8e8e8 !important;}.kmldesc a{color:#8ab4f8 !important;}}</style>]]></description>
<LookAt><longitude>7.4336701</longitude><latitude>51.3881374</latitude><altitude>0</altitude><heading>0</heading><tilt>0</tilt><range>2500</range><altitudeMode>clampToGround</altitudeMode></LookAt>
<styleUrl>#stationPinNoLabel</styleUrl>
<Point><coordinates>7.4336701,51.3881374,0</coordinates></Point>
</Placemark>
<Placemark>
<name>Hagenow Land</name>
<description><![CDATA[<div class="kmldesc"><b>RE46</b> Esbjerg-Berlin Südkreuz<br/>Richtung Berlin Südkreuz: an xx:22 / ab xx:24<br/>Richtung Esbjerg: an xx:35 / ab xx:37<br/><i>Trassenfilterung vor Mecklenburg</i><br/><br/><b>RE77</b> Fredericia-Berlin Ostbahnhof<br/>Richtung Berlin Ostbahnhof: an xx:10 / ab xx:11<br/>Richtung Fredericia: an xx:48 / ab xx:49<br/><i>Fester Regionalhalt</i><br/><br/><b>RE91</b> Sassnitz/Ostseebad Binz-Bremerhaven<br/>Richtung Bremerhaven-Lehe (Flügelzug): an xx:42 / ab xx:45<br/>Richtung Sassnitz/Ostseebad Binz: an xx:18 / ab xx:21<br/><i>Einfahrt auf die SFS</i></div><style>@media (prefers-color-scheme: dark) {html,body,.kmldesc{background:#1b1b1b !important;color:#e8e8e8 !important;}.kmldesc a{color:#8ab4f8 !important;}}</style>]]></description>
<LookAt><longitude>11.2153217</longitude><latitude>53.4134275</latitude><altitude>0</altitude><heading>0</heading><tilt>0</tilt><range>2500</range><altitudeMode>clampToGround</altitudeMode></LookAt>
<styleUrl>#stationPinNoLabel</styleUrl>
<Point><coordinates>11.2153217,53.4134275,0</coordinates></Point>
</Placemark>
<Placemark>
<name>Hagondange</name>
<description><![CDATA[<div class="kmldesc"><b>RE90</b> Saarbrücken-Düsseldorf<br/>Richtung Düsseldorf Hauptbahnhof: an xx:51 / ab xx:53<br/>Richtung Saarbrücken Hauptbahnhof: an xx:49 / ab xx:51<br/><i>Pendlerachse Lothringen</i></div><style>@media (prefers-color-scheme: dark) {html,body,.kmldesc{background:#1b1b1b !important;color:#e8e8e8 !important;}.kmldesc a{color:#8ab4f8 !important;}}</style>]]></description>
<LookAt><longitude>6.1643362</longitude><latitude>49.25371</latitude><altitude>0</altitude><heading>0</heading><tilt>0</tilt><range>2500</range><altitudeMode>clampToGround</altitudeMode></LookAt>
<styleUrl>#stationPinNoLabel</styleUrl>
<Point><coordinates>6.1643362,49.25371,0</coordinates></Point>
</Placemark>
<Placemark>
<name>Haiger</name>
<description><![CDATA[<div class="kmldesc"><b>RE40</b> Essen-Frankfurt<br/>Richtung Frankfurt (Main) Hbf: an xx:36 / ab xx:37<br/>Richtung Essen Hauptbahnhof: an xx:23 / ab xx:24<br/><i>Erster Halt in Hessen</i></div><style>@media (prefers-color-scheme: dark) {html,body,.kmldesc{background:#1b1b1b !important;color:#e8e8e8 !important;}.kmldesc a{color:#8ab4f8 !important;}}</style>]]></description>
<LookAt><longitude>8.2214272</longitude><latitude>50.7412658</latitude><altitude>0</altitude><heading>0</heading><tilt>0</tilt><range>2500</range><altitudeMode>clampToGround</altitudeMode></LookAt>
<styleUrl>#stationPinNoLabel</styleUrl>
<Point><coordinates>8.2214272,50.7412658,0</coordinates></Point>
</Placemark>
<Placemark>
<name>Haldensleben</name>
<description><![CDATA[<div class="kmldesc"><b>RE25</b> Cuxhaven-Magdeburg<br/>Richtung Magdeburg Hauptbahnhof: an xx:20 / ab xx:22<br/>Richtung Cuxhaven: an xx:26 / ab xx:28<br/><i>Eingleisiger Kreuzungshalt</i></div><style>@media (prefers-color-scheme: dark) {html,body,.kmldesc{background:#1b1b1b !important;color:#e8e8e8 !important;}.kmldesc a{color:#8ab4f8 !important;}}</style>]]></description>
<LookAt><longitude>11.4062942</longitude><latitude>52.2849888</latitude><altitude>0</altitude><heading>0</heading><tilt>0</tilt><range>2500</range><altitudeMode>clampToGround</altitudeMode></LookAt>
<styleUrl>#stationPinNoLabel</styleUrl>
<Point><coordinates>11.4062942,52.2849888,0</coordinates></Point>
</Placemark>
<Placemark>
<name>Halle (Saale) Hauptbahnhof</name>
<description><![CDATA[<div class="kmldesc"><b>RE28</b> Leipzig-Würzburg<br/>Richtung Würzburg Hauptbahnhof: an xx:01 / ab xx:04<br/>Richtung Leipzig Hauptbahnhof: an xx:58 / ab xx:01<br/><i>Einlauf SFS VDE 8.2</i></div><style>@media (prefers-color-scheme: dark) {html,body,.kmldesc{background:#1b1b1b !important;color:#e8e8e8 !important;}.kmldesc a{color:#8ab4f8 !important;}}</style>]]></description>
<LookAt><longitude>11.9872964</longitude><latitude>51.4774872</latitude><altitude>0</altitude><heading>0</heading><tilt>0</tilt><range>2500</range><altitudeMode>clampToGround</altitudeMode></LookAt>
<styleUrl>#stationPinNoLabel</styleUrl>
<Point><coordinates>11.9872964,51.4774872,0</coordinates></Point>
</Placemark>
<Placemark>
<name>Hamburg Dammtor</name>
<description><![CDATA[<div class="kmldesc"><b>RE77</b> Fredericia-Berlin Ostbahnhof<br/>Richtung Berlin Ostbahnhof: an xx:12 / ab xx:14<br/>Richtung Fredericia: an xx:46 / ab xx:48<br/><i>Messeknoten</i></div><style>@media (prefers-color-scheme: dark) {html,body,.kmldesc{background:#1b1b1b !important;color:#e8e8e8 !important;}.kmldesc a{color:#8ab4f8 !important;}}</style>]]></description>
<LookAt><longitude>9.9890232</longitude><latitude>53.5611812</latitude><altitude>0</altitude><heading>0</heading><tilt>0</tilt><range>2500</range><altitudeMode>clampToGround</altitudeMode></LookAt>
<styleUrl>#stationPinNoLabel</styleUrl>
<Point><coordinates>9.9890232,53.5611812,0</coordinates></Point>
</Placemark>
<Placemark>
<name>Hamburg Hauptbahnhof</name>
<description><![CDATA[<div class="kmldesc"><b>RE77</b> Fredericia-Berlin Ostbahnhof<br/>Richtung Berlin Ostbahnhof: an xx:19 / ab xx:24<br/>Richtung Fredericia: an xx:35 / ab xx:41<br/><i>Fahrtrichtungswechsel</i></div><style>@media (prefers-color-scheme: dark) {html,body,.kmldesc{background:#1b1b1b !important;color:#e8e8e8 !important;}.kmldesc a{color:#8ab4f8 !important;}}</style>]]></description>
<LookAt><longitude>10.0064364</longitude><latitude>53.5531993</latitude><altitude>0</altitude><heading>0</heading><tilt>0</tilt><range>2500</range><altitudeMode>clampToGround</altitudeMode></LookAt>
<styleUrl>#stationPinNoLabel</styleUrl>
<Point><coordinates>10.0064364,53.5531993,0</coordinates></Point>
</Placemark>
<Placemark>
<name>Hamburg-Elbbrücken</name>
<description><![CDATA[<div class="kmldesc"><b>RE45</b> Cottbus-Travemünde<br/>Richtung Travemünde Strand: an xx:19 / ab xx:23<br/>Richtung Cottbus Hauptbahnhof: an xx:38 / ab xx:42<br/><i>Umsteigeknoten, Einfädelung GUB</i><br/><br/><b>RE90b</b> Kiel/Schönberger Strand-Groningen/Norddeich Mole<br/>Richtung Groningen / Norddeich Mole (Flügelzug): an xx:28 / ab xx:31<br/>Richtung Kiel Hbf/Schönberger Strand: an xx:17 / ab xx:20<br/><i>Fiktiver Großknoten</i><br/><br/><b>RE91</b> Sassnitz/Ostseebad Binz-Bremerhaven<br/>Richtung Bremerhaven-Lehe (Flügelzug): an xx:31 / ab xx:34<br/>Richtung Sassnitz/Ostseebad Binz: an xx:30 / ab xx:33<br/><i>Fiktiver GUB-Großknoten</i></div><style>@media (prefers-color-scheme: dark) {html,body,.kmldesc{background:#1b1b1b !important;color:#e8e8e8 !important;}.kmldesc a{color:#8ab4f8 !important;}}</style>]]></description>
<LookAt><longitude>10.0234374</longitude><latitude>53.535078</latitude><altitude>0</altitude><heading>0</heading><tilt>0</tilt><range>2500</range><altitudeMode>clampToGround</altitudeMode></LookAt>
<styleUrl>#stationPinNoLabel</styleUrl>
<Point><coordinates>10.0234374,53.535078,0</coordinates></Point>
</Placemark>
<Placemark>
<name>Hamburg-Harburg</name>
<description><![CDATA[<div class="kmldesc"><b>RE25</b> Cuxhaven-Magdeburg<br/>Richtung Magdeburg Hauptbahnhof: an xx:55 / ab xx:00<br/>Richtung Cuxhaven: an xx:48 / ab xx:53<br/><i>Kopfmachen, Fahrtrichtungswechsel</i><br/><br/><b>RE45</b> Cottbus-Travemünde<br/>Richtung Travemünde Strand: an xx:10 / ab xx:12<br/>Richtung Cottbus Hauptbahnhof: an xx:49 / ab xx:51<br/><i>Einlauf Großraum Hamburg</i><br/><br/><b>RE90b</b> Kiel/Schönberger Strand-Groningen/Norddeich Mole<br/>Richtung Groningen / Norddeich Mole (Flügelzug): an xx:39 / ab xx:42<br/>Richtung Kiel Hbf/Schönberger Strand: an xx:09 / ab xx:12<br/><i>Einfahrt Rollbahn</i><br/><br/><b>RE91</b> Sassnitz/Ostseebad Binz-Bremerhaven<br/>Richtung Bremerhaven-Lehe (Flügelzug): an xx:42 / ab xx:45<br/>Richtung Sassnitz/Ostseebad Binz: an xx:19 / ab xx:22<br/><i>Systemhalt Südelbe</i></div><style>@media (prefers-color-scheme: dark) {html,body,.kmldesc{background:#1b1b1b !important;color:#e8e8e8 !important;}.kmldesc a{color:#8ab4f8 !important;}}</style>]]></description>
<LookAt><longitude>9.9917669</longitude><latitude>53.4557227</latitude><altitude>0</altitude><heading>0</heading><tilt>0</tilt><range>2500</range><altitudeMode>clampToGround</altitudeMode></LookAt>
<styleUrl>#stationPinNoLabel</styleUrl>
<Point><coordinates>9.9917669,53.4557227,0</coordinates></Point>
</Placemark>
<Placemark>
<name>Hamm (Westf) Hbf</name>
<description><![CDATA[<div class="kmldesc"><b>RE17</b> Dortmund-Wilhelmshaven<br/>Richtung Wilhelmshaven: an xx:35 / ab xx:38<br/>Richtung Dortmund Hauptbahnhof: an xx:22 / ab xx:25<br/><i>Großer Eisenbahnknoten</i><br/><br/><b>RE32</b> Kassel-Wilhelmshöhe-Roermond<br/>Richtung Roermond: an xx:22 / ab xx:27<br/>Richtung Kassel-Wilhelmshöhe: an xx:26 / ab xx:37<br/><i>Großer Eisenbahnknoten</i><br/><br/><b>RE30</b> Leeuwarden-Winterberg/Düsseldorf<br/>Richtung Winterberg (Westf)/Düsseldorf Hauptbahnhof: an xx:23 / ab xx:26<br/>Richtung Leeuwarden: an xx:52 / ab xx:55<br/><i>Grosser Taktknoten</i></div><style>@media (prefers-color-scheme: dark) {html,body,.kmldesc{background:#1b1b1b !important;color:#e8e8e8 !important;}.kmldesc a{color:#8ab4f8 !important;}}</style>]]></description>
<LookAt><longitude>7.807713</longitude><latitude>51.6785747</latitude><altitude>0</altitude><heading>0</heading><tilt>0</tilt><range>2500</range><altitudeMode>clampToGround</altitudeMode></LookAt>
<styleUrl>#stationPinNoLabel</styleUrl>
<Point><coordinates>7.807713,51.6785747,0</coordinates></Point>
</Placemark>
<Placemark>
<name>Hanau Hauptbahnhof</name>
<description><![CDATA[<div class="kmldesc"><b>RE7</b> Frankfurt-Bremen<br/>Richtung Bremen Hauptbahnhof: an xx:54 / ab xx:56<br/>Richtung Frankfurt (Main) Hauptbahnhof: an xx:04 / ab xx:06<br/><i>Knotenhalt Kinzigtalbahn</i></div><style>@media (prefers-color-scheme: dark) {html,body,.kmldesc{background:#1b1b1b !important;color:#e8e8e8 !important;}.kmldesc a{color:#8ab4f8 !important;}}</style>]]></description>
<LookAt><longitude>8.9292147</longitude><latitude>50.1210733</latitude><altitude>0</altitude><heading>0</heading><tilt>0</tilt><range>2500</range><altitudeMode>clampToGround</altitudeMode></LookAt>
<styleUrl>#stationPinNoLabel</styleUrl>
<Point><coordinates>8.9292147,50.1210733,0</coordinates></Point>
</Placemark>
<Placemark>
<name>Hannover Hauptbahnhof</name>
<description><![CDATA[<div class="kmldesc"><b>RE25</b> Cuxhaven-Magdeburg<br/>Richtung Magdeburg Hauptbahnhof: an xx:42 / ab xx:46<br/>Richtung Cuxhaven: an xx:02 / ab xx:05<br/><i>Großer Richtungsknoten</i><br/><br/><b>RE7</b> Frankfurt-Bremen<br/>Richtung Bremen Hauptbahnhof: an xx:42 / ab xx:47<br/>Richtung Frankfurt (Main) Hauptbahnhof: an xx:13 / ab xx:18<br/><i>Großer Netzknoten</i></div><style>@media (prefers-color-scheme: dark) {html,body,.kmldesc{background:#1b1b1b !important;color:#e8e8e8 !important;}.kmldesc a{color:#8ab4f8 !important;}}</style>]]></description>
<LookAt><longitude>9.7416533</longitude><latitude>52.3769504</latitude><altitude>0</altitude><heading>0</heading><tilt>0</tilt><range>2500</range><altitudeMode>clampToGround</altitudeMode></LookAt>
<styleUrl>#stationPinNoLabel</styleUrl>
<Point><coordinates>9.7416533,52.3769504,0</coordinates></Point>
</Placemark>
<Placemark>
<name>Hannover Messe/Laatzen</name>
<description><![CDATA[<div class="kmldesc"><b>RE25</b> Cuxhaven-Magdeburg<br/>Richtung Magdeburg Hauptbahnhof: an xx:53 / ab xx:55<br/>Richtung Cuxhaven: an xx:53 / ab xx:55<br/><i>Regelhalt SFS</i><br/><br/><b>RE7</b> Frankfurt-Bremen<br/>Richtung Bremen Hauptbahnhof: an xx:32 / ab xx:33<br/>Richtung Frankfurt (Main) Hauptbahnhof: an xx:27 / ab xx:28<br/><i>SFS-Ausfädelung</i></div><style>@media (prefers-color-scheme: dark) {html,body,.kmldesc{background:#1b1b1b !important;color:#e8e8e8 !important;}.kmldesc a{color:#8ab4f8 !important;}}</style>]]></description>
<LookAt><longitude>9.7924818</longitude><latitude>52.3173696</latitude><altitude>0</altitude><heading>0</heading><tilt>0</tilt><range>2500</range><altitudeMode>clampToGround</altitudeMode></LookAt>
<styleUrl>#stationPinNoLabel</styleUrl>
<Point><coordinates>9.7924818,52.3173696,0</coordinates></Point>
</Placemark>
<Placemark>
<name>Hattingen (Ruhr)</name>
<description><![CDATA[<div class="kmldesc"><b>S3</b> Essen Hbf-Hattingen Mitte<br/>Richtung Hattingen Mitte: an xx:33 / ab xx:34<br/>Richtung Essen Hauptbahnhof: an xx:18 / ab xx:19<br/><i>Gabelungspunkt Ast A/Ast B</i><br/><br/><b>S30</b> Essen Hbf-Lüdenscheid Hbf<br/>Richtung Lüdenscheid Hbf: an xx:18 / ab xx:19<br/>Richtung Essen Hauptbahnhof: an xx:11 / ab xx:12<br/><i>Gabelungspunkt Ast A/Ast B</i></div><style>@media (prefers-color-scheme: dark) {html,body,.kmldesc{background:#1b1b1b !important;color:#e8e8e8 !important;}.kmldesc a{color:#8ab4f8 !important;}}</style>]]></description>
<LookAt><longitude>7.1692053</longitude><latitude>51.4008893</latitude><altitude>0</altitude><heading>0</heading><tilt>0</tilt><range>2500</range><altitudeMode>clampToGround</altitudeMode></LookAt>
<styleUrl>#stationPinNoLabel</styleUrl>
<Point><coordinates>7.1692053,51.4008893,0</coordinates></Point>
</Placemark>
<Placemark>
<name>Hattingen Mitte</name>
<description><![CDATA[<div class="kmldesc"><b>S3</b> Essen Hbf-Hattingen Mitte<br/>Richtung Hattingen Mitte: an xx:37<br/>Richtung Essen Hauptbahnhof: ab xx:15<br/><i>City-Tunnelbahnhof, Endpunkt Kurzläufer</i></div><style>@media (prefers-color-scheme: dark) {html,body,.kmldesc{background:#1b1b1b !important;color:#e8e8e8 !important;}.kmldesc a{color:#8ab4f8 !important;}}</style>]]></description>
<LookAt><longitude>7.1815839</longitude><latitude>51.3968326</latitude><altitude>0</altitude><heading>0</heading><tilt>0</tilt><range>2500</range><altitudeMode>clampToGround</altitudeMode></LookAt>
<styleUrl>#stationPinNoLabel</styleUrl>
<Point><coordinates>7.1815839,51.3968326,0</coordinates></Point>
</Placemark>
<Placemark>
<name>Haus Kemnade</name>
<description><![CDATA[<div class="kmldesc"><b>S30</b> Essen Hbf-Lüdenscheid Hbf<br/>Richtung Lüdenscheid Hbf: an xx:27 / ab xx:27<br/>Richtung Essen Hauptbahnhof: an xx:02 / ab xx:02<br/><i>Kultur- und Freizeithalt am Kemnader See</i></div><style>@media (prefers-color-scheme: dark) {html,body,.kmldesc{background:#1b1b1b !important;color:#e8e8e8 !important;}.kmldesc a{color:#8ab4f8 !important;}}</style>]]></description>
<LookAt><longitude>7.250857</longitude><latitude>51.4062332</latitude><altitude>0</altitude><heading>0</heading><tilt>0</tilt><range>2500</range><altitudeMode>clampToGround</altitudeMode></LookAt>
<styleUrl>#stationPinNoLabel</styleUrl>
<Point><coordinates>7.2508570,51.4062332,0</coordinates></Point>
</Placemark>
<Placemark>
<name>Heidelberg Hauptbahnhof</name>
<description><![CDATA[<div class="kmldesc"><b>RE80</b> Chur-Saarbrücken<br/>Richtung Saarbrücken Hauptbahnhof: an xx:14 / ab xx:16<br/>Richtung Chur: an xx:39 / ab xx:41<br/><i>Anbindung Rheintal</i></div><style>@media (prefers-color-scheme: dark) {html,body,.kmldesc{background:#1b1b1b !important;color:#e8e8e8 !important;}.kmldesc a{color:#8ab4f8 !important;}}</style>]]></description>
<LookAt><longitude>8.6754223</longitude><latitude>49.4034737</latitude><altitude>0</altitude><heading>0</heading><tilt>0</tilt><range>2500</range><altitudeMode>clampToGround</altitudeMode></LookAt>
<styleUrl>#stationPinNoLabel</styleUrl>
<Point><coordinates>8.6754223,49.4034737,0</coordinates></Point>
</Placemark>
<Placemark>
<name>Heinrichshütte</name>
<description><![CDATA[<div class="kmldesc"><b>S30</b> Essen Hbf-Lüdenscheid Hbf<br/>Richtung Lüdenscheid Hbf: an xx:21 / ab xx:21<br/>Richtung Essen Hauptbahnhof: an xx:08 / ab xx:08<br/><i>Beginn Mittlere Ruhrtalbahn VzG 2400</i></div><style>@media (prefers-color-scheme: dark) {html,body,.kmldesc{background:#1b1b1b !important;color:#e8e8e8 !important;}.kmldesc a{color:#8ab4f8 !important;}}</style>]]></description>
<LookAt><longitude>7.1820907</longitude><latitude>51.4091049</latitude><altitude>0</altitude><heading>0</heading><tilt>0</tilt><range>2500</range><altitudeMode>clampToGround</altitudeMode></LookAt>
<styleUrl>#stationPinNoLabel</styleUrl>
<Point><coordinates>7.1820907,51.4091049,0</coordinates></Point>
</Placemark>
<Placemark>
<name>Hel</name>
<description><![CDATA[<div class="kmldesc"><b>RE71</b> Brandenburg Hbf-Hel<br/>Richtung Hel: an xx:13<br/>Richtung Brandenburg Hbf: ab xx:00<br/><i>Linien-Endpunkt: Übergang in Abstellung (150-205m)</i></div><style>@media (prefers-color-scheme: dark) {html,body,.kmldesc{background:#1b1b1b !important;color:#e8e8e8 !important;}.kmldesc a{color:#8ab4f8 !important;}}</style>]]></description>
<LookAt><longitude>18.8008848</longitude><latitude>54.6110402</latitude><altitude>0</altitude><heading>0</heading><tilt>0</tilt><range>2500</range><altitudeMode>clampToGround</altitudeMode></LookAt>
<styleUrl>#stationPinNoLabel</styleUrl>
<Point><coordinates>18.8008848,54.6110402,0</coordinates></Point>
</Placemark>
<Placemark>
<name>Hengelo</name>
<description><![CDATA[<div class="kmldesc"><b>RE30</b> Leeuwarden-Winterberg/Düsseldorf<br/>Richtung Winterberg (Westf)/Düsseldorf Hauptbahnhof: an xx:44 / ab xx:46<br/>Richtung Leeuwarden: an xx:32 / ab xx:34<br/><i>Spoorlijn Almelo-Salzbergen</i></div><style>@media (prefers-color-scheme: dark) {html,body,.kmldesc{background:#1b1b1b !important;color:#e8e8e8 !important;}.kmldesc a{color:#8ab4f8 !important;}}</style>]]></description>
<LookAt><longitude>6.7949086</longitude><latitude>52.2617754</latitude><altitude>0</altitude><heading>0</heading><tilt>0</tilt><range>2500</range><altitudeMode>clampToGround</altitudeMode></LookAt>
<styleUrl>#stationPinNoLabel</styleUrl>
<Point><coordinates>6.7949086,52.2617754,0</coordinates></Point>
</Placemark>
<Placemark>
<name>Herbede</name>
<description><![CDATA[<div class="kmldesc"><b>S30</b> Essen Hbf-Lüdenscheid Hbf<br/>Richtung Lüdenscheid Hbf: an xx:31 / ab xx:32<br/>Richtung Essen Hauptbahnhof: an xx:57 / ab xx:58<br/><i>Ehem. Bahnhof Witten-Herbede</i></div><style>@media (prefers-color-scheme: dark) {html,body,.kmldesc{background:#1b1b1b !important;color:#e8e8e8 !important;}.kmldesc a{color:#8ab4f8 !important;}}</style>]]></description>
<LookAt><longitude>7.2809911</longitude><latitude>51.4252888</latitude><altitude>0</altitude><heading>0</heading><tilt>0</tilt><range>2500</range><altitudeMode>clampToGround</altitudeMode></LookAt>
<styleUrl>#stationPinNoLabel</styleUrl>
<Point><coordinates>7.2809911,51.4252888,0</coordinates></Point>
</Placemark>
<Placemark>
<name>Herborn (Dillkr)</name>
<description><![CDATA[<div class="kmldesc"><b>RE40</b> Essen-Frankfurt<br/>Richtung Frankfurt (Main) Hbf: an xx:53 / ab xx:54<br/>Richtung Essen Hauptbahnhof: an xx:06 / ab xx:07<br/><i>Regionalhalt</i></div><style>@media (prefers-color-scheme: dark) {html,body,.kmldesc{background:#1b1b1b !important;color:#e8e8e8 !important;}.kmldesc a{color:#8ab4f8 !important;}}</style>]]></description>
<LookAt><longitude>8.3080615</longitude><latitude>50.6845372</latitude><altitude>0</altitude><heading>0</heading><tilt>0</tilt><range>2500</range><altitudeMode>clampToGround</altitudeMode></LookAt>
<styleUrl>#stationPinNoLabel</styleUrl>
<Point><coordinates>8.3080615,50.6845372,0</coordinates></Point>
</Placemark>
<Placemark>
<name>Herford</name>
<description><![CDATA[<div class="kmldesc"><b>RE17</b> Dortmund-Wilhelmshaven<br/>Richtung Wilhelmshaven: an xx:23 / ab xx:25<br/>Richtung Dortmund Hauptbahnhof: an xx:35 / ab xx:37<br/><i>Systemhalt Ostwestfalen</i></div><style>@media (prefers-color-scheme: dark) {html,body,.kmldesc{background:#1b1b1b !important;color:#e8e8e8 !important;}.kmldesc a{color:#8ab4f8 !important;}}</style>]]></description>
<LookAt><longitude>8.6637749</longitude><latitude>52.1196393</latitude><altitude>0</altitude><heading>0</heading><tilt>0</tilt><range>2500</range><altitudeMode>clampToGround</altitudeMode></LookAt>
<styleUrl>#stationPinNoLabel</styleUrl>
<Point><coordinates>8.6637749,52.1196393,0</coordinates></Point>
</Placemark>
<Placemark>
<name>Herzogenrath</name>
<description><![CDATA[<div class="kmldesc"><b>RE90</b> Saarbrücken-Düsseldorf<br/>Richtung Düsseldorf Hauptbahnhof: an xx:04 / ab xx:06<br/>Richtung Saarbrücken Hauptbahnhof: an xx:34 / ab xx:36<br/><i>Beginn Halbstundentakt RE4</i></div><style>@media (prefers-color-scheme: dark) {html,body,.kmldesc{background:#1b1b1b !important;color:#e8e8e8 !important;}.kmldesc a{color:#8ab4f8 !important;}}</style>]]></description>
<LookAt><longitude>6.094601</longitude><latitude>50.8714326</latitude><altitude>0</altitude><heading>0</heading><tilt>0</tilt><range>2500</range><altitudeMode>clampToGround</altitudeMode></LookAt>
<styleUrl>#stationPinNoLabel</styleUrl>
<Point><coordinates>6.094601,50.8714326,0</coordinates></Point>
</Placemark>
<Placemark>
<name>Hildesheim Hauptbahnhof</name>
<description><![CDATA[<div class="kmldesc"><b>RE25</b> Cuxhaven-Magdeburg<br/>Richtung Magdeburg Hauptbahnhof: an xx:08 / ab xx:10<br/>Richtung Cuxhaven: an xx:38 / ab xx:40<br/><i>Taktknoten</i></div><style>@media (prefers-color-scheme: dark) {html,body,.kmldesc{background:#1b1b1b !important;color:#e8e8e8 !important;}.kmldesc a{color:#8ab4f8 !important;}}</style>]]></description>
<LookAt><longitude>9.9542033</longitude><latitude>52.1607208</latitude><altitude>0</altitude><heading>0</heading><tilt>0</tilt><range>2500</range><altitudeMode>clampToGround</altitudeMode></LookAt>
<styleUrl>#stationPinNoLabel</styleUrl>
<Point><coordinates>9.9542033,52.1607208,0</coordinates></Point>
</Placemark>
<Placemark>
<name>Hofgeismar</name>
<description><![CDATA[<div class="kmldesc"><b>RE32</b> Kassel-Wilhelmshöhe-Roermond<br/>Richtung Roermond: an xx:49 / ab xx:50<br/>Richtung Kassel-Wilhelmshöhe: an xx:08 / ab xx:09<br/><i>Regionalhalt</i></div><style>@media (prefers-color-scheme: dark) {html,body,.kmldesc{background:#1b1b1b !important;color:#e8e8e8 !important;}.kmldesc a{color:#8ab4f8 !important;}}</style>]]></description>
<LookAt><longitude>9.3955424</longitude><latitude>51.4992011</latitude><altitude>0</altitude><heading>0</heading><tilt>0</tilt><range>2500</range><altitudeMode>clampToGround</altitudeMode></LookAt>
<styleUrl>#stationPinNoLabel</styleUrl>
<Point><coordinates>9.3955424,51.4992011,0</coordinates></Point>
</Placemark>
<Placemark>
<name>Holzwickede</name>
<description><![CDATA[<div class="kmldesc"><b>S10</b> Ringbahn Ruhrgebiet<br/>Richtung Innenring: an xx:35 / ab xx:35<br/>Richtung Außenring: an xx:06 / ab xx:06<br/><i>Verbindungsstrecke Schwerte-Holzwickede</i><br/><br/><b>RE30</b> Leeuwarden-Winterberg/Düsseldorf<br/>Richtung Winterberg (Westf)/Düsseldorf Hauptbahnhof: an xx:46 / ab xx:47<br/>Richtung Leeuwarden: an xx:31 / ab xx:32<br/><i>DB-Strecke 2840</i></div><style>@media (prefers-color-scheme: dark) {html,body,.kmldesc{background:#1b1b1b !important;color:#e8e8e8 !important;}.kmldesc a{color:#8ab4f8 !important;}}</style>]]></description>
<LookAt><longitude>7.6192918</longitude><latitude>51.5048161</latitude><altitude>0</altitude><heading>0</heading><tilt>0</tilt><range>2500</range><altitudeMode>clampToGround</altitudeMode></LookAt>
<styleUrl>#stationPinNoLabel</styleUrl>
<Point><coordinates>7.6192918,51.5048161,0</coordinates></Point>
</Placemark>
<Placemark>
<name>Homburg (Saar) Hbf</name>
<description><![CDATA[<div class="kmldesc"><b>RE80</b> Chur-Saarbrücken<br/>Richtung Saarbrücken Hauptbahnhof: an xx:44 / ab xx:47<br/>Richtung Chur: an xx:08 / ab xx:11<br/><i>Saarländischer Systemknoten</i></div><style>@media (prefers-color-scheme: dark) {html,body,.kmldesc{background:#1b1b1b !important;color:#e8e8e8 !important;}.kmldesc a{color:#8ab4f8 !important;}}</style>]]></description>
<LookAt><longitude>7.3365309</longitude><latitude>49.3278137</latitude><altitude>0</altitude><heading>0</heading><tilt>0</tilt><range>2500</range><altitudeMode>clampToGround</altitudeMode></LookAt>
<styleUrl>#stationPinNoLabel</styleUrl>
<Point><coordinates>7.3365309,49.3278137,0</coordinates></Point>
</Placemark>
<Placemark>
<name>Hoogezand-Sappemeer</name>
<description><![CDATA[<div class="kmldesc"><b>RE90b</b> Kiel/Schönberger Strand-Groningen/Norddeich Mole<br/>Richtung Groningen / Norddeich Mole (Flügelzug): an xx:28 / ab xx:29<br/>Richtung Kiel Hbf/Schönberger Strand: an xx:24 / ab xx:25<br/><i>Letzter Pendlerhalt vor Groningen</i></div><style>@media (prefers-color-scheme: dark) {html,body,.kmldesc{background:#1b1b1b !important;color:#e8e8e8 !important;}.kmldesc a{color:#8ab4f8 !important;}}</style>]]></description>
<LookAt><longitude>6.7709176</longitude><latitude>53.1597953</latitude><altitude>0</altitude><heading>0</heading><tilt>0</tilt><range>2500</range><altitudeMode>clampToGround</altitudeMode></LookAt>
<styleUrl>#stationPinNoLabel</styleUrl>
<Point><coordinates>6.7709176,53.1597953,0</coordinates></Point>
</Placemark>
<Placemark>
<name>Husum</name>
<description><![CDATA[<div class="kmldesc"><b>RE46</b> Esbjerg-Berlin Südkreuz<br/>Richtung Berlin Südkreuz: an xx:52 / ab xx:55<br/>Richtung Esbjerg: an xx:04 / ab xx:07<br/><i>Netzknoten Nordfriesland</i></div><style>@media (prefers-color-scheme: dark) {html,body,.kmldesc{background:#1b1b1b !important;color:#e8e8e8 !important;}.kmldesc a{color:#8ab4f8 !important;}}</style>]]></description>
<LookAt><longitude>9.0560508</longitude><latitude>54.4720689</latitude><altitude>0</altitude><heading>0</heading><tilt>0</tilt><range>2500</range><altitudeMode>clampToGround</altitudeMode></LookAt>
<styleUrl>#stationPinNoLabel</styleUrl>
<Point><coordinates>9.0560508,54.4720689,0</coordinates></Point>
</Placemark>
<Placemark>
<name>Ingelheim</name>
<description><![CDATA[<div class="kmldesc"><b>RE5</b> Arnhem-Frankfurt<br/>Richtung Frankfurt (Main) Hbf: an xx:12 / ab xx:13<br/>Richtung Arnhem Centraal: an xx:49 / ab xx:50<br/><i>Rheinhessen</i></div><style>@media (prefers-color-scheme: dark) {html,body,.kmldesc{background:#1b1b1b !important;color:#e8e8e8 !important;}.kmldesc a{color:#8ab4f8 !important;}}</style>]]></description>
<LookAt><longitude>8.0532128</longitude><latitude>49.9760129</latitude><altitude>0</altitude><heading>0</heading><tilt>0</tilt><range>2500</range><altitudeMode>clampToGround</altitudeMode></LookAt>
<styleUrl>#stationPinNoLabel</styleUrl>
<Point><coordinates>8.0532128,49.9760129,0</coordinates></Point>
</Placemark>
<Placemark>
<name>Ingolstadt Hauptbahnhof</name>
<description><![CDATA[<div class="kmldesc"><b>RE94</b> Plzeň-Zürich<br/>Richtung Zürich HB: an xx:39 / ab xx:49<br/>Richtung Plzeň hlavní nádraží: an xx:11 / ab xx:21<br/><i>Umschaltung auf Akkubetrieb</i></div><style>@media (prefers-color-scheme: dark) {html,body,.kmldesc{background:#1b1b1b !important;color:#e8e8e8 !important;}.kmldesc a{color:#8ab4f8 !important;}}</style>]]></description>
<LookAt><longitude>11.4374071</longitude><latitude>48.7443901</latitude><altitude>0</altitude><heading>0</heading><tilt>0</tilt><range>2500</range><altitudeMode>clampToGround</altitudeMode></LookAt>
<styleUrl>#stationPinNoLabel</styleUrl>
<Point><coordinates>11.4374071,48.7443901,0</coordinates></Point>
</Placemark>
<Placemark>
<name>Jastarnia</name>
<description><![CDATA[<div class="kmldesc"><b>RE71</b> Brandenburg Hbf-Hel<br/>Richtung Hel: an xx:59 / ab xx:00<br/>Richtung Brandenburg Hbf: an xx:13 / ab xx:14<br/><i>Halt unkritisch (150-205m)</i></div><style>@media (prefers-color-scheme: dark) {html,body,.kmldesc{background:#1b1b1b !important;color:#e8e8e8 !important;}.kmldesc a{color:#8ab4f8 !important;}}</style>]]></description>
<LookAt><longitude>18.6766494</longitude><latitude>54.7016654</latitude><altitude>0</altitude><heading>0</heading><tilt>0</tilt><range>2500</range><altitudeMode>clampToGround</altitudeMode></LookAt>
<styleUrl>#stationPinNoLabel</styleUrl>
<Point><coordinates>18.6766494,54.7016654,0</coordinates></Point>
</Placemark>
<Placemark>
<name>Jübek</name>
<description><![CDATA[<div class="kmldesc"><b>RE46</b> Esbjerg-Berlin Südkreuz<br/>Richtung Berlin Südkreuz: an xx:12 / ab xx:14<br/>Richtung Esbjerg: an xx:45 / ab xx:47<br/><i>Einlauf Hauptachse Flensburg-Hamburg</i><br/><br/><b>RE77</b> Fredericia-Berlin Ostbahnhof<br/>Richtung Berlin Ostbahnhof: an xx:31 / ab xx:32<br/>Richtung Fredericia: an xx:28 / ab xx:29<br/><i>Fester Haltepunkt</i></div><style>@media (prefers-color-scheme: dark) {html,body,.kmldesc{background:#1b1b1b !important;color:#e8e8e8 !important;}.kmldesc a{color:#8ab4f8 !important;}}</style>]]></description>
<LookAt><longitude>9.405124</longitude><latitude>54.5589408</latitude><altitude>0</altitude><heading>0</heading><tilt>0</tilt><range>2500</range><altitudeMode>clampToGround</altitudeMode></LookAt>
<styleUrl>#stationPinNoLabel</styleUrl>
<Point><coordinates>9.405124,54.5589408,0</coordinates></Point>
</Placemark>
<Placemark>
<name>Jüterbog</name>
<description><![CDATA[<div class="kmldesc"><b>RE11</b> Frankfurt(Oder)-Leipzig<br/>Richtung Leipzig Hauptbahnhof: an xx:31 / ab xx:33<br/>Richtung Frankfurt (Oder): an xx:27 / ab xx:29<br/><i>Regionalhalt</i></div><style>@media (prefers-color-scheme: dark) {html,body,.kmldesc{background:#1b1b1b !important;color:#e8e8e8 !important;}.kmldesc a{color:#8ab4f8 !important;}}</style>]]></description>
<LookAt><longitude>13.0540462</longitude><latitude>51.9974208</latitude><altitude>0</altitude><heading>0</heading><tilt>0</tilt><range>2500</range><altitudeMode>clampToGround</altitudeMode></LookAt>
<styleUrl>#stationPinNoLabel</styleUrl>
<Point><coordinates>13.0540462,51.9974208,0</coordinates></Point>
</Placemark>
<Placemark>
<name>Jurata</name>
<description><![CDATA[<div class="kmldesc"><b>RE71</b> Brandenburg Hbf-Hel<br/>Richtung Hel: an xx:05 / ab xx:06<br/>Richtung Brandenburg Hbf: an xx:07 / ab xx:08<br/><i>Halt unkritisch (150-205m)</i></div><style>@media (prefers-color-scheme: dark) {html,body,.kmldesc{background:#1b1b1b !important;color:#e8e8e8 !important;}.kmldesc a{color:#8ab4f8 !important;}}</style>]]></description>
<LookAt><longitude>18.7134138</longitude><latitude>54.6849444</latitude><altitude>0</altitude><heading>0</heading><tilt>0</tilt><range>2500</range><altitudeMode>clampToGround</altitudeMode></LookAt>
<styleUrl>#stationPinNoLabel</styleUrl>
<Point><coordinates>18.7134138,54.6849444,0</coordinates></Point>
</Placemark>
<Placemark>
<name>Kaiserslautern Hauptbahnhof</name>
<description><![CDATA[<div class="kmldesc"><b>RE80</b> Chur-Saarbrücken<br/>Richtung Saarbrücken Hauptbahnhof: an xx:16 / ab xx:19<br/>Richtung Chur: an xx:36 / ab xx:39<br/><i>Großer Pfalzknoten</i></div><style>@media (prefers-color-scheme: dark) {html,body,.kmldesc{background:#1b1b1b !important;color:#e8e8e8 !important;}.kmldesc a{color:#8ab4f8 !important;}}</style>]]></description>
<LookAt><longitude>7.7689299</longitude><latitude>49.4359851</latitude><altitude>0</altitude><heading>0</heading><tilt>0</tilt><range>2500</range><altitudeMode>clampToGround</altitudeMode></LookAt>
<styleUrl>#stationPinNoLabel</styleUrl>
<Point><coordinates>7.7689299,49.4359851,0</coordinates></Point>
</Placemark>
<Placemark>
<name>Kaldenkirchen</name>
<description><![CDATA[<div class="kmldesc"><b>RB37</b> Arnhem Centraal-Bochum Hbf<br/>Richtung Bochum Hauptbahnhof: an xx:37 / ab xx:38<br/>Richtung Arnhem Centraal: an xx:22 / ab xx:23<br/><i>Grenzbahnhof Deutschland</i></div><style>@media (prefers-color-scheme: dark) {html,body,.kmldesc{background:#1b1b1b !important;color:#e8e8e8 !important;}.kmldesc a{color:#8ab4f8 !important;}}</style>]]></description>
<LookAt><longitude>6.2031729</longitude><latitude>51.3272758</latitude><altitude>0</altitude><heading>0</heading><tilt>0</tilt><range>2500</range><altitudeMode>clampToGround</altitudeMode></LookAt>
<styleUrl>#stationPinNoLabel</styleUrl>
<Point><coordinates>6.2031729,51.3272758,0</coordinates></Point>
</Placemark>
<Placemark>
<name>Kall</name>
<description><![CDATA[<div class="kmldesc"><b>RE14</b> Eindhoven-Saarbrücken<br/>Richtung Saarbrücken Hauptbahnhof: an xx:44 / ab xx:45<br/>Richtung Eindhoven: an xx:15 / ab xx:16<br/><i>SDO-Überwachung aktiv</i></div><style>@media (prefers-color-scheme: dark) {html,body,.kmldesc{background:#1b1b1b !important;color:#e8e8e8 !important;}.kmldesc a{color:#8ab4f8 !important;}}</style>]]></description>
<LookAt><longitude>6.5568859</longitude><latitude>50.5383588</latitude><altitude>0</altitude><heading>0</heading><tilt>0</tilt><range>2500</range><altitudeMode>clampToGround</altitudeMode></LookAt>
<styleUrl>#stationPinNoLabel</styleUrl>
<Point><coordinates>6.5568859,50.5383588,0</coordinates></Point>
</Placemark>
<Placemark>
<name>Kamen</name>
<description><![CDATA[<div class="kmldesc"><b>RE17</b> Dortmund-Wilhelmshaven<br/>Richtung Wilhelmshaven: an xx:24 / ab xx:25<br/>Richtung Dortmund Hauptbahnhof: an xx:34 / ab xx:35<br/><i>RRX-Halt</i><br/><br/><b>RE32</b> Kassel-Wilhelmshöhe-Roermond<br/>Richtung Roermond: an xx:36 / ab xx:37<br/>Richtung Kassel-Wilhelmshöhe: an xx:16 / ab xx:17<br/><i>Regionalhalt</i></div><style>@media (prefers-color-scheme: dark) {html,body,.kmldesc{background:#1b1b1b !important;color:#e8e8e8 !important;}.kmldesc a{color:#8ab4f8 !important;}}</style>]]></description>
<LookAt><longitude>7.6611059</longitude><latitude>51.5852133</latitude><altitude>0</altitude><heading>0</heading><tilt>0</tilt><range>2500</range><altitudeMode>clampToGround</altitudeMode></LookAt>
<styleUrl>#stationPinNoLabel</styleUrl>
<Point><coordinates>7.6611059,51.5852133,0</coordinates></Point>
</Placemark>
<Placemark>
<name>Kassel Hauptbahnhof</name>
<description><![CDATA[<div class="kmldesc"><b>RE24</b> Zwickau-Kassel<br/>Richtung Kassel Hauptbahnhof: an xx:37<br/>Richtung Zwickau Hauptbahnhof: ab xx:21<br/><i>Endbahnhof (Kopfbahnhof)</i></div><style>@media (prefers-color-scheme: dark) {html,body,.kmldesc{background:#1b1b1b !important;color:#e8e8e8 !important;}.kmldesc a{color:#8ab4f8 !important;}}</style>]]></description>
<LookAt><longitude>9.4896007</longitude><latitude>51.3183386</latitude><altitude>0</altitude><heading>0</heading><tilt>0</tilt><range>2500</range><altitudeMode>clampToGround</altitudeMode></LookAt>
<styleUrl>#stationPinNoLabel</styleUrl>
<Point><coordinates>9.4896007,51.3183386,0</coordinates></Point>
</Placemark>
<Placemark>
<name>Kassel-Wilhelmshöhe</name>
<description><![CDATA[<div class="kmldesc"><b>RE24</b> Zwickau-Kassel<br/>Richtung Kassel Hauptbahnhof: an xx:26 / ab xx:30<br/>Richtung Zwickau Hauptbahnhof: an xx:28 / ab xx:32<br/><i>Knoten West: Anschluss RE11/RE7</i><br/><br/><b>RE32</b> Kassel-Wilhelmshöhe-Roermond<br/>Richtung Roermond: ab xx:33<br/>Richtung Kassel-Wilhelmshöhe: an xx:26<br/><i>Startbahnhof</i><br/><br/><b>RE7</b> Frankfurt-Bremen<br/>Richtung Bremen Hauptbahnhof: an xx:36 / ab xx:39<br/>Richtung Frankfurt (Main) Hauptbahnhof: an xx:21 / ab xx:24<br/><i>SFS-Knotenhalt</i></div><style>@media (prefers-color-scheme: dark) {html,body,.kmldesc{background:#1b1b1b !important;color:#e8e8e8 !important;}.kmldesc a{color:#8ab4f8 !important;}}</style>]]></description>
<LookAt><longitude>9.4477049</longitude><latitude>51.3113881</latitude><altitude>0</altitude><heading>0</heading><tilt>0</tilt><range>2500</range><altitudeMode>clampToGround</altitudeMode></LookAt>
<styleUrl>#stationPinNoLabel</styleUrl>
<Point><coordinates>9.4477049,51.3113881,0</coordinates></Point>
</Placemark>
<Placemark>
<name>Kiel Hauptbahnhof</name>
<description><![CDATA[<div class="kmldesc"><b>RE46</b> Esbjerg-Berlin Südkreuz<br/>Richtung Berlin Südkreuz: an xx:10 / ab xx:17<br/>Richtung Esbjerg: an xx:42 / ab xx:49<br/><i>Kopfmachen, 7 Min Wendezeit</i><br/><br/><b>RE90b</b> Kiel/Schönberger Strand-Groningen/Norddeich Mole<br/>Richtung Groningen / Norddeich Mole (Flügelzug): an xx:10 / ab xx:21<br/>Richtung Kiel Hbf/Schönberger Strand: an xx:28 / ab xx:39<br/><i>Flügelungsknoten: Ankupplung Stamm-KISS</i></div><style>@media (prefers-color-scheme: dark) {html,body,.kmldesc{background:#1b1b1b !important;color:#e8e8e8 !important;}.kmldesc a{color:#8ab4f8 !important;}}</style>]]></description>
<LookAt><longitude>10.130965</longitude><latitude>54.3134725</latitude><altitude>0</altitude><heading>0</heading><tilt>0</tilt><range>2500</range><altitudeMode>clampToGround</altitudeMode></LookAt>
<styleUrl>#stationPinNoLabel</styleUrl>
<Point><coordinates>10.130965,54.3134725,0</coordinates></Point>
</Placemark>
<Placemark>
<name>Kißlegg</name>
<description><![CDATA[<div class="kmldesc"><b>RE80</b> Chur-Saarbrücken<br/>Richtung Saarbrücken Hauptbahnhof: an xx:47 / ab xx:49<br/>Richtung Chur: an xx:06 / ab xx:08<br/><i>Allgäubahn-Abschnitt</i></div><style>@media (prefers-color-scheme: dark) {html,body,.kmldesc{background:#1b1b1b !important;color:#e8e8e8 !important;}.kmldesc a{color:#8ab4f8 !important;}}</style>]]></description>
<LookAt><longitude>9.8817723</longitude><latitude>47.7935805</latitude><altitude>0</altitude><heading>0</heading><tilt>0</tilt><range>2500</range><altitudeMode>clampToGround</altitudeMode></LookAt>
<styleUrl>#stationPinNoLabel</styleUrl>
<Point><coordinates>9.8817723,47.7935805,0</coordinates></Point>
</Placemark>
<Placemark>
<name>København H</name>
<description><![CDATA[<div class="kmldesc"><b>RE17</b> Østerport-Rostock<br/>Richtung Rostock Hauptbahnhof: an xx:12 / ab xx:16<br/>Richtung Østerport: an xx:30 / ab xx:34<br/><i>Zentraler dänischer Systemknoten</i></div><style>@media (prefers-color-scheme: dark) {html,body,.kmldesc{background:#1b1b1b !important;color:#e8e8e8 !important;}.kmldesc a{color:#8ab4f8 !important;}}</style>]]></description>
<LookAt><longitude>12.5653736</longitude><latitude>55.6724527</latitude><altitude>0</altitude><heading>0</heading><tilt>0</tilt><range>2500</range><altitudeMode>clampToGround</altitudeMode></LookAt>
<styleUrl>#stationPinNoLabel</styleUrl>
<Point><coordinates>12.5653736,55.6724527,0</coordinates></Point>
</Placemark>
<Placemark>
<name>Koblenz Hauptbahnhof</name>
<description><![CDATA[<div class="kmldesc"><b>RE5</b> Arnhem-Frankfurt<br/>Richtung Frankfurt (Main) Hbf: an xx:18 / ab xx:22<br/>Richtung Arnhem Centraal: an xx:42 / ab xx:45<br/><i>Taktknoten, Stadtmitte entfällt</i></div><style>@media (prefers-color-scheme: dark) {html,body,.kmldesc{background:#1b1b1b !important;color:#e8e8e8 !important;}.kmldesc a{color:#8ab4f8 !important;}}</style>]]></description>
<LookAt><longitude>7.8834854</longitude><latitude>49.9688103</latitude><altitude>0</altitude><heading>0</heading><tilt>0</tilt><range>2500</range><altitudeMode>clampToGround</altitudeMode></LookAt>
<styleUrl>#stationPinNoLabel</styleUrl>
<Point><coordinates>7.8834854,49.9688103,0</coordinates></Point>
</Placemark>
<Placemark>
<name>Köln Hauptbahnhof</name>
<description><![CDATA[<div class="kmldesc"><b>RE5</b> Arnhem-Frankfurt<br/>Richtung Frankfurt (Main) Hbf: an xx:18 / ab xx:21<br/>Richtung Arnhem Centraal: an xx:42 / ab xx:45<br/><i>Zentraler Rhein-Knoten</i></div><style>@media (prefers-color-scheme: dark) {html,body,.kmldesc{background:#1b1b1b !important;color:#e8e8e8 !important;}.kmldesc a{color:#8ab4f8 !important;}}</style>]]></description>
<LookAt><longitude>6.9590705</longitude><latitude>50.9427839</latitude><altitude>0</altitude><heading>0</heading><tilt>0</tilt><range>2500</range><altitudeMode>clampToGround</altitudeMode></LookAt>
<styleUrl>#stationPinNoLabel</styleUrl>
<Point><coordinates>6.9590705,50.9427839,0</coordinates></Point>
</Placemark>
<Placemark>
<name>Köln Messe/Deutz</name>
<description><![CDATA[<div class="kmldesc"><b>RE5</b> Arnhem-Frankfurt<br/>Richtung Frankfurt (Main) Hbf: an xx:12 / ab xx:14<br/>Richtung Arnhem Centraal: an xx:49 / ab xx:51<br/><i>Großer Ausnahme-Halt</i></div><style>@media (prefers-color-scheme: dark) {html,body,.kmldesc{background:#1b1b1b !important;color:#e8e8e8 !important;}.kmldesc a{color:#8ab4f8 !important;}}</style>]]></description>
<LookAt><longitude>6.9751312</longitude><latitude>50.9409887</latitude><altitude>0</altitude><heading>0</heading><tilt>0</tilt><range>2500</range><altitudeMode>clampToGround</altitudeMode></LookAt>
<styleUrl>#stationPinNoLabel</styleUrl>
<Point><coordinates>6.9751312,50.9409887,0</coordinates></Point>
</Placemark>
<Placemark>
<name>Köln Süd</name>
<description><![CDATA[<div class="kmldesc"><b>RE14</b> Eindhoven-Saarbrücken<br/>Richtung Saarbrücken Hauptbahnhof: an xx:59 / ab xx:02<br/>Richtung Eindhoven: an xx:00 / ab xx:03<br/><i>Trassenfilterung vor Güterzugbahn</i></div><style>@media (prefers-color-scheme: dark) {html,body,.kmldesc{background:#1b1b1b !important;color:#e8e8e8 !important;}.kmldesc a{color:#8ab4f8 !important;}}</style>]]></description>
<LookAt><longitude>6.9372707</longitude><latitude>50.9276006</latitude><altitude>0</altitude><heading>0</heading><tilt>0</tilt><range>2500</range><altitudeMode>clampToGround</altitudeMode></LookAt>
<styleUrl>#stationPinNoLabel</styleUrl>
<Point><coordinates>6.9372707,50.9276006,0</coordinates></Point>
</Placemark>
<Placemark>
<name>Köln-Ehrenfeld</name>
<description><![CDATA[<div class="kmldesc"><b>RE14</b> Eindhoven-Saarbrücken<br/>Richtung Saarbrücken Hauptbahnhof: an xx:51 / ab xx:53<br/>Richtung Eindhoven: an xx:07 / ab xx:09<br/><i>S-Bahn-Verknüpfung</i></div><style>@media (prefers-color-scheme: dark) {html,body,.kmldesc{background:#1b1b1b !important;color:#e8e8e8 !important;}.kmldesc a{color:#8ab4f8 !important;}}</style>]]></description>
<LookAt><longitude>6.9165293</longitude><latitude>50.9515024</latitude><altitude>0</altitude><heading>0</heading><tilt>0</tilt><range>2500</range><altitudeMode>clampToGround</altitudeMode></LookAt>
<styleUrl>#stationPinNoLabel</styleUrl>
<Point><coordinates>6.9165293,50.9515024,0</coordinates></Point>
</Placemark>
<Placemark>
<name>Königs Wusterhausen</name>
<description><![CDATA[<div class="kmldesc"><b>RE45</b> Cottbus-Travemünde<br/>Richtung Travemünde Strand: an xx:03 / ab xx:05<br/>Richtung Cottbus Hauptbahnhof: an xx:56 / ab xx:58<br/><i>Regionaler Systemknoten</i></div><style>@media (prefers-color-scheme: dark) {html,body,.kmldesc{background:#1b1b1b !important;color:#e8e8e8 !important;}.kmldesc a{color:#8ab4f8 !important;}}</style>]]></description>
<LookAt><longitude>13.631528</longitude><latitude>52.2967046</latitude><altitude>0</altitude><heading>0</heading><tilt>0</tilt><range>2500</range><altitudeMode>clampToGround</altitudeMode></LookAt>
<styleUrl>#stationPinNoLabel</styleUrl>
<Point><coordinates>13.631528,52.2967046,0</coordinates></Point>
</Placemark>
<Placemark>
<name>Køge Nord</name>
<description><![CDATA[<div class="kmldesc"><b>RE17</b> Østerport-Rostock<br/>Richtung Rostock Hauptbahnhof: an xx:31 / ab xx:33<br/>Richtung Østerport: an xx:13 / ab xx:15<br/><i>Fernbahnbahnsteige der dänischen Schnellfahrstrecke</i></div><style>@media (prefers-color-scheme: dark) {html,body,.kmldesc{background:#1b1b1b !important;color:#e8e8e8 !important;}.kmldesc a{color:#8ab4f8 !important;}}</style>]]></description>
<LookAt><longitude>12.1726037</longitude><latitude>55.4995703</latitude><altitude>0</altitude><heading>0</heading><tilt>0</tilt><range>2500</range><altitudeMode>clampToGround</altitudeMode></LookAt>
<styleUrl>#stationPinNoLabel</styleUrl>
<Point><coordinates>12.1726037,55.4995703,0</coordinates></Point>
</Placemark>
<Placemark>
<name>Kolding</name>
<description><![CDATA[<div class="kmldesc"><b>RE77</b> Fredericia-Berlin Ostbahnhof<br/>Richtung Berlin Ostbahnhof: an xx:53 / ab xx:55<br/>Richtung Fredericia: an xx:05 / ab xx:07<br/><i>Fester Knotenhalt</i></div><style>@media (prefers-color-scheme: dark) {html,body,.kmldesc{background:#1b1b1b !important;color:#e8e8e8 !important;}.kmldesc a{color:#8ab4f8 !important;}}</style>]]></description>
<LookAt><longitude>9.4814404</longitude><latitude>55.4905542</latitude><altitude>0</altitude><heading>0</heading><tilt>0</tilt><range>2500</range><altitudeMode>clampToGround</altitudeMode></LookAt>
<styleUrl>#stationPinNoLabel</styleUrl>
<Point><coordinates>9.4814404,55.4905542,0</coordinates></Point>
</Placemark>
<Placemark>
<name>Konstanz</name>
<description><![CDATA[<div class="kmldesc"><b>RE94</b> Plzeň-Zürich<br/>Richtung Zürich HB: an xx:59 / ab xx:09<br/>Richtung Plzeň hlavní nádraží: an xx:51 / ab xx:01<br/><i>Grenzbahnhof, Bügelwechsel SBB</i></div><style>@media (prefers-color-scheme: dark) {html,body,.kmldesc{background:#1b1b1b !important;color:#e8e8e8 !important;}.kmldesc a{color:#8ab4f8 !important;}}</style>]]></description>
<LookAt><longitude>9.1772175</longitude><latitude>47.6588689</latitude><altitude>0</altitude><heading>0</heading><tilt>0</tilt><range>2500</range><altitudeMode>clampToGround</altitudeMode></LookAt>
<styleUrl>#stationPinNoLabel</styleUrl>
<Point><coordinates>9.1772175,47.6588689,0</coordinates></Point>
</Placemark>
<Placemark>
<name>Konstanz-Petershausen</name>
<description><![CDATA[<div class="kmldesc"><b>RE94</b> Plzeň-Zürich<br/>Richtung Zürich HB: an xx:56 / ab xx:57<br/>Richtung Plzeň hlavní nádraží: an xx:03 / ab xx:04<br/><i>Wichtiger regionaler Pendlerknoten</i></div><style>@media (prefers-color-scheme: dark) {html,body,.kmldesc{background:#1b1b1b !important;color:#e8e8e8 !important;}.kmldesc a{color:#8ab4f8 !important;}}</style>]]></description>
<LookAt><longitude>9.1744445</longitude><latitude>47.6737893</latitude><altitude>0</altitude><heading>0</heading><tilt>0</tilt><range>2500</range><altitudeMode>clampToGround</altitudeMode></LookAt>
<styleUrl>#stationPinNoLabel</styleUrl>
<Point><coordinates>9.1744445,47.6737893,0</coordinates></Point>
</Placemark>
<Placemark>
<name>Kreuzlingen</name>
<description><![CDATA[<div class="kmldesc"><b>RE94</b> Plzeň-Zürich<br/>Richtung Zürich HB: an xx:11 / ab xx:12<br/>Richtung Plzeň hlavní nádraží: an xx:48 / ab xx:49<br/><i>Erster SBB-Systemhalt</i></div><style>@media (prefers-color-scheme: dark) {html,body,.kmldesc{background:#1b1b1b !important;color:#e8e8e8 !important;}.kmldesc a{color:#8ab4f8 !important;}}</style>]]></description>
<LookAt><longitude>9.1690645</longitude><latitude>47.6525028</latitude><altitude>0</altitude><heading>0</heading><tilt>0</tilt><range>2500</range><altitudeMode>clampToGround</altitudeMode></LookAt>
<styleUrl>#stationPinNoLabel</styleUrl>
<Point><coordinates>9.1690645,47.6525028,0</coordinates></Point>
</Placemark>
<Placemark>
<name>Kreuztal</name>
<description><![CDATA[<div class="kmldesc"><b>RE40</b> Essen-Frankfurt<br/>Richtung Frankfurt (Main) Hbf: an xx:09 / ab xx:10<br/>Richtung Essen Hauptbahnhof: an xx:50 / ab xx:51<br/><i>Nordsiegerland</i></div><style>@media (prefers-color-scheme: dark) {html,body,.kmldesc{background:#1b1b1b !important;color:#e8e8e8 !important;}.kmldesc a{color:#8ab4f8 !important;}}</style>]]></description>
<LookAt><longitude>7.992342</longitude><latitude>50.9556286</latitude><altitude>0</altitude><heading>0</heading><tilt>0</tilt><range>2500</range><altitudeMode>clampToGround</altitudeMode></LookAt>
<styleUrl>#stationPinNoLabel</styleUrl>
<Point><coordinates>7.992342,50.9556286,0</coordinates></Point>
</Placemark>
<Placemark>
<name>Kuźnica</name>
<description><![CDATA[<div class="kmldesc"><b>RE71</b> Brandenburg Hbf-Hel<br/>Richtung Hel: an xx:51 / ab xx:52<br/>Richtung Brandenburg Hbf: an xx:21 / ab xx:22<br/><i>Halt unkritisch (150-205m)</i></div><style>@media (prefers-color-scheme: dark) {html,body,.kmldesc{background:#1b1b1b !important;color:#e8e8e8 !important;}.kmldesc a{color:#8ab4f8 !important;}}</style>]]></description>
<LookAt><longitude>18.5766364</longitude><latitude>54.7362391</latitude><altitude>0</altitude><heading>0</heading><tilt>0</tilt><range>2500</range><altitudeMode>clampToGround</altitudeMode></LookAt>
<styleUrl>#stationPinNoLabel</styleUrl>
<Point><coordinates>18.5766364,54.7362391,0</coordinates></Point>
</Placemark>
<Placemark>
<name>Landquart</name>
<description><![CDATA[<div class="kmldesc"><b>RE80</b> Chur-Saarbrücken<br/>Richtung Saarbrücken Hauptbahnhof: an xx:46 / ab xx:48<br/>Richtung Chur: an xx:07 / ab xx:09<br/><i>SBB-Hauptbahn</i></div><style>@media (prefers-color-scheme: dark) {html,body,.kmldesc{background:#1b1b1b !important;color:#e8e8e8 !important;}.kmldesc a{color:#8ab4f8 !important;}}</style>]]></description>
<LookAt><longitude>9.5540962</longitude><latitude>46.967441</latitude><altitude>0</altitude><heading>0</heading><tilt>0</tilt><range>2500</range><altitudeMode>clampToGround</altitudeMode></LookAt>
<styleUrl>#stationPinNoLabel</styleUrl>
<Point><coordinates>9.5540962,46.967441,0</coordinates></Point>
</Placemark>
<Placemark>
<name>Landstuhl</name>
<description><![CDATA[<div class="kmldesc"><b>RE80</b> Chur-Saarbrücken<br/>Richtung Saarbrücken Hauptbahnhof: an xx:29 / ab xx:31<br/>Richtung Chur: an xx:24 / ab xx:26<br/><i>Regionaler Systemhalt</i></div><style>@media (prefers-color-scheme: dark) {html,body,.kmldesc{background:#1b1b1b !important;color:#e8e8e8 !important;}.kmldesc a{color:#8ab4f8 !important;}}</style>]]></description>
<LookAt><longitude>7.5663882</longitude><latitude>49.4163142</latitude><altitude>0</altitude><heading>0</heading><tilt>0</tilt><range>2500</range><altitudeMode>clampToGround</altitudeMode></LookAt>
<styleUrl>#stationPinNoLabel</styleUrl>
<Point><coordinates>7.5663882,49.4163142,0</coordinates></Point>
</Placemark>
<Placemark>
<name>Langenhagen Mitte</name>
<description><![CDATA[<div class="kmldesc"><b>RE25</b> Cuxhaven-Magdeburg<br/>Richtung Magdeburg Hauptbahnhof: an xx:33 / ab xx:35<br/>Richtung Cuxhaven: an xx:13 / ab xx:15<br/><i>Einlauf Oberleitung</i></div><style>@media (prefers-color-scheme: dark) {html,body,.kmldesc{background:#1b1b1b !important;color:#e8e8e8 !important;}.kmldesc a{color:#8ab4f8 !important;}}</style>]]></description>
<LookAt><longitude>9.7252642</longitude><latitude>52.4400847</latitude><altitude>0</altitude><heading>0</heading><tilt>0</tilt><range>2500</range><altitudeMode>clampToGround</altitudeMode></LookAt>
<styleUrl>#stationPinNoLabel</styleUrl>
<Point><coordinates>9.7252642,52.4400847,0</coordinates></Point>
</Placemark>
<Placemark>
<name>Laupheim West</name>
<description><![CDATA[<div class="kmldesc"><b>RE94</b> Plzeň-Zürich<br/>Richtung Zürich HB: an xx:01 / ab xx:02<br/>Richtung Plzeň hlavní nádraží: an xx:58 / ab xx:59<br/><i>Standardisierter Südbahn-Bahnsteig</i></div><style>@media (prefers-color-scheme: dark) {html,body,.kmldesc{background:#1b1b1b !important;color:#e8e8e8 !important;}.kmldesc a{color:#8ab4f8 !important;}}</style>]]></description>
<LookAt><longitude>9.848247</longitude><latitude>48.2304112</latitude><altitude>0</altitude><heading>0</heading><tilt>0</tilt><range>2500</range><altitudeMode>clampToGround</altitudeMode></LookAt>
<styleUrl>#stationPinNoLabel</styleUrl>
<Point><coordinates>9.848247,48.2304112,0</coordinates></Point>
</Placemark>
<Placemark>
<name>Leer (Ostfriesl)</name>
<description><![CDATA[<div class="kmldesc"><b>RE90b</b> Kiel/Schönberger Strand-Groningen/Norddeich Mole<br/>Richtung Groningen / Norddeich Mole (Flügelzug): an xx:39<br/>Richtung Kiel Hbf/Schönberger Strand: an xx:55 / ab xx:11<br/><i>Zugankunft, sofortige Flügelung</i></div><style>@media (prefers-color-scheme: dark) {html,body,.kmldesc{background:#1b1b1b !important;color:#e8e8e8 !important;}.kmldesc a{color:#8ab4f8 !important;}}</style>]]></description>
<LookAt><longitude>7.4651589</longitude><latitude>53.2313892</latitude><altitude>0</altitude><heading>0</heading><tilt>0</tilt><range>2500</range><altitudeMode>clampToGround</altitudeMode></LookAt>
<styleUrl>#stationPinNoLabel</styleUrl>
<Point><coordinates>7.4651589,53.2313892,0</coordinates></Point>
</Placemark>
<Placemark>
<name>Leeuwarden</name>
<description><![CDATA[<div class="kmldesc"><b>RE30</b> Leeuwarden-Winterberg/Düsseldorf<br/>Richtung Winterberg (Westf)/Düsseldorf Hauptbahnhof: ab xx:02<br/>Richtung Leeuwarden: an xx:16<br/><i>Startbahnhof Stammstrecke, Staatslijn A, 1,5kV DC</i></div><style>@media (prefers-color-scheme: dark) {html,body,.kmldesc{background:#1b1b1b !important;color:#e8e8e8 !important;}.kmldesc a{color:#8ab4f8 !important;}}</style>]]></description>
<LookAt><longitude>5.7929849</longitude><latitude>53.1964772</latitude><altitude>0</altitude><heading>0</heading><tilt>0</tilt><range>2500</range><altitudeMode>clampToGround</altitudeMode></LookAt>
<styleUrl>#stationPinNoLabel</styleUrl>
<Point><coordinates>5.7929849,53.1964772,0</coordinates></Point>
</Placemark>
<Placemark>
<name>Leipzig Hauptbahnhof</name>
<description><![CDATA[<div class="kmldesc"><b>RE11</b> Frankfurt(Oder)-Leipzig<br/>Richtung Leipzig Hauptbahnhof: an xx:28<br/>Richtung Frankfurt (Oder): ab xx:32<br/><i>Endbahnhof</i><br/><br/><b>RE24</b> Zwickau-Kassel<br/>Richtung Kassel Hauptbahnhof: an xx:14 / ab xx:18<br/>Richtung Zwickau Hauptbahnhof: an xx:37 / ab xx:41<br/><i>Knoten RE11 (Ost)</i><br/><br/><b>RE28</b> Leipzig-Würzburg<br/>Richtung Würzburg Hauptbahnhof: ab xx:38<br/>Richtung Leipzig Hauptbahnhof: an xx:24<br/><i>Anschluss von RE11</i></div><style>@media (prefers-color-scheme: dark) {html,body,.kmldesc{background:#1b1b1b !important;color:#e8e8e8 !important;}.kmldesc a{color:#8ab4f8 !important;}}</style>]]></description>
<LookAt><longitude>12.3830858</longitude><latitude>51.3465518</latitude><altitude>0</altitude><heading>0</heading><tilt>0</tilt><range>2500</range><altitudeMode>clampToGround</altitudeMode></LookAt>
<styleUrl>#stationPinNoLabel</styleUrl>
<Point><coordinates>12.3830858,51.3465518,0</coordinates></Point>
</Placemark>
<Placemark>
<name>Leipzig MDR</name>
<description><![CDATA[<div class="kmldesc"><b>RE24</b> Zwickau-Kassel<br/>Richtung Kassel Hauptbahnhof: an xx:09 / ab xx:10<br/>Richtung Zwickau Hauptbahnhof: an xx:45 / ab xx:46<br/><i>Bahnsteiglänge max. 140m</i></div><style>@media (prefers-color-scheme: dark) {html,body,.kmldesc{background:#1b1b1b !important;color:#e8e8e8 !important;}.kmldesc a{color:#8ab4f8 !important;}}</style>]]></description>
<LookAt><longitude>12.3862522</longitude><latitude>51.3200934</latitude><altitude>0</altitude><heading>0</heading><tilt>0</tilt><range>2500</range><altitudeMode>clampToGround</altitudeMode></LookAt>
<styleUrl>#stationPinNoLabel</styleUrl>
<Point><coordinates>12.3862522,51.3200934,0</coordinates></Point>
</Placemark>
<Placemark>
<name>Leipzig-Connewitz</name>
<description><![CDATA[<div class="kmldesc"><b>RE24</b> Zwickau-Kassel<br/>Richtung Kassel Hauptbahnhof: an xx:05 / ab xx:06<br/>Richtung Zwickau Hauptbahnhof: an xx:49 / ab xx:50<br/><i>Einlauf City-Tunnel</i></div><style>@media (prefers-color-scheme: dark) {html,body,.kmldesc{background:#1b1b1b !important;color:#e8e8e8 !important;}.kmldesc a{color:#8ab4f8 !important;}}</style>]]></description>
<LookAt><longitude>12.3865233</longitude><latitude>51.3009323</latitude><altitude>0</altitude><heading>0</heading><tilt>0</tilt><range>2500</range><altitudeMode>clampToGround</altitudeMode></LookAt>
<styleUrl>#stationPinNoLabel</styleUrl>
<Point><coordinates>12.3865233,51.3009323,0</coordinates></Point>
</Placemark>
<Placemark>
<name>Letmathe</name>
<description><![CDATA[<div class="kmldesc"><b>RE40</b> Essen-Frankfurt<br/>Richtung Frankfurt (Main) Hbf: an xx:03 / ab xx:04<br/>Richtung Essen Hauptbahnhof: an xx:56 / ab xx:57<br/><i>Sauerland-Halt</i></div><style>@media (prefers-color-scheme: dark) {html,body,.kmldesc{background:#1b1b1b !important;color:#e8e8e8 !important;}.kmldesc a{color:#8ab4f8 !important;}}</style>]]></description>
<LookAt><longitude>7.6183327</longitude><latitude>51.3628127</latitude><altitude>0</altitude><heading>0</heading><tilt>0</tilt><range>2500</range><altitudeMode>clampToGround</altitudeMode></LookAt>
<styleUrl>#stationPinNoLabel</styleUrl>
<Point><coordinates>7.6183327,51.3628127,0</coordinates></Point>
</Placemark>
<Placemark>
<name>Leverkusen Mitte</name>
<description><![CDATA[<div class="kmldesc"><b>RE5</b> Arnhem-Frankfurt<br/>Richtung Frankfurt (Main) Hbf: an xx:02 / ab xx:03<br/>Richtung Arnhem Centraal: an xx:01 / ab xx:02<br/><i>Rheinland-Pendlerknoten</i></div><style>@media (prefers-color-scheme: dark) {html,body,.kmldesc{background:#1b1b1b !important;color:#e8e8e8 !important;}.kmldesc a{color:#8ab4f8 !important;}}</style>]]></description>
<LookAt><longitude>6.9916768</longitude><latitude>51.031774</latitude><altitude>0</altitude><heading>0</heading><tilt>0</tilt><range>2500</range><altitudeMode>clampToGround</altitudeMode></LookAt>
<styleUrl>#stationPinNoLabel</styleUrl>
<Point><coordinates>6.9916768,51.031774,0</coordinates></Point>
</Placemark>
<Placemark>
<name>Lindau-Reutin</name>
<description><![CDATA[<div class="kmldesc"><b>RE80</b> Chur-Saarbrücken<br/>Richtung Saarbrücken Hauptbahnhof: an xx:18 / ab xx:21<br/>Richtung Chur: an xx:34 / ab xx:37<br/><i>Erster DE-Halt, Panto-Wechsel</i></div><style>@media (prefers-color-scheme: dark) {html,body,.kmldesc{background:#1b1b1b !important;color:#e8e8e8 !important;}.kmldesc a{color:#8ab4f8 !important;}}</style>]]></description>
<LookAt><longitude>9.7031148</longitude><latitude>47.5524552</latitude><altitude>0</altitude><heading>0</heading><tilt>0</tilt><range>2500</range><altitudeMode>clampToGround</altitudeMode></LookAt>
<styleUrl>#stationPinNoLabel</styleUrl>
<Point><coordinates>9.7031148,47.5524552,0</coordinates></Point>
</Placemark>
<Placemark>
<name>Lippstadt</name>
<description><![CDATA[<div class="kmldesc"><b>RE32</b> Kassel-Wilhelmshöhe-Roermond<br/>Richtung Roermond: an xx:55 / ab xx:56<br/>Richtung Kassel-Wilhelmshöhe: an xx:01 / ab xx:02<br/><i>Regionalhalt</i></div><style>@media (prefers-color-scheme: dark) {html,body,.kmldesc{background:#1b1b1b !important;color:#e8e8e8 !important;}.kmldesc a{color:#8ab4f8 !important;}}</style>]]></description>
<LookAt><longitude>8.3483173</longitude><latitude>51.6706881</latitude><altitude>0</altitude><heading>0</heading><tilt>0</tilt><range>2500</range><altitudeMode>clampToGround</altitudeMode></LookAt>
<styleUrl>#stationPinNoLabel</styleUrl>
<Point><coordinates>8.3483173,51.6706881,0</coordinates></Point>
</Placemark>
<Placemark>
<name>Liège-Guillemins</name>
<description><![CDATA[<div class="kmldesc"><b>RE90</b> Saarbrücken-Düsseldorf<br/>Richtung Düsseldorf Hauptbahnhof: an xx:19 / ab xx:23<br/>Richtung Saarbrücken Hauptbahnhof: an xx:16 / ab xx:20<br/><i>Kopfmachen, Fahrtrichtungswechsel</i></div><style>@media (prefers-color-scheme: dark) {html,body,.kmldesc{background:#1b1b1b !important;color:#e8e8e8 !important;}.kmldesc a{color:#8ab4f8 !important;}}</style>]]></description>
<LookAt><longitude>5.567065</longitude><latitude>50.624728</latitude><altitude>0</altitude><heading>0</heading><tilt>0</tilt><range>2500</range><altitudeMode>clampToGround</altitudeMode></LookAt>
<styleUrl>#stationPinNoLabel</styleUrl>
<Point><coordinates>5.567065,50.624728,0</coordinates></Point>
</Placemark>
<Placemark>
<name>Ludwigsfelde</name>
<description><![CDATA[<div class="kmldesc"><b>RE11</b> Frankfurt(Oder)-Leipzig<br/>Richtung Leipzig Hauptbahnhof: an xx:12 / ab xx:13<br/>Richtung Frankfurt (Oder): an xx:47 / ab xx:48<br/><i>Selektive Türsteuerung (SDO) aktiv</i></div><style>@media (prefers-color-scheme: dark) {html,body,.kmldesc{background:#1b1b1b !important;color:#e8e8e8 !important;}.kmldesc a{color:#8ab4f8 !important;}}</style>]]></description>
<LookAt><longitude>13.267456</longitude><latitude>52.2983507</latitude><altitude>0</altitude><heading>0</heading><tilt>0</tilt><range>2500</range><altitudeMode>clampToGround</altitudeMode></LookAt>
<styleUrl>#stationPinNoLabel</styleUrl>
<Point><coordinates>13.267456,52.2983507,0</coordinates></Point>
</Placemark>
<Placemark>
<name>Ludwigshafen (Rhein) Hbf</name>
<description><![CDATA[<div class="kmldesc"><b>RE80</b> Chur-Saarbrücken<br/>Richtung Saarbrücken Hauptbahnhof: an xx:36 / ab xx:38<br/>Richtung Chur: an xx:17 / ab xx:19<br/><i>Pfälzische Ludwigsbahn</i></div><style>@media (prefers-color-scheme: dark) {html,body,.kmldesc{background:#1b1b1b !important;color:#e8e8e8 !important;}.kmldesc a{color:#8ab4f8 !important;}}</style>]]></description>
<LookAt><longitude>8.4208339</longitude><latitude>49.4612724</latitude><altitude>0</altitude><heading>0</heading><tilt>0</tilt><range>2500</range><altitudeMode>clampToGround</altitudeMode></LookAt>
<styleUrl>#stationPinNoLabel</styleUrl>
<Point><coordinates>8.4208339,49.4612724,0</coordinates></Point>
</Placemark>
<Placemark>
<name>Lübben (Spreewald)</name>
<description><![CDATA[<div class="kmldesc"><b>RE45</b> Cottbus-Travemünde<br/>Richtung Travemünde Strand: an xx:43 / ab xx:45<br/>Richtung Cottbus Hauptbahnhof: an xx:16 / ab xx:18<br/><i>Bestandsachse</i></div><style>@media (prefers-color-scheme: dark) {html,body,.kmldesc{background:#1b1b1b !important;color:#e8e8e8 !important;}.kmldesc a{color:#8ab4f8 !important;}}</style>]]></description>
<LookAt><longitude>13.8765309</longitude><latitude>51.940029</latitude><altitude>0</altitude><heading>0</heading><tilt>0</tilt><range>2500</range><altitudeMode>clampToGround</altitudeMode></LookAt>
<styleUrl>#stationPinNoLabel</styleUrl>
<Point><coordinates>13.8765309,51.940029,0</coordinates></Point>
</Placemark>
<Placemark>
<name>Lübeck Hauptbahnhof</name>
<description><![CDATA[<div class="kmldesc"><b>RE45</b> Cottbus-Travemünde<br/>Richtung Travemünde Strand: an xx:09 / ab xx:13<br/>Richtung Cottbus Hauptbahnhof: an xx:45 / ab xx:52<br/><i>Systemknoten Ostsee-Süd</i><br/><br/><b>RE46</b> Esbjerg-Berlin Südkreuz<br/>Richtung Berlin Südkreuz: an xx:27 / ab xx:34<br/>Richtung Esbjerg: an xx:25 / ab xx:32<br/><i>Zugstärkung, Beistellen 2. Teiler</i><br/><br/><b>RE17</b> Østerport-Rostock<br/>Richtung Rostock Hauptbahnhof: an xx:04 / ab xx:12<br/>Richtung Østerport: an xx:34 / ab xx:42<br/><i>Großknoten, Beginn/Ende der nicht elektrifizierten, eingleisigen Akkustrecke</i></div><style>@media (prefers-color-scheme: dark) {html,body,.kmldesc{background:#1b1b1b !important;color:#e8e8e8 !important;}.kmldesc a{color:#8ab4f8 !important;}}</style>]]></description>
<LookAt><longitude>10.6698551</longitude><latitude>53.8675937</latitude><altitude>0</altitude><heading>0</heading><tilt>0</tilt><range>2500</range><altitudeMode>clampToGround</altitudeMode></LookAt>
<styleUrl>#stationPinNoLabel</styleUrl>
<Point><coordinates>10.6698551,53.8675937,0</coordinates></Point>
</Placemark>
<Placemark>
<name>Lübeck-Travemünde Hafen</name>
<description><![CDATA[<div class="kmldesc"><b>RE45</b> Cottbus-Travemünde<br/>Richtung Travemünde Strand: an xx:29 / ab xx:30<br/>Richtung Cottbus Hauptbahnhof: an xx:29 / ab xx:30<br/><i>SDO aktiv</i></div><style>@media (prefers-color-scheme: dark) {html,body,.kmldesc{background:#1b1b1b !important;color:#e8e8e8 !important;}.kmldesc a{color:#8ab4f8 !important;}}</style>]]></description>
<LookAt><longitude>10.8650425</longitude><latitude>53.958671</latitude><altitude>0</altitude><heading>0</heading><tilt>0</tilt><range>2500</range><altitudeMode>clampToGround</altitudeMode></LookAt>
<styleUrl>#stationPinNoLabel</styleUrl>
<Point><coordinates>10.8650425,53.958671,0</coordinates></Point>
</Placemark>
<Placemark>
<name>Lüdenscheid Hbf</name>
<description><![CDATA[<div class="kmldesc"><b>S30</b> Essen Hbf-Lüdenscheid Hbf<br/>Richtung Lüdenscheid Hbf: an xx:26<br/>Richtung Essen Hauptbahnhof: ab xx:00<br/><i>Endpunkt via fiktiver Tunnelkurve mit Tunnelbauwerk</i></div><style>@media (prefers-color-scheme: dark) {html,body,.kmldesc{background:#1b1b1b !important;color:#e8e8e8 !important;}.kmldesc a{color:#8ab4f8 !important;}}</style>]]></description>
<LookAt><longitude>7.5708494</longitude><latitude>51.2078618</latitude><altitude>0</altitude><heading>0</heading><tilt>0</tilt><range>2500</range><altitudeMode>clampToGround</altitudeMode></LookAt>
<styleUrl>#stationPinNoLabel</styleUrl>
<Point><coordinates>7.5708494,51.2078618,0</coordinates></Point>
</Placemark>
<Placemark>
<name>Lüneburg</name>
<description><![CDATA[<div class="kmldesc"><b>RE45</b> Cottbus-Travemünde<br/>Richtung Travemünde Strand: an xx:50 / ab xx:52<br/>Richtung Cottbus Hauptbahnhof: an xx:09 / ab xx:11<br/><i>Osthannoversche Achse</i></div><style>@media (prefers-color-scheme: dark) {html,body,.kmldesc{background:#1b1b1b !important;color:#e8e8e8 !important;}.kmldesc a{color:#8ab4f8 !important;}}</style>]]></description>
<LookAt><longitude>10.4197721</longitude><latitude>53.2497728</latitude><altitude>0</altitude><heading>0</heading><tilt>0</tilt><range>2500</range><altitudeMode>clampToGround</altitudeMode></LookAt>
<styleUrl>#stationPinNoLabel</styleUrl>
<Point><coordinates>10.4197721,53.2497728,0</coordinates></Point>
</Placemark>
<Placemark>
<name>Lunderskov</name>
<description><![CDATA[<div class="kmldesc"><b>RE77</b> Fredericia-Berlin Ostbahnhof<br/>Richtung Berlin Ostbahnhof: an xx:04 / ab xx:05<br/>Richtung Fredericia: an xx:55 / ab xx:56<br/><i>Mindesthaltzeit gesichert</i></div><style>@media (prefers-color-scheme: dark) {html,body,.kmldesc{background:#1b1b1b !important;color:#e8e8e8 !important;}.kmldesc a{color:#8ab4f8 !important;}}</style>]]></description>
<LookAt><longitude>9.3040943</longitude><latitude>55.4803997</latitude><altitude>0</altitude><heading>0</heading><tilt>0</tilt><range>2500</range><altitudeMode>clampToGround</altitudeMode></LookAt>
<styleUrl>#stationPinNoLabel</styleUrl>
<Point><coordinates>9.3040943,55.4803997,0</coordinates></Point>
</Placemark>
<Placemark>
<name>Lutherstadt Wittenberg Hbf</name>
<description><![CDATA[<div class="kmldesc"><b>RE11</b> Frankfurt(Oder)-Leipzig<br/>Richtung Leipzig Hauptbahnhof: an xx:51 / ab xx:53<br/>Richtung Frankfurt (Oder): an xx:07 / ab xx:09<br/><i>Anschlussknoten</i></div><style>@media (prefers-color-scheme: dark) {html,body,.kmldesc{background:#1b1b1b !important;color:#e8e8e8 !important;}.kmldesc a{color:#8ab4f8 !important;}}</style>]]></description>
<LookAt><longitude>12.6620632</longitude><latitude>51.8675201</latitude><altitude>0</altitude><heading>0</heading><tilt>0</tilt><range>2500</range><altitudeMode>clampToGround</altitudeMode></LookAt>
<styleUrl>#stationPinNoLabel</styleUrl>
<Point><coordinates>12.6620632,51.8675201,0</coordinates></Point>
</Placemark>
<Placemark>
<name>Luxembourg</name>
<description><![CDATA[<div class="kmldesc"><b>RE90</b> Saarbrücken-Düsseldorf<br/>Richtung Düsseldorf Hauptbahnhof: an xx:31 / ab xx:36<br/>Richtung Saarbrücken Hauptbahnhof: an xx:06 / ab xx:11<br/><i>Hauptbahnhof Luxemburg</i></div><style>@media (prefers-color-scheme: dark) {html,body,.kmldesc{background:#1b1b1b !important;color:#e8e8e8 !important;}.kmldesc a{color:#8ab4f8 !important;}}</style>]]></description>
<LookAt><longitude>6.1342493</longitude><latitude>49.5999681</latitude><altitude>0</altitude><heading>0</heading><tilt>0</tilt><range>2500</range><altitudeMode>clampToGround</altitudeMode></LookAt>
<styleUrl>#stationPinNoLabel</styleUrl>
<Point><coordinates>6.1342493,49.5999681,0</coordinates></Point>
</Placemark>
<Placemark>
<name>Magdeburg Hauptbahnhof</name>
<description><![CDATA[<div class="kmldesc"><b>RE25</b> Cuxhaven-Magdeburg<br/>Richtung Magdeburg Hauptbahnhof: an xx:44<br/>Richtung Cuxhaven: ab xx:02<br/><i>Endbahnhof</i></div><style>@media (prefers-color-scheme: dark) {html,body,.kmldesc{background:#1b1b1b !important;color:#e8e8e8 !important;}.kmldesc a{color:#8ab4f8 !important;}}</style>]]></description>
<LookAt><longitude>11.6267187</longitude><latitude>52.1305167</latitude><altitude>0</altitude><heading>0</heading><tilt>0</tilt><range>2500</range><altitudeMode>clampToGround</altitudeMode></LookAt>
<styleUrl>#stationPinNoLabel</styleUrl>
<Point><coordinates>11.6267187,52.1305167,0</coordinates></Point>
</Placemark>
<Placemark>
<name>Mainz Hauptbahnhof</name>
<description><![CDATA[<div class="kmldesc"><b>RE5</b> Arnhem-Frankfurt<br/>Richtung Frankfurt (Main) Hbf: an xx:26 / ab xx:28<br/>Richtung Arnhem Centraal: an xx:35 / ab xx:37<br/><i>Perfekter Halbstundentakt zu RE2</i></div><style>@media (prefers-color-scheme: dark) {html,body,.kmldesc{background:#1b1b1b !important;color:#e8e8e8 !important;}.kmldesc a{color:#8ab4f8 !important;}}</style>]]></description>
<LookAt><longitude>8.258723</longitude><latitude>50.001113</latitude><altitude>0</altitude><heading>0</heading><tilt>0</tilt><range>2500</range><altitudeMode>clampToGround</altitudeMode></LookAt>
<styleUrl>#stationPinNoLabel</styleUrl>
<Point><coordinates>8.258723,50.001113,0</coordinates></Point>
</Placemark>
<Placemark>
<name>Mannheim Hauptbahnhof</name>
<description><![CDATA[<div class="kmldesc"><b>RE80</b> Chur-Saarbrücken<br/>Richtung Saarbrücken Hauptbahnhof: an xx:28 / ab xx:31<br/>Richtung Chur: an xx:24 / ab xx:27<br/><i>Metropolen-Zubringer</i></div><style>@media (prefers-color-scheme: dark) {html,body,.kmldesc{background:#1b1b1b !important;color:#e8e8e8 !important;}.kmldesc a{color:#8ab4f8 !important;}}</style>]]></description>
<LookAt><longitude>8.4694107</longitude><latitude>49.4792363</latitude><altitude>0</altitude><heading>0</heading><tilt>0</tilt><range>2500</range><altitudeMode>clampToGround</altitudeMode></LookAt>
<styleUrl>#stationPinNoLabel</styleUrl>
<Point><coordinates>8.4694107,49.4792363,0</coordinates></Point>
</Placemark>
<Placemark>
<name>Mariánské Lázně</name>
<description><![CDATA[<div class="kmldesc"><b>RE94</b> Plzeň-Zürich<br/>Richtung Zürich HB: an xx:34 / ab xx:35<br/>Richtung Plzeň hlavní nádraží: an xx:25 / ab xx:26<br/><i>Halt im böhmischen Bäderdreieck</i></div><style>@media (prefers-color-scheme: dark) {html,body,.kmldesc{background:#1b1b1b !important;color:#e8e8e8 !important;}.kmldesc a{color:#8ab4f8 !important;}}</style>]]></description>
<LookAt><longitude>12.6945174</longitude><latitude>49.9569373</latitude><altitude>0</altitude><heading>0</heading><tilt>0</tilt><range>2500</range><altitudeMode>clampToGround</altitudeMode></LookAt>
<styleUrl>#stationPinNoLabel</styleUrl>
<Point><coordinates>12.6945174,49.9569373,0</coordinates></Point>
</Placemark>
<Placemark>
<name>Marktredwitz</name>
<description><![CDATA[<div class="kmldesc"><b>RE94</b> Plzeň-Zürich<br/>Richtung Zürich HB: an xx:21 / ab xx:28<br/>Richtung Plzeň hlavní nádraží: an xx:32 / ab xx:39<br/><i>HPC-Ladestopp 1</i></div><style>@media (prefers-color-scheme: dark) {html,body,.kmldesc{background:#1b1b1b !important;color:#e8e8e8 !important;}.kmldesc a{color:#8ab4f8 !important;}}</style>]]></description>
<LookAt><longitude>12.082401</longitude><latitude>50.0044648</latitude><altitude>0</altitude><heading>0</heading><tilt>0</tilt><range>2500</range><altitudeMode>clampToGround</altitudeMode></LookAt>
<styleUrl>#stationPinNoLabel</styleUrl>
<Point><coordinates>12.082401,50.0044648,0</coordinates></Point>
</Placemark>
<Placemark>
<name>Massen</name>
<description><![CDATA[<div class="kmldesc"><b>S10</b> Ringbahn Ruhrgebiet<br/>Richtung Innenring: an xx:05 / ab xx:05<br/>Richtung Außenring: an xx:37 / ab xx:37<br/><i>Bahnstrecke Welver-Sterkrade</i></div><style>@media (prefers-color-scheme: dark) {html,body,.kmldesc{background:#1b1b1b !important;color:#e8e8e8 !important;}.kmldesc a{color:#8ab4f8 !important;}}</style>]]></description>
<LookAt><longitude>7.6432952</longitude><latitude>51.5415801</latitude><altitude>0</altitude><heading>0</heading><tilt>0</tilt><range>2500</range><altitudeMode>clampToGround</altitudeMode></LookAt>
<styleUrl>#stationPinNoLabel</styleUrl>
<Point><coordinates>7.6432952,51.5415801,0</coordinates></Point>
</Placemark>
<Placemark>
<name>Meckenbeuren</name>
<description><![CDATA[<div class="kmldesc"><b>RE94</b> Plzeň-Zürich<br/>Richtung Zürich HB: an/ab xx:47<br/>Richtung Plzeň hlavní nádraží: an xx:12 / ab xx:13<br/><i>Taktmäßiger RE-Halt</i></div><style>@media (prefers-color-scheme: dark) {html,body,.kmldesc{background:#1b1b1b !important;color:#e8e8e8 !important;}.kmldesc a{color:#8ab4f8 !important;}}</style>]]></description>
<LookAt><longitude>9.5586727</longitude><latitude>47.7003052</latitude><altitude>0</altitude><heading>0</heading><tilt>0</tilt><range>2500</range><altitudeMode>clampToGround</altitudeMode></LookAt>
<styleUrl>#stationPinNoLabel</styleUrl>
<Point><coordinates>9.5586727,47.7003052,0</coordinates></Point>
</Placemark>
<Placemark>
<name>Melsungen</name>
<description><![CDATA[<div class="kmldesc"><b>RE24</b> Zwickau-Kassel<br/>Richtung Kassel Hauptbahnhof: an xx:08 / ab xx:09<br/>Richtung Zwickau Hauptbahnhof: an xx:46 / ab xx:47<br/><i>Regionalhalt</i></div><style>@media (prefers-color-scheme: dark) {html,body,.kmldesc{background:#1b1b1b !important;color:#e8e8e8 !important;}.kmldesc a{color:#8ab4f8 !important;}}</style>]]></description>
<LookAt><longitude>9.5463793</longitude><latitude>51.1261807</latitude><altitude>0</altitude><heading>0</heading><tilt>0</tilt><range>2500</range><altitudeMode>clampToGround</altitudeMode></LookAt>
<styleUrl>#stationPinNoLabel</styleUrl>
<Point><coordinates>9.5463793,51.1261807,0</coordinates></Point>
</Placemark>
<Placemark>
<name>Memmingen</name>
<description><![CDATA[<div class="kmldesc"><b>RE80</b> Chur-Saarbrücken<br/>Richtung Saarbrücken Hauptbahnhof: an xx:10 / ab xx:12<br/>Richtung Chur: an xx:43 / ab xx:45<br/><i>Systemwechsel, Akku-Betrieb</i></div><style>@media (prefers-color-scheme: dark) {html,body,.kmldesc{background:#1b1b1b !important;color:#e8e8e8 !important;}.kmldesc a{color:#8ab4f8 !important;}}</style>]]></description>
<LookAt><longitude>10.1869867</longitude><latitude>47.985407</latitude><altitude>0</altitude><heading>0</heading><tilt>0</tilt><range>2500</range><altitudeMode>clampToGround</altitudeMode></LookAt>
<styleUrl>#stationPinNoLabel</styleUrl>
<Point><coordinates>10.1869867,47.985407,0</coordinates></Point>
</Placemark>
<Placemark>
<name>Meppel</name>
<description><![CDATA[<div class="kmldesc"><b>RE30</b> Leeuwarden-Winterberg/Düsseldorf<br/>Richtung Winterberg (Westf)/Düsseldorf Hauptbahnhof: an xx:34 / ab xx:36<br/>Richtung Leeuwarden: an xx:42 / ab xx:44<br/><i>Staatslijn A</i></div><style>@media (prefers-color-scheme: dark) {html,body,.kmldesc{background:#1b1b1b !important;color:#e8e8e8 !important;}.kmldesc a{color:#8ab4f8 !important;}}</style>]]></description>
<LookAt><longitude>6.1979382</longitude><latitude>52.6919049</latitude><altitude>0</altitude><heading>0</heading><tilt>0</tilt><range>2500</range><altitudeMode>clampToGround</altitudeMode></LookAt>
<styleUrl>#stationPinNoLabel</styleUrl>
<Point><coordinates>6.1979382,52.6919049,0</coordinates></Point>
</Placemark>
<Placemark>
<name>Merklingen</name>
<description><![CDATA[<div class="kmldesc"><b>RE80</b> Chur-Saarbrücken<br/>Richtung Saarbrücken Hauptbahnhof: an xx:01 / ab xx:03<br/>Richtung Chur: an xx:52 / ab xx:54<br/><i>Neubaustrecke, 200 km/h</i></div><style>@media (prefers-color-scheme: dark) {html,body,.kmldesc{background:#1b1b1b !important;color:#e8e8e8 !important;}.kmldesc a{color:#8ab4f8 !important;}}</style>]]></description>
<LookAt><longitude>9.7410035</longitude><latitude>48.5211319</latitude><altitude>0</altitude><heading>0</heading><tilt>0</tilt><range>2500</range><altitudeMode>clampToGround</altitudeMode></LookAt>
<styleUrl>#stationPinNoLabel</styleUrl>
<Point><coordinates>9.7410035,48.5211319,0</coordinates></Point>
</Placemark>
<Placemark>
<name>Merzig (Saar)</name>
<description><![CDATA[<div class="kmldesc"><b>RE14</b> Eindhoven-Saarbrücken<br/>Richtung Saarbrücken Hauptbahnhof: an xx:04 / ab xx:05<br/>Richtung Eindhoven: an xx:55 / ab xx:56<br/><i>Einfädelung Saartal</i></div><style>@media (prefers-color-scheme: dark) {html,body,.kmldesc{background:#1b1b1b !important;color:#e8e8e8 !important;}.kmldesc a{color:#8ab4f8 !important;}}</style>]]></description>
<LookAt><longitude>6.6341891</longitude><latitude>49.4365845</latitude><altitude>0</altitude><heading>0</heading><tilt>0</tilt><range>2500</range><altitudeMode>clampToGround</altitudeMode></LookAt>
<styleUrl>#stationPinNoLabel</styleUrl>
<Point><coordinates>6.6341891,49.4365845,0</coordinates></Point>
</Placemark>
<Placemark>
<name>Metz-Ville</name>
<description><![CDATA[<div class="kmldesc"><b>RE90</b> Saarbrücken-Düsseldorf<br/>Richtung Düsseldorf Hauptbahnhof: an xx:38 / ab xx:40<br/>Richtung Saarbrücken Hauptbahnhof: an xx:02 / ab xx:04<br/><i>Durchgangshalt, kein Kopfmachen</i></div><style>@media (prefers-color-scheme: dark) {html,body,.kmldesc{background:#1b1b1b !important;color:#e8e8e8 !important;}.kmldesc a{color:#8ab4f8 !important;}}</style>]]></description>
<LookAt><longitude>6.1773412</longitude><latitude>49.1089882</latitude><altitude>0</altitude><heading>0</heading><tilt>0</tilt><range>2500</range><altitudeMode>clampToGround</altitudeMode></LookAt>
<styleUrl>#stationPinNoLabel</styleUrl>
<Point><coordinates>6.1773412,49.1089882,0</coordinates></Point>
</Placemark>
<Placemark>
<name>Mönchengladbach Hauptbahnhof</name>
<description><![CDATA[<div class="kmldesc"><b>RB37</b> Arnhem Centraal-Bochum Hbf<br/>Richtung Bochum Hauptbahnhof: an xx:03 / ab xx:05<br/>Richtung Arnhem Centraal: an xx:53 / ab xx:56<br/><i>Taktkoordination</i><br/><br/><b>RE14</b> Eindhoven-Saarbrücken<br/>Richtung Saarbrücken Hauptbahnhof: an xx:07 / ab xx:10<br/>Richtung Eindhoven: an xx:50 / ab xx:53<br/><i>Taktknoten Niederrhein</i><br/><br/><b>RE32</b> Kassel-Wilhelmshöhe-Roermond<br/>Richtung Roermond: an xx:34 / ab xx:37<br/>Richtung Kassel-Wilhelmshöhe: an xx:31 / ab xx:34<br/><i>Regionalhalt</i><br/><br/><b>RE90</b> Saarbrücken-Düsseldorf<br/>Richtung Düsseldorf Hauptbahnhof: an xx:40 / ab xx:42<br/>Richtung Saarbrücken Hauptbahnhof: an xx:58 / ab xx:00<br/><i>Großknoten Niederrhein</i></div><style>@media (prefers-color-scheme: dark) {html,body,.kmldesc{background:#1b1b1b !important;color:#e8e8e8 !important;}.kmldesc a{color:#8ab4f8 !important;}}</style>]]></description>
<LookAt><longitude>6.4462733</longitude><latitude>51.1967199</latitude><altitude>0</altitude><heading>0</heading><tilt>0</tilt><range>2500</range><altitudeMode>clampToGround</altitudeMode></LookAt>
<styleUrl>#stationPinNoLabel</styleUrl>
<Point><coordinates>6.4462733,51.1967199,0</coordinates></Point>
</Placemark>
<Placemark>
<name>Mook-Molenhoek</name>
<description><![CDATA[<div class="kmldesc"><b>RB37</b> Arnhem Centraal-Bochum Hbf<br/>Richtung Bochum Hauptbahnhof: an xx:48 / ab xx:49<br/>Richtung Arnhem Centraal: an xx:10 / ab xx:11<br/><i>Haltestellenlauf Maaslijn</i></div><style>@media (prefers-color-scheme: dark) {html,body,.kmldesc{background:#1b1b1b !important;color:#e8e8e8 !important;}.kmldesc a{color:#8ab4f8 !important;}}</style>]]></description>
<LookAt><longitude>5.8789752</longitude><latitude>51.7665425</latitude><altitude>0</altitude><heading>0</heading><tilt>0</tilt><range>2500</range><altitudeMode>clampToGround</altitudeMode></LookAt>
<styleUrl>#stationPinNoLabel</styleUrl>
<Point><coordinates>5.8789752,51.7665425,0</coordinates></Point>
</Placemark>
<Placemark>
<name>Mrzezino</name>
<description><![CDATA[<div class="kmldesc"><b>RE71</b> Brandenburg Hbf-Hel<br/>Richtung Hel: an xx:09 / ab xx:10<br/>Richtung Brandenburg Hbf: an xx:05 / ab xx:06<br/><i>Halt unkritisch (150-205m)</i></div><style>@media (prefers-color-scheme: dark) {html,body,.kmldesc{background:#1b1b1b !important;color:#e8e8e8 !important;}.kmldesc a{color:#8ab4f8 !important;}}</style>]]></description>
<LookAt><longitude>18.4130307</longitude><latitude>54.6530081</latitude><altitude>0</altitude><heading>0</heading><tilt>0</tilt><range>2500</range><altitudeMode>clampToGround</altitudeMode></LookAt>
<styleUrl>#stationPinNoLabel</styleUrl>
<Point><coordinates>18.4130307,54.6530081,0</coordinates></Point>
</Placemark>
<Placemark>
<name>Mülheim (Ruhr) Hauptbahnhof</name>
<description><![CDATA[<div class="kmldesc"><b>S10</b> Ringbahn Ruhrgebiet<br/>Richtung Innenring: an xx:26 / ab xx:27<br/>Richtung Außenring: an xx:14 / ab xx:15<br/><i>Hauptstrecke/S-Bahn-Gleise S1</i></div><style>@media (prefers-color-scheme: dark) {html,body,.kmldesc{background:#1b1b1b !important;color:#e8e8e8 !important;}.kmldesc a{color:#8ab4f8 !important;}}</style>]]></description>
<LookAt><longitude>6.8869735</longitude><latitude>51.4304596</latitude><altitude>0</altitude><heading>0</heading><tilt>0</tilt><range>2500</range><altitudeMode>clampToGround</altitudeMode></LookAt>
<styleUrl>#stationPinNoLabel</styleUrl>
<Point><coordinates>6.8869735,51.4304596,0</coordinates></Point>
</Placemark>
<Placemark>
<name>Mülheim (Ruhr) Hbf</name>
<description><![CDATA[<div class="kmldesc"><b>RE32</b> Kassel-Wilhelmshöhe-Roermond<br/>Richtung Roermond: an xx:22 / ab xx:23<br/>Richtung Kassel-Wilhelmshöhe: an xx:33 / ab xx:34<br/><i>Regionalhalt</i></div><style>@media (prefers-color-scheme: dark) {html,body,.kmldesc{background:#1b1b1b !important;color:#e8e8e8 !important;}.kmldesc a{color:#8ab4f8 !important;}}</style>]]></description>
<LookAt><longitude>6.8869735</longitude><latitude>51.4304596</latitude><altitude>0</altitude><heading>0</heading><tilt>0</tilt><range>2500</range><altitudeMode>clampToGround</altitudeMode></LookAt>
<styleUrl>#stationPinNoLabel</styleUrl>
<Point><coordinates>6.8869735,51.4304596,0</coordinates></Point>
</Placemark>
<Placemark>
<name>Mülheim West</name>
<description><![CDATA[<div class="kmldesc"><b>S10</b> Ringbahn Ruhrgebiet<br/>Richtung Innenring: an xx:24 / ab xx:24<br/>Richtung Außenring: an xx:17 / ab xx:17<br/><i>Hauptstrecke/S-Bahn-Gleise S1</i></div><style>@media (prefers-color-scheme: dark) {html,body,.kmldesc{background:#1b1b1b !important;color:#e8e8e8 !important;}.kmldesc a{color:#8ab4f8 !important;}}</style>]]></description>
<LookAt><longitude>6.8715078</longitude><latitude>51.4395852</latitude><altitude>0</altitude><heading>0</heading><tilt>0</tilt><range>2500</range><altitudeMode>clampToGround</altitudeMode></LookAt>
<styleUrl>#stationPinNoLabel</styleUrl>
<Point><coordinates>6.8715078,51.4395852,0</coordinates></Point>
</Placemark>
<Placemark>
<name>Mülheim-Styrum</name>
<description><![CDATA[<div class="kmldesc"><b>S10</b> Ringbahn Ruhrgebiet<br/>Richtung Innenring: an xx:22 / ab xx:22<br/>Richtung Außenring: an xx:19 / ab xx:19<br/><i>Hauptstrecke/S-Bahn-Gleise S1</i></div><style>@media (prefers-color-scheme: dark) {html,body,.kmldesc{background:#1b1b1b !important;color:#e8e8e8 !important;}.kmldesc a{color:#8ab4f8 !important;}}</style>]]></description>
<LookAt><longitude>6.8526869</longitude><latitude>51.4491773</latitude><altitude>0</altitude><heading>0</heading><tilt>0</tilt><range>2500</range><altitudeMode>clampToGround</altitudeMode></LookAt>
<styleUrl>#stationPinNoLabel</styleUrl>
<Point><coordinates>6.8526869,51.4491773,0</coordinates></Point>
</Placemark>
<Placemark>
<name>Münster (Westf) Hauptbahnhof</name>
<description><![CDATA[<div class="kmldesc"><b>RE2</b> Düsseldorf-Osnabrück<br/>Richtung Osnabrück Hauptbahnhof: an xx:20 / ab xx:24<br/>Richtung Düsseldorf Hauptbahnhof: an xx:34 / ab xx:38<br/><i>Großer Taktknoten</i><br/><br/><b>RE9</b> Bremerhaven-Dortmund<br/>Richtung Dortmund Hauptbahnhof: an xx:04 / ab xx:08<br/>Richtung Bremerhaven-Lehe: an xx:52 / ab xx:56<br/><i>Großer Taktknoten, 30 Min zu RE2</i><br/><br/><b>RE30</b> Leeuwarden-Winterberg/Düsseldorf<br/>Richtung Winterberg (Westf)/Düsseldorf Hauptbahnhof: an xx:55 / ab xx:58<br/>Richtung Leeuwarden: an xx:20 / ab xx:23<br/><i>Zentraler Systemknoten</i></div><style>@media (prefers-color-scheme: dark) {html,body,.kmldesc{background:#1b1b1b !important;color:#e8e8e8 !important;}.kmldesc a{color:#8ab4f8 !important;}}</style>]]></description>
<LookAt><longitude>7.635792</longitude><latitude>51.9564055</latitude><altitude>0</altitude><heading>0</heading><tilt>0</tilt><range>2500</range><altitudeMode>clampToGround</altitudeMode></LookAt>
<styleUrl>#stationPinNoLabel</styleUrl>
<Point><coordinates>7.635792,51.9564055,0</coordinates></Point>
</Placemark>
<Placemark>
<name>Neu-Ulm</name>
<description><![CDATA[<div class="kmldesc"><b>RE80</b> Chur-Saarbrücken<br/>Richtung Saarbrücken Hauptbahnhof: an xx:39 / ab xx:41<br/>Richtung Chur: an xx:14 / ab xx:16<br/><i>Ende Illertalbahn-Akkustrecke</i><br/><br/><b>RE94</b> Plzeň-Zürich<br/>Richtung Zürich HB: an xx:42 / ab xx:43<br/>Richtung Plzeň hlavní nádraží: an xx:17 / ab xx:18<br/><i>Tunnelbahnhof Landesgrenze</i></div><style>@media (prefers-color-scheme: dark) {html,body,.kmldesc{background:#1b1b1b !important;color:#e8e8e8 !important;}.kmldesc a{color:#8ab4f8 !important;}}</style>]]></description>
<LookAt><longitude>10.0055604</longitude><latitude>48.3934059</latitude><altitude>0</altitude><heading>0</heading><tilt>0</tilt><range>2500</range><altitudeMode>clampToGround</altitudeMode></LookAt>
<styleUrl>#stationPinNoLabel</styleUrl>
<Point><coordinates>10.0055604,48.3934059,0</coordinates></Point>
</Placemark>
<Placemark>
<name>Neukieritzsch</name>
<description><![CDATA[<div class="kmldesc"><b>RE24</b> Zwickau-Kassel<br/>Richtung Kassel Hauptbahnhof: an xx:51 / ab xx:52<br/>Richtung Zwickau Hauptbahnhof: an xx:03 / ab xx:04<br/><i>Regionalhalt</i></div><style>@media (prefers-color-scheme: dark) {html,body,.kmldesc{background:#1b1b1b !important;color:#e8e8e8 !important;}.kmldesc a{color:#8ab4f8 !important;}}</style>]]></description>
<LookAt><longitude>12.4127504</longitude><latitude>51.1508549</latitude><altitude>0</altitude><heading>0</heading><tilt>0</tilt><range>2500</range><altitudeMode>clampToGround</altitudeMode></LookAt>
<styleUrl>#stationPinNoLabel</styleUrl>
<Point><coordinates>12.4127504,51.1508549,0</coordinates></Point>
</Placemark>
<Placemark>
<name>Neumünster</name>
<description><![CDATA[<div class="kmldesc"><b>RE77</b> Fredericia-Berlin Ostbahnhof<br/>Richtung Berlin Ostbahnhof: an xx:26 / ab xx:29<br/>Richtung Fredericia: an xx:31 / ab xx:34<br/><i>Großer Taktknoten</i><br/><br/><b>RE90b</b> Kiel/Schönberger Strand-Groningen/Norddeich Mole<br/>Richtung Groningen / Norddeich Mole (Flügelzug): an xx:40 / ab xx:42<br/>Richtung Kiel Hbf/Schönberger Strand: an xx:07 / ab xx:09<br/><i>Taktknoten Mittelholstein</i></div><style>@media (prefers-color-scheme: dark) {html,body,.kmldesc{background:#1b1b1b !important;color:#e8e8e8 !important;}.kmldesc a{color:#8ab4f8 !important;}}</style>]]></description>
<LookAt><longitude>9.980273</longitude><latitude>54.0764928</latitude><altitude>0</altitude><heading>0</heading><tilt>0</tilt><range>2500</range><altitudeMode>clampToGround</altitudeMode></LookAt>
<styleUrl>#stationPinNoLabel</styleUrl>
<Point><coordinates>9.980273,54.0764928,0</coordinates></Point>
</Placemark>
<Placemark>
<name>Neunkirchen (Saar) Hbf</name>
<description><![CDATA[<div class="kmldesc"><b>RE80</b> Chur-Saarbrücken<br/>Richtung Saarbrücken Hauptbahnhof: an xx:59 / ab xx:01<br/>Richtung Chur: an xx:54 / ab xx:56<br/><i>Umfahrung Saarbrücker Hauptachse</i></div><style>@media (prefers-color-scheme: dark) {html,body,.kmldesc{background:#1b1b1b !important;color:#e8e8e8 !important;}.kmldesc a{color:#8ab4f8 !important;}}</style>]]></description>
<LookAt><longitude>7.1768732</longitude><latitude>49.3532843</latitude><altitude>0</altitude><heading>0</heading><tilt>0</tilt><range>2500</range><altitudeMode>clampToGround</altitudeMode></LookAt>
<styleUrl>#stationPinNoLabel</styleUrl>
<Point><coordinates>7.1768732,49.3532843,0</coordinates></Point>
</Placemark>
<Placemark>
<name>Neuss Hauptbahnhof</name>
<description><![CDATA[<div class="kmldesc"><b>RB37</b> Arnhem Centraal-Bochum Hbf<br/>Richtung Bochum Hauptbahnhof: an xx:16 / ab xx:17<br/>Richtung Arnhem Centraal: an xx:41 / ab xx:42<br/><i>Taktkoordination Rhein-Ruhr-Netz</i><br/><br/><b>RE32</b> Kassel-Wilhelmshöhe-Roermond<br/>Richtung Roermond: an xx:19 / ab xx:21<br/>Richtung Kassel-Wilhelmshöhe: an xx:47 / ab xx:49<br/><i>Regionalhalt</i><br/><br/><b>RE90</b> Saarbrücken-Düsseldorf<br/>Richtung Düsseldorf Hauptbahnhof: an xx:55 / ab xx:57<br/>Richtung Saarbrücken Hauptbahnhof: an xx:43 / ab xx:45<br/><i>Pendlerknoten Linker Niederrhein</i></div><style>@media (prefers-color-scheme: dark) {html,body,.kmldesc{background:#1b1b1b !important;color:#e8e8e8 !important;}.kmldesc a{color:#8ab4f8 !important;}}</style>]]></description>
<LookAt><longitude>6.6846709</longitude><latitude>51.2044376</latitude><altitude>0</altitude><heading>0</heading><tilt>0</tilt><range>2500</range><altitudeMode>clampToGround</altitudeMode></LookAt>
<styleUrl>#stationPinNoLabel</styleUrl>
<Point><coordinates>6.6846709,51.2044376,0</coordinates></Point>
</Placemark>
<Placemark>
<name>Neustadt (Dosse)</name>
<description><![CDATA[<div class="kmldesc"><b>RE46</b> Esbjerg-Berlin Südkreuz<br/>Richtung Berlin Südkreuz: an xx:22 / ab xx:24<br/>Richtung Esbjerg: an xx:35 / ab xx:37<br/><i>Letzter Systemhalt vor Berlin</i></div><style>@media (prefers-color-scheme: dark) {html,body,.kmldesc{background:#1b1b1b !important;color:#e8e8e8 !important;}.kmldesc a{color:#8ab4f8 !important;}}</style>]]></description>
<LookAt><longitude>12.4500127</longitude><latitude>52.8533306</latitude><altitude>0</altitude><heading>0</heading><tilt>0</tilt><range>2500</range><altitudeMode>clampToGround</altitudeMode></LookAt>
<styleUrl>#stationPinNoLabel</styleUrl>
<Point><coordinates>12.4500127,52.8533306,0</coordinates></Point>
</Placemark>
<Placemark>
<name>Neustadt (Weinstraße) Hbf</name>
<description><![CDATA[<div class="kmldesc"><b>RE80</b> Chur-Saarbrücken<br/>Richtung Saarbrücken Hauptbahnhof: an xx:56 / ab xx:58<br/>Richtung Chur: an xx:57 / ab xx:59<br/><i>Zulauf Pfälzerwald</i></div><style>@media (prefers-color-scheme: dark) {html,body,.kmldesc{background:#1b1b1b !important;color:#e8e8e8 !important;}.kmldesc a{color:#8ab4f8 !important;}}</style>]]></description>
<LookAt><longitude>8.1403886</longitude><latitude>49.3495669</latitude><altitude>0</altitude><heading>0</heading><tilt>0</tilt><range>2500</range><altitudeMode>clampToGround</altitudeMode></LookAt>
<styleUrl>#stationPinNoLabel</styleUrl>
<Point><coordinates>8.1403886,49.3495669,0</coordinates></Point>
</Placemark>
<Placemark>
<name>Niebüll</name>
<description><![CDATA[<div class="kmldesc"><b>RE46</b> Esbjerg-Berlin Südkreuz<br/>Richtung Berlin Südkreuz: an xx:20 / ab xx:22<br/>Richtung Esbjerg: an xx:37 / ab xx:39<br/><i>Halbstundentakt RE6</i></div><style>@media (prefers-color-scheme: dark) {html,body,.kmldesc{background:#1b1b1b !important;color:#e8e8e8 !important;}.kmldesc a{color:#8ab4f8 !important;}}</style>]]></description>
<LookAt><longitude>8.8346687</longitude><latitude>54.7892824</latitude><altitude>0</altitude><heading>0</heading><tilt>0</tilt><range>2500</range><altitudeMode>clampToGround</altitudeMode></LookAt>
<styleUrl>#stationPinNoLabel</styleUrl>
<Point><coordinates>8.8346687,54.7892824,0</coordinates></Point>
</Placemark>
<Placemark>
<name>Nienburg (Weser)</name>
<description><![CDATA[<div class="kmldesc"><b>RE7</b> Frankfurt-Bremen<br/>Richtung Bremen Hauptbahnhof: an xx:18 / ab xx:19<br/>Richtung Frankfurt (Main) Hauptbahnhof: an xx:41 / ab xx:42<br/><i>Mittelweser-Zustieg</i></div><style>@media (prefers-color-scheme: dark) {html,body,.kmldesc{background:#1b1b1b !important;color:#e8e8e8 !important;}.kmldesc a{color:#8ab4f8 !important;}}</style>]]></description>
<LookAt><longitude>9.2178273</longitude><latitude>52.6453759</latitude><altitude>0</altitude><heading>0</heading><tilt>0</tilt><range>2500</range><altitudeMode>clampToGround</altitudeMode></LookAt>
<styleUrl>#stationPinNoLabel</styleUrl>
<Point><coordinates>9.2178273,52.6453759,0</coordinates></Point>
</Placemark>
<Placemark>
<name>Nijmegen</name>
<description><![CDATA[<div class="kmldesc"><b>RB37</b> Arnhem Centraal-Bochum Hbf<br/>Richtung Bochum Hauptbahnhof: an xx:37 / ab xx:39<br/>Richtung Arnhem Centraal: an xx:20 / ab xx:22<br/><i>Knotenhalt, Übergang Maaslijn</i></div><style>@media (prefers-color-scheme: dark) {html,body,.kmldesc{background:#1b1b1b !important;color:#e8e8e8 !important;}.kmldesc a{color:#8ab4f8 !important;}}</style>]]></description>
<LookAt><longitude>5.8530913</longitude><latitude>51.8431362</latitude><altitude>0</altitude><heading>0</heading><tilt>0</tilt><range>2500</range><altitudeMode>clampToGround</altitudeMode></LookAt>
<styleUrl>#stationPinNoLabel</styleUrl>
<Point><coordinates>5.8530913,51.8431362,0</coordinates></Point>
</Placemark>
<Placemark>
<name>Nijmegen Heyendaal</name>
<description><![CDATA[<div class="kmldesc"><b>RB37</b> Arnhem Centraal-Bochum Hbf<br/>Richtung Bochum Hauptbahnhof: an xx:42 / ab xx:43<br/>Richtung Arnhem Centraal: an xx:16 / ab xx:17<br/><i>Haltestellenlauf Maaslijn</i></div><style>@media (prefers-color-scheme: dark) {html,body,.kmldesc{background:#1b1b1b !important;color:#e8e8e8 !important;}.kmldesc a{color:#8ab4f8 !important;}}</style>]]></description>
<LookAt><longitude>5.8679526</longitude><latitude>51.8267778</latitude><altitude>0</altitude><heading>0</heading><tilt>0</tilt><range>2500</range><altitudeMode>clampToGround</altitudeMode></LookAt>
<styleUrl>#stationPinNoLabel</styleUrl>
<Point><coordinates>5.8679526,51.8267778,0</coordinates></Point>
</Placemark>
<Placemark>
<name>Nijmegen Lent</name>
<description><![CDATA[<div class="kmldesc"><b>RB37</b> Arnhem Centraal-Bochum Hbf<br/>Richtung Bochum Hauptbahnhof: an xx:32 / ab xx:33<br/>Richtung Arnhem Centraal: an xx:26 / ab xx:27<br/><i>Nahverkehrshalt</i></div><style>@media (prefers-color-scheme: dark) {html,body,.kmldesc{background:#1b1b1b !important;color:#e8e8e8 !important;}.kmldesc a{color:#8ab4f8 !important;}}</style>]]></description>
<LookAt><longitude>5.8596868</longitude><latitude>51.862468</latitude><altitude>0</altitude><heading>0</heading><tilt>0</tilt><range>2500</range><altitudeMode>clampToGround</altitudeMode></LookAt>
<styleUrl>#stationPinNoLabel</styleUrl>
<Point><coordinates>5.8596868,51.862468,0</coordinates></Point>
</Placemark>
<Placemark>
<name>Norddeich</name>
<description><![CDATA[<div class="kmldesc"><b>RE90b</b> Kiel/Schönberger Strand-Groningen/Norddeich Mole<br/>Richtung Groningen / Norddeich Mole (Flügelzug): an xx:31 / ab xx:32<br/>Richtung Kiel Hbf/Schönberger Strand: an xx:08 / ab xx:09<br/><i>Zweigleisiger Bahnhof</i></div><style>@media (prefers-color-scheme: dark) {html,body,.kmldesc{background:#1b1b1b !important;color:#e8e8e8 !important;}.kmldesc a{color:#8ab4f8 !important;}}</style>]]></description>
<LookAt><longitude>7.1610774</longitude><latitude>53.6214092</latitude><altitude>0</altitude><heading>0</heading><tilt>0</tilt><range>2500</range><altitudeMode>clampToGround</altitudeMode></LookAt>
<styleUrl>#stationPinNoLabel</styleUrl>
<Point><coordinates>7.1610774,53.6214092,0</coordinates></Point>
</Placemark>
<Placemark>
<name>Norddeich Mole</name>
<description><![CDATA[<div class="kmldesc"><b>RE90b</b> Kiel/Schönberger Strand-Groningen/Norddeich Mole<br/>Richtung Groningen / Norddeich Mole (Flügelzug): an xx:35<br/>Richtung Kiel Hbf/Schönberger Strand: ab xx:06<br/><i>Zugende Flügel B, Fähranleger</i></div><style>@media (prefers-color-scheme: dark) {html,body,.kmldesc{background:#1b1b1b !important;color:#e8e8e8 !important;}.kmldesc a{color:#8ab4f8 !important;}}</style>]]></description>
<LookAt><longitude>7.1585724</longitude><latitude>53.6242722</latitude><altitude>0</altitude><heading>0</heading><tilt>0</tilt><range>2500</range><altitudeMode>clampToGround</altitudeMode></LookAt>
<styleUrl>#stationPinNoLabel</styleUrl>
<Point><coordinates>7.1585724,53.6242722,0</coordinates></Point>
</Placemark>
<Placemark>
<name>Norden</name>
<description><![CDATA[<div class="kmldesc"><b>RE90b</b> Kiel/Schönberger Strand-Groningen/Norddeich Mole<br/>Richtung Groningen / Norddeich Mole (Flügelzug): an xx:25 / ab xx:26<br/>Richtung Kiel Hbf/Schönberger Strand: an xx:14 / ab xx:15<br/><i>Küstenknoten</i></div><style>@media (prefers-color-scheme: dark) {html,body,.kmldesc{background:#1b1b1b !important;color:#e8e8e8 !important;}.kmldesc a{color:#8ab4f8 !important;}}</style>]]></description>
<LookAt><longitude>7.2192605</longitude><latitude>53.5880655</latitude><altitude>0</altitude><heading>0</heading><tilt>0</tilt><range>2500</range><altitudeMode>clampToGround</altitudeMode></LookAt>
<styleUrl>#stationPinNoLabel</styleUrl>
<Point><coordinates>7.2192605,53.5880655,0</coordinates></Point>
</Placemark>
<Placemark>
<name>Nørreport</name>
<description><![CDATA[<div class="kmldesc"><b>RE17</b> Østerport-Rostock<br/>Richtung Rostock Hauptbahnhof: an xx:07 / ab xx:09<br/>Richtung Østerport: an xx:37 / ab xx:39<br/><i>Unterirdischer Mittelbahnsteig, fahrzeugkritische Nutzlänge (225 m)</i></div><style>@media (prefers-color-scheme: dark) {html,body,.kmldesc{background:#1b1b1b !important;color:#e8e8e8 !important;}.kmldesc a{color:#8ab4f8 !important;}}</style>]]></description>
<LookAt><longitude>12.5727632</longitude><latitude>55.6838484</latitude><altitude>0</altitude><heading>0</heading><tilt>0</tilt><range>2500</range><altitudeMode>clampToGround</altitudeMode></LookAt>
<styleUrl>#stationPinNoLabel</styleUrl>
<Point><coordinates>12.5727632,55.6838484,0</coordinates></Point>
</Placemark>
<Placemark>
<name>Nürnberg Hauptbahnhof</name>
<description><![CDATA[<div class="kmldesc"><b>RE94</b> Plzeň-Zürich<br/>Richtung Zürich HB: an xx:46 / ab xx:52<br/>Richtung Plzeň hlavní nádraží: an xx:08 / ab xx:14<br/><i>Einfädelung SFS, 13 Min vor RE1</i></div><style>@media (prefers-color-scheme: dark) {html,body,.kmldesc{background:#1b1b1b !important;color:#e8e8e8 !important;}.kmldesc a{color:#8ab4f8 !important;}}</style>]]></description>
<LookAt><longitude>11.0823089</longitude><latitude>49.4451991</latitude><altitude>0</altitude><heading>0</heading><tilt>0</tilt><range>2500</range><altitudeMode>clampToGround</altitudeMode></LookAt>
<styleUrl>#stationPinNoLabel</styleUrl>
<Point><coordinates>11.0823089,49.4451991,0</coordinates></Point>
</Placemark>
<Placemark>
<name>Nykøbing Falster</name>
<description><![CDATA[<div class="kmldesc"><b>RE17</b> Østerport-Rostock<br/>Richtung Rostock Hauptbahnhof: an xx:35 / ab xx:37<br/>Richtung Østerport: an xx:09 / ab xx:11<br/><i>Letzter dänischer Festlandsknoten</i></div><style>@media (prefers-color-scheme: dark) {html,body,.kmldesc{background:#1b1b1b !important;color:#e8e8e8 !important;}.kmldesc a{color:#8ab4f8 !important;}}</style>]]></description>
<LookAt><longitude>11.877834</longitude><latitude>54.7668891</latitude><altitude>0</altitude><heading>0</heading><tilt>0</tilt><range>2500</range><altitudeMode>clampToGround</altitudeMode></LookAt>
<styleUrl>#stationPinNoLabel</styleUrl>
<Point><coordinates>11.8778340,54.7668891,0</coordinates></Point>
</Placemark>
<Placemark>
<name>Næstved</name>
<description><![CDATA[<div class="kmldesc"><b>RE17</b> Østerport-Rostock<br/>Richtung Rostock Hauptbahnhof: an xx:03 / ab xx:05<br/>Richtung Østerport: an xx:41 / ab xx:43<br/><i>Regionaler Knotenpunkt</i></div><style>@media (prefers-color-scheme: dark) {html,body,.kmldesc{background:#1b1b1b !important;color:#e8e8e8 !important;}.kmldesc a{color:#8ab4f8 !important;}}</style>]]></description>
<LookAt><longitude>11.7670814</longitude><latitude>55.2311888</latitude><altitude>0</altitude><heading>0</heading><tilt>0</tilt><range>2500</range><altitudeMode>clampToGround</altitudeMode></LookAt>
<styleUrl>#stationPinNoLabel</styleUrl>
<Point><coordinates>11.7670814,55.2311888,0</coordinates></Point>
</Placemark>
<Placemark>
<name>Oberhausen Hauptbahnhof</name>
<description><![CDATA[<div class="kmldesc"><b>RE5</b> Arnhem-Frankfurt<br/>Richtung Frankfurt (Main) Hbf: an xx:13 / ab xx:15<br/>Richtung Arnhem Centraal: an xx:46 / ab xx:48<br/><i>Einflug ins Ruhrgebiet</i><br/><br/><b>S10</b> Ringbahn Ruhrgebiet<br/>Richtung Innenring: an xx:17 / ab xx:18<br/>Richtung Außenring: an xx:23 / ab xx:24<br/><i>Westlicher Wendepunkt der Emscherschleife</i></div><style>@media (prefers-color-scheme: dark) {html,body,.kmldesc{background:#1b1b1b !important;color:#e8e8e8 !important;}.kmldesc a{color:#8ab4f8 !important;}}</style>]]></description>
<LookAt><longitude>6.8516806</longitude><latitude>51.4749062</latitude><altitude>0</altitude><heading>0</heading><tilt>0</tilt><range>2500</range><altitudeMode>clampToGround</altitudeMode></LookAt>
<styleUrl>#stationPinNoLabel</styleUrl>
<Point><coordinates>6.8516806,51.4749062,0</coordinates></Point>
</Placemark>
<Placemark>
<name>Oberwesel</name>
<description><![CDATA[<div class="kmldesc"><b>RE5</b> Arnhem-Frankfurt<br/>Richtung Frankfurt (Main) Hbf: an xx:48 / ab xx:49<br/>Richtung Arnhem Centraal: an xx:14 / ab xx:15<br/><i>Mittelrheintal</i></div><style>@media (prefers-color-scheme: dark) {html,body,.kmldesc{background:#1b1b1b !important;color:#e8e8e8 !important;}.kmldesc a{color:#8ab4f8 !important;}}</style>]]></description>
<LookAt><longitude>7.731883</longitude><latitude>50.1041366</latitude><altitude>0</altitude><heading>0</heading><tilt>0</tilt><range>2500</range><altitudeMode>clampToGround</altitudeMode></LookAt>
<styleUrl>#stationPinNoLabel</styleUrl>
<Point><coordinates>7.731883,50.1041366,0</coordinates></Point>
</Placemark>
<Placemark>
<name>Offenbach (Main) Hbf</name>
<description><![CDATA[<div class="kmldesc"><b>RE7</b> Frankfurt-Bremen<br/>Richtung Bremen Hauptbahnhof: an xx:42 / ab xx:43<br/>Richtung Frankfurt (Main) Hauptbahnhof: an xx:17 / ab xx:18<br/><i>Fester Haltepunkt</i></div><style>@media (prefers-color-scheme: dark) {html,body,.kmldesc{background:#1b1b1b !important;color:#e8e8e8 !important;}.kmldesc a{color:#8ab4f8 !important;}}</style>]]></description>
<LookAt><longitude>8.7843612</longitude><latitude>50.1026882</latitude><altitude>0</altitude><heading>0</heading><tilt>0</tilt><range>2500</range><altitudeMode>clampToGround</altitudeMode></LookAt>
<styleUrl>#stationPinNoLabel</styleUrl>
<Point><coordinates>8.7843612,50.1026882,0</coordinates></Point>
</Placemark>
<Placemark>
<name>Oldenburg (Oldb) Hbf</name>
<description><![CDATA[<div class="kmldesc"><b>RE17</b> Dortmund-Wilhelmshaven<br/>Richtung Wilhelmshaven: an xx:12 / ab xx:16<br/>Richtung Dortmund Hauptbahnhof: an xx:44 / ab xx:48<br/><i>Knotenhalt</i><br/><br/><b>RE90b</b> Kiel/Schönberger Strand-Groningen/Norddeich Mole<br/>Richtung Groningen / Norddeich Mole (Flügelzug): an xx:01 / ab xx:03<br/>Richtung Kiel Hbf/Schönberger Strand: an xx:47 / ab xx:49<br/><i>Taktknoten Ostfriesland-Zulauf</i></div><style>@media (prefers-color-scheme: dark) {html,body,.kmldesc{background:#1b1b1b !important;color:#e8e8e8 !important;}.kmldesc a{color:#8ab4f8 !important;}}</style>]]></description>
<LookAt><longitude>8.2231132</longitude><latitude>53.144191</latitude><altitude>0</altitude><heading>0</heading><tilt>0</tilt><range>2500</range><altitudeMode>clampToGround</altitudeMode></LookAt>
<styleUrl>#stationPinNoLabel</styleUrl>
<Point><coordinates>8.2231132,53.144191,0</coordinates></Point>
</Placemark>
<Placemark>
<name>Oldenburg in Holstein</name>
<description><![CDATA[<div class="kmldesc"><b>RE17</b> Østerport-Rostock<br/>Richtung Rostock Hauptbahnhof: an xx:23 / ab xx:25<br/>Richtung Østerport: an xx:21 / ab xx:23<br/><i>Historischer Standort im Osten der Stadt, Bahnhofstraße 22</i></div><style>@media (prefers-color-scheme: dark) {html,body,.kmldesc{background:#1b1b1b !important;color:#e8e8e8 !important;}.kmldesc a{color:#8ab4f8 !important;}}</style>]]></description>
<LookAt><longitude>10.8826658</longitude><latitude>54.2839697</latitude><altitude>0</altitude><heading>0</heading><tilt>0</tilt><range>2500</range><altitudeMode>clampToGround</altitudeMode></LookAt>
<styleUrl>#stationPinNoLabel</styleUrl>
<Point><coordinates>10.8826658,54.2839697,0</coordinates></Point>
</Placemark>
<Placemark>
<name>Osnabrück Hauptbahnhof</name>
<description><![CDATA[<div class="kmldesc"><b>RE17</b> Dortmund-Wilhelmshaven<br/>Richtung Wilhelmshaven: an xx:57 / ab xx:03<br/>Richtung Dortmund Hauptbahnhof: an xx:57 / ab xx:03<br/><i>Großer Taktknoten, Übergang RE9</i><br/><br/><b>RE2</b> Düsseldorf-Osnabrück<br/>Richtung Osnabrück Hauptbahnhof: an xx:59<br/>Richtung Düsseldorf Hauptbahnhof: ab xx:00<br/><i>Endstation, Anschluss Richtung Küste</i><br/><br/><b>RE9</b> Bremerhaven-Dortmund<br/>Richtung Dortmund Hauptbahnhof: an xx:24 / ab xx:30<br/>Richtung Bremerhaven-Lehe: an xx:30 / ab xx:36<br/><i>6-Minuten-Kurzwende</i></div><style>@media (prefers-color-scheme: dark) {html,body,.kmldesc{background:#1b1b1b !important;color:#e8e8e8 !important;}.kmldesc a{color:#8ab4f8 !important;}}</style>]]></description>
<LookAt><longitude>8.0615665</longitude><latitude>52.2729063</latitude><altitude>0</altitude><heading>0</heading><tilt>0</tilt><range>2500</range><altitudeMode>clampToGround</altitudeMode></LookAt>
<styleUrl>#stationPinNoLabel</styleUrl>
<Point><coordinates>8.0615665,52.2729063,0</coordinates></Point>
</Placemark>
<Placemark>
<name>Østerport</name>
<description><![CDATA[<div class="kmldesc"><b>RE17</b> Østerport-Rostock<br/>Richtung Rostock Hauptbahnhof: ab xx:04<br/>Richtung Østerport: an xx:42<br/><i>Startbahnhof der Linie, dänisches Bahnstromnetz (25 kV AC)</i></div><style>@media (prefers-color-scheme: dark) {html,body,.kmldesc{background:#1b1b1b !important;color:#e8e8e8 !important;}.kmldesc a{color:#8ab4f8 !important;}}</style>]]></description>
<LookAt><longitude>12.5859236</longitude><latitude>55.692878</latitude><altitude>0</altitude><heading>0</heading><tilt>0</tilt><range>2500</range><altitudeMode>clampToGround</altitudeMode></LookAt>
<styleUrl>#stationPinNoLabel</styleUrl>
<Point><coordinates>12.5859236,55.6928780,0</coordinates></Point>
</Placemark>
<Placemark>
<name>Ostseebad Binz</name>
<description><![CDATA[<div class="kmldesc"><b>RE91</b> Sassnitz/Ostseebad Binz-Bremerhaven<br/>Richtung Bremerhaven-Lehe (Flügelzug): ab xx:51<br/>Richtung Sassnitz/Ostseebad Binz: an xx:13<br/><i>Zugstart Flügel B, Solo 3-Teiler KISS B</i></div><style>@media (prefers-color-scheme: dark) {html,body,.kmldesc{background:#1b1b1b !important;color:#e8e8e8 !important;}.kmldesc a{color:#8ab4f8 !important;}}</style>]]></description>
<LookAt><longitude>13.6005789</longitude><latitude>54.4050029</latitude><altitude>0</altitude><heading>0</heading><tilt>0</tilt><range>2500</range><altitudeMode>clampToGround</altitudeMode></LookAt>
<styleUrl>#stationPinNoLabel</styleUrl>
<Point><coordinates>13.6005789,54.4050029,0</coordinates></Point>
</Placemark>
<Placemark>
<name>Padborg</name>
<description><![CDATA[<div class="kmldesc"><b>RE77</b> Fredericia-Berlin Ostbahnhof<br/>Richtung Berlin Ostbahnhof: an xx:50 / ab xx:52<br/>Richtung Fredericia: an xx:08 / ab xx:10<br/><i>Grenzstation</i></div><style>@media (prefers-color-scheme: dark) {html,body,.kmldesc{background:#1b1b1b !important;color:#e8e8e8 !important;}.kmldesc a{color:#8ab4f8 !important;}}</style>]]></description>
<LookAt><longitude>9.3589629</longitude><latitude>54.8235559</latitude><altitude>0</altitude><heading>0</heading><tilt>0</tilt><range>2500</range><altitudeMode>clampToGround</altitudeMode></LookAt>
<styleUrl>#stationPinNoLabel</styleUrl>
<Point><coordinates>9.3589629,54.8235559,0</coordinates></Point>
</Placemark>
<Placemark>
<name>Paderborn Hauptbahnhof</name>
<description><![CDATA[<div class="kmldesc"><b>RE32</b> Kassel-Wilhelmshöhe-Roermond<br/>Richtung Roermond: an xx:41 / ab xx:43<br/>Richtung Kassel-Wilhelmshöhe: an xx:17 / ab xx:18<br/><i>Regionalhalt</i></div><style>@media (prefers-color-scheme: dark) {html,body,.kmldesc{background:#1b1b1b !important;color:#e8e8e8 !important;}.kmldesc a{color:#8ab4f8 !important;}}</style>]]></description>
<LookAt><longitude>8.7404385</longitude><latitude>51.7128598</latitude><altitude>0</altitude><heading>0</heading><tilt>0</tilt><range>2500</range><altitudeMode>clampToGround</altitudeMode></LookAt>
<styleUrl>#stationPinNoLabel</styleUrl>
<Point><coordinates>8.7404385,51.7128598,0</coordinates></Point>
</Placemark>
<Placemark>
<name>Pasewalk</name>
<description><![CDATA[<div class="kmldesc"><b>RE35</b> Zwickau-Warnemünde (Regionaltakt)<br/>Richtung Warnemünde: an xx:58 / ab xx:00<br/>Richtung Zwickau Hauptbahnhof: an xx:30 / ab xx:32<br/><i>Lokaler Knotenpunkt</i><br/><br/><b>RE35X</b> Zwickau-Warnemünde (System-Express)<br/>Richtung Warnemünde: an xx:28 / ab xx:30<br/>Richtung Zwickau Hauptbahnhof: an xx:44 / ab xx:46<br/><i>Uckermark-Transit, kritischer Passhalt</i><br/><br/><b>RE71</b> Brandenburg Hbf-Hel<br/>Richtung Hel: an xx:00 / ab xx:07<br/>Richtung Brandenburg Hbf: an xx:07 / ab xx:14<br/><i>Richtungswechsel: 7 Min Kopfmachen auf Grenzbahn nach Stettin (284/312m)</i></div><style>@media (prefers-color-scheme: dark) {html,body,.kmldesc{background:#1b1b1b !important;color:#e8e8e8 !important;}.kmldesc a{color:#8ab4f8 !important;}}</style>]]></description>
<LookAt><longitude>13.9892981</longitude><latitude>53.5150049</latitude><altitude>0</altitude><heading>0</heading><tilt>0</tilt><range>2500</range><altitudeMode>clampToGround</altitudeMode></LookAt>
<styleUrl>#stationPinNoLabel</styleUrl>
<Point><coordinates>13.9892981,53.5150049,0</coordinates></Point>
</Placemark>
<Placemark>
<name>Pegnitz</name>
<description><![CDATA[<div class="kmldesc"><b>RE94</b> Plzeň-Zürich<br/>Richtung Zürich HB: an xx:03 / ab xx:10<br/>Richtung Plzeň hlavní nádraží: an xx:50 / ab xx:57<br/><i>HPC-Ladestopp 2</i></div><style>@media (prefers-color-scheme: dark) {html,body,.kmldesc{background:#1b1b1b !important;color:#e8e8e8 !important;}.kmldesc a{color:#8ab4f8 !important;}}</style>]]></description>
<LookAt><longitude>11.5476588</longitude><latitude>49.7588731</latitude><altitude>0</altitude><heading>0</heading><tilt>0</tilt><range>2500</range><altitudeMode>clampToGround</altitudeMode></LookAt>
<styleUrl>#stationPinNoLabel</styleUrl>
<Point><coordinates>11.5476588,49.7588731,0</coordinates></Point>
</Placemark>
<Placemark>
<name>Plettenberg</name>
<description><![CDATA[<div class="kmldesc"><b>RE40</b> Essen-Frankfurt<br/>Richtung Frankfurt (Main) Hbf: an xx:30 / ab xx:31<br/>Richtung Essen Hauptbahnhof: an xx:29 / ab xx:30<br/><i>Sauerland-Halt</i></div><style>@media (prefers-color-scheme: dark) {html,body,.kmldesc{background:#1b1b1b !important;color:#e8e8e8 !important;}.kmldesc a{color:#8ab4f8 !important;}}</style>]]></description>
<LookAt><longitude>7.8687782</longitude><latitude>51.2319049</latitude><altitude>0</altitude><heading>0</heading><tilt>0</tilt><range>2500</range><altitudeMode>clampToGround</altitudeMode></LookAt>
<styleUrl>#stationPinNoLabel</styleUrl>
<Point><coordinates>7.8687782,51.2319049,0</coordinates></Point>
</Placemark>
<Placemark>
<name>Plön</name>
<description><![CDATA[<div class="kmldesc"><b>RE46</b> Esbjerg-Berlin Südkreuz<br/>Richtung Berlin Südkreuz: an xx:44 / ab xx:46<br/>Richtung Esbjerg: an xx:13 / ab xx:15<br/><i>Halbstundentakt RE83</i></div><style>@media (prefers-color-scheme: dark) {html,body,.kmldesc{background:#1b1b1b !important;color:#e8e8e8 !important;}.kmldesc a{color:#8ab4f8 !important;}}</style>]]></description>
<LookAt><longitude>10.4225787</longitude><latitude>54.1596338</latitude><altitude>0</altitude><heading>0</heading><tilt>0</tilt><range>2500</range><altitudeMode>clampToGround</altitudeMode></LookAt>
<styleUrl>#stationPinNoLabel</styleUrl>
<Point><coordinates>10.4225787,54.1596338,0</coordinates></Point>
</Placemark>
<Placemark>
<name>Plzeň hlavní nádraží</name>
<description><![CDATA[<div class="kmldesc"><b>RE94</b> Plzeň-Zürich<br/>Richtung Zürich HB: ab xx:34<br/>Richtung Plzeň hlavní nádraží: an xx:26<br/><i>Startbahnhof SZ-Trassenkorridor</i></div><style>@media (prefers-color-scheme: dark) {html,body,.kmldesc{background:#1b1b1b !important;color:#e8e8e8 !important;}.kmldesc a{color:#8ab4f8 !important;}}</style>]]></description>
<LookAt><longitude>13.3882551</longitude><latitude>49.743329</latitude><altitude>0</altitude><heading>0</heading><tilt>0</tilt><range>2500</range><altitudeMode>clampToGround</altitudeMode></LookAt>
<styleUrl>#stationPinNoLabel</styleUrl>
<Point><coordinates>13.3882551,49.743329,0</coordinates></Point>
</Placemark>
<Placemark>
<name>Potsdam Hauptbahnhof</name>
<description><![CDATA[<div class="kmldesc"><b>RE11</b> Frankfurt(Oder)-Leipzig<br/>Richtung Leipzig Hauptbahnhof: an xx:52 / ab xx:55<br/>Richtung Frankfurt (Oder): an xx:05 / ab xx:08<br/><i>Landeshauptstadt Brandenburg</i><br/><br/><b>RE71</b> Brandenburg Hbf-Hel<br/>Richtung Hel: an xx:20 / ab xx:22<br/>Richtung Brandenburg Hbf: an xx:52 / ab xx:54<br/><i>Regionalbahnsteige Gleis 6/7, Landeshauptstadt-Knoten (296m)</i></div><style>@media (prefers-color-scheme: dark) {html,body,.kmldesc{background:#1b1b1b !important;color:#e8e8e8 !important;}.kmldesc a{color:#8ab4f8 !important;}}</style>]]></description>
<LookAt><longitude>13.0672235</longitude><latitude>52.3915165</latitude><altitude>0</altitude><heading>0</heading><tilt>0</tilt><range>2500</range><altitudeMode>clampToGround</altitudeMode></LookAt>
<styleUrl>#stationPinNoLabel</styleUrl>
<Point><coordinates>13.0672235,52.3915165,0</coordinates></Point>
</Placemark>
<Placemark>
<name>Prenzlau</name>
<description><![CDATA[<div class="kmldesc"><b>RE35</b> Zwickau-Warnemünde (Regionaltakt)<br/>Richtung Warnemünde: an xx:38 / ab xx:39<br/>Richtung Zwickau Hauptbahnhof: an xx:51 / ab xx:52<br/><i>Streckentempo 140 km/h</i></div><style>@media (prefers-color-scheme: dark) {html,body,.kmldesc{background:#1b1b1b !important;color:#e8e8e8 !important;}.kmldesc a{color:#8ab4f8 !important;}}</style>]]></description>
<LookAt><longitude>13.8666984</longitude><latitude>53.3222738</latitude><altitude>0</altitude><heading>0</heading><tilt>0</tilt><range>2500</range><altitudeMode>clampToGround</altitudeMode></LookAt>
<styleUrl>#stationPinNoLabel</styleUrl>
<Point><coordinates>13.8666984,53.3222738,0</coordinates></Point>
</Placemark>
<Placemark>
<name>Probsteierhagen</name>
<description><![CDATA[<div class="kmldesc"><b>RE90b</b> Kiel/Schönberger Strand-Groningen/Norddeich Mole<br/>Richtung Groningen / Norddeich Mole (Flügelzug): an xx:53 / ab xx:54<br/>Richtung Kiel Hbf/Schönberger Strand: an xx:54 / ab xx:55<br/><i>Regionaler Halt</i></div><style>@media (prefers-color-scheme: dark) {html,body,.kmldesc{background:#1b1b1b !important;color:#e8e8e8 !important;}.kmldesc a{color:#8ab4f8 !important;}}</style>]]></description>
<LookAt><longitude>10.2926334</longitude><latitude>54.3651002</latitude><altitude>0</altitude><heading>0</heading><tilt>0</tilt><range>2500</range><altitudeMode>clampToGround</altitudeMode></LookAt>
<styleUrl>#stationPinNoLabel</styleUrl>
<Point><coordinates>10.2926334,54.3651002,0</coordinates></Point>
</Placemark>
<Placemark>
<name>Puck</name>
<description><![CDATA[<div class="kmldesc"><b>RE71</b> Brandenburg Hbf-Hel<br/>Richtung Hel: an xx:21 / ab xx:22<br/>Richtung Brandenburg Hbf: an xx:51 / ab xx:52<br/><i>Halt unkritisch (150-205m)</i></div><style>@media (prefers-color-scheme: dark) {html,body,.kmldesc{background:#1b1b1b !important;color:#e8e8e8 !important;}.kmldesc a{color:#8ab4f8 !important;}}</style>]]></description>
<LookAt><longitude>18.4086265</longitude><latitude>54.7148824</latitude><altitude>0</altitude><heading>0</heading><tilt>0</tilt><range>2500</range><altitudeMode>clampToGround</altitudeMode></LookAt>
<styleUrl>#stationPinNoLabel</styleUrl>
<Point><coordinates>18.4086265,54.7148824,0</coordinates></Point>
</Placemark>
<Placemark>
<name>Radolfzell</name>
<description><![CDATA[<div class="kmldesc"><b>RE94</b> Plzeň-Zürich<br/>Richtung Zürich HB: an xx:42 / ab xx:46<br/>Richtung Plzeň hlavní nádraží: an xx:14 / ab xx:18<br/><i>Umschaltung auf Oberleitung</i></div><style>@media (prefers-color-scheme: dark) {html,body,.kmldesc{background:#1b1b1b !important;color:#e8e8e8 !important;}.kmldesc a{color:#8ab4f8 !important;}}</style>]]></description>
<LookAt><longitude>8.9689062</longitude><latitude>47.7361897</latitude><altitude>0</altitude><heading>0</heading><tilt>0</tilt><range>2500</range><altitudeMode>clampToGround</altitudeMode></LookAt>
<styleUrl>#stationPinNoLabel</styleUrl>
<Point><coordinates>8.9689062,47.7361897,0</coordinates></Point>
</Placemark>
<Placemark>
<name>Ravensburg</name>
<description><![CDATA[<div class="kmldesc"><b>RE94</b> Plzeň-Zürich<br/>Richtung Zürich HB: an xx:39 / ab xx:40<br/>Richtung Plzeň hlavní nádraží: an xx:20 / ab xx:21<br/><i>Fahrgaststarker Systemhalt</i></div><style>@media (prefers-color-scheme: dark) {html,body,.kmldesc{background:#1b1b1b !important;color:#e8e8e8 !important;}.kmldesc a{color:#8ab4f8 !important;}}</style>]]></description>
<LookAt><longitude>9.6062415</longitude><latitude>47.7846888</latitude><altitude>0</altitude><heading>0</heading><tilt>0</tilt><range>2500</range><altitudeMode>clampToGround</altitudeMode></LookAt>
<styleUrl>#stationPinNoLabel</styleUrl>
<Point><coordinates>9.6062415,47.7846888,0</coordinates></Point>
</Placemark>
<Placemark>
<name>Recklinghausen Hauptbahnhof</name>
<description><![CDATA[<div class="kmldesc"><b>RE2</b> Düsseldorf-Osnabrück<br/>Richtung Osnabrück Hauptbahnhof: an xx:50 / ab xx:52<br/>Richtung Düsseldorf Hauptbahnhof: an xx:09 / ab xx:11<br/><i>Taktknoten Nordast</i><br/><br/><b>RE9</b> Bremerhaven-Dortmund<br/>Richtung Dortmund Hauptbahnhof: an xx:37 / ab xx:39<br/>Richtung Bremerhaven-Lehe: an xx:21 / ab xx:23<br/><i>Abzweig Güterbahn-Bypass</i></div><style>@media (prefers-color-scheme: dark) {html,body,.kmldesc{background:#1b1b1b !important;color:#e8e8e8 !important;}.kmldesc a{color:#8ab4f8 !important;}}</style>]]></description>
<LookAt><longitude>7.203273</longitude><latitude>51.6160957</latitude><altitude>0</altitude><heading>0</heading><tilt>0</tilt><range>2500</range><altitudeMode>clampToGround</altitudeMode></LookAt>
<styleUrl>#stationPinNoLabel</styleUrl>
<Point><coordinates>7.203273,51.6160957,0</coordinates></Point>
</Placemark>
<Placemark>
<name>Reda</name>
<description><![CDATA[<div class="kmldesc"><b>RE71</b> Brandenburg Hbf-Hel<br/>Richtung Hel: an xx:00 / ab xx:02<br/>Richtung Brandenburg Hbf: an xx:10 / ab xx:12<br/><i>Abzweig auf eingleisige Stichstrecke Richtung Hel (150-205m)</i></div><style>@media (prefers-color-scheme: dark) {html,body,.kmldesc{background:#1b1b1b !important;color:#e8e8e8 !important;}.kmldesc a{color:#8ab4f8 !important;}}</style>]]></description>
<LookAt><longitude>18.353264</longitude><latitude>54.59495</latitude><altitude>0</altitude><heading>0</heading><tilt>0</tilt><range>2500</range><altitudeMode>clampToGround</altitudeMode></LookAt>
<styleUrl>#stationPinNoLabel</styleUrl>
<Point><coordinates>18.3532640,54.5949500,0</coordinates></Point>
</Placemark>
<Placemark>
<name>Remagen</name>
<description><![CDATA[<div class="kmldesc"><b>RE5</b> Arnhem-Frankfurt<br/>Richtung Frankfurt (Main) Hbf: an xx:54 / ab xx:55<br/>Richtung Arnhem Centraal: an xx:09 / ab xx:10<br/><i>Bad Godesberg &amp; Oberwinter entfallen</i></div><style>@media (prefers-color-scheme: dark) {html,body,.kmldesc{background:#1b1b1b !important;color:#e8e8e8 !important;}.kmldesc a{color:#8ab4f8 !important;}}</style>]]></description>
<LookAt><longitude>7.2297079</longitude><latitude>50.5773213</latitude><altitude>0</altitude><heading>0</heading><tilt>0</tilt><range>2500</range><altitudeMode>clampToGround</altitudeMode></LookAt>
<styleUrl>#stationPinNoLabel</styleUrl>
<Point><coordinates>7.2297079,50.5773213,0</coordinates></Point>
</Placemark>
<Placemark>
<name>Rendsburg</name>
<description><![CDATA[<div class="kmldesc"><b>RE46</b> Esbjerg-Berlin Südkreuz<br/>Richtung Berlin Südkreuz: an xx:40 / ab xx:42<br/>Richtung Esbjerg: an xx:17 / ab xx:19<br/><i>Wechsel auf Akku</i><br/><br/><b>RE77</b> Fredericia-Berlin Ostbahnhof<br/>Richtung Berlin Ostbahnhof: an xx:01 / ab xx:03<br/>Richtung Fredericia: an xx:57 / ab xx:59<br/><i>Kanalquerung</i></div><style>@media (prefers-color-scheme: dark) {html,body,.kmldesc{background:#1b1b1b !important;color:#e8e8e8 !important;}.kmldesc a{color:#8ab4f8 !important;}}</style>]]></description>
<LookAt><longitude>9.6707886</longitude><latitude>54.3024043</latitude><altitude>0</altitude><heading>0</heading><tilt>0</tilt><range>2500</range><altitudeMode>clampToGround</altitudeMode></LookAt>
<styleUrl>#stationPinNoLabel</styleUrl>
<Point><coordinates>9.6707886,54.3024043,0</coordinates></Point>
</Placemark>
<Placemark>
<name>Rheda-Wiedenbrück</name>
<description><![CDATA[<div class="kmldesc"><b>RE17</b> Dortmund-Wilhelmshaven<br/>Richtung Wilhelmshaven: an xx:54 / ab xx:55<br/>Richtung Dortmund Hauptbahnhof: an xx:05 / ab xx:06<br/><i>Bahnsteiglänge ~295m</i></div><style>@media (prefers-color-scheme: dark) {html,body,.kmldesc{background:#1b1b1b !important;color:#e8e8e8 !important;}.kmldesc a{color:#8ab4f8 !important;}}</style>]]></description>
<LookAt><longitude>8.2865189</longitude><latitude>51.8572204</latitude><altitude>0</altitude><heading>0</heading><tilt>0</tilt><range>2500</range><altitudeMode>clampToGround</altitudeMode></LookAt>
<styleUrl>#stationPinNoLabel</styleUrl>
<Point><coordinates>8.2865189,51.8572204,0</coordinates></Point>
</Placemark>
<Placemark>
<name>Rheine</name>
<description><![CDATA[<div class="kmldesc"><b>RE30</b> Leeuwarden-Winterberg/Düsseldorf<br/>Richtung Winterberg (Westf)/Düsseldorf Hauptbahnhof: an xx:26 / ab xx:28<br/>Richtung Leeuwarden: an xx:50 / ab xx:52<br/><i>DB-Strecke 2026, Wiehengebirgsbahn</i></div><style>@media (prefers-color-scheme: dark) {html,body,.kmldesc{background:#1b1b1b !important;color:#e8e8e8 !important;}.kmldesc a{color:#8ab4f8 !important;}}</style>]]></description>
<LookAt><longitude>7.4340189</longitude><latitude>52.27617</latitude><altitude>0</altitude><heading>0</heading><tilt>0</tilt><range>2500</range><altitudeMode>clampToGround</altitudeMode></LookAt>
<styleUrl>#stationPinNoLabel</styleUrl>
<Point><coordinates>7.4340189,52.2761700,0</coordinates></Point>
</Placemark>
<Placemark>
<name>Rheydt Hbf</name>
<description><![CDATA[<div class="kmldesc"><b>RE32</b> Kassel-Wilhelmshöhe-Roermond<br/>Richtung Roermond: an xx:41 / ab xx:43<br/>Richtung Kassel-Wilhelmshöhe: an xx:25 / ab xx:27<br/><i>Regionalhalt</i><br/><br/><b>RE90</b> Saarbrücken-Düsseldorf<br/>Richtung Düsseldorf Hauptbahnhof: an xx:35 / ab xx:37<br/>Richtung Saarbrücken Hauptbahnhof: an xx:03 / ab xx:05<br/><i>Verknüpfungsknoten</i></div><style>@media (prefers-color-scheme: dark) {html,body,.kmldesc{background:#1b1b1b !important;color:#e8e8e8 !important;}.kmldesc a{color:#8ab4f8 !important;}}</style>]]></description>
<LookAt><longitude>6.4396734</longitude><latitude>51.1632253</latitude><altitude>0</altitude><heading>0</heading><tilt>0</tilt><range>2500</range><altitudeMode>clampToGround</altitudeMode></LookAt>
<styleUrl>#stationPinNoLabel</styleUrl>
<Point><coordinates>6.4396734,51.1632253,0</coordinates></Point>
</Placemark>
<Placemark>
<name>Ribe</name>
<description><![CDATA[<div class="kmldesc"><b>RE46</b> Esbjerg-Berlin Südkreuz<br/>Richtung Berlin Südkreuz: an xx:30 / ab xx:32<br/>Richtung Esbjerg: an xx:27 / ab xx:29<br/><i>Grenzwertige Bahnsteiglänge 90m</i></div><style>@media (prefers-color-scheme: dark) {html,body,.kmldesc{background:#1b1b1b !important;color:#e8e8e8 !important;}.kmldesc a{color:#8ab4f8 !important;}}</style>]]></description>
<LookAt><longitude>8.7702814</longitude><latitude>55.3276297</latitude><altitude>0</altitude><heading>0</heading><tilt>0</tilt><range>2500</range><altitudeMode>clampToGround</altitudeMode></LookAt>
<styleUrl>#stationPinNoLabel</styleUrl>
<Point><coordinates>8.7702814,55.3276297,0</coordinates></Point>
</Placemark>
<Placemark>
<name>Ribnitz-Damgarten West</name>
<description><![CDATA[<div class="kmldesc"><b>RE35</b> Zwickau-Warnemünde (Regionaltakt)<br/>Richtung Warnemünde: an xx:40 / ab xx:42<br/>Richtung Zwickau Hauptbahnhof: an xx:48 / ab xx:50<br/><i>Küsten-Korridor</i></div><style>@media (prefers-color-scheme: dark) {html,body,.kmldesc{background:#1b1b1b !important;color:#e8e8e8 !important;}.kmldesc a{color:#8ab4f8 !important;}}</style>]]></description>
<LookAt><longitude>12.4370512</longitude><latitude>54.2391997</latitude><altitude>0</altitude><heading>0</heading><tilt>0</tilt><range>2500</range><altitudeMode>clampToGround</altitudeMode></LookAt>
<styleUrl>#stationPinNoLabel</styleUrl>
<Point><coordinates>12.4370512,54.2391997,0</coordinates></Point>
</Placemark>
<Placemark>
<name>Ringsted</name>
<description><![CDATA[<div class="kmldesc"><b>RE17</b> Østerport-Rostock<br/>Richtung Rostock Hauptbahnhof: an xx:45 / ab xx:47<br/>Richtung Østerport: an xx:59 / ab xx:01<br/><i>Verknüpfungspunkt zur Sydbanen</i></div><style>@media (prefers-color-scheme: dark) {html,body,.kmldesc{background:#1b1b1b !important;color:#e8e8e8 !important;}.kmldesc a{color:#8ab4f8 !important;}}</style>]]></description>
<LookAt><longitude>11.7968415</longitude><latitude>55.4398733</latitude><altitude>0</altitude><heading>0</heading><tilt>0</tilt><range>2500</range><altitudeMode>clampToGround</altitudeMode></LookAt>
<styleUrl>#stationPinNoLabel</styleUrl>
<Point><coordinates>11.7968415,55.4398733,0</coordinates></Point>
</Placemark>
<Placemark>
<name>Rødby</name>
<description><![CDATA[<div class="kmldesc"><b>RE17</b> Østerport-Rostock<br/>Richtung Rostock Hauptbahnhof: an xx:54 / ab xx:56<br/>Richtung Østerport: an xx:50 / ab xx:52<br/><i>Grenzbahnhof vor der Ostsee-Querung (Fehmarnbelttunnel, Systemwechsel 25kV DK/15kV DE)</i></div><style>@media (prefers-color-scheme: dark) {html,body,.kmldesc{background:#1b1b1b !important;color:#e8e8e8 !important;}.kmldesc a{color:#8ab4f8 !important;}}</style>]]></description>
<LookAt><longitude>11.4311387</longitude><latitude>54.6806916</latitude><altitude>0</altitude><heading>0</heading><tilt>0</tilt><range>2500</range><altitudeMode>clampToGround</altitudeMode></LookAt>
<styleUrl>#stationPinNoLabel</styleUrl>
<Point><coordinates>11.4311387,54.6806916,0</coordinates></Point>
</Placemark>
<Placemark>
<name>Roermond</name>
<description><![CDATA[<div class="kmldesc"><b>RE32</b> Kassel-Wilhelmshöhe-Roermond<br/>Richtung Roermond: an xx:19<br/>Richtung Kassel-Wilhelmshöhe: ab xx:40<br/><i>Endbahnhof Niederlande</i></div><style>@media (prefers-color-scheme: dark) {html,body,.kmldesc{background:#1b1b1b !important;color:#e8e8e8 !important;}.kmldesc a{color:#8ab4f8 !important;}}</style>]]></description>
<LookAt><longitude>5.9938511</longitude><latitude>51.1925659</latitude><altitude>0</altitude><heading>0</heading><tilt>0</tilt><range>2500</range><altitudeMode>clampToGround</altitudeMode></LookAt>
<styleUrl>#stationPinNoLabel</styleUrl>
<Point><coordinates>5.9938511,51.1925659,0</coordinates></Point>
</Placemark>
<Placemark>
<name>Rövershagen</name>
<description><![CDATA[<div class="kmldesc"><b>RE91</b> Sassnitz/Ostseebad Binz-Bremerhaven<br/>Richtung Bremerhaven-Lehe (Flügelzug): an xx:21 / ab xx:22<br/>Richtung Sassnitz/Ostseebad Binz: an xx:42 / ab xx:43<br/><i>SDO aktiv, Bahnsteigunterlänge</i></div><style>@media (prefers-color-scheme: dark) {html,body,.kmldesc{background:#1b1b1b !important;color:#e8e8e8 !important;}.kmldesc a{color:#8ab4f8 !important;}}</style>]]></description>
<LookAt><longitude>12.2471922</longitude><latitude>54.1754054</latitude><altitude>0</altitude><heading>0</heading><tilt>0</tilt><range>2500</range><altitudeMode>clampToGround</altitudeMode></LookAt>
<styleUrl>#stationPinNoLabel</styleUrl>
<Point><coordinates>12.2471922,54.1754054,0</coordinates></Point>
</Placemark>
<Placemark>
<name>Rommerskirchen</name>
<description><![CDATA[<div class="kmldesc"><b>RE14</b> Eindhoven-Saarbrücken<br/>Richtung Saarbrücken Hauptbahnhof: an xx:36 / ab xx:37<br/>Richtung Eindhoven: an xx:23 / ab xx:24<br/><i>Pendlerzustieg</i></div><style>@media (prefers-color-scheme: dark) {html,body,.kmldesc{background:#1b1b1b !important;color:#e8e8e8 !important;}.kmldesc a{color:#8ab4f8 !important;}}</style>]]></description>
<LookAt><longitude>6.6991122</longitude><latitude>51.0400311</latitude><altitude>0</altitude><heading>0</heading><tilt>0</tilt><range>2500</range><altitudeMode>clampToGround</altitudeMode></LookAt>
<styleUrl>#stationPinNoLabel</styleUrl>
<Point><coordinates>6.6991122,51.0400311,0</coordinates></Point>
</Placemark>
<Placemark>
<name>Rostock Hauptbahnhof</name>
<description><![CDATA[<div class="kmldesc"><b>RE35</b> Zwickau-Warnemünde (Regionaltakt)<br/>Richtung Warnemünde: an xx:04 / ab xx:08<br/>Richtung Zwickau Hauptbahnhof: an xx:22 / ab xx:26<br/><i>Ostseeknoten</i><br/><br/><b>RE35X</b> Zwickau-Warnemünde (System-Express)<br/>Richtung Warnemünde: an xx:18 / ab xx:22<br/>Richtung Zwickau Hauptbahnhof: an xx:52 / ab xx:56<br/><i>Ostseeknoten</i><br/><br/><b>RE91</b> Sassnitz/Ostseebad Binz-Bremerhaven<br/>Richtung Bremerhaven-Lehe (Flügelzug): an xx:32 / ab xx:38<br/>Richtung Sassnitz/Ostseebad Binz: an xx:26 / ab xx:32<br/><i>Richtungswechsel, Kopfmachen</i><br/><br/><b>RE17</b> Østerport-Rostock<br/>Richtung Rostock Hauptbahnhof: an xx:43<br/>Richtung Østerport: ab xx:04<br/><i>Endstation, Übergang zur S-Bahn Rostock und zum Ostsee-Regionalnetz</i></div><style>@media (prefers-color-scheme: dark) {html,body,.kmldesc{background:#1b1b1b !important;color:#e8e8e8 !important;}.kmldesc a{color:#8ab4f8 !important;}}</style>]]></description>
<LookAt><longitude>12.1311246</longitude><latitude>54.0781503</latitude><altitude>0</altitude><heading>0</heading><tilt>0</tilt><range>2500</range><altitudeMode>clampToGround</altitudeMode></LookAt>
<styleUrl>#stationPinNoLabel</styleUrl>
<Point><coordinates>12.1311246,54.0781503,0</coordinates></Point>
</Placemark>
<Placemark>
<name>Rotenburg (Wümme)</name>
<description><![CDATA[<div class="kmldesc"><b>RE90b</b> Kiel/Schönberger Strand-Groningen/Norddeich Mole<br/>Richtung Groningen / Norddeich Mole (Flügelzug): an xx:10 / ab xx:12<br/>Richtung Kiel Hbf/Schönberger Strand: an xx:39 / ab xx:40<br/><i>SDO aktiv</i></div><style>@media (prefers-color-scheme: dark) {html,body,.kmldesc{background:#1b1b1b !important;color:#e8e8e8 !important;}.kmldesc a{color:#8ab4f8 !important;}}</style>]]></description>
<LookAt><longitude>9.3908499</longitude><latitude>53.1124706</latitude><altitude>0</altitude><heading>0</heading><tilt>0</tilt><range>2500</range><altitudeMode>clampToGround</altitudeMode></LookAt>
<styleUrl>#stationPinNoLabel</styleUrl>
<Point><coordinates>9.3908499,53.1124706,0</coordinates></Point>
</Placemark>
<Placemark>
<name>Rüsselsheim</name>
<description><![CDATA[<div class="kmldesc"><b>RE5</b> Arnhem-Frankfurt<br/>Richtung Frankfurt (Main) Hbf: an xx:39 / ab xx:40<br/>Richtung Arnhem Centraal: an xx:21 / ab xx:22<br/><i>Industrieknoten</i></div><style>@media (prefers-color-scheme: dark) {html,body,.kmldesc{background:#1b1b1b !important;color:#e8e8e8 !important;}.kmldesc a{color:#8ab4f8 !important;}}</style>]]></description>
<LookAt><longitude>8.4138251</longitude><latitude>49.991701</latitude><altitude>0</altitude><heading>0</heading><tilt>0</tilt><range>2500</range><altitudeMode>clampToGround</altitudeMode></LookAt>
<styleUrl>#stationPinNoLabel</styleUrl>
<Point><coordinates>8.4138251,49.991701,0</coordinates></Point>
</Placemark>
<Placemark>
<name>Ruine Hardenstein</name>
<description><![CDATA[<div class="kmldesc"><b>S30</b> Essen Hbf-Lüdenscheid Hbf<br/>Richtung Lüdenscheid Hbf: an xx:35 / ab xx:35<br/>Richtung Essen Hauptbahnhof: an xx:53 / ab xx:53<br/><i>Reaktivierter Ausflugshalt im Ruhrtal</i></div><style>@media (prefers-color-scheme: dark) {html,body,.kmldesc{background:#1b1b1b !important;color:#e8e8e8 !important;}.kmldesc a{color:#8ab4f8 !important;}}</style>]]></description>
<LookAt><longitude>7.3027339</longitude><latitude>51.4224501</latitude><altitude>0</altitude><heading>0</heading><tilt>0</tilt><range>2500</range><altitudeMode>clampToGround</altitudeMode></LookAt>
<styleUrl>#stationPinNoLabel</styleUrl>
<Point><coordinates>7.3027339,51.4224501,0</coordinates></Point>
</Placemark>
<Placemark>
<name>Rumia</name>
<description><![CDATA[<div class="kmldesc"><b>RE71</b> Brandenburg Hbf-Hel<br/>Richtung Hel: an xx:55 / ab xx:56<br/>Richtung Brandenburg Hbf: an xx:16 / ab xx:17<br/><i>Halt unkritisch (150-205m)</i></div><style>@media (prefers-color-scheme: dark) {html,body,.kmldesc{background:#1b1b1b !important;color:#e8e8e8 !important;}.kmldesc a{color:#8ab4f8 !important;}}</style>]]></description>
<LookAt><longitude>18.3866641</longitude><latitude>54.5691391</latitude><altitude>0</altitude><heading>0</heading><tilt>0</tilt><range>2500</range><altitudeMode>clampToGround</altitudeMode></LookAt>
<styleUrl>#stationPinNoLabel</styleUrl>
<Point><coordinates>18.3866641,54.5691391,0</coordinates></Point>
</Placemark>
<Placemark>
<name>Rumia Janowo</name>
<description><![CDATA[<div class="kmldesc"><b>RE71</b> Brandenburg Hbf-Hel<br/>Richtung Hel: an xx:51 / ab xx:52<br/>Richtung Brandenburg Hbf: an xx:20 / ab xx:21<br/><i>Halt unkritisch (150-205m)</i></div><style>@media (prefers-color-scheme: dark) {html,body,.kmldesc{background:#1b1b1b !important;color:#e8e8e8 !important;}.kmldesc a{color:#8ab4f8 !important;}}</style>]]></description>
<LookAt><longitude>18.4045381</longitude><latitude>54.5595683</latitude><altitude>0</altitude><heading>0</heading><tilt>0</tilt><range>2500</range><altitudeMode>clampToGround</altitudeMode></LookAt>
<styleUrl>#stationPinNoLabel</styleUrl>
<Point><coordinates>18.4045381,54.5595683,0</coordinates></Point>
</Placemark>
<Placemark>
<name>Rummenohl</name>
<description><![CDATA[<div class="kmldesc"><b>S30</b> Essen Hbf-Lüdenscheid Hbf<br/>Richtung Lüdenscheid Hbf: an xx:10 / ab xx:10<br/>Richtung Essen Hauptbahnhof: an xx:16 / ab xx:16<br/><i>Volmetalbahn VzG 2810</i></div><style>@media (prefers-color-scheme: dark) {html,body,.kmldesc{background:#1b1b1b !important;color:#e8e8e8 !important;}.kmldesc a{color:#8ab4f8 !important;}}</style>]]></description>
<LookAt><longitude>7.5283996</longitude><latitude>51.2778627</latitude><altitude>0</altitude><heading>0</heading><tilt>0</tilt><range>2500</range><altitudeMode>clampToGround</altitudeMode></LookAt>
<styleUrl>#stationPinNoLabel</styleUrl>
<Point><coordinates>7.5283996,51.2778627,0</coordinates></Point>
</Placemark>
<Placemark>
<name>Runowo Pomorskie</name>
<description><![CDATA[<div class="kmldesc"><b>RE71</b> Brandenburg Hbf-Hel<br/>Richtung Hel: an xx:12 / ab xx:13<br/>Richtung Brandenburg Hbf: an xx:01 / ab xx:02<br/><i>Abzweig Ostbahn-Korridor, Punktlandung 210m (245/210m)</i></div><style>@media (prefers-color-scheme: dark) {html,body,.kmldesc{background:#1b1b1b !important;color:#e8e8e8 !important;}.kmldesc a{color:#8ab4f8 !important;}}</style>]]></description>
<LookAt><longitude>15.5294538</longitude><latitude>53.5557588</latitude><altitude>0</altitude><heading>0</heading><tilt>0</tilt><range>2500</range><altitudeMode>clampToGround</altitudeMode></LookAt>
<styleUrl>#stationPinNoLabel</styleUrl>
<Point><coordinates>15.5294538,53.5557588,0</coordinates></Point>
</Placemark>
<Placemark>
<name>Saarbrücken Hauptbahnhof</name>
<description><![CDATA[<div class="kmldesc"><b>RE14</b> Eindhoven-Saarbrücken<br/>Richtung Saarbrücken Hauptbahnhof: an xx:36<br/>Richtung Eindhoven: ab xx:24<br/><i>Endstation</i><br/><br/><b>RE80</b> Chur-Saarbrücken<br/>Richtung Saarbrücken Hauptbahnhof: an xx:10<br/>Richtung Chur: ab xx:45<br/><i>Taktknoten, Anschluss RE14</i><br/><br/><b>RE90</b> Saarbrücken-Düsseldorf<br/>Richtung Düsseldorf Hauptbahnhof: ab xx:45<br/>Richtung Saarbrücken Hauptbahnhof: an xx:57<br/><i>Startbahnhof</i></div><style>@media (prefers-color-scheme: dark) {html,body,.kmldesc{background:#1b1b1b !important;color:#e8e8e8 !important;}.kmldesc a{color:#8ab4f8 !important;}}</style>]]></description>
<LookAt><longitude>6.990794</longitude><latitude>49.2411972</latitude><altitude>0</altitude><heading>0</heading><tilt>0</tilt><range>2500</range><altitudeMode>clampToGround</altitudeMode></LookAt>
<styleUrl>#stationPinNoLabel</styleUrl>
<Point><coordinates>6.990794,49.2411972,0</coordinates></Point>
</Placemark>
<Placemark>
<name>Saarlouis Hbf</name>
<description><![CDATA[<div class="kmldesc"><b>RE14</b> Eindhoven-Saarbrücken<br/>Richtung Saarbrücken Hauptbahnhof: an xx:17 / ab xx:19<br/>Richtung Eindhoven: an xx:41 / ab xx:43<br/><i>Industrieknoten</i></div><style>@media (prefers-color-scheme: dark) {html,body,.kmldesc{background:#1b1b1b !important;color:#e8e8e8 !important;}.kmldesc a{color:#8ab4f8 !important;}}</style>]]></description>
<LookAt><longitude>6.7502575</longitude><latitude>49.3277464</latitude><altitude>0</altitude><heading>0</heading><tilt>0</tilt><range>2500</range><altitudeMode>clampToGround</altitudeMode></LookAt>
<styleUrl>#stationPinNoLabel</styleUrl>
<Point><coordinates>6.7502575,49.3277464,0</coordinates></Point>
</Placemark>
<Placemark>
<name>Saint-Avold</name>
<description><![CDATA[<div class="kmldesc"><b>RE90</b> Saarbrücken-Düsseldorf<br/>Richtung Düsseldorf Hauptbahnhof: an xx:18 / ab xx:20<br/>Richtung Saarbrücken Hauptbahnhof: an xx:22 / ab xx:24<br/><i>Express-Halt</i></div><style>@media (prefers-color-scheme: dark) {html,body,.kmldesc{background:#1b1b1b !important;color:#e8e8e8 !important;}.kmldesc a{color:#8ab4f8 !important;}}</style>]]></description>
<LookAt><longitude>6.7208599</longitude><latitude>49.0858661</latitude><altitude>0</altitude><heading>0</heading><tilt>0</tilt><range>2500</range><altitudeMode>clampToGround</altitudeMode></LookAt>
<styleUrl>#stationPinNoLabel</styleUrl>
<Point><coordinates>6.7208599,49.0858661,0</coordinates></Point>
</Placemark>
<Placemark>
<name>Salzwedel</name>
<description><![CDATA[<div class="kmldesc"><b>RE45</b> Cottbus-Travemünde<br/>Richtung Travemünde Strand: an xx:03 / ab xx:05<br/>Richtung Cottbus Hauptbahnhof: an xx:56 / ab xx:58<br/><i>Amerikalinie, Laden unter OL-Insel</i></div><style>@media (prefers-color-scheme: dark) {html,body,.kmldesc{background:#1b1b1b !important;color:#e8e8e8 !important;}.kmldesc a{color:#8ab4f8 !important;}}</style>]]></description>
<LookAt><longitude>11.1611006</longitude><latitude>52.8582934</latitude><altitude>0</altitude><heading>0</heading><tilt>0</tilt><range>2500</range><altitudeMode>clampToGround</altitudeMode></LookAt>
<styleUrl>#stationPinNoLabel</styleUrl>
<Point><coordinates>11.1611006,52.8582934,0</coordinates></Point>
</Placemark>
<Placemark>
<name>Sande</name>
<description><![CDATA[<div class="kmldesc"><b>RE17</b> Dortmund-Wilhelmshaven<br/>Richtung Wilhelmshaven: an xx:48 / ab xx:49<br/>Richtung Dortmund Hauptbahnhof: an xx:11 / ab xx:12<br/><i>Systemhalt Küste</i></div><style>@media (prefers-color-scheme: dark) {html,body,.kmldesc{background:#1b1b1b !important;color:#e8e8e8 !important;}.kmldesc a{color:#8ab4f8 !important;}}</style>]]></description>
<LookAt><longitude>8.0316614</longitude><latitude>53.4900687</latitude><altitude>0</altitude><heading>0</heading><tilt>0</tilt><range>2500</range><altitudeMode>clampToGround</altitudeMode></LookAt>
<styleUrl>#stationPinNoLabel</styleUrl>
<Point><coordinates>8.0316614,53.4900687,0</coordinates></Point>
</Placemark>
<Placemark>
<name>Sargans</name>
<description><![CDATA[<div class="kmldesc"><b>RE80</b> Chur-Saarbrücken<br/>Richtung Saarbrücken Hauptbahnhof: an xx:57 / ab xx:59<br/>Richtung Chur: an xx:56 / ab xx:58<br/><i>Rheintal-Zulauf</i></div><style>@media (prefers-color-scheme: dark) {html,body,.kmldesc{background:#1b1b1b !important;color:#e8e8e8 !important;}.kmldesc a{color:#8ab4f8 !important;}}</style>]]></description>
<LookAt><longitude>9.4453692</longitude><latitude>47.0453859</latitude><altitude>0</altitude><heading>0</heading><tilt>0</tilt><range>2500</range><altitudeMode>clampToGround</altitudeMode></LookAt>
<styleUrl>#stationPinNoLabel</styleUrl>
<Point><coordinates>9.4453692,47.0453859,0</coordinates></Point>
</Placemark>
<Placemark>
<name>Sassnitz</name>
<description><![CDATA[<div class="kmldesc"><b>RE91</b> Sassnitz/Ostseebad Binz-Bremerhaven<br/>Richtung Bremerhaven-Lehe (Flügelzug): ab xx:46<br/>Richtung Sassnitz/Ostseebad Binz: an xx:18<br/><i>Zugstart Flügel A, Solo 3-Teiler KISS B</i></div><style>@media (prefers-color-scheme: dark) {html,body,.kmldesc{background:#1b1b1b !important;color:#e8e8e8 !important;}.kmldesc a{color:#8ab4f8 !important;}}</style>]]></description>
<LookAt><longitude>13.6379367</longitude><latitude>54.5164576</latitude><altitude>0</altitude><heading>0</heading><tilt>0</tilt><range>2500</range><altitudeMode>clampToGround</altitudeMode></LookAt>
<styleUrl>#stationPinNoLabel</styleUrl>
<Point><coordinates>13.6379367,54.5164576,0</coordinates></Point>
</Placemark>
<Placemark>
<name>Schalksmühle</name>
<description><![CDATA[<div class="kmldesc"><b>S30</b> Essen Hbf-Lüdenscheid Hbf<br/>Richtung Lüdenscheid Hbf: an xx:18 / ab xx:19<br/>Richtung Essen Hauptbahnhof: an xx:07 / ab xx:08<br/><i>Volmetalbahn VzG 2810</i></div><style>@media (prefers-color-scheme: dark) {html,body,.kmldesc{background:#1b1b1b !important;color:#e8e8e8 !important;}.kmldesc a{color:#8ab4f8 !important;}}</style>]]></description>
<LookAt><longitude>7.5325914</longitude><latitude>51.2405511</latitude><altitude>0</altitude><heading>0</heading><tilt>0</tilt><range>2500</range><altitudeMode>clampToGround</altitudeMode></LookAt>
<styleUrl>#stationPinNoLabel</styleUrl>
<Point><coordinates>7.5325914,51.2405511,0</coordinates></Point>
</Placemark>
<Placemark>
<name>Scharbeutz</name>
<description><![CDATA[<div class="kmldesc"><b>RE17</b> Østerport-Rostock<br/>Richtung Rostock Hauptbahnhof: an xx:39 / ab xx:41<br/>Richtung Østerport: an xx:05 / ab xx:07<br/><i>Nördlich der Straße Bövelstredder, direkt an der Ostseite der A1</i></div><style>@media (prefers-color-scheme: dark) {html,body,.kmldesc{background:#1b1b1b !important;color:#e8e8e8 !important;}.kmldesc a{color:#8ab4f8 !important;}}</style>]]></description>
<LookAt><longitude>10.7457325</longitude><latitude>54.0199046</latitude><altitude>0</altitude><heading>0</heading><tilt>0</tilt><range>2500</range><altitudeMode>clampToGround</altitudeMode></LookAt>
<styleUrl>#stationPinNoLabel</styleUrl>
<Point><coordinates>10.7457325,54.0199046,0</coordinates></Point>
</Placemark>
<Placemark>
<name>Scheemda</name>
<description><![CDATA[<div class="kmldesc"><b>RE90b</b> Kiel/Schönberger Strand-Groningen/Norddeich Mole<br/>Richtung Groningen / Norddeich Mole (Flügelzug): an xx:16 / ab xx:17<br/>Richtung Kiel Hbf/Schönberger Strand: an xx:36 / ab xx:37<br/><i>Regionalhalt</i></div><style>@media (prefers-color-scheme: dark) {html,body,.kmldesc{background:#1b1b1b !important;color:#e8e8e8 !important;}.kmldesc a{color:#8ab4f8 !important;}}</style>]]></description>
<LookAt><longitude>6.977959</longitude><latitude>53.1654348</latitude><altitude>0</altitude><heading>0</heading><tilt>0</tilt><range>2500</range><altitudeMode>clampToGround</altitudeMode></LookAt>
<styleUrl>#stationPinNoLabel</styleUrl>
<Point><coordinates>6.977959,53.1654348,0</coordinates></Point>
</Placemark>
<Placemark>
<name>Schleswig</name>
<description><![CDATA[<div class="kmldesc"><b>RE46</b> Esbjerg-Berlin Südkreuz<br/>Richtung Berlin Südkreuz: an xx:21 / ab xx:23<br/>Richtung Esbjerg: an xx:36 / ab xx:38<br/><i>Halbstundentakt RE7/Fredericia</i><br/><br/><b>RE77</b> Fredericia-Berlin Ostbahnhof<br/>Richtung Berlin Ostbahnhof: an xx:41 / ab xx:43<br/>Richtung Fredericia: an xx:17 / ab xx:19<br/><i>Taktknoten</i></div><style>@media (prefers-color-scheme: dark) {html,body,.kmldesc{background:#1b1b1b !important;color:#e8e8e8 !important;}.kmldesc a{color:#8ab4f8 !important;}}</style>]]></description>
<LookAt><longitude>9.5378994</longitude><latitude>54.499583</latitude><altitude>0</altitude><heading>0</heading><tilt>0</tilt><range>2500</range><altitudeMode>clampToGround</altitudeMode></LookAt>
<styleUrl>#stationPinNoLabel</styleUrl>
<Point><coordinates>9.5378994,54.499583,0</coordinates></Point>
</Placemark>
<Placemark>
<name>Schlüchtern</name>
<description><![CDATA[<div class="kmldesc"><b>RE7</b> Frankfurt-Bremen<br/>Richtung Bremen Hauptbahnhof: an xx:42 / ab xx:43<br/>Richtung Frankfurt (Main) Hauptbahnhof: an xx:17 / ab xx:18<br/><i>Sicherung Mindesthaltzeit</i></div><style>@media (prefers-color-scheme: dark) {html,body,.kmldesc{background:#1b1b1b !important;color:#e8e8e8 !important;}.kmldesc a{color:#8ab4f8 !important;}}</style>]]></description>
<LookAt><longitude>9.5099786</longitude><latitude>50.3413274</latitude><altitude>0</altitude><heading>0</heading><tilt>0</tilt><range>2500</range><altitudeMode>clampToGround</altitudeMode></LookAt>
<styleUrl>#stationPinNoLabel</styleUrl>
<Point><coordinates>9.5099786,50.3413274,0</coordinates></Point>
</Placemark>
<Placemark>
<name>Schönberg (Holstein)</name>
<description><![CDATA[<div class="kmldesc"><b>RE90b</b> Kiel/Schönberger Strand-Groningen/Norddeich Mole<br/>Richtung Groningen / Norddeich Mole (Flügelzug): an xx:45 / ab xx:46<br/>Richtung Kiel Hbf/Schönberger Strand: an xx:02 / ab xx:03<br/><i>Regionaler Halt</i></div><style>@media (prefers-color-scheme: dark) {html,body,.kmldesc{background:#1b1b1b !important;color:#e8e8e8 !important;}.kmldesc a{color:#8ab4f8 !important;}}</style>]]></description>
<LookAt><longitude>10.375177</longitude><latitude>54.3870394</latitude><altitude>0</altitude><heading>0</heading><tilt>0</tilt><range>2500</range><altitudeMode>clampToGround</altitudeMode></LookAt>
<styleUrl>#stationPinNoLabel</styleUrl>
<Point><coordinates>10.375177,54.3870394,0</coordinates></Point>
</Placemark>
<Placemark>
<name>Schönberger Strand</name>
<description><![CDATA[<div class="kmldesc"><b>RE90b</b> Kiel/Schönberger Strand-Groningen/Norddeich Mole<br/>Richtung Groningen / Norddeich Mole (Flügelzug): ab xx:38<br/>Richtung Kiel Hbf/Schönberger Strand: an xx:10<br/><i>Zugstart Flügelzug, Solo Akku-KISS B</i></div><style>@media (prefers-color-scheme: dark) {html,body,.kmldesc{background:#1b1b1b !important;color:#e8e8e8 !important;}.kmldesc a{color:#8ab4f8 !important;}}</style>]]></description>
<LookAt><longitude>10.4126636</longitude><latitude>54.4108721</latitude><altitude>0</altitude><heading>0</heading><tilt>0</tilt><range>2500</range><altitudeMode>clampToGround</altitudeMode></LookAt>
<styleUrl>#stationPinNoLabel</styleUrl>
<Point><coordinates>10.4126636,54.4108721,0</coordinates></Point>
</Placemark>
<Placemark>
<name>Schönkirchen</name>
<description><![CDATA[<div class="kmldesc"><b>RE90b</b> Kiel/Schönberger Strand-Groningen/Norddeich Mole<br/>Richtung Groningen / Norddeich Mole (Flügelzug): an xx:01 / ab xx:02<br/>Richtung Kiel Hbf/Schönberger Strand: an xx:46 / ab xx:47<br/><i>Letzter Halt auf dem Akku-Ast</i></div><style>@media (prefers-color-scheme: dark) {html,body,.kmldesc{background:#1b1b1b !important;color:#e8e8e8 !important;}.kmldesc a{color:#8ab4f8 !important;}}</style>]]></description>
<LookAt><longitude>10.2293602</longitude><latitude>54.3328568</latitude><altitude>0</altitude><heading>0</heading><tilt>0</tilt><range>2500</range><altitudeMode>clampToGround</altitudeMode></LookAt>
<styleUrl>#stationPinNoLabel</styleUrl>
<Point><coordinates>10.2293602,54.3328568,0</coordinates></Point>
</Placemark>
<Placemark>
<name>Schweinfurt Hauptbahnhof</name>
<description><![CDATA[<div class="kmldesc"><b>RE28</b> Leipzig-Würzburg<br/>Richtung Würzburg Hauptbahnhof: an xx:53 / ab xx:55<br/>Richtung Leipzig Hauptbahnhof: an xx:07 / ab xx:09<br/><i>Kritischer Passhalt, 210m voll ausgereizt</i></div><style>@media (prefers-color-scheme: dark) {html,body,.kmldesc{background:#1b1b1b !important;color:#e8e8e8 !important;}.kmldesc a{color:#8ab4f8 !important;}}</style>]]></description>
<LookAt><longitude>10.2120347</longitude><latitude>50.0350546</latitude><altitude>0</altitude><heading>0</heading><tilt>0</tilt><range>2500</range><altitudeMode>clampToGround</altitudeMode></LookAt>
<styleUrl>#stationPinNoLabel</styleUrl>
<Point><coordinates>10.2120347,50.0350546,0</coordinates></Point>
</Placemark>
<Placemark>
<name>Schwelm</name>
<description><![CDATA[<div class="kmldesc"><b>RB37</b> Arnhem Centraal-Bochum Hbf<br/>Richtung Bochum Hauptbahnhof: an xx:04 / ab xx:05<br/>Richtung Arnhem Centraal: an xx:54 / ab xx:55<br/><i>Regionalhalt</i><br/><br/><b>RE30</b> Leeuwarden-Winterberg/Düsseldorf<br/>Richtung Düsseldorf Hauptbahnhof: an xx:26 / ab xx:27<br/>Richtung Leeuwarden: an xx:51 / ab xx:52<br/><i>Stammstrecke Elberfeld-Dortmund</i></div><style>@media (prefers-color-scheme: dark) {html,body,.kmldesc{background:#1b1b1b !important;color:#e8e8e8 !important;}.kmldesc a{color:#8ab4f8 !important;}}</style>]]></description>
<LookAt><longitude>7.2896552</longitude><latitude>51.2905428</latitude><altitude>0</altitude><heading>0</heading><tilt>0</tilt><range>2500</range><altitudeMode>clampToGround</altitudeMode></LookAt>
<styleUrl>#stationPinNoLabel</styleUrl>
<Point><coordinates>7.2896552,51.2905428,0</coordinates></Point>
</Placemark>
<Placemark>
<name>Schwerin Hauptbahnhof</name>
<description><![CDATA[<div class="kmldesc"><b>RE91</b> Sassnitz/Ostseebad Binz-Bremerhaven<br/>Richtung Bremerhaven-Lehe (Flügelzug): an xx:24 / ab xx:27<br/>Richtung Sassnitz/Ostseebad Binz: an xx:36 / ab xx:39<br/><i>Landeshauptstadt-Halt</i></div><style>@media (prefers-color-scheme: dark) {html,body,.kmldesc{background:#1b1b1b !important;color:#e8e8e8 !important;}.kmldesc a{color:#8ab4f8 !important;}}</style>]]></description>
<LookAt><longitude>11.4075049</longitude><latitude>53.6353803</latitude><altitude>0</altitude><heading>0</heading><tilt>0</tilt><range>2500</range><altitudeMode>clampToGround</altitudeMode></LookAt>
<styleUrl>#stationPinNoLabel</styleUrl>
<Point><coordinates>11.4075049,53.6353803,0</coordinates></Point>
</Placemark>
<Placemark>
<name>Schwerte (Ruhr)</name>
<description><![CDATA[<div class="kmldesc"><b>S10</b> Ringbahn Ruhrgebiet<br/>Richtung Innenring: an xx:27 / ab xx:28<br/>Richtung Außenring: an xx:13 / ab xx:14<br/><i>Ruhrtalbahn/Obere Ruhrtalbahn</i><br/><br/><b>RE30</b> Leeuwarden-Winterberg/Düsseldorf<br/>Richtung Winterberg (Westf)/Düsseldorf Hauptbahnhof: an xx:55<br/>Richtung Leeuwarden: ab xx:24<br/><i>Richtungswechsel und Flügelung, 8 Min Halt in Doppeltraktion (~210m)</i></div><style>@media (prefers-color-scheme: dark) {html,body,.kmldesc{background:#1b1b1b !important;color:#e8e8e8 !important;}.kmldesc a{color:#8ab4f8 !important;}}</style>]]></description>
<LookAt><longitude>7.5592083</longitude><latitude>51.4425888</latitude><altitude>0</altitude><heading>0</heading><tilt>0</tilt><range>2500</range><altitudeMode>clampToGround</altitudeMode></LookAt>
<styleUrl>#stationPinNoLabel</styleUrl>
<Point><coordinates>7.5592083,51.4425888,0</coordinates></Point>
</Placemark>
<Placemark>
<name>Siedlinghausen</name>
<description><![CDATA[<div class="kmldesc"><b>RE30</b> Leeuwarden-Winterberg/Düsseldorf<br/>Richtung Winterberg (Westf): an xx:21 / ab xx:23<br/>Richtung Leeuwarden: an xx:55 / ab xx:57<br/><i>Zugkreuzung</i></div><style>@media (prefers-color-scheme: dark) {html,body,.kmldesc{background:#1b1b1b !important;color:#e8e8e8 !important;}.kmldesc a{color:#8ab4f8 !important;}}</style>]]></description>
<LookAt><longitude>8.4738227</longitude><latitude>51.258572</latitude><altitude>0</altitude><heading>0</heading><tilt>0</tilt><range>2500</range><altitudeMode>clampToGround</altitudeMode></LookAt>
<styleUrl>#stationPinNoLabel</styleUrl>
<Point><coordinates>8.4738227,51.2585720,0</coordinates></Point>
</Placemark>
<Placemark>
<name>Siegen Hauptbahnhof</name>
<description><![CDATA[<div class="kmldesc"><b>RE40</b> Essen-Frankfurt<br/>Richtung Frankfurt (Main) Hbf: an xx:18 / ab xx:23<br/>Richtung Essen Hauptbahnhof: an xx:37 / ab xx:42<br/><i>Großer Taktknoten (Ländergrenze)</i></div><style>@media (prefers-color-scheme: dark) {html,body,.kmldesc{background:#1b1b1b !important;color:#e8e8e8 !important;}.kmldesc a{color:#8ab4f8 !important;}}</style>]]></description>
<LookAt><longitude>8.0164616</longitude><latitude>50.8759626</latitude><altitude>0</altitude><heading>0</heading><tilt>0</tilt><range>2500</range><altitudeMode>clampToGround</altitudeMode></LookAt>
<styleUrl>#stationPinNoLabel</styleUrl>
<Point><coordinates>8.0164616,50.8759626,0</coordinates></Point>
</Placemark>
<Placemark>
<name>Silbach</name>
<description><![CDATA[<div class="kmldesc"><b>RE30</b> Leeuwarden-Winterberg/Düsseldorf<br/>Richtung Winterberg (Westf): an xx:30 / ab xx:31<br/>Richtung Leeuwarden: an xx:47 / ab xx:48<br/><i>Nadelöhr, Nutzlänge nur 115m, passt exakt für Solo-Einheit</i></div><style>@media (prefers-color-scheme: dark) {html,body,.kmldesc{background:#1b1b1b !important;color:#e8e8e8 !important;}.kmldesc a{color:#8ab4f8 !important;}}</style>]]></description>
<LookAt><longitude>8.481214</longitude><latitude>51.2233732</latitude><altitude>0</altitude><heading>0</heading><tilt>0</tilt><range>2500</range><altitudeMode>clampToGround</altitudeMode></LookAt>
<styleUrl>#stationPinNoLabel</styleUrl>
<Point><coordinates>8.4812140,51.2233732,0</coordinates></Point>
</Placemark>
<Placemark>
<name>Soest</name>
<description><![CDATA[<div class="kmldesc"><b>RE32</b> Kassel-Wilhelmshöhe-Roermond<br/>Richtung Roermond: an xx:06 / ab xx:07<br/>Richtung Kassel-Wilhelmshöhe: an xx:51 / ab xx:52<br/><i>Regionalhalt</i></div><style>@media (prefers-color-scheme: dark) {html,body,.kmldesc{background:#1b1b1b !important;color:#e8e8e8 !important;}.kmldesc a{color:#8ab4f8 !important;}}</style>]]></description>
<LookAt><longitude>8.1043635</longitude><latitude>51.5784166</latitude><altitude>0</altitude><heading>0</heading><tilt>0</tilt><range>2500</range><altitudeMode>clampToGround</altitudeMode></LookAt>
<styleUrl>#stationPinNoLabel</styleUrl>
<Point><coordinates>8.1043635,51.5784166,0</coordinates></Point>
</Placemark>
<Placemark>
<name>Soltau (Han) Hbf</name>
<description><![CDATA[<div class="kmldesc"><b>RE25</b> Cuxhaven-Magdeburg<br/>Richtung Magdeburg Hauptbahnhof: an xx:44 / ab xx:48<br/>Richtung Cuxhaven: an xx:00 / ab xx:04<br/><i>Static Fast Charging</i></div><style>@media (prefers-color-scheme: dark) {html,body,.kmldesc{background:#1b1b1b !important;color:#e8e8e8 !important;}.kmldesc a{color:#8ab4f8 !important;}}</style>]]></description>
<LookAt><longitude>9.830759</longitude><latitude>52.9830618</latitude><altitude>0</altitude><heading>0</heading><tilt>0</tilt><range>2500</range><altitudeMode>clampToGround</altitudeMode></LookAt>
<styleUrl>#stationPinNoLabel</styleUrl>
<Point><coordinates>9.830759,52.9830618,0</coordinates></Point>
</Placemark>
<Placemark>
<name>Stade</name>
<description><![CDATA[<div class="kmldesc"><b>RE25</b> Cuxhaven-Magdeburg<br/>Richtung Magdeburg Hauptbahnhof: an xx:24 / ab xx:26<br/>Richtung Cuxhaven: an xx:22 / ab xx:24<br/><i>Einlauf Oberleitung</i></div><style>@media (prefers-color-scheme: dark) {html,body,.kmldesc{background:#1b1b1b !important;color:#e8e8e8 !important;}.kmldesc a{color:#8ab4f8 !important;}}</style>]]></description>
<LookAt><longitude>9.4775887</longitude><latitude>53.5960704</latitude><altitude>0</altitude><heading>0</heading><tilt>0</tilt><range>2500</range><altitudeMode>clampToGround</altitudeMode></LookAt>
<styleUrl>#stationPinNoLabel</styleUrl>
<Point><coordinates>9.4775887,53.5960704,0</coordinates></Point>
</Placemark>
<Placemark>
<name>Starogard Gdański</name>
<description><![CDATA[<div class="kmldesc"><b>RE71</b> Brandenburg Hbf-Hel<br/>Richtung Hel: an xx:12 / ab xx:13<br/>Richtung Brandenburg Hbf: an xx:01 / ab xx:02<br/><i>Engpass: Peron 2 zu kurz (202m), bevorzugt Gleis 1 (215/202m)</i></div><style>@media (prefers-color-scheme: dark) {html,body,.kmldesc{background:#1b1b1b !important;color:#e8e8e8 !important;}.kmldesc a{color:#8ab4f8 !important;}}</style>]]></description>
<LookAt><longitude>18.5257736</longitude><latitude>53.977148</latitude><altitude>0</altitude><heading>0</heading><tilt>0</tilt><range>2500</range><altitudeMode>clampToGround</altitudeMode></LookAt>
<styleUrl>#stationPinNoLabel</styleUrl>
<Point><coordinates>18.5257736,53.9771480,0</coordinates></Point>
</Placemark>
<Placemark>
<name>Steinhelle</name>
<description><![CDATA[<div class="kmldesc"><b>RE30</b> Leeuwarden-Winterberg/Düsseldorf<br/>Richtung Winterberg (Westf): an xx:13 / ab xx:14<br/>Richtung Leeuwarden: an xx:04 / ab xx:05<br/><i>Nuttetalbahn</i></div><style>@media (prefers-color-scheme: dark) {html,body,.kmldesc{background:#1b1b1b !important;color:#e8e8e8 !important;}.kmldesc a{color:#8ab4f8 !important;}}</style>]]></description>
<LookAt><longitude>8.4781321</longitude><latitude>51.3348865</latitude><altitude>0</altitude><heading>0</heading><tilt>0</tilt><range>2500</range><altitudeMode>clampToGround</altitudeMode></LookAt>
<styleUrl>#stationPinNoLabel</styleUrl>
<Point><coordinates>8.4781321,51.3348865,0</coordinates></Point>
</Placemark>
<Placemark>
<name>Stendal Hauptbahnhof</name>
<description><![CDATA[<div class="kmldesc"><b>RE45</b> Cottbus-Travemünde<br/>Richtung Travemünde Strand: an xx:33 / ab xx:37<br/>Richtung Cottbus Hauptbahnhof: an xx:24 / ab xx:28<br/><i>Ende High-Speed-Sprint</i></div><style>@media (prefers-color-scheme: dark) {html,body,.kmldesc{background:#1b1b1b !important;color:#e8e8e8 !important;}.kmldesc a{color:#8ab4f8 !important;}}</style>]]></description>
<LookAt><longitude>11.8548875</longitude><latitude>52.5946768</latitude><altitude>0</altitude><heading>0</heading><tilt>0</tilt><range>2500</range><altitudeMode>clampToGround</altitudeMode></LookAt>
<styleUrl>#stationPinNoLabel</styleUrl>
<Point><coordinates>11.8548875,52.5946768,0</coordinates></Point>
</Placemark>
<Placemark>
<name>Stralsund Hauptbahnhof</name>
<description><![CDATA[<div class="kmldesc"><b>RE35</b> Zwickau-Warnemünde (Regionaltakt)<br/>Richtung Warnemünde: an xx:06 / ab xx:12<br/>Richtung Zwickau Hauptbahnhof: an xx:18 / ab xx:24<br/><i>Richtungswechsel, Lokführerwende</i><br/><br/><b>RE35X</b> Zwickau-Warnemünde (System-Express)<br/>Richtung Warnemünde: an xx:28 / ab xx:34<br/>Richtung Zwickau Hauptbahnhof: an xx:40 / ab xx:46<br/><i>Richtungswechsel, Lokführerwende</i><br/><br/><b>RE91</b> Sassnitz/Ostseebad Binz-Bremerhaven<br/>Richtung Bremerhaven-Lehe (Flügelzug): an xx:36 / ab xx:39<br/>Richtung Sassnitz/Ostseebad Binz: an xx:25 / ab xx:28<br/><i>Großer Festlandsknoten</i></div><style>@media (prefers-color-scheme: dark) {html,body,.kmldesc{background:#1b1b1b !important;color:#e8e8e8 !important;}.kmldesc a{color:#8ab4f8 !important;}}</style>]]></description>
<LookAt><longitude>13.0777309</longitude><latitude>54.3088727</latitude><altitude>0</altitude><heading>0</heading><tilt>0</tilt><range>2500</range><altitudeMode>clampToGround</altitudeMode></LookAt>
<styleUrl>#stationPinNoLabel</styleUrl>
<Point><coordinates>13.0777309,54.3088727,0</coordinates></Point>
</Placemark>
<Placemark>
<name>Stříbro</name>
<description><![CDATA[<div class="kmldesc"><b>RE94</b> Plzeň-Zürich<br/>Richtung Zürich HB: an xx:59 / ab xx:00<br/>Richtung Plzeň hlavní nádraží: an xx:00 / ab xx:01<br/><i>Regelmäßiger tschechischer Zwischenhalt</i></div><style>@media (prefers-color-scheme: dark) {html,body,.kmldesc{background:#1b1b1b !important;color:#e8e8e8 !important;}.kmldesc a{color:#8ab4f8 !important;}}</style>]]></description>
<LookAt><longitude>13.0006438</longitude><latitude>49.7413229</latitude><altitude>0</altitude><heading>0</heading><tilt>0</tilt><range>2500</range><altitudeMode>clampToGround</altitudeMode></LookAt>
<styleUrl>#stationPinNoLabel</styleUrl>
<Point><coordinates>13.0006438,49.7413229,0</coordinates></Point>
</Placemark>
<Placemark>
<name>Stuttgart Flughafen</name>
<description><![CDATA[<div class="kmldesc"><b>RE80</b> Chur-Saarbrücken<br/>Richtung Saarbrücken Hauptbahnhof: an xx:22 / ab xx:24<br/>Richtung Chur: an xx:31 / ab xx:33<br/><i>Digitaler Knoten Stuttgart</i></div><style>@media (prefers-color-scheme: dark) {html,body,.kmldesc{background:#1b1b1b !important;color:#e8e8e8 !important;}.kmldesc a{color:#8ab4f8 !important;}}</style>]]></description>
<LookAt><longitude>9.1926989</longitude><latitude>48.6904461</latitude><altitude>0</altitude><heading>0</heading><tilt>0</tilt><range>2500</range><altitudeMode>clampToGround</altitudeMode></LookAt>
<styleUrl>#stationPinNoLabel</styleUrl>
<Point><coordinates>9.1926989,48.6904461,0</coordinates></Point>
</Placemark>
<Placemark>
<name>Stuttgart Hauptbahnhof (tief)</name>
<description><![CDATA[<div class="kmldesc"><b>RE80</b> Chur-Saarbrücken<br/>Richtung Saarbrücken Hauptbahnhof: an xx:32 / ab xx:37<br/>Richtung Chur: an xx:18 / ab xx:23<br/><i>Unterirdischer Durchgangsbahnhof</i></div><style>@media (prefers-color-scheme: dark) {html,body,.kmldesc{background:#1b1b1b !important;color:#e8e8e8 !important;}.kmldesc a{color:#8ab4f8 !important;}}</style>]]></description>
<LookAt><longitude>9.1799271</longitude><latitude>48.7830723</latitude><altitude>0</altitude><heading>0</heading><tilt>0</tilt><range>2500</range><altitudeMode>clampToGround</altitudeMode></LookAt>
<styleUrl>#stationPinNoLabel</styleUrl>
<Point><coordinates>9.1799271,48.7830723,0</coordinates></Point>
</Placemark>
<Placemark>
<name>Swarzewo</name>
<description><![CDATA[<div class="kmldesc"><b>RE71</b> Brandenburg Hbf-Hel<br/>Richtung Hel: an xx:27 / ab xx:28<br/>Richtung Brandenburg Hbf: an xx:45 / ab xx:46<br/><i>Halt unkritisch (150-205m)</i></div><style>@media (prefers-color-scheme: dark) {html,body,.kmldesc{background:#1b1b1b !important;color:#e8e8e8 !important;}.kmldesc a{color:#8ab4f8 !important;}}</style>]]></description>
<LookAt><longitude>18.3824283</longitude><latitude>54.75259</latitude><altitude>0</altitude><heading>0</heading><tilt>0</tilt><range>2500</range><altitudeMode>clampToGround</altitudeMode></LookAt>
<styleUrl>#stationPinNoLabel</styleUrl>
<Point><coordinates>18.3824283,54.7525900,0</coordinates></Point>
</Placemark>
<Placemark>
<name>Szczecin Główny</name>
<description><![CDATA[<div class="kmldesc"><b>RE71</b> Brandenburg Hbf-Hel<br/>Richtung Hel: an xx:37 / ab xx:42<br/>Richtung Brandenburg Hbf: an xx:32 / ab xx:37<br/><i>Polnischer Endknoten, Systemwechsel 15kV AC/3kV DC (>250m)</i></div><style>@media (prefers-color-scheme: dark) {html,body,.kmldesc{background:#1b1b1b !important;color:#e8e8e8 !important;}.kmldesc a{color:#8ab4f8 !important;}}</style>]]></description>
<LookAt><longitude>14.5494069</longitude><latitude>53.4182413</latitude><altitude>0</altitude><heading>0</heading><tilt>0</tilt><range>2500</range><altitudeMode>clampToGround</altitudeMode></LookAt>
<styleUrl>#stationPinNoLabel</styleUrl>
<Point><coordinates>14.5494069,53.4182413,0</coordinates></Point>
</Placemark>
<Placemark>
<name>Szczecinek</name>
<description><![CDATA[<div class="kmldesc"><b>RE71</b> Brandenburg Hbf-Hel<br/>Richtung Hel: an xx:53 / ab xx:55<br/>Richtung Brandenburg Hbf: an xx:19 / ab xx:21<br/><i>Regionaler Knotenbahnhof (302/263m)</i></div><style>@media (prefers-color-scheme: dark) {html,body,.kmldesc{background:#1b1b1b !important;color:#e8e8e8 !important;}.kmldesc a{color:#8ab4f8 !important;}}</style>]]></description>
<LookAt><longitude>16.7055139</longitude><latitude>53.6938225</latitude><altitude>0</altitude><heading>0</heading><tilt>0</tilt><range>2500</range><altitudeMode>clampToGround</altitudeMode></LookAt>
<styleUrl>#stationPinNoLabel</styleUrl>
<Point><coordinates>16.7055139,53.6938225,0</coordinates></Point>
</Placemark>
<Placemark>
<name>Tczew</name>
<description><![CDATA[<div class="kmldesc"><b>RE71</b> Brandenburg Hbf-Hel<br/>Richtung Hel: an xx:28 / ab xx:36<br/>Richtung Brandenburg Hbf: an xx:38 / ab xx:46<br/><i>Richtungswechsel: 8 Min Kopfmachen auf Hauptstrecke 9 Richtung Danzig (300-380m)</i></div><style>@media (prefers-color-scheme: dark) {html,body,.kmldesc{background:#1b1b1b !important;color:#e8e8e8 !important;}.kmldesc a{color:#8ab4f8 !important;}}</style>]]></description>
<LookAt><longitude>18.7897812</longitude><latitude>54.0972478</latitude><altitude>0</altitude><heading>0</heading><tilt>0</tilt><range>2500</range><altitudeMode>clampToGround</altitudeMode></LookAt>
<styleUrl>#stationPinNoLabel</styleUrl>
<Point><coordinates>18.7897812,54.0972478,0</coordinates></Point>
</Placemark>
<Placemark>
<name>Thionville</name>
<description><![CDATA[<div class="kmldesc"><b>RE90</b> Saarbrücken-Düsseldorf<br/>Richtung Düsseldorf Hauptbahnhof: an xx:04 / ab xx:06<br/>Richtung Saarbrücken Hauptbahnhof: an xx:36 / ab xx:38<br/><i>Letzter französischer Netzknoten</i></div><style>@media (prefers-color-scheme: dark) {html,body,.kmldesc{background:#1b1b1b !important;color:#e8e8e8 !important;}.kmldesc a{color:#8ab4f8 !important;}}</style>]]></description>
<LookAt><longitude>6.169967</longitude><latitude>49.3540017</latitude><altitude>0</altitude><heading>0</heading><tilt>0</tilt><range>2500</range><altitudeMode>clampToGround</altitudeMode></LookAt>
<styleUrl>#stationPinNoLabel</styleUrl>
<Point><coordinates>6.169967,49.3540017,0</coordinates></Point>
</Placemark>
<Placemark>
<name>Timmendorfer Strand/Ratekau</name>
<description><![CDATA[<div class="kmldesc"><b>RE17</b> Østerport-Rostock<br/>Richtung Rostock Hauptbahnhof: an xx:47 / ab xx:49<br/>Richtung Østerport: an xx:57 / ab xx:59<br/><i>An der Landesstraße 181 (Bäderstraße) auf Höhe der Autobahn-AS 17</i></div><style>@media (prefers-color-scheme: dark) {html,body,.kmldesc{background:#1b1b1b !important;color:#e8e8e8 !important;}.kmldesc a{color:#8ab4f8 !important;}}</style>]]></description>
<LookAt><longitude>10.7631436</longitude><latitude>53.9945693</latitude><altitude>0</altitude><heading>0</heading><tilt>0</tilt><range>2500</range><altitudeMode>clampToGround</altitudeMode></LookAt>
<styleUrl>#stationPinNoLabel</styleUrl>
<Point><coordinates>10.7631436,53.9945693,0</coordinates></Point>
</Placemark>
<Placemark>
<name>Tønder</name>
<description><![CDATA[<div class="kmldesc"><b>RE46</b> Esbjerg-Berlin Südkreuz<br/>Richtung Berlin Südkreuz: an xx:02 / ab xx:04<br/>Richtung Esbjerg: an xx:55 / ab xx:57<br/><i>Letzter dänischer Halt</i></div><style>@media (prefers-color-scheme: dark) {html,body,.kmldesc{background:#1b1b1b !important;color:#e8e8e8 !important;}.kmldesc a{color:#8ab4f8 !important;}}</style>]]></description>
<LookAt><longitude>8.8604254</longitude><latitude>54.9332725</latitude><altitude>0</altitude><heading>0</heading><tilt>0</tilt><range>2500</range><altitudeMode>clampToGround</altitudeMode></LookAt>
<styleUrl>#stationPinNoLabel</styleUrl>
<Point><coordinates>8.8604254,54.9332725,0</coordinates></Point>
</Placemark>
<Placemark>
<name>Travemünde Strand</name>
<description><![CDATA[<div class="kmldesc"><b>RE45</b> Cottbus-Travemünde<br/>Richtung Travemünde Strand: an xx:35<br/>Richtung Cottbus Hauptbahnhof: ab xx:24<br/><i>Endbahnhof, Küstendepot</i></div><style>@media (prefers-color-scheme: dark) {html,body,.kmldesc{background:#1b1b1b !important;color:#e8e8e8 !important;}.kmldesc a{color:#8ab4f8 !important;}}</style>]]></description>
<LookAt><longitude>10.8759593</longitude><latitude>53.9648668</latitude><altitude>0</altitude><heading>0</heading><tilt>0</tilt><range>2500</range><altitudeMode>clampToGround</altitudeMode></LookAt>
<styleUrl>#stationPinNoLabel</styleUrl>
<Point><coordinates>10.8759593,53.9648668,0</coordinates></Point>
</Placemark>
<Placemark>
<name>Trier Hauptbahnhof</name>
<description><![CDATA[<div class="kmldesc"><b>RE14</b> Eindhoven-Saarbrücken<br/>Richtung Saarbrücken Hauptbahnhof: an xx:29 / ab xx:34<br/>Richtung Eindhoven: an xx:26 / ab xx:31<br/><i>Richtungs- und Personalwechsel</i></div><style>@media (prefers-color-scheme: dark) {html,body,.kmldesc{background:#1b1b1b !important;color:#e8e8e8 !important;}.kmldesc a{color:#8ab4f8 !important;}}</style>]]></description>
<LookAt><longitude>6.6519999</longitude><latitude>49.7569658</latitude><altitude>0</altitude><heading>0</heading><tilt>0</tilt><range>2500</range><altitudeMode>clampToGround</altitudeMode></LookAt>
<styleUrl>#stationPinNoLabel</styleUrl>
<Point><coordinates>6.6519999,49.7569658,0</coordinates></Point>
</Placemark>
<Placemark>
<name>Uelzen</name>
<description><![CDATA[<div class="kmldesc"><b>RE45</b> Cottbus-Travemünde<br/>Richtung Travemünde Strand: an xx:30 / ab xx:34<br/>Richtung Cottbus Hauptbahnhof: an xx:28 / ab xx:32<br/><i>Hundertwasser-Knoten Heide</i></div><style>@media (prefers-color-scheme: dark) {html,body,.kmldesc{background:#1b1b1b !important;color:#e8e8e8 !important;}.kmldesc a{color:#8ab4f8 !important;}}</style>]]></description>
<LookAt><longitude>10.5529747</longitude><latitude>52.9695952</latitude><altitude>0</altitude><heading>0</heading><tilt>0</tilt><range>2500</range><altitudeMode>clampToGround</altitudeMode></LookAt>
<styleUrl>#stationPinNoLabel</styleUrl>
<Point><coordinates>10.5529747,52.9695952,0</coordinates></Point>
</Placemark>
<Placemark>
<name>Ulm Hauptbahnhof</name>
<description><![CDATA[<div class="kmldesc"><b>RE80</b> Chur-Saarbrücken<br/>Richtung Saarbrücken Hauptbahnhof: an xx:45 / ab xx:50<br/>Richtung Chur: an xx:05 / ab xx:10<br/><i>Systemwechsel, ETCS L2</i><br/><br/><b>RE94</b> Plzeň-Zürich<br/>Richtung Zürich HB: an xx:47 / ab xx:50<br/>Richtung Plzeň hlavní nádraží: an xx:10 / ab xx:13<br/><i>Übernahme Südbahn-Trasse</i></div><style>@media (prefers-color-scheme: dark) {html,body,.kmldesc{background:#1b1b1b !important;color:#e8e8e8 !important;}.kmldesc a{color:#8ab4f8 !important;}}</style>]]></description>
<LookAt><longitude>9.9826024</longitude><latitude>48.3994159</latitude><altitude>0</altitude><heading>0</heading><tilt>0</tilt><range>2500</range><altitudeMode>clampToGround</altitudeMode></LookAt>
<styleUrl>#stationPinNoLabel</styleUrl>
<Point><coordinates>9.9826024,48.3994159,0</coordinates></Point>
</Placemark>
<Placemark>
<name>Unna Hbf</name>
<description><![CDATA[<div class="kmldesc"><b>S10</b> Ringbahn Ruhrgebiet<br/>Richtung Innenring: ab xx:00<br/>Richtung Außenring: ab xx:42<br/><i>Zentraler Netzknoten und Abstellbahnhof</i><br/><br/><b>RE30</b> Leeuwarden-Winterberg/Düsseldorf<br/>Richtung Winterberg (Westf)/Düsseldorf Hauptbahnhof: an xx:38 / ab xx:40<br/>Richtung Leeuwarden: an xx:38 / ab xx:40<br/><i>Halt mit selektiver Türsteuerung SDO wegen kurzer Bahnsteiglänge</i></div><style>@media (prefers-color-scheme: dark) {html,body,.kmldesc{background:#1b1b1b !important;color:#e8e8e8 !important;}.kmldesc a{color:#8ab4f8 !important;}}</style>]]></description>
<LookAt><longitude>7.6922227</longitude><latitude>51.5390214</latitude><altitude>0</altitude><heading>0</heading><tilt>0</tilt><range>2500</range><altitudeMode>clampToGround</altitudeMode></LookAt>
<styleUrl>#stationPinNoLabel</styleUrl>
<Point><coordinates>7.6922227,51.5390214,0</coordinates></Point>
</Placemark>
<Placemark>
<name>Unna West</name>
<description><![CDATA[<div class="kmldesc"><b>S10</b> Ringbahn Ruhrgebiet<br/>Richtung Innenring: an xx:02 / ab xx:02<br/>Richtung Außenring: an xx:40 / ab xx:40<br/><i>Zulauf Strecke Dortmund-Soest</i></div><style>@media (prefers-color-scheme: dark) {html,body,.kmldesc{background:#1b1b1b !important;color:#e8e8e8 !important;}.kmldesc a{color:#8ab4f8 !important;}}</style>]]></description>
<LookAt><longitude>7.6764509</longitude><latitude>51.5389367</latitude><altitude>0</altitude><heading>0</heading><tilt>0</tilt><range>2500</range><altitudeMode>clampToGround</altitudeMode></LookAt>
<styleUrl>#stationPinNoLabel</styleUrl>
<Point><coordinates>7.6764509,51.5389367,0</coordinates></Point>
</Placemark>
<Placemark>
<name>Vamdrup</name>
<description><![CDATA[<div class="kmldesc"><b>RE77</b> Fredericia-Berlin Ostbahnhof<br/>Richtung Berlin Ostbahnhof: an xx:10 / ab xx:11<br/>Richtung Fredericia: an xx:49 / ab xx:50<br/><i>Regionalhalt</i></div><style>@media (prefers-color-scheme: dark) {html,body,.kmldesc{background:#1b1b1b !important;color:#e8e8e8 !important;}.kmldesc a{color:#8ab4f8 !important;}}</style>]]></description>
<LookAt><longitude>9.2864145</longitude><latitude>55.4279941</latitude><altitude>0</altitude><heading>0</heading><tilt>0</tilt><range>2500</range><altitudeMode>clampToGround</altitudeMode></LookAt>
<styleUrl>#stationPinNoLabel</styleUrl>
<Point><coordinates>9.2864145,55.4279941,0</coordinates></Point>
</Placemark>
<Placemark>
<name>Varel (Oldb)</name>
<description><![CDATA[<div class="kmldesc"><b>RE17</b> Dortmund-Wilhelmshaven<br/>Richtung Wilhelmshaven: an xx:37 / ab xx:38<br/>Richtung Dortmund Hauptbahnhof: an xx:22 / ab xx:23<br/><i>Systemhalt Küste</i></div><style>@media (prefers-color-scheme: dark) {html,body,.kmldesc{background:#1b1b1b !important;color:#e8e8e8 !important;}.kmldesc a{color:#8ab4f8 !important;}}</style>]]></description>
<LookAt><longitude>8.1502302</longitude><latitude>53.3990747</latitude><altitude>0</altitude><heading>0</heading><tilt>0</tilt><range>2500</range><altitudeMode>clampToGround</altitudeMode></LookAt>
<styleUrl>#stationPinNoLabel</styleUrl>
<Point><coordinates>8.1502302,53.3990747,0</coordinates></Point>
</Placemark>
<Placemark>
<name>Velgast</name>
<description><![CDATA[<div class="kmldesc"><b>RE91</b> Sassnitz/Ostseebad Binz-Bremerhaven<br/>Richtung Bremerhaven-Lehe (Flügelzug): an xx:55 / ab xx:56<br/>Richtung Sassnitz/Ostseebad Binz: an xx:08 / ab xx:09<br/><i>Regionaler Systemhalt</i></div><style>@media (prefers-color-scheme: dark) {html,body,.kmldesc{background:#1b1b1b !important;color:#e8e8e8 !important;}.kmldesc a{color:#8ab4f8 !important;}}</style>]]></description>
<LookAt><longitude>12.8028588</longitude><latitude>54.2773746</latitude><altitude>0</altitude><heading>0</heading><tilt>0</tilt><range>2500</range><altitudeMode>clampToGround</altitudeMode></LookAt>
<styleUrl>#stationPinNoLabel</styleUrl>
<Point><coordinates>12.8028588,54.2773746,0</coordinates></Point>
</Placemark>
<Placemark>
<name>Venlo</name>
<description><![CDATA[<div class="kmldesc"><b>RB37</b> Arnhem Centraal-Bochum Hbf<br/>Richtung Bochum Hauptbahnhof: an xx:29 / ab xx:32<br/>Richtung Arnhem Centraal: an xx:27 / ab xx:31<br/><i>Systemwechsel auf 15 kV AC</i><br/><br/><b>RE14</b> Eindhoven-Saarbrücken<br/>Richtung Saarbrücken Hauptbahnhof: an xx:38 / ab xx:43<br/>Richtung Eindhoven: an xx:17 / ab xx:22<br/><i>Systemwechsel auf 15 kV AC</i></div><style>@media (prefers-color-scheme: dark) {html,body,.kmldesc{background:#1b1b1b !important;color:#e8e8e8 !important;}.kmldesc a{color:#8ab4f8 !important;}}</style>]]></description>
<LookAt><longitude>6.171433</longitude><latitude>51.3650504</latitude><altitude>0</altitude><heading>0</heading><tilt>0</tilt><range>2500</range><altitudeMode>clampToGround</altitudeMode></LookAt>
<styleUrl>#stationPinNoLabel</styleUrl>
<Point><coordinates>6.171433,51.3650504,0</coordinates></Point>
</Placemark>
<Placemark>
<name>Venray</name>
<description><![CDATA[<div class="kmldesc"><b>RB37</b> Arnhem Centraal-Bochum Hbf<br/>Richtung Bochum Hauptbahnhof: an xx:15 / ab xx:16<br/>Richtung Arnhem Centraal: an xx:43 / ab xx:44<br/><i>Haltestellenlauf Maaslijn</i></div><style>@media (prefers-color-scheme: dark) {html,body,.kmldesc{background:#1b1b1b !important;color:#e8e8e8 !important;}.kmldesc a{color:#8ab4f8 !important;}}</style>]]></description>
<LookAt><longitude>6.0142546</longitude><latitude>51.526454</latitude><altitude>0</altitude><heading>0</heading><tilt>0</tilt><range>2500</range><altitudeMode>clampToGround</altitudeMode></LookAt>
<styleUrl>#stationPinNoLabel</styleUrl>
<Point><coordinates>6.0142546,51.526454,0</coordinates></Point>
</Placemark>
<Placemark>
<name>Verden (Aller)</name>
<description><![CDATA[<div class="kmldesc"><b>RE7</b> Frankfurt-Bremen<br/>Richtung Bremen Hauptbahnhof: an xx:34 / ab xx:35<br/>Richtung Frankfurt (Main) Hauptbahnhof: an xx:25 / ab xx:26<br/><i>Fahrgastwechsel, SDO aktiv</i></div><style>@media (prefers-color-scheme: dark) {html,body,.kmldesc{background:#1b1b1b !important;color:#e8e8e8 !important;}.kmldesc a{color:#8ab4f8 !important;}}</style>]]></description>
<LookAt><longitude>9.237876</longitude><latitude>52.9207954</latitude><altitude>0</altitude><heading>0</heading><tilt>0</tilt><range>2500</range><altitudeMode>clampToGround</altitudeMode></LookAt>
<styleUrl>#stationPinNoLabel</styleUrl>
<Point><coordinates>9.237876,52.9207954,0</coordinates></Point>
</Placemark>
<Placemark>
<name>Vierlingsbeek</name>
<description><![CDATA[<div class="kmldesc"><b>RB37</b> Arnhem Centraal-Bochum Hbf<br/>Richtung Bochum Hauptbahnhof: an xx:08 / ab xx:09<br/>Richtung Arnhem Centraal: an xx:50 / ab xx:51<br/><i>Haltestellenlauf Maaslijn</i></div><style>@media (prefers-color-scheme: dark) {html,body,.kmldesc{background:#1b1b1b !important;color:#e8e8e8 !important;}.kmldesc a{color:#8ab4f8 !important;}}</style>]]></description>
<LookAt><longitude>5.9970961</longitude><latitude>51.5920221</latitude><altitude>0</altitude><heading>0</heading><tilt>0</tilt><range>2500</range><altitudeMode>clampToGround</altitudeMode></LookAt>
<styleUrl>#stationPinNoLabel</styleUrl>
<Point><coordinates>5.9970961,51.5920221,0</coordinates></Point>
</Placemark>
<Placemark>
<name>Viersen</name>
<description><![CDATA[<div class="kmldesc"><b>RB37</b> Arnhem Centraal-Bochum Hbf<br/>Richtung Bochum Hauptbahnhof: an xx:54 / ab xx:55<br/>Richtung Arnhem Centraal: an xx:05 / ab xx:06<br/><i>Taktkoordination</i><br/><br/><b>RE14</b> Eindhoven-Saarbrücken<br/>Richtung Saarbrücken Hauptbahnhof: an xx:57 / ab xx:59<br/>Richtung Eindhoven: an xx:01 / ab xx:03<br/><i>Netzknotenhalt</i></div><style>@media (prefers-color-scheme: dark) {html,body,.kmldesc{background:#1b1b1b !important;color:#e8e8e8 !important;}.kmldesc a{color:#8ab4f8 !important;}}</style>]]></description>
<LookAt><longitude>6.4040894</longitude><latitude>51.2548242</latitude><altitude>0</altitude><heading>0</heading><tilt>0</tilt><range>2500</range><altitudeMode>clampToGround</altitudeMode></LookAt>
<styleUrl>#stationPinNoLabel</styleUrl>
<Point><coordinates>6.4040894,51.2548242,0</coordinates></Point>
</Placemark>
<Placemark>
<name>Völklingen</name>
<description><![CDATA[<div class="kmldesc"><b>RE14</b> Eindhoven-Saarbrücken<br/>Richtung Saarbrücken Hauptbahnhof: an xx:27 / ab xx:28<br/>Richtung Eindhoven: an xx:32 / ab xx:33<br/><i>Zubringerstufe</i></div><style>@media (prefers-color-scheme: dark) {html,body,.kmldesc{background:#1b1b1b !important;color:#e8e8e8 !important;}.kmldesc a{color:#8ab4f8 !important;}}</style>]]></description>
<LookAt><longitude>6.8492341</longitude><latitude>49.2488073</latitude><altitude>0</altitude><heading>0</heading><tilt>0</tilt><range>2500</range><altitudeMode>clampToGround</altitudeMode></LookAt>
<styleUrl>#stationPinNoLabel</styleUrl>
<Point><coordinates>6.8492341,49.2488073,0</coordinates></Point>
</Placemark>
<Placemark>
<name>Vojens</name>
<description><![CDATA[<div class="kmldesc"><b>RE77</b> Fredericia-Berlin Ostbahnhof<br/>Richtung Berlin Ostbahnhof: an xx:25 / ab xx:26<br/>Richtung Fredericia: an xx:34 / ab xx:35<br/><i>Nordschleswig-Achse</i></div><style>@media (prefers-color-scheme: dark) {html,body,.kmldesc{background:#1b1b1b !important;color:#e8e8e8 !important;}.kmldesc a{color:#8ab4f8 !important;}}</style>]]></description>
<LookAt><longitude>9.3049359</longitude><latitude>55.2484701</latitude><altitude>0</altitude><heading>0</heading><tilt>0</tilt><range>2500</range><altitudeMode>clampToGround</altitudeMode></LookAt>
<styleUrl>#stationPinNoLabel</styleUrl>
<Point><coordinates>9.3049359,55.2484701,0</coordinates></Point>
</Placemark>
<Placemark>
<name>Vordingborg</name>
<description><![CDATA[<div class="kmldesc"><b>RE17</b> Østerport-Rostock<br/>Richtung Rostock Hauptbahnhof: an xx:18 / ab xx:20<br/>Richtung Østerport: an xx:26 / ab xx:28<br/><i>Zulaufstation vor der Storstrømsbrücke</i></div><style>@media (prefers-color-scheme: dark) {html,body,.kmldesc{background:#1b1b1b !important;color:#e8e8e8 !important;}.kmldesc a{color:#8ab4f8 !important;}}</style>]]></description>
<LookAt><longitude>11.89923</longitude><latitude>55.0118034</latitude><altitude>0</altitude><heading>0</heading><tilt>0</tilt><range>2500</range><altitudeMode>clampToGround</altitudeMode></LookAt>
<styleUrl>#stationPinNoLabel</styleUrl>
<Point><coordinates>11.8992300,55.0118034,0</coordinates></Point>
</Placemark>
<Placemark>
<name>Wächtersbach</name>
<description><![CDATA[<div class="kmldesc"><b>RE7</b> Frankfurt-Bremen<br/>Richtung Bremen Hauptbahnhof: an xx:23 / ab xx:24<br/>Richtung Frankfurt (Main) Hauptbahnhof: an xx:36 / ab xx:37<br/><i>Regulärer Haltepunkt, SDO aktiv</i></div><style>@media (prefers-color-scheme: dark) {html,body,.kmldesc{background:#1b1b1b !important;color:#e8e8e8 !important;}.kmldesc a{color:#8ab4f8 !important;}}</style>]]></description>
<LookAt><longitude>9.295464</longitude><latitude>50.2537919</latitude><altitude>0</altitude><heading>0</heading><tilt>0</tilt><range>2500</range><altitudeMode>clampToGround</altitudeMode></LookAt>
<styleUrl>#stationPinNoLabel</styleUrl>
<Point><coordinates>9.295464,50.2537919,0</coordinates></Point>
</Placemark>
<Placemark>
<name>Walsrode</name>
<description><![CDATA[<div class="kmldesc"><b>RE25</b> Cuxhaven-Magdeburg<br/>Richtung Magdeburg Hauptbahnhof: an xx:04 / ab xx:07<br/>Richtung Cuxhaven: an xx:41 / ab xx:44<br/><i>Static Fast Charging</i></div><style>@media (prefers-color-scheme: dark) {html,body,.kmldesc{background:#1b1b1b !important;color:#e8e8e8 !important;}.kmldesc a{color:#8ab4f8 !important;}}</style>]]></description>
<LookAt><longitude>9.6012119</longitude><latitude>52.8653496</latitude><altitude>0</altitude><heading>0</heading><tilt>0</tilt><range>2500</range><altitudeMode>clampToGround</altitudeMode></LookAt>
<styleUrl>#stationPinNoLabel</styleUrl>
<Point><coordinates>9.6012119,52.8653496,0</coordinates></Point>
</Placemark>
<Placemark>
<name>Wanne-Eickel Hbf</name>
<description><![CDATA[<div class="kmldesc"><b>S10</b> Ringbahn Ruhrgebiet<br/>Richtung Innenring: an xx:53 / ab xx:54<br/>Richtung Außenring: an xx:47 / ab xx:48<br/><i>Bahnstrecke Bochum-Gelsenkirchen (RB46)</i></div><style>@media (prefers-color-scheme: dark) {html,body,.kmldesc{background:#1b1b1b !important;color:#e8e8e8 !important;}.kmldesc a{color:#8ab4f8 !important;}}</style>]]></description>
<LookAt><longitude>7.1661165</longitude><latitude>51.5312379</latitude><altitude>0</altitude><heading>0</heading><tilt>0</tilt><range>2500</range><altitudeMode>clampToGround</altitudeMode></LookAt>
<styleUrl>#stationPinNoLabel</styleUrl>
<Point><coordinates>7.1661165,51.5312379,0</coordinates></Point>
</Placemark>
<Placemark>
<name>Warburg (Westf)</name>
<description><![CDATA[<div class="kmldesc"><b>RE32</b> Kassel-Wilhelmshöhe-Roermond<br/>Richtung Roermond: an xx:04 / ab xx:05<br/>Richtung Kassel-Wilhelmshöhe: an xx:53 / ab xx:54<br/><i>Regionalhalt</i></div><style>@media (prefers-color-scheme: dark) {html,body,.kmldesc{background:#1b1b1b !important;color:#e8e8e8 !important;}.kmldesc a{color:#8ab4f8 !important;}}</style>]]></description>
<LookAt><longitude>9.1640477</longitude><latitude>51.4928927</latitude><altitude>0</altitude><heading>0</heading><tilt>0</tilt><range>2500</range><altitudeMode>clampToGround</altitudeMode></LookAt>
<styleUrl>#stationPinNoLabel</styleUrl>
<Point><coordinates>9.1640477,51.4928927,0</coordinates></Point>
</Placemark>
<Placemark>
<name>Warnemünde</name>
<description><![CDATA[<div class="kmldesc"><b>RE35</b> Zwickau-Warnemünde (Regionaltakt)<br/>Richtung Warnemünde: an xx:18<br/>Richtung Zwickau Hauptbahnhof: ab xx:12<br/><i>Endbahnhof, Küstendepot</i><br/><br/><b>RE35X</b> Zwickau-Warnemünde (System-Express)<br/>Richtung Warnemünde: an xx:32<br/>Richtung Zwickau Hauptbahnhof: ab xx:42<br/><i>Endbahnhof, Küstendepot</i></div><style>@media (prefers-color-scheme: dark) {html,body,.kmldesc{background:#1b1b1b !important;color:#e8e8e8 !important;}.kmldesc a{color:#8ab4f8 !important;}}</style>]]></description>
<LookAt><longitude>12.0907477</longitude><latitude>54.1771708</latitude><altitude>0</altitude><heading>0</heading><tilt>0</tilt><range>2500</range><altitudeMode>clampToGround</altitudeMode></LookAt>
<styleUrl>#stationPinNoLabel</styleUrl>
<Point><coordinates>12.0907477,54.1771708,0</coordinates></Point>
</Placemark>
<Placemark>
<name>Wattenscheid</name>
<description><![CDATA[<div class="kmldesc"><b>RE32</b> Kassel-Wilhelmshöhe-Roermond<br/>Richtung Roermond: an xx:07 / ab xx:08<br/>Richtung Kassel-Wilhelmshöhe: an xx:48 / ab xx:49<br/><i>Regionalhalt</i></div><style>@media (prefers-color-scheme: dark) {html,body,.kmldesc{background:#1b1b1b !important;color:#e8e8e8 !important;}.kmldesc a{color:#8ab4f8 !important;}}</style>]]></description>
<LookAt><longitude>7.1393524</longitude><latitude>51.4731889</latitude><altitude>0</altitude><heading>0</heading><tilt>0</tilt><range>2500</range><altitudeMode>clampToGround</altitudeMode></LookAt>
<styleUrl>#stationPinNoLabel</styleUrl>
<Point><coordinates>7.1393524,51.4731889,0</coordinates></Point>
</Placemark>
<Placemark>
<name>Weener</name>
<description><![CDATA[<div class="kmldesc"><b>RE90b</b> Kiel/Schönberger Strand-Groningen/Norddeich Mole<br/>Richtung Groningen / Norddeich Mole (Flügelzug): an xx:54 / ab xx:55<br/>Richtung Kiel Hbf/Schönberger Strand: an xx:58 / ab xx:59<br/><i>Grenzhalt Wunderline</i></div><style>@media (prefers-color-scheme: dark) {html,body,.kmldesc{background:#1b1b1b !important;color:#e8e8e8 !important;}.kmldesc a{color:#8ab4f8 !important;}}</style>]]></description>
<LookAt><longitude>7.3428884</longitude><latitude>53.1634122</latitude><altitude>0</altitude><heading>0</heading><tilt>0</tilt><range>2500</range><altitudeMode>clampToGround</altitudeMode></LookAt>
<styleUrl>#stationPinNoLabel</styleUrl>
<Point><coordinates>7.3428884,53.1634122,0</coordinates></Point>
</Placemark>
<Placemark>
<name>Wegberg</name>
<description><![CDATA[<div class="kmldesc"><b>RE32</b> Kassel-Wilhelmshöhe-Roermond<br/>Richtung Roermond: an xx:52 / ab xx:53<br/>Richtung Kassel-Wilhelmshöhe: an xx:15 / ab xx:16<br/><i>Fiktiver Infrastrukturausbau, 215m</i></div><style>@media (prefers-color-scheme: dark) {html,body,.kmldesc{background:#1b1b1b !important;color:#e8e8e8 !important;}.kmldesc a{color:#8ab4f8 !important;}}</style>]]></description>
<LookAt><longitude>6.2813289</longitude><latitude>51.1451807</latitude><altitude>0</altitude><heading>0</heading><tilt>0</tilt><range>2500</range><altitudeMode>clampToGround</altitudeMode></LookAt>
<styleUrl>#stationPinNoLabel</styleUrl>
<Point><coordinates>6.2813289,51.1451807,0</coordinates></Point>
</Placemark>
<Placemark>
<name>Weinfelden</name>
<description><![CDATA[<div class="kmldesc"><b>RE94</b> Plzeň-Zürich<br/>Richtung Zürich HB: an xx:33 / ab xx:35<br/>Richtung Plzeň hlavní nádraží: an xx:25 / ab xx:27<br/><i>SBB-Fernverkehrsknoten</i></div><style>@media (prefers-color-scheme: dark) {html,body,.kmldesc{background:#1b1b1b !important;color:#e8e8e8 !important;}.kmldesc a{color:#8ab4f8 !important;}}</style>]]></description>
<LookAt><longitude>9.1064124</longitude><latitude>47.5662702</latitude><altitude>0</altitude><heading>0</heading><tilt>0</tilt><range>2500</range><altitudeMode>clampToGround</altitudeMode></LookAt>
<styleUrl>#stationPinNoLabel</styleUrl>
<Point><coordinates>9.1064124,47.5662702,0</coordinates></Point>
</Placemark>
<Placemark>
<name>Wengern Ost</name>
<description><![CDATA[<div class="kmldesc"><b>S10</b> Ringbahn Ruhrgebiet<br/>Richtung Innenring: an xx:15 / ab xx:15<br/>Richtung Außenring: an xx:26 / ab xx:26<br/><i>Reaktivierte, zweigleisige Ruhrtalbahn-Achse</i><br/><br/><b>S30</b> Essen Hbf-Lüdenscheid Hbf<br/>Richtung Lüdenscheid Hbf: an xx:46 / ab xx:46<br/>Richtung Essen Hauptbahnhof: an xx:42 / ab xx:42<br/><i>Ende Strecke 2400, Verknüpfung mit S10</i></div><style>@media (prefers-color-scheme: dark) {html,body,.kmldesc{background:#1b1b1b !important;color:#e8e8e8 !important;}.kmldesc a{color:#8ab4f8 !important;}}</style>]]></description>
<LookAt><longitude>7.3508375</longitude><latitude>51.399528</latitude><altitude>0</altitude><heading>0</heading><tilt>0</tilt><range>2500</range><altitudeMode>clampToGround</altitudeMode></LookAt>
<styleUrl>#stationPinNoLabel</styleUrl>
<Point><coordinates>7.3508375,51.3995280,0</coordinates></Point>
</Placemark>
<Placemark>
<name>Werdohl</name>
<description><![CDATA[<div class="kmldesc"><b>RE40</b> Essen-Frankfurt<br/>Richtung Frankfurt (Main) Hbf: an xx:22 / ab xx:23<br/>Richtung Essen Hauptbahnhof: an xx:37 / ab xx:38<br/><i>Sauerland-Halt</i></div><style>@media (prefers-color-scheme: dark) {html,body,.kmldesc{background:#1b1b1b !important;color:#e8e8e8 !important;}.kmldesc a{color:#8ab4f8 !important;}}</style>]]></description>
<LookAt><longitude>7.7576643</longitude><latitude>51.2594522</latitude><altitude>0</altitude><heading>0</heading><tilt>0</tilt><range>2500</range><altitudeMode>clampToGround</altitudeMode></LookAt>
<styleUrl>#stationPinNoLabel</styleUrl>
<Point><coordinates>7.7576643,51.2594522,0</coordinates></Point>
</Placemark>
<Placemark>
<name>Wesel</name>
<description><![CDATA[<div class="kmldesc"><b>RE5</b> Arnhem-Frankfurt<br/>Richtung Frankfurt (Main) Hbf: an xx:54 / ab xx:56<br/>Richtung Arnhem Centraal: an xx:05 / ab xx:07<br/><i>Niederrhein-Knoten</i></div><style>@media (prefers-color-scheme: dark) {html,body,.kmldesc{background:#1b1b1b !important;color:#e8e8e8 !important;}.kmldesc a{color:#8ab4f8 !important;}}</style>]]></description>
<LookAt><longitude>6.6271721</longitude><latitude>51.6561632</latitude><altitude>0</altitude><heading>0</heading><tilt>0</tilt><range>2500</range><altitudeMode>clampToGround</altitudeMode></LookAt>
<styleUrl>#stationPinNoLabel</styleUrl>
<Point><coordinates>6.6271721,51.6561632,0</coordinates></Point>
</Placemark>
<Placemark>
<name>Wetter (Ruhr)</name>
<description><![CDATA[<div class="kmldesc"><b>RB37</b> Arnhem Centraal-Bochum Hbf<br/>Richtung Bochum Hauptbahnhof: an xx:22 / ab xx:23<br/>Richtung Arnhem Centraal: an xx:35 / ab xx:36<br/><i>Nahverkehrshalt an der Ruhr</i><br/><br/><b>RE40</b> Essen-Frankfurt<br/>Richtung Frankfurt (Main) Hbf: an xx:39 / ab xx:40<br/>Richtung Essen Hauptbahnhof: an xx:20 / ab xx:21<br/><i>Nahverkehrshalt</i></div><style>@media (prefers-color-scheme: dark) {html,body,.kmldesc{background:#1b1b1b !important;color:#e8e8e8 !important;}.kmldesc a{color:#8ab4f8 !important;}}</style>]]></description>
<LookAt><longitude>7.3859313</longitude><latitude>51.3863795</latitude><altitude>0</altitude><heading>0</heading><tilt>0</tilt><range>2500</range><altitudeMode>clampToGround</altitudeMode></LookAt>
<styleUrl>#stationPinNoLabel</styleUrl>
<Point><coordinates>7.3859313,51.3863795,0</coordinates></Point>
</Placemark>
<Placemark>
<name>Wetzlar</name>
<description><![CDATA[<div class="kmldesc"><b>RE40</b> Essen-Frankfurt<br/>Richtung Frankfurt (Main) Hbf: an xx:12 / ab xx:14<br/>Richtung Essen Hauptbahnhof: an xx:46 / ab xx:48<br/><i>Letzter Halt vor Güterumgehung</i></div><style>@media (prefers-color-scheme: dark) {html,body,.kmldesc{background:#1b1b1b !important;color:#e8e8e8 !important;}.kmldesc a{color:#8ab4f8 !important;}}</style>]]></description>
<LookAt><longitude>8.5039213</longitude><latitude>50.565262</latitude><altitude>0</altitude><heading>0</heading><tilt>0</tilt><range>2500</range><altitudeMode>clampToGround</altitudeMode></LookAt>
<styleUrl>#stationPinNoLabel</styleUrl>
<Point><coordinates>8.5039213,50.565262,0</coordinates></Point>
</Placemark>
<Placemark>
<name>Wickede (Ruhr)</name>
<description><![CDATA[<div class="kmldesc"><b>RE30</b> Leeuwarden-Winterberg/Düsseldorf<br/>Richtung Winterberg (Westf): an xx:21 / ab xx:22<br/>Richtung Leeuwarden: an xx:56 / ab xx:57<br/><i>Obere Ruhrtalbahn</i></div><style>@media (prefers-color-scheme: dark) {html,body,.kmldesc{background:#1b1b1b !important;color:#e8e8e8 !important;}.kmldesc a{color:#8ab4f8 !important;}}</style>]]></description>
<LookAt><longitude>7.8700197</longitude><latitude>51.4931771</latitude><altitude>0</altitude><heading>0</heading><tilt>0</tilt><range>2500</range><altitudeMode>clampToGround</altitudeMode></LookAt>
<styleUrl>#stationPinNoLabel</styleUrl>
<Point><coordinates>7.8700197,51.4931771,0</coordinates></Point>
</Placemark>
<Placemark>
<name>Wilhelmshaven</name>
<description><![CDATA[<div class="kmldesc"><b>RE17</b> Dortmund-Wilhelmshaven<br/>Richtung Wilhelmshaven: an xx:55<br/>Richtung Dortmund Hauptbahnhof: ab xx:05<br/><i>Endstation Nordseeküste</i></div><style>@media (prefers-color-scheme: dark) {html,body,.kmldesc{background:#1b1b1b !important;color:#e8e8e8 !important;}.kmldesc a{color:#8ab4f8 !important;}}</style>]]></description>
<LookAt><longitude>8.1153355</longitude><latitude>53.5187847</latitude><altitude>0</altitude><heading>0</heading><tilt>0</tilt><range>2500</range><altitudeMode>clampToGround</altitudeMode></LookAt>
<styleUrl>#stationPinNoLabel</styleUrl>
<Point><coordinates>8.1153355,53.5187847,0</coordinates></Point>
</Placemark>
<Placemark>
<name>Winschoten</name>
<description><![CDATA[<div class="kmldesc"><b>RE90b</b> Kiel/Schönberger Strand-Groningen/Norddeich Mole<br/>Richtung Groningen / Norddeich Mole (Flügelzug): an xx:10 / ab xx:11<br/>Richtung Kiel Hbf/Schönberger Strand: an xx:42 / ab xx:43<br/><i>Regionaler Systemknoten</i></div><style>@media (prefers-color-scheme: dark) {html,body,.kmldesc{background:#1b1b1b !important;color:#e8e8e8 !important;}.kmldesc a{color:#8ab4f8 !important;}}</style>]]></description>
<LookAt><longitude>7.0356099</longitude><latitude>53.139151</latitude><altitude>0</altitude><heading>0</heading><tilt>0</tilt><range>2500</range><altitudeMode>clampToGround</altitudeMode></LookAt>
<styleUrl>#stationPinNoLabel</styleUrl>
<Point><coordinates>7.0356099,53.139151,0</coordinates></Point>
</Placemark>
<Placemark>
<name>Winterberg (Westf)</name>
<description><![CDATA[<div class="kmldesc"><b>RE30</b> Leeuwarden-Winterberg/Düsseldorf<br/>Richtung Winterberg (Westf): an xx:39<br/>Richtung Leeuwarden: ab xx:39<br/><i>Endbahnhof, Static-Fast-Charging für Traktionsbatterien</i></div><style>@media (prefers-color-scheme: dark) {html,body,.kmldesc{background:#1b1b1b !important;color:#e8e8e8 !important;}.kmldesc a{color:#8ab4f8 !important;}}</style>]]></description>
<LookAt><longitude>8.5323923</longitude><latitude>51.1990382</latitude><altitude>0</altitude><heading>0</heading><tilt>0</tilt><range>2500</range><altitudeMode>clampToGround</altitudeMode></LookAt>
<styleUrl>#stationPinNoLabel</styleUrl>
<Point><coordinates>8.5323923,51.1990382,0</coordinates></Point>
</Placemark>
<Placemark>
<name>Winterthur</name>
<description><![CDATA[<div class="kmldesc"><b>RE94</b> Plzeň-Zürich<br/>Richtung Zürich HB: an xx:59 / ab xx:01<br/>Richtung Plzeň hlavní nádraží: an xx:59 / ab xx:01<br/><i>Großknoten Ostschweiz</i></div><style>@media (prefers-color-scheme: dark) {html,body,.kmldesc{background:#1b1b1b !important;color:#e8e8e8 !important;}.kmldesc a{color:#8ab4f8 !important;}}</style>]]></description>
<LookAt><longitude>8.7239736</longitude><latitude>47.5003138</latitude><altitude>0</altitude><heading>0</heading><tilt>0</tilt><range>2500</range><altitudeMode>clampToGround</altitudeMode></LookAt>
<styleUrl>#stationPinNoLabel</styleUrl>
<Point><coordinates>8.7239736,47.5003138,0</coordinates></Point>
</Placemark>
<Placemark>
<name>Witten Hbf</name>
<description><![CDATA[<div class="kmldesc"><b>RB37</b> Arnhem Centraal-Bochum Hbf<br/>Richtung Bochum Hauptbahnhof: an xx:29 / ab xx:30<br/>Richtung Arnhem Centraal: an xx:28 / ab xx:29<br/><i>Universitätsstadt-Knoten</i><br/><br/><b>RE40</b> Essen-Frankfurt<br/>Richtung Frankfurt (Main) Hbf: an xx:31 / ab xx:32<br/>Richtung Essen Hauptbahnhof: an xx:28 / ab xx:29<br/><i>Regionaler Knoten</i><br/><br/><b>S10</b> Ringbahn Ruhrgebiet<br/>Richtung Innenring: an xx:09 / ab xx:10<br/>Richtung Außenring: an xx:31 / ab xx:32<br/><i>S5-Trasse VzG 2140</i></div><style>@media (prefers-color-scheme: dark) {html,body,.kmldesc{background:#1b1b1b !important;color:#e8e8e8 !important;}.kmldesc a{color:#8ab4f8 !important;}}</style>]]></description>
<LookAt><longitude>7.3293869</longitude><latitude>51.4355898</latitude><altitude>0</altitude><heading>0</heading><tilt>0</tilt><range>2500</range><altitudeMode>clampToGround</altitudeMode></LookAt>
<styleUrl>#stationPinNoLabel</styleUrl>
<Point><coordinates>7.3293869,51.4355898,0</coordinates></Point>
</Placemark>
<Placemark>
<name>Witten-Bommern</name>
<description><![CDATA[<div class="kmldesc"><b>S30</b> Essen Hbf-Lüdenscheid Hbf<br/>Richtung Lüdenscheid Hbf: an xx:41 / ab xx:42<br/>Richtung Essen Hauptbahnhof: an xx:46 / ab xx:47<br/><i>Ehem. Halt Witten-Bommern Süd</i></div><style>@media (prefers-color-scheme: dark) {html,body,.kmldesc{background:#1b1b1b !important;color:#e8e8e8 !important;}.kmldesc a{color:#8ab4f8 !important;}}</style>]]></description>
<LookAt><longitude>7.3405601</longitude><latitude>51.4245556</latitude><altitude>0</altitude><heading>0</heading><tilt>0</tilt><range>2500</range><altitudeMode>clampToGround</altitudeMode></LookAt>
<styleUrl>#stationPinNoLabel</styleUrl>
<Point><coordinates>7.3405601,51.4245556,0</coordinates></Point>
</Placemark>
<Placemark>
<name>Wittenberge</name>
<description><![CDATA[<div class="kmldesc"><b>RE46</b> Esbjerg-Berlin Südkreuz<br/>Richtung Berlin Südkreuz: an xx:55 / ab xx:58<br/>Richtung Esbjerg: an xx:01 / ab xx:04<br/><i>Systemhalt Brandenburg</i><br/><br/><b>RE77</b> Fredericia-Berlin Ostbahnhof<br/>Richtung Berlin Ostbahnhof: an xx:49 / ab xx:51<br/>Richtung Fredericia: an xx:08 / ab xx:10<br/><i>Prignitz-Knoten</i></div><style>@media (prefers-color-scheme: dark) {html,body,.kmldesc{background:#1b1b1b !important;color:#e8e8e8 !important;}.kmldesc a{color:#8ab4f8 !important;}}</style>]]></description>
<LookAt><longitude>11.7628096</longitude><latitude>53.0035282</latitude><altitude>0</altitude><heading>0</heading><tilt>0</tilt><range>2500</range><altitudeMode>clampToGround</altitudeMode></LookAt>
<styleUrl>#stationPinNoLabel</styleUrl>
<Point><coordinates>11.7628096,53.0035282,0</coordinates></Point>
</Placemark>
<Placemark>
<name>Władysławowo</name>
<description><![CDATA[<div class="kmldesc"><b>RE71</b> Brandenburg Hbf-Hel<br/>Richtung Hel: an xx:33 / ab xx:35<br/>Richtung Brandenburg Hbf: an xx:38 / ab xx:40<br/><i>Wichtiger regionaler Knotenpunkt auf der Halbinsel (150-205m)</i></div><style>@media (prefers-color-scheme: dark) {html,body,.kmldesc{background:#1b1b1b !important;color:#e8e8e8 !important;}.kmldesc a{color:#8ab4f8 !important;}}</style>]]></description>
<LookAt><longitude>18.4019048</longitude><latitude>54.7934715</latitude><altitude>0</altitude><heading>0</heading><tilt>0</tilt><range>2500</range><altitudeMode>clampToGround</altitudeMode></LookAt>
<styleUrl>#stationPinNoLabel</styleUrl>
<Point><coordinates>18.4019048,54.7934715,0</coordinates></Point>
</Placemark>
<Placemark>
<name>Władysławowo Port</name>
<description><![CDATA[<div class="kmldesc"><b>RE71</b> Brandenburg Hbf-Hel<br/>Richtung Hel: an xx:38 / ab xx:39<br/>Richtung Brandenburg Hbf: an xx:34 / ab xx:35<br/><i>Halt unkritisch (150-205m)</i></div><style>@media (prefers-color-scheme: dark) {html,body,.kmldesc{background:#1b1b1b !important;color:#e8e8e8 !important;}.kmldesc a{color:#8ab4f8 !important;}}</style>]]></description>
<LookAt><longitude>18.4176714</longitude><latitude>54.7935583</latitude><altitude>0</altitude><heading>0</heading><tilt>0</tilt><range>2500</range><altitudeMode>clampToGround</altitudeMode></LookAt>
<styleUrl>#stationPinNoLabel</styleUrl>
<Point><coordinates>18.4176714,54.7935583,0</coordinates></Point>
</Placemark>
<Placemark>
<name>Wolfsburg Hauptbahnhof</name>
<description><![CDATA[<div class="kmldesc"><b>RE25</b> Cuxhaven-Magdeburg<br/>Richtung Magdeburg Hauptbahnhof: an xx:51 / ab xx:54<br/>Richtung Cuxhaven: an xx:54 / ab xx:57<br/><i>Vollladung für Ohre-Talbahn</i></div><style>@media (prefers-color-scheme: dark) {html,body,.kmldesc{background:#1b1b1b !important;color:#e8e8e8 !important;}.kmldesc a{color:#8ab4f8 !important;}}</style>]]></description>
<LookAt><longitude>10.7871395</longitude><latitude>52.4294853</latitude><altitude>0</altitude><heading>0</heading><tilt>0</tilt><range>2500</range><altitudeMode>clampToGround</altitudeMode></LookAt>
<styleUrl>#stationPinNoLabel</styleUrl>
<Point><coordinates>10.7871395,52.4294853,0</coordinates></Point>
</Placemark>
<Placemark>
<name>Würzburg Hauptbahnhof</name>
<description><![CDATA[<div class="kmldesc"><b>RE28</b> Leipzig-Würzburg<br/>Richtung Würzburg Hauptbahnhof: an xx:20<br/>Richtung Leipzig Hauptbahnhof: ab xx:42<br/><i>Endbahnhof</i></div><style>@media (prefers-color-scheme: dark) {html,body,.kmldesc{background:#1b1b1b !important;color:#e8e8e8 !important;}.kmldesc a{color:#8ab4f8 !important;}}</style>]]></description>
<LookAt><longitude>9.935891</longitude><latitude>49.8021549</latitude><altitude>0</altitude><heading>0</heading><tilt>0</tilt><range>2500</range><altitudeMode>clampToGround</altitudeMode></LookAt>
<styleUrl>#stationPinNoLabel</styleUrl>
<Point><coordinates>9.935891,49.8021549,0</coordinates></Point>
</Placemark>
<Placemark>
<name>Wunstorf</name>
<description><![CDATA[<div class="kmldesc"><b>RE7</b> Frankfurt-Bremen<br/>Richtung Bremen Hauptbahnhof: an xx:59 / ab xx:00<br/>Richtung Frankfurt (Main) Hauptbahnhof: an xx:00 / ab xx:01<br/><i>Fester Abzweigknoten, SDO aktiv</i></div><style>@media (prefers-color-scheme: dark) {html,body,.kmldesc{background:#1b1b1b !important;color:#e8e8e8 !important;}.kmldesc a{color:#8ab4f8 !important;}}</style>]]></description>
<LookAt><longitude>9.4514075</longitude><latitude>52.4221569</latitude><altitude>0</altitude><heading>0</heading><tilt>0</tilt><range>2500</range><altitudeMode>clampToGround</altitudeMode></LookAt>
<styleUrl>#stationPinNoLabel</styleUrl>
<Point><coordinates>9.4514075,52.4221569,0</coordinates></Point>
</Placemark>
<Placemark>
<name>Wuppertal Hauptbahnhof</name>
<description><![CDATA[<div class="kmldesc"><b>RB37</b> Arnhem Centraal-Bochum Hbf<br/>Richtung Bochum Hauptbahnhof: an xx:53 / ab xx:55<br/>Richtung Arnhem Centraal: an xx:05 / ab xx:07<br/><i>Halt im Tal</i><br/><br/><b>RE30</b> Leeuwarden-Winterberg/Düsseldorf<br/>Richtung Düsseldorf Hauptbahnhof: an xx:39 / ab xx:42<br/>Richtung Leeuwarden: an xx:36 / ab xx:39<br/><i>Ballungsraum-Korridor</i></div><style>@media (prefers-color-scheme: dark) {html,body,.kmldesc{background:#1b1b1b !important;color:#e8e8e8 !important;}.kmldesc a{color:#8ab4f8 !important;}}</style>]]></description>
<LookAt><longitude>7.1500534</longitude><latitude>51.2545784</latitude><altitude>0</altitude><heading>0</heading><tilt>0</tilt><range>2500</range><altitudeMode>clampToGround</altitudeMode></LookAt>
<styleUrl>#stationPinNoLabel</styleUrl>
<Point><coordinates>7.1500534,51.2545784,0</coordinates></Point>
</Placemark>
<Placemark>
<name>Wuppertal-Oberbarmen</name>
<description><![CDATA[<div class="kmldesc"><b>RB37</b> Arnhem Centraal-Bochum Hbf<br/>Richtung Bochum Hauptbahnhof: an xx:59 / ab xx:00<br/>Richtung Arnhem Centraal: an xx:59 / ab xx:00<br/><i>Anschlussknoten Ost</i><br/><br/><b>RE30</b> Leeuwarden-Winterberg/Düsseldorf<br/>Richtung Düsseldorf Hauptbahnhof: an xx:32 / ab xx:34<br/>Richtung Leeuwarden: an xx:44 / ab xx:46<br/><i>Ballungsraum-Korridor, mehrgleisig</i></div><style>@media (prefers-color-scheme: dark) {html,body,.kmldesc{background:#1b1b1b !important;color:#e8e8e8 !important;}.kmldesc a{color:#8ab4f8 !important;}}</style>]]></description>
<LookAt><longitude>7.2212549</longitude><latitude>51.2738901</latitude><altitude>0</altitude><heading>0</heading><tilt>0</tilt><range>2500</range><altitudeMode>clampToGround</altitudeMode></LookAt>
<styleUrl>#stationPinNoLabel</styleUrl>
<Point><coordinates>7.2212549,51.2738901,0</coordinates></Point>
</Placemark>
<Placemark>
<name>Wuppertal-Vohwinkel</name>
<description><![CDATA[<div class="kmldesc"><b>RB37</b> Arnhem Centraal-Bochum Hbf<br/>Richtung Bochum Hauptbahnhof: an xx:47 / ab xx:48<br/>Richtung Arnhem Centraal: an xx:12 / ab xx:13<br/><i>Verzweigungsknoten westl. Ruhrgebiet</i><br/><br/><b>RE30</b> Leeuwarden-Winterberg/Düsseldorf<br/>Richtung Düsseldorf Hauptbahnhof: an xx:48 / ab xx:49<br/>Richtung Leeuwarden: an xx:29 / ab xx:30<br/><i>Vor Steilrampe Erkrath-Hochdahl</i></div><style>@media (prefers-color-scheme: dark) {html,body,.kmldesc{background:#1b1b1b !important;color:#e8e8e8 !important;}.kmldesc a{color:#8ab4f8 !important;}}</style>]]></description>
<LookAt><longitude>7.0718314</longitude><latitude>51.2339487</latitude><altitude>0</altitude><heading>0</heading><tilt>0</tilt><range>2500</range><altitudeMode>clampToGround</altitudeMode></LookAt>
<styleUrl>#stationPinNoLabel</styleUrl>
<Point><coordinates>7.0718314,51.2339487,0</coordinates></Point>
</Placemark>
<Placemark>
<name>Zeche Nachtigall</name>
<description><![CDATA[<div class="kmldesc"><b>S30</b> Essen Hbf-Lüdenscheid Hbf<br/>Richtung Lüdenscheid Hbf: an xx:38 / ab xx:38<br/>Richtung Essen Hauptbahnhof: an xx:50 / ab xx:50<br/><i>Industriekultur-Halt im Muttental</i></div><style>@media (prefers-color-scheme: dark) {html,body,.kmldesc{background:#1b1b1b !important;color:#e8e8e8 !important;}.kmldesc a{color:#8ab4f8 !important;}}</style>]]></description>
<LookAt><longitude>7.3195795</longitude><latitude>51.4294386</latitude><altitude>0</altitude><heading>0</heading><tilt>0</tilt><range>2500</range><altitudeMode>clampToGround</altitudeMode></LookAt>
<styleUrl>#stationPinNoLabel</styleUrl>
<Point><coordinates>7.3195795,51.4294386,0</coordinates></Point>
</Placemark>
<Placemark>
<name>Żelistrzewo</name>
<description><![CDATA[<div class="kmldesc"><b>RE71</b> Brandenburg Hbf-Hel<br/>Richtung Hel: an xx:15 / ab xx:16<br/>Richtung Brandenburg Hbf: an xx:57 / ab xx:58<br/><i>Halt unkritisch (150-205m)</i></div><style>@media (prefers-color-scheme: dark) {html,body,.kmldesc{background:#1b1b1b !important;color:#e8e8e8 !important;}.kmldesc a{color:#8ab4f8 !important;}}</style>]]></description>
<LookAt><longitude>18.4161141</longitude><latitude>54.674051</latitude><altitude>0</altitude><heading>0</heading><tilt>0</tilt><range>2500</range><altitudeMode>clampToGround</altitudeMode></LookAt>
<styleUrl>#stationPinNoLabel</styleUrl>
<Point><coordinates>18.4161141,54.6740510,0</coordinates></Point>
</Placemark>
<Placemark>
<name>Zevenaar</name>
<description><![CDATA[<div class="kmldesc"><b>RE5</b> Arnhem-Frankfurt<br/>Richtung Frankfurt (Main) Hbf: an xx:20 / ab xx:21<br/>Richtung Arnhem Centraal: an xx:40 / ab xx:41<br/><i>Grenznaher Systemhalt</i></div><style>@media (prefers-color-scheme: dark) {html,body,.kmldesc{background:#1b1b1b !important;color:#e8e8e8 !important;}.kmldesc a{color:#8ab4f8 !important;}}</style>]]></description>
<LookAt><longitude>6.0719818</longitude><latitude>51.9231973</latitude><altitude>0</altitude><heading>0</heading><tilt>0</tilt><range>2500</range><altitudeMode>clampToGround</altitudeMode></LookAt>
<styleUrl>#stationPinNoLabel</styleUrl>
<Point><coordinates>6.0719818,51.9231973,0</coordinates></Point>
</Placemark>
<Placemark>
<name>Zossen</name>
<description><![CDATA[<div class="kmldesc"><b>RE35</b> Zwickau-Warnemünde (Regionaltakt)<br/>Richtung Warnemünde: an xx:02 / ab xx:03<br/>Richtung Zwickau Hauptbahnhof: an xx:27 / ab xx:28<br/><i>SFS-Abschnitt</i></div><style>@media (prefers-color-scheme: dark) {html,body,.kmldesc{background:#1b1b1b !important;color:#e8e8e8 !important;}.kmldesc a{color:#8ab4f8 !important;}}</style>]]></description>
<LookAt><longitude>13.4387099</longitude><latitude>52.2189728</latitude><altitude>0</altitude><heading>0</heading><tilt>0</tilt><range>2500</range><altitudeMode>clampToGround</altitudeMode></LookAt>
<styleUrl>#stationPinNoLabel</styleUrl>
<Point><coordinates>13.4387099,52.2189728,0</coordinates></Point>
</Placemark>
<Placemark>
<name>Zürich Flughafen</name>
<description><![CDATA[<div class="kmldesc"><b>RE94</b> Plzeň-Zürich<br/>Richtung Zürich HB: an xx:14 / ab xx:15<br/>Richtung Plzeň hlavní nádraží: an xx:45 / ab xx:46<br/><i>Flughafen-Bahnhof im SFS-Tunnel</i></div><style>@media (prefers-color-scheme: dark) {html,body,.kmldesc{background:#1b1b1b !important;color:#e8e8e8 !important;}.kmldesc a{color:#8ab4f8 !important;}}</style>]]></description>
<LookAt><longitude>8.5618985</longitude><latitude>47.4500978</latitude><altitude>0</altitude><heading>0</heading><tilt>0</tilt><range>2500</range><altitudeMode>clampToGround</altitudeMode></LookAt>
<styleUrl>#stationPinNoLabel</styleUrl>
<Point><coordinates>8.5618985,47.4500978,0</coordinates></Point>
</Placemark>
<Placemark>
<name>Zürich HB</name>
<description><![CDATA[<div class="kmldesc"><b>RE94</b> Plzeň-Zürich<br/>Richtung Zürich HB: an xx:26<br/>Richtung Plzeň hlavní nádraží: ab xx:34<br/><i>Endbahnhof, unterirdischer Durchgangsbahnhof</i></div><style>@media (prefers-color-scheme: dark) {html,body,.kmldesc{background:#1b1b1b !important;color:#e8e8e8 !important;}.kmldesc a{color:#8ab4f8 !important;}}</style>]]></description>
<LookAt><longitude>8.5393635</longitude><latitude>47.3781008</latitude><altitude>0</altitude><heading>0</heading><tilt>0</tilt><range>2500</range><altitudeMode>clampToGround</altitudeMode></LookAt>
<styleUrl>#stationPinNoLabel</styleUrl>
<Point><coordinates>8.5393635,47.3781008,0</coordinates></Point>
</Placemark>
<Placemark>
<name>Züssow</name>
<description><![CDATA[<div class="kmldesc"><b>RE35</b> Zwickau-Warnemünde (Regionaltakt)<br/>Richtung Warnemünde: an xx:31 / ab xx:32<br/>Richtung Zwickau Hauptbahnhof: an xx:58 / ab xx:59<br/><i>Anschluss Usedomer Bäderbahn</i></div><style>@media (prefers-color-scheme: dark) {html,body,.kmldesc{background:#1b1b1b !important;color:#e8e8e8 !important;}.kmldesc a{color:#8ab4f8 !important;}}</style>]]></description>
<LookAt><longitude>13.5497776</longitude><latitude>53.9726913</latitude><altitude>0</altitude><heading>0</heading><tilt>0</tilt><range>2500</range><altitudeMode>clampToGround</altitudeMode></LookAt>
<styleUrl>#stationPinNoLabel</styleUrl>
<Point><coordinates>13.5497776,53.9726913,0</coordinates></Point>
</Placemark>
<Placemark>
<name>Zwickau Hauptbahnhof</name>
<description><![CDATA[<div class="kmldesc"><b>RE24</b> Zwickau-Kassel<br/>Richtung Kassel Hauptbahnhof: ab xx:12<br/>Richtung Zwickau Hauptbahnhof: an xx:45<br/><i>Startbahnhof</i><br/><br/><b>RE35</b> Zwickau-Warnemünde (Regionaltakt)<br/>Richtung Warnemünde: ab xx:02<br/>Richtung Zwickau Hauptbahnhof: an xx:28<br/><i>Startbahnhof Sachsen-Franken-Magistrale</i><br/><br/><b>RE35X</b> Zwickau-Warnemünde (System-Express)<br/>Richtung Warnemünde: ab xx:32<br/>Richtung Zwickau Hauptbahnhof: an xx:42<br/><i>Startbahnhof (Fernverkehrskante)</i></div><style>@media (prefers-color-scheme: dark) {html,body,.kmldesc{background:#1b1b1b !important;color:#e8e8e8 !important;}.kmldesc a{color:#8ab4f8 !important;}}</style>]]></description>
<LookAt><longitude>12.4757824</longitude><latitude>50.7148501</latitude><altitude>0</altitude><heading>0</heading><tilt>0</tilt><range>2500</range><altitudeMode>clampToGround</altitudeMode></LookAt>
<styleUrl>#stationPinNoLabel</styleUrl>
<Point><coordinates>12.4757824,50.7148501,0</coordinates></Point>
</Placemark>
<Placemark>
<name>Zwolle</name>
<description><![CDATA[<div class="kmldesc"><b>RE30</b> Leeuwarden-Winterberg/Düsseldorf<br/>Richtung Winterberg (Westf)/Düsseldorf Hauptbahnhof: an xx:51 / ab xx:59<br/>Richtung Leeuwarden: an xx:19 / ab xx:27<br/><i>Richtungswechsel (Kopfmachen), Spoorlijn Zwolle-Almelo</i></div><style>@media (prefers-color-scheme: dark) {html,body,.kmldesc{background:#1b1b1b !important;color:#e8e8e8 !important;}.kmldesc a{color:#8ab4f8 !important;}}</style>]]></description>
<LookAt><longitude>6.0912373</longitude><latitude>52.5050086</latitude><altitude>0</altitude><heading>0</heading><tilt>0</tilt><range>2500</range><altitudeMode>clampToGround</altitudeMode></LookAt>
<styleUrl>#stationPinNoLabel</styleUrl>
<Point><coordinates>6.0912373,52.5050086,0</coordinates></Point>
</Placemark>
</Document>
</kml>